QKEY,COVIDMISINFO_W63.5,COVIDCREATE_W63.5,F_PARTYSUM_FINAL,F_IDEO,F_AGECAT,F_EDUCCAT,WEIGHT_W63.5
100197.0,Some,Not sure,Dem/Lean Dem,Moderate,65+,Some College,0.3262649169600645
100260.0,Some,Was developed intentionally in a lab,Rep/Lean Rep,Very conservative,65+,College graduate+,0.6556272442174347
100314.0,Not much,Was made accidentally in a lab,Rep/Lean Rep,Moderate,65+,Some College,0.4328651419033417
100363.0,None at all,Came about naturally,Dem/Lean Dem,Moderate,30-49,College graduate+,0.39618280167923603
100446.0,Not much,Not sure,Dem/Lean Dem,Liberal,50-64,College graduate+,0.3923440394774019
100598.0,Not much,Came about naturally,Rep/Lean Rep,Moderate,50-64,College graduate+,0.5750624580553446
100637.0,Some,Came about naturally,Rep/Lean Rep,Conservative,50-64,Some College,0.7443398931841675
100803.0,Not much,Came about naturally,Rep/Lean Rep,Conservative,50-64,College graduate+,0.3539956754611129
101437.0,Some,Was developed intentionally in a lab,Rep/Lean Rep,Conservative,50-64,Some College,0.8194332966190397
101472.0,A lot,Came about naturally,Rep/Lean Rep,Moderate,30-49,College graduate+,4.647577661519457
101493.0,Some,Was developed intentionally in a lab,Rep/Lean Rep,Conservative,50-64,Some College,0.6104999321139261
102009.0,Some,Came about naturally,Dem/Lean Dem,Liberal,65+,Some College,0.24445445253421863
103379.0,Some,Was made accidentally in a lab,Rep/Lean Rep,Conservative,65+,Some College,0.37830171774990956
103519.0,Not much,Not sure,Dem/Lean Dem,Moderate,50-64,College graduate+,0.23078620749798037
103538.0,Not much,Not sure,Dem/Lean Dem,Moderate,50-64,College graduate+,0.5899957434025324
103611.0,A lot,Came about naturally,Rep/Lean Rep,Moderate,65+,College graduate+,0.49840964031823126
103677.0,A lot,Came about naturally,Rep/Lean Rep,Very conservative,30-49,Some College,0.7151490499725581
103956.0,Some,Came about naturally,Dem/Lean Dem,Liberal,65+,College graduate+,0.6413499780877429
104210.0,Not much,Was developed intentionally in a lab,Dem/Lean Dem,Very liberal,30-49,H.S. graduate or less,2.430630217287704
104272.0,Not much,Came about naturally,Dem/Lean Dem,Liberal,30-49,Some College,0.4203502638784138
104368.0,None at all,Came about naturally,Rep/Lean Rep,Conservative,65+,H.S. graduate or less,0.9251341397117077
104417.0,None at all,Came about naturally,Dem/Lean Dem,Liberal,65+,College graduate+,0.28067968514975083
104491.0,None at all,Not sure,Dem/Lean Dem,Very liberal,65+,Some College,0.862196825205366
104689.0,Not much,Came about naturally,Dem/Lean Dem,Moderate,65+,H.S. graduate or less,0.7354763365566135
104727.0,Some,Doesn’t really exist,Rep/Lean Rep,Moderate,50-64,H.S. graduate or less,3.9719239479826847
104937.0,Not much,Came about naturally,Dem/Lean Dem,Moderate,65+,College graduate+,0.3547698801388691
105124.0,Some,Came about naturally,Rep/Lean Rep,Very conservative,50-64,College graduate+,0.25324416642659153
105205.0,Some,Was developed intentionally in a lab,Rep/Lean Rep,Conservative,50-64,Some College,0.5602191584980439
105269.0,Some,Was developed intentionally in a lab,Dem/Lean Dem,Moderate,65+,College graduate+,0.22748396859865705
105959.0,Not much,Came about naturally,Dem/Lean Dem,Liberal,50-64,College graduate+,0.2326032419849029
106068.0,Some,Came about naturally,Dem/Lean Dem,Very liberal,65+,College graduate+,0.2908882789563022
106180.0,Some,Was developed intentionally in a lab,Rep/Lean Rep,Very conservative,50-64,Some College,0.6385677371305429
106297.0,Not much,Not sure,Dem/Lean Dem,Moderate,65+,College graduate+,0.18930857569764087
106444.0,Some,Came about naturally,Dem/Lean Dem,Liberal,65+,College graduate+,0.35631151696197294
106590.0,Some,Was developed intentionally in a lab,Rep/Lean Rep,Moderate,50-64,College graduate+,0.30613918633521653
106885.0,A lot,Was developed intentionally in a lab,Rep/Lean Rep,Very conservative,65+,College graduate+,0.2590863573469312
107023.0,Refused,Not sure,Dem/Lean Dem,Liberal,50-64,Some College,0.484553323170196
107329.0,None at all,Came about naturally,Dem/Lean Dem,Very liberal,50-64,College graduate+,0.8266931182745314
107668.0,Not much,Not sure,Rep/Lean Rep,Moderate,50-64,College graduate+,0.5699897433746057
108035.0,A lot,Came about naturally,Rep/Lean Rep,Conservative,50-64,H.S. graduate or less,1.2520316948966994
108169.0,None at all,Came about naturally,Dem/Lean Dem,Liberal,30-49,College graduate+,0.32127104808653617
108348.0,Some,Was developed intentionally in a lab,Rep/Lean Rep,Conservative,50-64,Some College,0.8334178876462494
108447.0,None at all,Came about naturally,Rep/Lean Rep,Conservative,65+,College graduate+,1.008594869048371
108592.0,None at all,Came about naturally,Dem/Lean Dem,Moderate,65+,Some College,0.4920205140087274
108909.0,Not much,Came about naturally,Dem/Lean Dem,Liberal,50-64,H.S. graduate or less,2.0791480117603145
109143.0,Some,Came about naturally,Rep/Lean Rep,Moderate,30-49,H.S. graduate or less,0.8311042520802329
109188.0,None at all,Came about naturally,Dem/Lean Dem,Moderate,65+,College graduate+,0.3889894681791227
110041.0,Some,Came about naturally,Rep/Lean Rep,Very conservative,65+,College graduate+,0.561078032636311
110129.0,Not much,Came about naturally,Rep/Lean Rep,Conservative,65+,College graduate+,0.4578481607678901
110261.0,A lot,Not sure,Dem/Lean Dem,Moderate,30-49,Some College,2.1844862721736225
110361.0,Not much,Came about naturally,Dem/Lean Dem,Moderate,65+,College graduate+,0.2228900847276511
110550.0,None at all,Came about naturally,Rep/Lean Rep,Moderate,50-64,College graduate+,0.2173987388623741
111646.0,Refused,Refused,Dem/Lean Dem,Moderate,65+,College graduate+,0.31252377623184197
112238.0,Some,Came about naturally,Rep/Lean Rep,Conservative,50-64,H.S. graduate or less,2.087684332290775
112371.0,A lot,Not sure,Rep/Lean Rep,Moderate,50-64,Some College,0.2559718690875267
112495.0,Some,Came about naturally,Dem/Lean Dem,Liberal,50-64,College graduate+,0.2071585362363679
112517.0,Some,Came about naturally,Rep/Lean Rep,Conservative,50-64,College graduate+,0.28251322956727914
112613.0,A lot,Came about naturally,Rep/Lean Rep,Moderate,65+,College graduate+,0.4280546019381889
112715.0,Not much,Came about naturally,Dem/Lean Dem,Moderate,50-64,College graduate+,0.21086097924021313
112984.0,Not much,Came about naturally,Dem/Lean Dem,Very liberal,50-64,College graduate+,0.5161741860873796
112987.0,Not much,Was developed intentionally in a lab,Rep/Lean Rep,Conservative,50-64,College graduate+,0.2894571578606051
113248.0,Not much,Came about naturally,Dem/Lean Dem,Conservative,50-64,College graduate+,0.3551661769493011
113274.0,Some,Came about naturally,Dem/Lean Dem,Moderate,50-64,Some College,0.8395843375873243
113412.0,Not much,Was developed intentionally in a lab,Rep/Lean Rep,Moderate,65+,Some College,1.1910849790118874
113565.0,Some,Came about naturally,Dem/Lean Dem,Conservative,50-64,Some College,0.8954063193997979
114190.0,Not much,Came about naturally,Dem/Lean Dem,Liberal,65+,College graduate+,0.35631151696197294
114473.0,Not much,Came about naturally,Rep/Lean Rep,Conservative,65+,College graduate+,0.5626525845257144
114671.0,Some,Came about naturally,Rep/Lean Rep,Conservative,65+,College graduate+,0.2559752922890272
114797.0,None at all,Not sure,Dem/Lean Dem,Moderate,65+,College graduate+,0.28681393797046795
114898.0,Some,Came about naturally,Rep/Lean Rep,Conservative,65+,College graduate+,0.49055018860334315
115295.0,None at all,Was developed intentionally in a lab,Rep/Lean Rep,Conservative,50-64,Some College,1.0599825082336976
115546.0,Some,Came about naturally,Rep/Lean Rep,Moderate,50-64,College graduate+,1.3054245667601012
115568.0,Not much,Came about naturally,Dem/Lean Dem,Very liberal,30-49,College graduate+,0.36364165075548666
115650.0,None at all,Came about naturally,Dem/Lean Dem,Moderate,50-64,Some College,0.23102791415822446
115807.0,None at all,Not sure,Rep/Lean Rep,Conservative,65+,Some College,0.884522665575274
115973.0,Some,Not sure,Dem/Lean Dem,Very liberal,65+,College graduate+,0.35631151696197294
116151.0,Some,Was made accidentally in a lab,Rep/Lean Rep,Very conservative,65+,H.S. graduate or less,1.2109932224284354
116182.0,Not much,Was made accidentally in a lab,Rep/Lean Rep,Conservative,65+,Some College,1.0382563102063362
116264.0,Some,Not sure,Rep/Lean Rep,Moderate,50-64,College graduate+,0.9497353479147848
116439.0,Not much,Came about naturally,Rep/Lean Rep,Moderate,50-64,College graduate+,0.3192763252864371
116591.0,Not much,Not sure,Rep/Lean Rep,Very conservative,65+,Some College,1.1910849790118874
116617.0,None at all,Came about naturally,Dem/Lean Dem,Moderate,50-64,College graduate+,0.22609697056393155
116861.0,Some,Not sure,Rep/Lean Rep,Conservative,50-64,College graduate+,0.317264943657635
116998.0,Not much,Came about naturally,Dem/Lean Dem,Liberal,50-64,College graduate+,1.046294796384659
117214.0,Some,Came about naturally,Dem/Lean Dem,Very liberal,30-49,College graduate+,1.2332079407391399
117395.0,Not much,Came about naturally,Dem/Lean Dem,Liberal,65+,College graduate+,0.31700773711954594
118060.0,None at all,Not sure,Rep/Lean Rep,Conservative,50-64,College graduate+,0.7146041181199958
118110.0,Not much,Not sure,Dem/Lean Dem,Moderate,50-64,H.S. graduate or less,1.114896958342298
118414.0,A lot,Came about naturally,Rep/Lean Rep,Very conservative,65+,H.S. graduate or less,2.926795385556735
118847.0,None at all,Came about naturally,Dem/Lean Dem,Very liberal,65+,College graduate+,0.6413499780877429
118888.0,None at all,Came about naturally,Dem/Lean Dem,Liberal,65+,College graduate+,0.731697566812459
119121.0,Not much,Not sure,Dem/Lean Dem,Liberal,50-64,Some College,0.5243895491899507
119128.0,Some,Came about naturally,Rep/Lean Rep,Conservative,50-64,College graduate+,0.317264943657635
119392.0,None at all,Not sure,Rep/Lean Rep,Moderate,18-29,H.S. graduate or less,7.487621221765812
119548.0,Not much,Came about naturally,Rep/Lean Rep,Moderate,65+,H.S. graduate or less,1.2142269986277925
119714.0,Not much,Came about naturally,Dem/Lean Dem,Moderate,65+,Some College,0.3216357798181609
120118.0,Some,Came about naturally,Rep/Lean Rep,Conservative,30-49,Some College,0.6281505557403889
120343.0,None at all,Was made accidentally in a lab,Rep/Lean Rep,Conservative,65+,Some College,1.6230562611081913
120521.0,None at all,Came about naturally,Dem/Lean Dem,Very liberal,50-64,College graduate+,0.20313757190989004
120873.0,Some,Came about naturally,Dem/Lean Dem,Moderate,65+,College graduate+,0.27090170480401554
121158.0,Not much,Was made accidentally in a lab,Rep/Lean Rep,Conservative,65+,College graduate+,0.4280546019381889
121582.0,Some,Was developed intentionally in a lab,Rep/Lean Rep,Very conservative,65+,College graduate+,1.8759621530559354
121882.0,Not much,Came about naturally,Rep/Lean Rep,Very conservative,65+,College graduate+,0.2559752922890272
122020.0,None at all,Came about naturally,Dem/Lean Dem,Liberal,50-64,College graduate+,0.23078620749798037
122033.0,Some,Not sure,Dem/Lean Dem,Moderate,65+,Some College,0.3664627353145702
122234.0,Some,Came about naturally,Dem/Lean Dem,Liberal,30-49,College graduate+,0.8287624205320122
122466.0,Some,Came about naturally,Rep/Lean Rep,Moderate,65+,College graduate+,0.28718500597209207
122503.0,A lot,Came about naturally,Dem/Lean Dem,Very liberal,65+,College graduate+,0.07844521463098372
123191.0,A lot,Not sure,Dem/Lean Dem,Liberal,65+,College graduate+,0.3547698801388691
123308.0,Not much,Not sure,Dem/Lean Dem,Liberal,65+,College graduate+,1.250157885622498
123778.0,Some,Came about naturally,Dem/Lean Dem,Liberal,50-64,Some College,0.44661595831531015
124032.0,Some,Came about naturally,Rep/Lean Rep,Conservative,65+,Some College,1.2233230930744419
124264.0,Some,Came about naturally,Dem/Lean Dem,Moderate,65+,Some College,0.33783037643980934
124561.0,Not much,Came about naturally,Dem/Lean Dem,Liberal,65+,College graduate+,0.4118632994549787
124598.0,A lot,Was made accidentally in a lab,Rep/Lean Rep,Conservative,65+,College graduate+,0.4678696184840074
125280.0,Some,Came about naturally,Rep/Lean Rep,Moderate,65+,College graduate+,1.1881345080123378
125444.0,None at all,Came about naturally,Dem/Lean Dem,Very liberal,30-49,College graduate+,0.42504150349963726
125496.0,Not much,Came about naturally,Dem/Lean Dem,Very liberal,50-64,College graduate+,0.2326032419849029
125634.0,Some,Was developed intentionally in a lab,Rep/Lean Rep,Very conservative,50-64,College graduate+,0.2894571578606051
125976.0,None at all,Came about naturally,Dem/Lean Dem,Moderate,65+,College graduate+,0.16658774135557186
126131.0,None at all,Came about naturally,Dem/Lean Dem,Moderate,65+,College graduate+,0.22748396859865705
126190.0,Not much,Came about naturally,Dem/Lean Dem,Liberal,50-64,College graduate+,0.2911490457684703
126211.0,Some,Was developed intentionally in a lab,Rep/Lean Rep,Conservative,65+,H.S. graduate or less,2.2666759986802476
126380.0,Some,Came about naturally,Dem/Lean Dem,Very liberal,50-64,College graduate+,0.41844765124830724
126570.0,Not much,Was developed intentionally in a lab,Rep/Lean Rep,Very conservative,50-64,H.S. graduate or less,2.0504723917299423
127160.0,None at all,Was developed intentionally in a lab,Rep/Lean Rep,Very conservative,30-49,College graduate+,0.890372325136686
127284.0,None at all,Was developed intentionally in a lab,Rep/Lean Rep,Moderate,50-64,Some College,0.8728240632307182
127498.0,Some,Came about naturally,Dem/Lean Dem,Moderate,30-49,College graduate+,1.6616485155184761
128285.0,None at all,Came about naturally,Dem/Lean Dem,Liberal,65+,College graduate+,0.7201335047863648
128558.0,Not much,Not sure,Rep/Lean Rep,Conservative,50-64,H.S. graduate or less,5.0982429923302695
129015.0,Some,Came about naturally,Dem/Lean Dem,Moderate,65+,College graduate+,0.28067968514975083
129046.0,Some,Was developed intentionally in a lab,Rep/Lean Rep,Conservative,50-64,College graduate+,0.6665541827663765
129189.0,Some,Was developed intentionally in a lab,Rep/Lean Rep,Very conservative,65+,College graduate+,0.4280546019381889
129740.0,Some,Came about naturally,Dem/Lean Dem,Liberal,65+,College graduate+,0.27472252543231557
130022.0,Some,Came about naturally,Dem/Lean Dem,Moderate,65+,Some College,0.24445445253421863
130287.0,Not much,Came about naturally,Dem/Lean Dem,Liberal,65+,College graduate+,0.5803723633964334
130571.0,Not much,Was developed intentionally in a lab,Rep/Lean Rep,Conservative,65+,Some College,0.3109262689363723
130781.0,None at all,Came about naturally,Dem/Lean Dem,Moderate,65+,College graduate+,0.27472252543231557
130889.0,Some,Came about naturally,Dem/Lean Dem,Liberal,65+,College graduate+,0.731697566812459
131599.0,A lot,Not sure,Rep/Lean Rep,Very conservative,65+,College graduate+,0.322261998860181
131786.0,None at all,Came about naturally,Rep/Lean Rep,Conservative,50-64,College graduate+,0.6072777313470379
132146.0,Some,Came about naturally,Rep/Lean Rep,Moderate,30-49,Some College,0.6324314438059461
132240.0,Some,Came about naturally,Rep/Lean Rep,Conservative,50-64,College graduate+,0.40425405977070034
132246.0,A lot,Was developed intentionally in a lab,DK/Refused/No lean,Conservative,65+,Some College,0.7819014839104875
132264.0,Some,Came about naturally,Dem/Lean Dem,Moderate,65+,College graduate+,0.3889894681791227
132478.0,Not much,Was made accidentally in a lab,Dem/Lean Dem,Liberal,65+,Some College,1.1325281643914051
132489.0,None at all,Came about naturally,Dem/Lean Dem,Liberal,65+,College graduate+,0.62526829337726
132973.0,Not much,Came about naturally,Dem/Lean Dem,Moderate,50-64,H.S. graduate or less,1.2567634726831396
133114.0,Not much,Came about naturally,Dem/Lean Dem,Moderate,65+,College graduate+,0.2228900847276511
133435.0,Not much,Not sure,DK/Refused/No lean,Conservative,65+,H.S. graduate or less,3.4680155651724043
133550.0,None at all,Came about naturally,Dem/Lean Dem,Moderate,50-64,Some College,1.0098962843464871
133700.0,None at all,Not sure,Rep/Lean Rep,Moderate,65+,H.S. graduate or less,0.8346181670815003
133889.0,None at all,Came about naturally,Dem/Lean Dem,Moderate,50-64,College graduate+,0.25977479373231127
133978.0,Not much,Came about naturally,Rep/Lean Rep,Conservative,50-64,College graduate+,0.40425405977070034
135146.0,Some,Not sure,Rep/Lean Rep,Conservative,65+,College graduate+,0.2547848262475639
135179.0,Not much,Came about naturally,Dem/Lean Dem,Very liberal,65+,College graduate+,0.21076401771962838
135293.0,Some,Came about naturally,Rep/Lean Rep,Moderate,50-64,College graduate+,0.92742101031085
135317.0,Not much,Came about naturally,Dem/Lean Dem,Liberal,65+,College graduate+,0.16952634911363323
135459.0,Some,Came about naturally,Dem/Lean Dem,Liberal,65+,College graduate+,0.16658774135557186
135706.0,None at all,Came about naturally,Dem/Lean Dem,Moderate,65+,College graduate+,0.35631151696197294
135751.0,Not much,Came about naturally,Dem/Lean Dem,Liberal,65+,College graduate+,0.46454444474580187
135822.0,A lot,Was developed intentionally in a lab,Rep/Lean Rep,Very conservative,30-49,H.S. graduate or less,1.2051646930875668
136015.0,None at all,Refused,Rep/Lean Rep,Conservative,65+,College graduate+,0.4382791325939977
136046.0,None at all,Came about naturally,Dem/Lean Dem,Moderate,65+,College graduate+,0.27472252543231557
136316.0,Not much,Not sure,Rep/Lean Rep,Moderate,65+,Some College,1.0039170545609695
136411.0,A lot,Was developed intentionally in a lab,Rep/Lean Rep,Moderate,50-64,College graduate+,0.5052504561221298
136999.0,Not much,Not sure,Rep/Lean Rep,Moderate,50-64,Some College,0.4016104922175272
137139.0,Not much,Came about naturally,Dem/Lean Dem,Liberal,50-64,College graduate+,0.25977479373231127
138105.0,Some,Came about naturally,Dem/Lean Dem,Moderate,50-64,Some College,0.44648451659989813
139467.0,Not much,Not sure,Rep/Lean Rep,Conservative,65+,Some College,0.4550438158965828
139905.0,Some,Came about naturally,Dem/Lean Dem,Liberal,65+,College graduate+,0.3288780256279453
140200.0,Some,Came about naturally,Dem/Lean Dem,Very liberal,65+,Some College,0.36934720700493145
140204.0,Not much,Came about naturally,Dem/Lean Dem,Liberal,50-64,College graduate+,0.38920217152115405
140444.0,A lot,Came about naturally,Dem/Lean Dem,Moderate,65+,College graduate+,0.18930857569764087
140544.0,None at all,Came about naturally,Dem/Lean Dem,Liberal,65+,College graduate+,0.3547698801388691
140639.0,Some,Came about naturally,Dem/Lean Dem,Moderate,65+,College graduate+,0.49712288330504906
141319.0,None at all,Not sure,Dem/Lean Dem,Very liberal,30-49,H.S. graduate or less,4.871524494492985
141471.0,Not much,Came about naturally,Rep/Lean Rep,Conservative,50-64,Some College,0.47289741162903826
141804.0,None at all,Came about naturally,Dem/Lean Dem,Liberal,50-64,College graduate+,0.17178106716720398
141878.0,Some,Came about naturally,Rep/Lean Rep,Moderate,65+,Some College,0.5133480775464817
142360.0,Not much,Came about naturally,Dem/Lean Dem,Liberal,30-49,College graduate+,0.40224114742049477
142398.0,None at all,Came about naturally,Dem/Lean Dem,Very liberal,50-64,College graduate+,0.4094636195140061
142447.0,None at all,Came about naturally,Dem/Lean Dem,Moderate,50-64,College graduate+,0.5807799711833336
142838.0,Not much,Came about naturally,Dem/Lean Dem,Moderate,65+,College graduate+,0.31700773711954594
143122.0,Some,Came about naturally,Dem/Lean Dem,Very liberal,65+,Some College,0.8409321022513915
143915.0,None at all,Not sure,Rep/Lean Rep,Moderate,65+,H.S. graduate or less,1.5249941457586995
144036.0,A lot,Was developed intentionally in a lab,Rep/Lean Rep,Very conservative,50-64,Some College,2.3790982554463516
144429.0,Some,Came about naturally,Rep/Lean Rep,Conservative,65+,College graduate+,1.0356267595331767
144736.0,Not much,Came about naturally,Dem/Lean Dem,Liberal,50-64,College graduate+,0.4094636195140061
145364.0,Some,Came about naturally,Rep/Lean Rep,Conservative,50-64,Some College,0.8467593420033126
145447.0,None at all,Came about naturally,Dem/Lean Dem,Moderate,65+,College graduate+,0.37995031658406214
145887.0,None at all,Was developed intentionally in a lab,DK/Refused/No lean,Conservative,65+,College graduate+,0.38967397452256164
146062.0,Some,Came about naturally,Dem/Lean Dem,Liberal,50-64,College graduate+,0.44732242553576856
146434.0,Some,Came about naturally,Rep/Lean Rep,Refused,65+,H.S. graduate or less,2.5261792149779696
146637.0,A lot,Not sure,Dem/Lean Dem,Very liberal,50-64,Some College,0.9281094596989943
146784.0,Some,Came about naturally,Rep/Lean Rep,Very conservative,50-64,Some College,1.0395451444270543
147316.0,Some,Was developed intentionally in a lab,Dem/Lean Dem,Conservative,30-49,College graduate+,0.2455127281353521
147654.0,Some,Came about naturally,Dem/Lean Dem,Very liberal,50-64,College graduate+,0.311355227513849
147763.0,A lot,Came about naturally,Dem/Lean Dem,Moderate,65+,College graduate+,0.5496247060037951
149522.0,Some,Came about naturally,Dem/Lean Dem,Moderate,65+,College graduate+,0.16658774135557186
149866.0,Not much,Not sure,Rep/Lean Rep,Conservative,50-64,Some College,1.0299325394221097
150197.0,Some,Was developed intentionally in a lab,Rep/Lean Rep,Very conservative,50-64,Some College,0.9673287432164014
150280.0,Some,Not sure,Dem/Lean Dem,Moderate,30-49,H.S. graduate or less,0.8081004590926596
150381.0,Some,Came about naturally,Dem/Lean Dem,Moderate,50-64,College graduate+,0.2326032419849029
150788.0,None at all,Came about naturally,Dem/Lean Dem,Liberal,50-64,College graduate+,0.2601583936831742
151130.0,Not much,Was developed intentionally in a lab,DK/Refused/No lean,Moderate,65+,College graduate+,0.5266170804726134
151972.0,None at all,Came about naturally,Rep/Lean Rep,Very conservative,65+,College graduate+,0.2547848262475639
152324.0,Not much,Refused,Rep/Lean Rep,Moderate,50-64,College graduate+,0.3590266223903537
152538.0,None at all,Came about naturally,Dem/Lean Dem,Liberal,65+,College graduate+,0.27472252543231557
152916.0,Some,Came about naturally,Dem/Lean Dem,Moderate,65+,College graduate+,0.6567529151301014
153346.0,A lot,Came about naturally,Rep/Lean Rep,Conservative,65+,College graduate+,0.3494595227274385
153391.0,Not much,Came about naturally,Dem/Lean Dem,Moderate,30-49,College graduate+,1.1725148900178126
154072.0,Some,Came about naturally,Dem/Lean Dem,Very liberal,65+,College graduate+,1.1388841552166906
154578.0,Not much,Came about naturally,Rep/Lean Rep,Moderate,50-64,H.S. graduate or less,3.1955757397945206
154750.0,Some,Not sure,Rep/Lean Rep,Conservative,65+,College graduate+,1.1992134424524958
154874.0,Some,Came about naturally,Rep/Lean Rep,Conservative,65+,Some College,0.712691096436868
154948.0,Some,Came about naturally,Dem/Lean Dem,Moderate,65+,College graduate+,0.37995031658406214
155329.0,None at all,Not sure,Dem/Lean Dem,Moderate,65+,College graduate+,0.7247346499381029
155464.0,Not much,Came about naturally,Dem/Lean Dem,Moderate,50-64,H.S. graduate or less,1.1712552701102796
155606.0,None at all,Not sure,Rep/Lean Rep,Very conservative,65+,College graduate+,0.24960377457431507
155832.0,Some,Was developed intentionally in a lab,Rep/Lean Rep,Very conservative,50-64,College graduate+,0.6323267760894709
155900.0,Some,Came about naturally,Dem/Lean Dem,Very liberal,65+,College graduate+,0.3889894681791227
156200.0,Some,Came about naturally,Dem/Lean Dem,Liberal,30-49,College graduate+,0.4498898237124893
156233.0,Some,Was developed intentionally in a lab,DK/Refused/No lean,Conservative,65+,College graduate+,0.7396926017744719
156343.0,Some,Came about naturally,Dem/Lean Dem,Liberal,65+,College graduate+,0.4118632994549787
156615.0,Not much,Came about naturally,Dem/Lean Dem,Moderate,65+,College graduate+,0.62526829337726
156660.0,Not much,Was developed intentionally in a lab,Dem/Lean Dem,Moderate,50-64,College graduate+,0.5899957434025324
157570.0,Not much,Was developed intentionally in a lab,DK/Refused/No lean,Moderate,50-64,Some College,0.8728240632307182
157730.0,A lot,Came about naturally,Rep/Lean Rep,Conservative,65+,College graduate+,0.5489368406746538
157877.0,Some,Not sure,Rep/Lean Rep,Conservative,65+,College graduate+,0.28718500597209207
158144.0,Not much,Came about naturally,Dem/Lean Dem,Very liberal,65+,College graduate+,0.38187460089378295
158193.0,Not much,Came about naturally,Dem/Lean Dem,Moderate,30-49,College graduate+,0.35842635084045804
159216.0,Some,Came about naturally,Dem/Lean Dem,Moderate,30-49,College graduate+,0.5046752744340405
159562.0,A lot,Was made accidentally in a lab,Rep/Lean Rep,Conservative,65+,College graduate+,0.24960377457431507
159674.0,Not much,Came about naturally,Dem/Lean Dem,Very liberal,65+,College graduate+,0.31700773711954594
159828.0,Some,Was developed intentionally in a lab,Rep/Lean Rep,Very conservative,65+,Some College,0.501097021579651
159997.0,Not much,Was developed intentionally in a lab,Rep/Lean Rep,Conservative,50-64,College graduate+,0.5042469656148796
160100.0,None at all,Came about naturally,Dem/Lean Dem,Liberal,65+,H.S. graduate or less,3.59417867508855
160170.0,Some,Came about naturally,Rep/Lean Rep,Moderate,65+,Some College,0.34401409466837796
160193.0,A lot,Was developed intentionally in a lab,Rep/Lean Rep,Conservative,65+,Some College,0.8026363947441462
161130.0,Not much,Came about naturally,Rep/Lean Rep,Very liberal,50-64,Some College,0.5466726303848976
161820.0,Some,Not sure,Rep/Lean Rep,Liberal,30-49,College graduate+,1.1720302000931735
162119.0,Some,Not sure,Rep/Lean Rep,Very conservative,65+,College graduate+,0.4349346216352827
162517.0,Not much,Came about naturally,Dem/Lean Dem,Liberal,65+,College graduate+,0.46454444474580187
164283.0,Not much,Came about naturally,Dem/Lean Dem,Liberal,65+,College graduate+,0.27472252543231557
164425.0,None at all,Not sure,Dem/Lean Dem,Moderate,65+,H.S. graduate or less,0.7465017007355208
165452.0,Not much,Not sure,Dem/Lean Dem,Liberal,65+,Some College,2.9653890935270186
165729.0,A lot,Came about naturally,Dem/Lean Dem,Very liberal,65+,College graduate+,0.7247346499381029
166301.0,None at all,Came about naturally,Dem/Lean Dem,Very liberal,50-64,Some College,0.7402988149951114
167094.0,A lot,Was developed intentionally in a lab,Rep/Lean Rep,Conservative,50-64,College graduate+,0.3147847981571407
167110.0,Some,Not sure,Rep/Lean Rep,Moderate,65+,H.S. graduate or less,2.5992691812131903
168336.0,Not much,Came about naturally,Dem/Lean Dem,Moderate,30-49,College graduate+,1.085842622648652
169135.0,Some,Not sure,Rep/Lean Rep,Conservative,50-64,College graduate+,0.35624239794293705
169249.0,Not much,Came about naturally,Dem/Lean Dem,Moderate,65+,Some College,0.7920905959343165
169864.0,Some,Was developed intentionally in a lab,Rep/Lean Rep,Conservative,65+,College graduate+,0.6556272442174347
170940.0,Some,Was developed intentionally in a lab,Rep/Lean Rep,Very conservative,65+,Some College,2.1494071892644713
171076.0,Not much,Came about naturally,Dem/Lean Dem,Moderate,50-64,College graduate+,0.44705401190499194
171099.0,Not much,Came about naturally,Dem/Lean Dem,Very liberal,65+,College graduate+,0.4415814611290617
171264.0,None at all,Came about naturally,Dem/Lean Dem,Conservative,65+,Some College,1.4723583776783353
172231.0,Some,Not sure,Rep/Lean Rep,Conservative,65+,College graduate+,0.4280546019381889
174032.0,Some,Was developed intentionally in a lab,Rep/Lean Rep,Conservative,50-64,H.S. graduate or less,2.6160887910586395
175192.0,Some,Not sure,Rep/Lean Rep,Very conservative,50-64,Some College,0.38424198482774236
175363.0,Some,Came about naturally,Rep/Lean Rep,Conservative,50-64,College graduate+,1.32120553603794
175884.0,Not much,Not sure,Dem/Lean Dem,Very liberal,65+,College graduate+,0.4118632994549787
176214.0,Some,Not sure,Dem/Lean Dem,Moderate,65+,H.S. graduate or less,1.5177526977870623
176308.0,A lot,Came about naturally,Rep/Lean Rep,Moderate,50-64,H.S. graduate or less,2.0504723917299423
176680.0,Not much,Came about naturally,Rep/Lean Rep,Very conservative,50-64,Some College,0.8641334764779848
176824.0,A lot,Came about naturally,Rep/Lean Rep,Conservative,65+,Some College,0.37830171774990956
176868.0,None at all,Came about naturally,Dem/Lean Dem,Moderate,65+,College graduate+,0.3889894681791227
176890.0,None at all,Came about naturally,Rep/Lean Rep,Conservative,50-64,College graduate+,0.25324416642659153
176940.0,None at all,Came about naturally,Dem/Lean Dem,Moderate,65+,H.S. graduate or less,2.227363980183724
177211.0,Not much,Came about naturally,Dem/Lean Dem,Very liberal,50-64,College graduate+,0.432203126966449
177572.0,Some,Came about naturally,Dem/Lean Dem,Moderate,50-64,College graduate+,0.6487897855714696
177818.0,None at all,Came about naturally,DK/Refused/No lean,Moderate,30-49,College graduate+,0.43730745252361874
178470.0,None at all,Not sure,Dem/Lean Dem,Very liberal,50-64,Some College,0.8043307922533215
178592.0,Not much,Came about naturally,Dem/Lean Dem,Liberal,50-64,College graduate+,0.3206291340585848
179144.0,None at all,Came about naturally,Dem/Lean Dem,Liberal,65+,College graduate+,0.18930857569764087
179691.0,Some,Was developed intentionally in a lab,Rep/Lean Rep,Moderate,50-64,Some College,0.34940072702146663
179979.0,Some,Was developed intentionally in a lab,Rep/Lean Rep,Conservative,65+,H.S. graduate or less,2.926795385556735
180286.0,Some,Came about naturally,Rep/Lean Rep,Conservative,65+,College graduate+,0.2851940982958219
181067.0,Not much,Was developed intentionally in a lab,Dem/Lean Dem,Moderate,50-64,Some College,1.3960308353009139
181573.0,Not much,Not sure,Rep/Lean Rep,Moderate,50-64,H.S. graduate or less,1.050232986358601
181689.0,None at all,Not sure,Dem/Lean Dem,Moderate,50-64,Some College,0.5592064421004076
182775.0,Some,Came about naturally,Dem/Lean Dem,Liberal,65+,College graduate+,0.2237721680863777
182804.0,Not much,Came about naturally,Dem/Lean Dem,Moderate,30-49,College graduate+,0.5158848355642376
182998.0,None at all,Was developed intentionally in a lab,Dem/Lean Dem,Moderate,30-49,College graduate+,0.39372221398309404
183145.0,Some,Came about naturally,Rep/Lean Rep,Moderate,65+,Some College,1.051752162400997
184045.0,Not much,Came about naturally,Dem/Lean Dem,Very liberal,65+,College graduate+,1.7473730326322199
184735.0,Not much,Came about naturally,Rep/Lean Rep,Conservative,50-64,College graduate+,0.4724035803364779
184743.0,None at all,Came about naturally,Dem/Lean Dem,Very liberal,50-64,College graduate+,0.16877671577660544
184778.0,Some,Came about naturally,Rep/Lean Rep,Conservative,50-64,Some College,1.0020792684473185
185394.0,Not much,Came about naturally,Dem/Lean Dem,Very liberal,50-64,College graduate+,0.5673423786495846
185435.0,Some,Came about naturally,Rep/Lean Rep,Very conservative,50-64,Some College,0.3961229200656961
185896.0,A lot,Came about naturally,Dem/Lean Dem,Very liberal,30-49,Some College,1.469672518184251
185944.0,Refused,Not sure,Dem/Lean Dem,Liberal,50-64,H.S. graduate or less,2.0020795194122765
186170.0,Some,Was made accidentally in a lab,Rep/Lean Rep,Moderate,30-49,Some College,0.6698218590489466
186444.0,None at all,Was developed intentionally in a lab,Rep/Lean Rep,Moderate,50-64,Some College,1.099881586449382
186902.0,None at all,Came about naturally,Dem/Lean Dem,Moderate,65+,Some College,0.24959938197528644
186956.0,None at all,Was developed intentionally in a lab,Rep/Lean Rep,Conservative,30-49,College graduate+,0.5750624580553446
186980.0,A lot,Not sure,Rep/Lean Rep,Moderate,50-64,College graduate+,0.7865539259344027
187312.0,Not much,Not sure,Dem/Lean Dem,Moderate,50-64,H.S. graduate or less,0.6023708572881497
187390.0,Not much,Was developed intentionally in a lab,Dem/Lean Dem,Moderate,30-49,College graduate+,0.37078449696298443
187635.0,None at all,Came about naturally,Dem/Lean Dem,Moderate,65+,College graduate+,0.22748396859865705
188109.0,Some,Was developed intentionally in a lab,Dem/Lean Dem,Very liberal,50-64,College graduate+,0.5110601782263641
188245.0,None at all,Came about naturally,Dem/Lean Dem,Moderate,65+,H.S. graduate or less,1.5414388702001378
188340.0,Not much,Came about naturally,Rep/Lean Rep,Conservative,65+,College graduate+,0.6485686701292714
188516.0,Some,Not sure,Rep/Lean Rep,Conservative,50-64,Some College,0.32126188816548673
189213.0,Some,Came about naturally,Dem/Lean Dem,Liberal,65+,College graduate+,0.21076401771962838
189589.0,Not much,Came about naturally,Dem/Lean Dem,Moderate,50-64,College graduate+,0.3688383177152402
190519.0,Not much,Came about naturally,Dem/Lean Dem,Moderate,65+,Some College,1.167235633551961
190780.0,Not much,Came about naturally,Dem/Lean Dem,Liberal,50-64,Some College,0.6822931590374944
190961.0,Not much,Was developed intentionally in a lab,Rep/Lean Rep,Conservative,50-64,H.S. graduate or less,4.204654057322078
191032.0,None at all,Came about naturally,Dem/Lean Dem,Liberal,50-64,College graduate+,0.20313757190989004
191063.0,Some,Came about naturally,Rep/Lean Rep,Moderate,50-64,Some College,0.8642001941651632
191081.0,A lot,Was developed intentionally in a lab,Rep/Lean Rep,Moderate,30-49,Some College,0.5797383525727224
191261.0,Not much,Came about naturally,Rep/Lean Rep,Conservative,65+,College graduate+,0.24960377457431507
191336.0,None at all,Came about naturally,Dem/Lean Dem,Liberal,50-64,H.S. graduate or less,2.138322645499391
191583.0,Not much,Came about naturally,Dem/Lean Dem,Liberal,65+,College graduate+,0.27472252543231557
192213.0,Some,Came about naturally,Rep/Lean Rep,Very conservative,65+,College graduate+,0.24960377457431507
192294.0,Not much,Came about naturally,Dem/Lean Dem,Moderate,50-64,College graduate+,0.7859601663462616
192394.0,Not much,Not sure,Dem/Lean Dem,Moderate,65+,H.S. graduate or less,1.8156215544106025
192396.0,None at all,Was developed intentionally in a lab,Rep/Lean Rep,Very conservative,65+,Some College,0.5842854574937026
192474.0,A lot,Came about naturally,Rep/Lean Rep,Moderate,30-49,Some College,0.47960497153976916
192568.0,None at all,Not sure,Rep/Lean Rep,Moderate,65+,College graduate+,0.2228900847276511
192753.0,A lot,Was made accidentally in a lab,Rep/Lean Rep,Conservative,65+,College graduate+,1.0356267595331767
192798.0,A lot,Was developed intentionally in a lab,Rep/Lean Rep,Very conservative,65+,College graduate+,0.2547848262475639
192950.0,Not much,Not sure,Rep/Lean Rep,Conservative,65+,College graduate+,0.24586315584496884
193343.0,Some,Came about naturally,Rep/Lean Rep,Moderate,30-49,College graduate+,0.39277896836882886
193408.0,Some,Came about naturally,Rep/Lean Rep,Moderate,30-49,College graduate+,0.8623601428315959
193545.0,Some,Was developed intentionally in a lab,Dem/Lean Dem,Liberal,30-49,H.S. graduate or less,0.5833360725407479
193713.0,Not much,Came about naturally,Dem/Lean Dem,Conservative,30-49,College graduate+,0.5158848355642376
194284.0,None at all,Came about naturally,Rep/Lean Rep,Conservative,50-64,College graduate+,0.22609697056393155
194490.0,Not much,Came about naturally,Dem/Lean Dem,Liberal,50-64,College graduate+,0.2326032419849029
194634.0,None at all,Came about naturally,Rep/Lean Rep,Moderate,50-64,H.S. graduate or less,1.821863153840958
194718.0,None at all,Came about naturally,Rep/Lean Rep,Very conservative,50-64,Some College,0.3613555868673831
195296.0,Some,Came about naturally,Rep/Lean Rep,Very conservative,65+,Some College,1.0206410809223907
195349.0,None at all,Came about naturally,Rep/Lean Rep,Moderate,50-64,Some College,0.932941395417583
195373.0,Some,Not sure,Rep/Lean Rep,Moderate,50-64,Some College,0.932941395417583
195400.0,Some,Was developed intentionally in a lab,Rep/Lean Rep,Conservative,65+,College graduate+,0.3861076073283847
196107.0,Some,Came about naturally,Rep/Lean Rep,Conservative,65+,Some College,0.43553436202499596
196610.0,Not much,Came about naturally,Dem/Lean Dem,Liberal,30-49,College graduate+,0.9119446006506468
196813.0,Not much,Came about naturally,Dem/Lean Dem,Moderate,50-64,Some College,0.775662905266515
197067.0,None at all,Not sure,Rep/Lean Rep,Moderate,65+,H.S. graduate or less,2.643223817515233
197087.0,None at all,Was developed intentionally in a lab,Rep/Lean Rep,Moderate,65+,H.S. graduate or less,2.3305678998545267
197168.0,None at all,Came about naturally,Dem/Lean Dem,Very liberal,65+,College graduate+,0.6705395447130185
197174.0,Not much,Not sure,Rep/Lean Rep,Very conservative,65+,Some College,1.4006546171055858
197397.0,Not much,Came about naturally,Rep/Lean Rep,Conservative,65+,H.S. graduate or less,7.487621221765812
197580.0,None at all,Came about naturally,Dem/Lean Dem,Moderate,30-49,College graduate+,0.6093099714833934
197992.0,None at all,Came about naturally,Dem/Lean Dem,Liberal,50-64,College graduate+,0.32127104808653617
198176.0,None at all,Came about naturally,Dem/Lean Dem,Liberal,50-64,Some College,0.30186749854373124
198205.0,Some,Was made accidentally in a lab,Rep/Lean Rep,Conservative,50-64,Some College,0.39327438242366014
198208.0,A lot,Not sure,Rep/Lean Rep,Moderate,50-64,College graduate+,0.22609697056393155
198295.0,Not much,Came about naturally,Dem/Lean Dem,Moderate,65+,College graduate+,0.5796764778872436
198449.0,None at all,Came about naturally,Dem/Lean Dem,Liberal,50-64,College graduate+,0.21372520590383698
198476.0,Not much,Was made accidentally in a lab,Dem/Lean Dem,Liberal,65+,College graduate+,0.7414430401320639
198848.0,Some,Was developed intentionally in a lab,Rep/Lean Rep,Conservative,50-64,College graduate+,0.4332216541457245
198946.0,Not much,Not sure,Rep/Lean Rep,Conservative,65+,College graduate+,0.4980542188736745
199454.0,None at all,Not sure,Rep/Lean Rep,Moderate,65+,Some College,0.4614504973803615
199474.0,Some,Came about naturally,Rep/Lean Rep,Very conservative,50-64,Some College,0.6385677371305429
199510.0,A lot,Was developed intentionally in a lab,Rep/Lean Rep,Very conservative,65+,College graduate+,0.575242611489201
199643.0,Not much,Was developed intentionally in a lab,Rep/Lean Rep,Moderate,30-49,College graduate+,0.49322320491043264
199964.0,Some,Came about naturally,Rep/Lean Rep,Very conservative,65+,Some College,1.1910849790118874
200202.0,Not much,Came about naturally,Dem/Lean Dem,Liberal,50-64,Some College,0.9648804258691981
200312.0,Some,Came about naturally,Rep/Lean Rep,Conservative,65+,Some College,1.0042776433174845
200324.0,None at all,Came about naturally,Dem/Lean Dem,Very liberal,65+,Some College,0.7356999594242559
200452.0,Some,Came about naturally,Dem/Lean Dem,Liberal,65+,College graduate+,0.31700773711954594
200718.0,Not much,Came about naturally,Dem/Lean Dem,Very liberal,50-64,College graduate+,0.3688383177152402
200761.0,Not much,Not sure,Dem/Lean Dem,Moderate,65+,College graduate+,0.4118632994549787
200782.0,Some,Came about naturally,Dem/Lean Dem,Liberal,50-64,College graduate+,0.36364165075548666
200943.0,Not much,Not sure,Dem/Lean Dem,Moderate,65+,College graduate+,0.49712288330504906
201177.0,Some,Was developed intentionally in a lab,Rep/Lean Rep,Conservative,50-64,Some College,0.5037805583145222
201541.0,Not much,Not sure,Rep/Lean Rep,Conservative,65+,Some College,0.38715864645441284
202145.0,Some,Was made accidentally in a lab,Dem/Lean Dem,Very liberal,30-49,College graduate+,1.6212936978559231
202545.0,Refused,Was made accidentally in a lab,Rep/Lean Rep,Very conservative,65+,College graduate+,0.4415814611290617
202548.0,Not much,Came about naturally,Dem/Lean Dem,Moderate,30-49,College graduate+,0.5093639646895178
202800.0,Not much,Came about naturally,Dem/Lean Dem,Moderate,65+,College graduate+,0.5710731993955889
202849.0,Not much,Came about naturally,Dem/Lean Dem,Liberal,65+,College graduate+,0.6705395447130185
202908.0,Not much,Came about naturally,Dem/Lean Dem,Moderate,65+,College graduate+,0.8292267917270667
203133.0,None at all,Not sure,Dem/Lean Dem,Refused,50-64,College graduate+,0.22454683147387652
203464.0,Not much,Came about naturally,Rep/Lean Rep,Moderate,50-64,College graduate+,0.44705401190499194
203617.0,Not much,Came about naturally,Dem/Lean Dem,Liberal,65+,College graduate+,1.1881345080123378
203921.0,Not much,Not sure,Dem/Lean Dem,Moderate,50-64,H.S. graduate or less,1.49420979170375
204329.0,None at all,Came about naturally,Dem/Lean Dem,Liberal,65+,College graduate+,0.57514760032115
204354.0,Some,Was developed intentionally in a lab,Rep/Lean Rep,Moderate,50-64,College graduate+,0.24948054396811553
204601.0,Not much,Not sure,Rep/Lean Rep,Moderate,30-49,College graduate+,0.43512759902138115
204832.0,None at all,Not sure,Rep/Lean Rep,Very conservative,65+,H.S. graduate or less,2.227363980183724
205459.0,None at all,Was developed intentionally in a lab,Rep/Lean Rep,Conservative,65+,H.S. graduate or less,2.5261792149779696
205490.0,Not much,Was made accidentally in a lab,Dem/Lean Dem,Moderate,50-64,H.S. graduate or less,0.8082805405245808
205600.0,Not much,Came about naturally,Dem/Lean Dem,Liberal,50-64,College graduate+,0.19190345833934808
206457.0,Some,Not sure,Rep/Lean Rep,Moderate,30-49,Some College,0.6760668510788223
207436.0,Some,Not sure,Dem/Lean Dem,Liberal,65+,Some College,0.9631479563723518
207452.0,Not much,Came about naturally,Rep/Lean Rep,Conservative,65+,Some College,0.501097021579651
207502.0,Some,Was made accidentally in a lab,Dem/Lean Dem,Liberal,30-49,College graduate+,0.6086047110122643
207573.0,Not much,Came about naturally,Rep/Lean Rep,Conservative,65+,Some College,0.884522665575274
208237.0,None at all,Came about naturally,Dem/Lean Dem,Moderate,65+,College graduate+,0.731697566812459
209250.0,A lot,Came about naturally,Dem/Lean Dem,Liberal,65+,College graduate+,0.8776488075049899
209440.0,A lot,Came about naturally,Rep/Lean Rep,Very conservative,30-49,College graduate+,0.5555764263620969
209589.0,Not much,Came about naturally,Rep/Lean Rep,Moderate,65+,College graduate+,0.2228900847276511
209937.0,None at all,Came about naturally,Dem/Lean Dem,Moderate,65+,College graduate+,0.46454444474580187
210108.0,None at all,Came about naturally,Dem/Lean Dem,Liberal,50-64,College graduate+,0.2601583936831742
210121.0,Not much,Came about naturally,Dem/Lean Dem,Liberal,65+,College graduate+,0.35631151696197294
210564.0,Not much,Came about naturally,Rep/Lean Rep,Moderate,65+,College graduate+,0.2851940982958219
210743.0,Some,Came about naturally,Dem/Lean Dem,Liberal,50-64,College graduate+,0.3633893793375663
210776.0,Some,Not sure,Dem/Lean Dem,Moderate,30-49,College graduate+,0.39618280167923603
211074.0,Some,Came about naturally,Rep/Lean Rep,Conservative,65+,Some College,0.8026363947441462
211125.0,Not much,Was developed intentionally in a lab,Rep/Lean Rep,Conservative,65+,College graduate+,0.34895724413100154
211788.0,Not much,Came about naturally,Dem/Lean Dem,Liberal,65+,College graduate+,0.28067968514975083
212131.0,Some,Was developed intentionally in a lab,Rep/Lean Rep,Very conservative,30-49,College graduate+,0.5921266331598212
212322.0,Some,Came about naturally,Rep/Lean Rep,Conservative,50-64,College graduate+,0.3271834868358548
212492.0,Not much,Was developed intentionally in a lab,Dem/Lean Dem,Moderate,50-64,Some College,0.28157872813075613
212680.0,None at all,Not sure,Dem/Lean Dem,Moderate,50-64,Some College,0.21591653630929433
213456.0,Not much,Came about naturally,Rep/Lean Rep,Conservative,50-64,College graduate+,0.5052899155170041
213671.0,Some,Came about naturally,Dem/Lean Dem,Moderate,65+,Some College,7.118845301715278
213817.0,Some,Came about naturally,Dem/Lean Dem,Liberal,30-49,College graduate+,0.42973498755595435
214437.0,A lot,Was developed intentionally in a lab,Rep/Lean Rep,Conservative,65+,College graduate+,0.5096297870859479
214495.0,Not much,Came about naturally,Dem/Lean Dem,Liberal,65+,College graduate+,0.31271147845065
214562.0,Not much,Came about naturally,Dem/Lean Dem,Liberal,30-49,College graduate+,0.5158848355642376
214778.0,Some,Came about naturally,Rep/Lean Rep,Conservative,65+,College graduate+,0.4382791325939977
214898.0,Some,Not sure,Rep/Lean Rep,Conservative,65+,College graduate+,0.3446668147644394
216153.0,Not much,Came about naturally,Dem/Lean Dem,Moderate,50-64,College graduate+,0.4720559893154756
216156.0,Some,Not sure,Rep/Lean Rep,Conservative,30-49,College graduate+,0.45329468060915645
217659.0,None at all,Not sure,Dem/Lean Dem,Moderate,50-64,Some College,1.2596513659358068
218055.0,Not much,Came about naturally,Dem/Lean Dem,Moderate,50-64,Some College,0.2480305114468016
218205.0,Not much,Came about naturally,Dem/Lean Dem,Very liberal,65+,College graduate+,0.8292267917270667
218719.0,None at all,Was developed intentionally in a lab,Dem/Lean Dem,Very liberal,30-49,College graduate+,0.28330752853283125
218837.0,None at all,Not sure,Dem/Lean Dem,Liberal,65+,College graduate+,0.28067968514975083
219063.0,Not much,Came about naturally,Dem/Lean Dem,Liberal,30-49,College graduate+,0.8185021702985322
219150.0,A lot,Came about naturally,Rep/Lean Rep,Conservative,50-64,College graduate+,0.443633134753424
219223.0,Some,Was developed intentionally in a lab,Rep/Lean Rep,Conservative,65+,College graduate+,0.36400315984732107
219306.0,None at all,Not sure,Rep/Lean Rep,Moderate,30-49,College graduate+,1.034780089621249
219998.0,Some,Came about naturally,Dem/Lean Dem,Liberal,50-64,College graduate+,0.3485661477843309
220020.0,None at all,Came about naturally,Dem/Lean Dem,Moderate,50-64,College graduate+,0.311355227513849
220395.0,Not much,Came about naturally,Dem/Lean Dem,Very liberal,50-64,College graduate+,0.2911490457684703
221186.0,Not much,Came about naturally,Dem/Lean Dem,Very liberal,30-49,College graduate+,0.3206291340585848
221448.0,Some,Not sure,Rep/Lean Rep,Conservative,65+,College graduate+,0.28718500597209207
222247.0,Some,Not sure,Dem/Lean Dem,Moderate,65+,College graduate+,0.6567529151301014
222354.0,Some,Came about naturally,Dem/Lean Dem,Moderate,50-64,College graduate+,0.8393180069283974
222755.0,Some,Came about naturally,Dem/Lean Dem,Liberal,65+,College graduate+,0.16952634911363323
223028.0,Not much,Came about naturally,Dem/Lean Dem,Liberal,50-64,College graduate+,0.07844521463098372
223061.0,None at all,Came about naturally,Rep/Lean Rep,Conservative,65+,H.S. graduate or less,2.289953474420717
223257.0,Some,Was made accidentally in a lab,Dem/Lean Dem,Liberal,30-49,College graduate+,1.2308773676000562
223496.0,None at all,Came about naturally,Rep/Lean Rep,Conservative,65+,Some College,0.908028761407938
224561.0,Not much,Came about naturally,Dem/Lean Dem,Conservative,50-64,Some College,0.3278153698547751
224776.0,A lot,Came about naturally,Dem/Lean Dem,Moderate,50-64,Some College,0.6124774883438281
225476.0,Some,Came about naturally,Rep/Lean Rep,Conservative,65+,College graduate+,0.6116394543741769
225532.0,Not much,Came about naturally,Dem/Lean Dem,Very liberal,30-49,Some College,1.8191108840825092
226237.0,Some,Came about naturally,Dem/Lean Dem,Very liberal,65+,College graduate+,0.31700773711954594
226903.0,Some,Came about naturally,Rep/Lean Rep,Conservative,65+,Some College,1.0409523878649471
227099.0,Some,Came about naturally,Rep/Lean Rep,Conservative,50-64,College graduate+,0.23078620749798037
227278.0,Some,Came about naturally,Rep/Lean Rep,Very conservative,65+,Some College,1.1787791609470277
227443.0,Refused,Came about naturally,Rep/Lean Rep,Moderate,50-64,College graduate+,0.4879381023307266
227805.0,Some,Came about naturally,Dem/Lean Dem,Moderate,65+,College graduate+,0.5044924727822367
227892.0,A lot,Came about naturally,Rep/Lean Rep,Very conservative,50-64,College graduate+,0.6487897855714696
228162.0,Not much,Came about naturally,Rep/Lean Rep,Very liberal,65+,H.S. graduate or less,6.929880756007481
228400.0,Not much,Not sure,Rep/Lean Rep,Conservative,30-49,College graduate+,0.8962853623890461
228761.0,Some,Was developed intentionally in a lab,Rep/Lean Rep,Very conservative,65+,H.S. graduate or less,1.0754240813451807
229101.0,Not much,Came about naturally,Dem/Lean Dem,Very liberal,50-64,College graduate+,0.2601583936831742
229561.0,None at all,Came about naturally,Rep/Lean Rep,Conservative,50-64,College graduate+,0.43400983974197954
230098.0,None at all,Came about naturally,Dem/Lean Dem,Liberal,65+,College graduate+,0.28067968514975083
230582.0,Some,Refused,Dem/Lean Dem,Moderate,65+,College graduate+,0.16952634911363323
230587.0,Some,Was developed intentionally in a lab,Rep/Lean Rep,Moderate,30-49,H.S. graduate or less,5.103811730519441
230613.0,Some,Was developed intentionally in a lab,Rep/Lean Rep,Conservative,50-64,Some College,0.5466726303848976
230747.0,Some,Was developed intentionally in a lab,Dem/Lean Dem,Moderate,65+,College graduate+,0.4715785856377982
230801.0,Some,Came about naturally,Rep/Lean Rep,Conservative,50-64,College graduate+,0.5697442350927874
230983.0,Some,Came about naturally,Dem/Lean Dem,Liberal,65+,College graduate+,0.27472252543231557
231013.0,None at all,Not sure,Dem/Lean Dem,Liberal,50-64,Some College,0.8253843015894339
231073.0,Not much,Came about naturally,Dem/Lean Dem,Liberal,65+,College graduate+,0.31700773711954594
232131.0,None at all,Came about naturally,Rep/Lean Rep,Conservative,65+,College graduate+,0.6567529151301014
232561.0,None at all,Came about naturally,Dem/Lean Dem,Moderate,65+,Some College,2.6034641638012994
232753.0,None at all,Came about naturally,Dem/Lean Dem,Moderate,65+,College graduate+,0.28067968514975083
233755.0,Not much,Came about naturally,Dem/Lean Dem,Very liberal,65+,Some College,1.0583103900291735
234001.0,Some,Was developed intentionally in a lab,Rep/Lean Rep,Conservative,65+,College graduate+,0.4382791325939977
234462.0,A lot,Refused,Rep/Lean Rep,Very conservative,65+,Some College,1.2850169047116116
234741.0,Some,Came about naturally,Dem/Lean Dem,Moderate,65+,H.S. graduate or less,1.2534757449662195
234783.0,Some,Not sure,Rep/Lean Rep,Conservative,30-49,Some College,1.4756142220893746
234834.0,None at all,Not sure,Dem/Lean Dem,Moderate,50-64,H.S. graduate or less,0.6988754150189214
234858.0,Some,Came about naturally,Dem/Lean Dem,Liberal,50-64,College graduate+,0.6487897855714696
235086.0,None at all,Came about naturally,Rep/Lean Rep,Conservative,65+,College graduate+,0.322261998860181
235397.0,Not much,Came about naturally,Dem/Lean Dem,Moderate,50-64,Some College,0.5649354511577154
235578.0,None at all,Came about naturally,Rep/Lean Rep,Conservative,30-49,College graduate+,0.3182041791725077
235839.0,A lot,Was developed intentionally in a lab,Rep/Lean Rep,Conservative,50-64,Some College,0.5084981649505775
235880.0,None at all,Came about naturally,Dem/Lean Dem,Moderate,50-64,College graduate+,0.17477570131304596
236140.0,Some,Came about naturally,Dem/Lean Dem,Liberal,30-49,College graduate+,0.3173946588434713
236237.0,Some,Came about naturally,Dem/Lean Dem,Moderate,50-64,Some College,0.23421344886813583
236265.0,Not much,Not sure,Dem/Lean Dem,Moderate,65+,College graduate+,0.816709926114739
236370.0,None at all,Was developed intentionally in a lab,Rep/Lean Rep,Very conservative,65+,Some College,1.46321085518085
237091.0,None at all,Came about naturally,Rep/Lean Rep,Moderate,65+,College graduate+,0.4415814611290617
237367.0,Some,Came about naturally,Dem/Lean Dem,Liberal,18-29,College graduate+,0.882356600806238
238002.0,Some,Came about naturally,Rep/Lean Rep,Moderate,65+,College graduate+,1.3459779805211984
238030.0,Not much,Came about naturally,Dem/Lean Dem,Moderate,30-49,Some College,0.4203502638784138
238140.0,A lot,Not sure,Rep/Lean Rep,Very conservative,65+,College graduate+,0.24960377457431507
238467.0,None at all,Came about naturally,Dem/Lean Dem,Conservative,50-64,Some College,0.32866482350734133
238619.0,Some,Was developed intentionally in a lab,Rep/Lean Rep,Very conservative,50-64,College graduate+,0.3102954082448866
238840.0,None at all,Not sure,Rep/Lean Rep,Conservative,65+,College graduate+,0.6059767267875358
238936.0,Refused,Came about naturally,Rep/Lean Rep,Conservative,65+,College graduate+,0.24960377457431507
239017.0,Some,Came about naturally,Dem/Lean Dem,Liberal,50-64,College graduate+,0.724054467760679
239268.0,Some,Not sure,Dem/Lean Dem,Very liberal,50-64,Some College,0.39871637834774726
239297.0,None at all,Came about naturally,Dem/Lean Dem,Liberal,65+,College graduate+,0.7414430401320639
239382.0,None at all,Was developed intentionally in a lab,Dem/Lean Dem,Moderate,65+,College graduate+,0.5934099431297688
239985.0,Some,Came about naturally,DK/Refused/No lean,Moderate,50-64,College graduate+,0.43730745252361874
240975.0,Some,Came about naturally,Dem/Lean Dem,Liberal,50-64,College graduate+,0.2326032419849029
241537.0,Not much,Came about naturally,Rep/Lean Rep,Very conservative,50-64,College graduate+,0.3590578667638715
242029.0,None at all,Came about naturally,Dem/Lean Dem,Liberal,65+,Some College,0.24445445253421863
242242.0,Not much,Not sure,Dem/Lean Dem,Moderate,50-64,Some College,0.39871637834774726
243060.0,Not much,Was developed intentionally in a lab,Rep/Lean Rep,Conservative,50-64,College graduate+,0.2914983628884342
243238.0,Some,Came about naturally,Dem/Lean Dem,Liberal,65+,College graduate+,0.27472252543231557
243353.0,A lot,Was developed intentionally in a lab,Rep/Lean Rep,Very conservative,65+,College graduate+,0.8086592063096145
243528.0,Some,Came about naturally,Dem/Lean Dem,Liberal,50-64,College graduate+,0.22609697056393155
244331.0,Some,Not sure,Rep/Lean Rep,Conservative,50-64,College graduate+,0.22609697056393155
244937.0,Some,Came about naturally,Dem/Lean Dem,Moderate,50-64,College graduate+,0.16661739638938972
245684.0,A lot,Was developed intentionally in a lab,Rep/Lean Rep,Very conservative,65+,College graduate+,1.168014840512748
245863.0,Not much,Was developed intentionally in a lab,Rep/Lean Rep,Conservative,65+,Some College,1.386406470085338
246335.0,None at all,Was made accidentally in a lab,Dem/Lean Dem,Moderate,65+,H.S. graduate or less,2.857029102349956
246537.0,Some,Came about naturally,Rep/Lean Rep,Conservative,65+,Some College,0.4252600385201371
247938.0,None at all,Came about naturally,Dem/Lean Dem,Moderate,65+,College graduate+,0.62526829337726
248996.0,Some,Came about naturally,Rep/Lean Rep,Conservative,65+,Some College,1.8943408079578445
249540.0,Not much,Was made accidentally in a lab,Rep/Lean Rep,Conservative,65+,College graduate+,0.21434573153990272
249947.0,A lot,Was developed intentionally in a lab,Dem/Lean Dem,Liberal,50-64,College graduate+,0.39222554226198536
274112.0,None at all,Came about naturally,Dem/Lean Dem,Conservative,65+,H.S. graduate or less,2.1694747086679924
274171.0,Some,Came about naturally,Rep/Lean Rep,Very conservative,50-64,College graduate+,0.22609697056393155
274630.0,Not much,Came about naturally,Rep/Lean Rep,Very conservative,65+,College graduate+,2.0871797822460065
274797.0,Some,Came about naturally,Dem/Lean Dem,Liberal,65+,Some College,0.5557537138404749
274822.0,Some,Came about naturally,Rep/Lean Rep,Conservative,65+,Some College,0.37830171774990956
274825.0,A lot,Not sure,Dem/Lean Dem,Liberal,18-29,College graduate+,1.627001537614074
275824.0,Some,Came about naturally,Dem/Lean Dem,Moderate,30-49,College graduate+,0.6381679260491949
275977.0,Not much,Came about naturally,Dem/Lean Dem,Liberal,65+,Some College,0.754905525400222
276243.0,A lot,Doesn’t really exist,Rep/Lean Rep,Conservative,65+,Some College,1.0409523878649471
276645.0,Some,Not sure,Dem/Lean Dem,Moderate,30-49,H.S. graduate or less,1.248671359347238
279051.0,Some,Not sure,Rep/Lean Rep,Very conservative,65+,College graduate+,0.4280546019381889
279292.0,None at all,Came about naturally,Rep/Lean Rep,Conservative,65+,College graduate+,1.0356267595331767
279595.0,Some,Not sure,Dem/Lean Dem,Moderate,65+,College graduate+,0.16952634911363323
279742.0,None at all,Came about naturally,Dem/Lean Dem,Liberal,30-49,College graduate+,0.314211276057715
279766.0,Not much,Came about naturally,Rep/Lean Rep,Conservative,65+,College graduate+,0.4382791325939977
280034.0,Not much,Not sure,Dem/Lean Dem,Moderate,30-49,Some College,1.398727407541903
280651.0,None at all,Was developed intentionally in a lab,Dem/Lean Dem,Moderate,50-64,H.S. graduate or less,1.7062504543248276
280823.0,Not much,Not sure,Rep/Lean Rep,Conservative,65+,College graduate+,0.561078032636311
280916.0,Some,Was developed intentionally in a lab,Rep/Lean Rep,Liberal,50-64,H.S. graduate or less,1.0939143818377044
281021.0,Not much,Came about naturally,DK/Refused/No lean,Very liberal,50-64,Some College,0.44661595831531015
281163.0,Some,Came about naturally,Rep/Lean Rep,Conservative,65+,Some College,0.5174617346639645
281338.0,Not much,Not sure,Rep/Lean Rep,Conservative,65+,H.S. graduate or less,2.1609375037906613
281372.0,Some,Not sure,Rep/Lean Rep,Very conservative,50-64,Some College,0.36972463518470505
281718.0,Not much,Not sure,Dem/Lean Dem,Moderate,30-49,College graduate+,0.8025615326374521
281929.0,Not much,Not sure,Dem/Lean Dem,Moderate,50-64,Some College,1.2455794620972278
281944.0,Some,Was developed intentionally in a lab,Rep/Lean Rep,Moderate,50-64,College graduate+,0.9497353479147848
281969.0,Some,Was developed intentionally in a lab,Dem/Lean Dem,Moderate,50-64,H.S. graduate or less,2.371694340761707
282091.0,Not much,Came about naturally,Dem/Lean Dem,Moderate,50-64,College graduate+,0.6341470331578748
282245.0,None at all,Came about naturally,Dem/Lean Dem,Very liberal,65+,College graduate+,0.28681393797046795
282337.0,Not much,Not sure,Dem/Lean Dem,Moderate,65+,College graduate+,0.4058917607663572
282372.0,Some,Came about naturally,Dem/Lean Dem,Liberal,30-49,College graduate+,0.36364165075548666
282770.0,Not much,Came about naturally,Dem/Lean Dem,Moderate,50-64,Some College,0.6933105294642256
283820.0,None at all,Came about naturally,Rep/Lean Rep,Moderate,50-64,College graduate+,1.0222931702598899
283850.0,A lot,Came about naturally,DK/Refused/No lean,Very conservative,50-64,Some College,1.3554542691565838
283898.0,Not much,Came about naturally,Rep/Lean Rep,Conservative,50-64,Some College,0.43945065001309364
283988.0,Not much,Was developed intentionally in a lab,Rep/Lean Rep,Very conservative,50-64,College graduate+,0.5697442350927874
284304.0,Not much,Came about naturally,Rep/Lean Rep,Conservative,50-64,Some College,0.3515384967079613
284378.0,Not much,Not sure,Rep/Lean Rep,Conservative,65+,College graduate+,0.2547848262475639
285174.0,Some,Came about naturally,Rep/Lean Rep,Moderate,65+,College graduate+,0.7424264215846899
285723.0,Some,Came about naturally,Rep/Lean Rep,Conservative,65+,Some College,1.262948141174761
285944.0,Not much,Came about naturally,Dem/Lean Dem,Moderate,30-49,College graduate+,0.35202299616376354
285953.0,Not much,Came about naturally,Dem/Lean Dem,Moderate,50-64,College graduate+,0.18938145248444568
286082.0,Some,Not sure,Rep/Lean Rep,Moderate,30-49,H.S. graduate or less,1.7819725950534568
286168.0,Not much,Was made accidentally in a lab,Rep/Lean Rep,Conservative,65+,H.S. graduate or less,2.1609375037906613
286197.0,None at all,Came about naturally,Dem/Lean Dem,Very liberal,30-49,College graduate+,0.32127104808653617
286551.0,Not much,Came about naturally,Rep/Lean Rep,Moderate,65+,Some College,0.5842854574937026
286663.0,Not much,Was developed intentionally in a lab,Dem/Lean Dem,Moderate,50-64,H.S. graduate or less,0.9958107934437891
287086.0,Some,Came about naturally,Dem/Lean Dem,Moderate,50-64,College graduate+,0.7281094442838446
287097.0,Not much,Came about naturally,Dem/Lean Dem,Conservative,50-64,College graduate+,0.7414053512445121
287366.0,A lot,Was developed intentionally in a lab,Rep/Lean Rep,Conservative,65+,Some College,0.5791428258595545
287463.0,Some,Was made accidentally in a lab,Dem/Lean Dem,Very liberal,50-64,College graduate+,0.5214392925423408
288489.0,Some,Came about naturally,Rep/Lean Rep,Very conservative,65+,College graduate+,0.322261998860181
288869.0,Not much,Came about naturally,Rep/Lean Rep,Conservative,65+,Some College,0.884522665575274
289200.0,None at all,Came about naturally,Dem/Lean Dem,Moderate,30-49,H.S. graduate or less,1.5420744335227603
289390.0,None at all,Was developed intentionally in a lab,Dem/Lean Dem,Moderate,30-49,Some College,0.527770579490073
289477.0,None at all,Came about naturally,Rep/Lean Rep,Conservative,50-64,College graduate+,0.733262000002952
289868.0,Some,Came about naturally,Dem/Lean Dem,Liberal,65+,College graduate+,1.046360314443209
290087.0,Not much,Came about naturally,Rep/Lean Rep,Conservative,30-49,College graduate+,1.3224395974745655
291033.0,Some,Came about naturally,Dem/Lean Dem,Liberal,65+,College graduate+,0.49712288330504906
291097.0,None at all,Came about naturally,Rep/Lean Rep,Conservative,65+,College graduate+,0.6556272442174347
291347.0,Not much,Came about naturally,Dem/Lean Dem,Liberal,30-49,College graduate+,0.3206291340585848
291504.0,None at all,Came about naturally,Dem/Lean Dem,Moderate,65+,College graduate+,1.1907373753454509
291673.0,Not much,Came about naturally,Dem/Lean Dem,Liberal,65+,College graduate+,0.31700773711954594
291696.0,None at all,Came about naturally,Dem/Lean Dem,Liberal,65+,College graduate+,0.18930857569764087
292724.0,Not much,Came about naturally,Dem/Lean Dem,Moderate,65+,College graduate+,0.27528040554863553
292740.0,Not much,Not sure,Rep/Lean Rep,Conservative,65+,H.S. graduate or less,1.047177274393529
292854.0,None at all,Came about naturally,Rep/Lean Rep,Moderate,65+,College graduate+,0.2559752922890272
292971.0,Not much,Came about naturally,Rep/Lean Rep,Moderate,30-49,College graduate+,0.6241644451118102
293111.0,Some,Not sure,Rep/Lean Rep,Conservative,65+,Some College,0.575259486340905
293203.0,Some,Refused,Rep/Lean Rep,Liberal,30-49,H.S. graduate or less,0.7440723762154791
294309.0,None at all,Came about naturally,Dem/Lean Dem,Moderate,65+,Some College,0.4131645737149005
294815.0,Not much,Came about naturally,Dem/Lean Dem,Liberal,65+,Some College,0.5848902857750223
294912.0,Not much,Came about naturally,Rep/Lean Rep,Conservative,65+,College graduate+,0.43780644430439836
295593.0,Some,Was developed intentionally in a lab,Dem/Lean Dem,Moderate,50-64,Some College,0.8728240632307182
295709.0,Not much,Was developed intentionally in a lab,Dem/Lean Dem,Moderate,50-64,College graduate+,0.5332771675780409
295809.0,Some,Was made accidentally in a lab,Rep/Lean Rep,Conservative,30-49,Some College,0.6549057641279313
295841.0,Some,Came about naturally,Rep/Lean Rep,Conservative,50-64,College graduate+,0.35003271042068657
295961.0,Not much,Came about naturally,Dem/Lean Dem,Liberal,65+,College graduate+,0.3861845373601605
296062.0,None at all,Not sure,Dem/Lean Dem,Liberal,65+,Some College,0.7966073411826121
296850.0,Not much,Came about naturally,Dem/Lean Dem,Liberal,65+,College graduate+,0.3547698801388691
296984.0,Some,Came about naturally,Dem/Lean Dem,Liberal,65+,College graduate+,0.504547954415067
297473.0,Not much,Came about naturally,Rep/Lean Rep,Conservative,30-49,Some College,0.7223449849830279
297554.0,None at all,Was developed intentionally in a lab,Rep/Lean Rep,Moderate,30-49,College graduate+,0.5014905786913231
297941.0,None at all,Came about naturally,Dem/Lean Dem,Liberal,65+,College graduate+,0.4118632994549787
297972.0,Some,Came about naturally,Dem/Lean Dem,Very liberal,65+,College graduate+,0.31700773711954594
298035.0,None at all,Came about naturally,Rep/Lean Rep,Conservative,65+,College graduate+,0.575242611489201
298053.0,Not much,Came about naturally,Dem/Lean Dem,Liberal,30-49,College graduate+,1.0973623515438156
298382.0,Some,Came about naturally,Dem/Lean Dem,Liberal,50-64,College graduate+,0.3590266223903537
298574.0,None at all,Came about naturally,Dem/Lean Dem,Liberal,65+,College graduate+,0.31700773711954594
298722.0,Not much,Came about naturally,Dem/Lean Dem,Moderate,65+,H.S. graduate or less,1.8141875379340087
299167.0,Not much,Came about naturally,Dem/Lean Dem,Moderate,65+,College graduate+,0.18930857569764087
299327.0,Some,Came about naturally,Rep/Lean Rep,Conservative,50-64,Some College,0.3613555868673831
299517.0,Not much,Came about naturally,Dem/Lean Dem,Liberal,65+,College graduate+,0.3631146217736896
299519.0,Some,Was developed intentionally in a lab,Rep/Lean Rep,Very conservative,65+,Some College,1.0279385382716288
299715.0,Not much,Not sure,Rep/Lean Rep,Very liberal,50-64,H.S. graduate or less,2.371694340761707
300207.0,Not much,Came about naturally,Dem/Lean Dem,Liberal,65+,College graduate+,0.6413499780877429
300234.0,Some,Came about naturally,Rep/Lean Rep,Very conservative,65+,Some College,1.1910849790118874
300536.0,A lot,Not sure,Dem/Lean Dem,Very conservative,30-49,H.S. graduate or less,1.9245444358179038
300603.0,Not much,Came about naturally,Dem/Lean Dem,Very liberal,65+,Some College,0.8671296685880048
300619.0,Some,Was developed intentionally in a lab,Rep/Lean Rep,Conservative,65+,Some College,0.884522665575274
300660.0,Some,Not sure,Rep/Lean Rep,Moderate,65+,College graduate+,1.0356267595331767
300669.0,Not much,Came about naturally,Dem/Lean Dem,Liberal,65+,College graduate+,0.31700773711954594
300761.0,None at all,Was developed intentionally in a lab,Rep/Lean Rep,Conservative,65+,College graduate+,0.5096297870859479
300955.0,Some,Not sure,Dem/Lean Dem,Very liberal,65+,College graduate+,0.31700773711954594
301013.0,Some,Not sure,Rep/Lean Rep,Conservative,50-64,H.S. graduate or less,2.156150599071779
301082.0,Some,Was developed intentionally in a lab,Dem/Lean Dem,Very liberal,30-49,College graduate+,0.4094636195140061
301126.0,Not much,Came about naturally,Rep/Lean Rep,Conservative,65+,College graduate+,0.21434573153990272
301280.0,Some,Was made accidentally in a lab,Rep/Lean Rep,Very conservative,30-49,Some College,0.752201235582358
301613.0,Some,Was developed intentionally in a lab,Dem/Lean Dem,Very liberal,50-64,Some College,0.23421344886813583
301706.0,Not much,Came about naturally,DK/Refused/No lean,Conservative,65+,College graduate+,0.21869081012990108
302362.0,None at all,Came about naturally,Rep/Lean Rep,Liberal,50-64,College graduate+,1.1720302000931735
302389.0,Some,Came about naturally,Rep/Lean Rep,Conservative,65+,H.S. graduate or less,2.597207472836589
302693.0,None at all,Came about naturally,Dem/Lean Dem,Liberal,65+,Some College,0.754905525400222
302888.0,Some,Was made accidentally in a lab,Rep/Lean Rep,Moderate,30-49,Some College,0.7570861039611948
302919.0,A lot,Was developed intentionally in a lab,Rep/Lean Rep,Conservative,65+,Some College,1.1230985543216798
303072.0,None at all,Not sure,Rep/Lean Rep,Refused,65+,H.S. graduate or less,4.740405604226812
303338.0,Not much,Was made accidentally in a lab,Rep/Lean Rep,Conservative,65+,H.S. graduate or less,6.609366105545287
303648.0,None at all,Came about naturally,Dem/Lean Dem,Moderate,65+,Some College,0.9172670648765758
303653.0,None at all,Came about naturally,Dem/Lean Dem,Liberal,50-64,College graduate+,0.36364165075548666
304119.0,A lot,Was developed intentionally in a lab,Rep/Lean Rep,Conservative,50-64,Some College,0.44661595831531015
305076.0,Some,Not sure,Dem/Lean Dem,Liberal,30-49,College graduate+,1.1104031436931456
305120.0,Not much,Came about naturally,Dem/Lean Dem,Very liberal,65+,College graduate+,0.35631151696197294
305844.0,Not much,Came about naturally,Dem/Lean Dem,Very liberal,30-49,College graduate+,0.6987776758675408
306076.0,None at all,Not sure,Rep/Lean Rep,Conservative,50-64,College graduate+,0.3747225306669816
306115.0,Not much,Came about naturally,Dem/Lean Dem,Moderate,65+,Some College,0.319101043048415
306151.0,None at all,Not sure,Dem/Lean Dem,Moderate,65+,Some College,0.48050147343762967
306192.0,Some,Was developed intentionally in a lab,Rep/Lean Rep,Conservative,50-64,Some College,0.5037805583145222
306295.0,A lot,Not sure,Rep/Lean Rep,Conservative,65+,Some College,0.3680375095367558
306597.0,Not much,Not sure,Rep/Lean Rep,Moderate,50-64,Some College,1.6057702257540185
307284.0,Not much,Came about naturally,Rep/Lean Rep,Conservative,65+,College graduate+,1.2874533892713067
307317.0,Not much,Came about naturally,Dem/Lean Dem,Liberal,30-49,College graduate+,0.2777265934065198
307537.0,Some,Was developed intentionally in a lab,Rep/Lean Rep,Very conservative,65+,H.S. graduate or less,1.2307652361826464
307606.0,None at all,Came about naturally,Dem/Lean Dem,Conservative,30-49,Some College,1.0712336271848564
307885.0,Some,Was developed intentionally in a lab,Dem/Lean Dem,Liberal,50-64,Some College,0.2291415869640592
308799.0,Some,Not sure,Rep/Lean Rep,Very conservative,65+,College graduate+,0.9468114211768255
308926.0,Some,Not sure,Rep/Lean Rep,Moderate,50-64,College graduate+,0.3845194120995435
309053.0,Some,Was developed intentionally in a lab,Dem/Lean Dem,Moderate,18-29,College graduate+,1.6743782348828804
309533.0,A lot,Was made accidentally in a lab,Rep/Lean Rep,Moderate,50-64,College graduate+,0.25324416642659153
309958.0,Some,Came about naturally,Rep/Lean Rep,Conservative,65+,College graduate+,0.2590863573469312
310031.0,A lot,Came about naturally,Dem/Lean Dem,Moderate,30-49,College graduate+,0.9130899765151743
310104.0,None at all,Came about naturally,Dem/Lean Dem,Very liberal,30-49,College graduate+,0.9624100156177311
310985.0,Some,Came about naturally,Dem/Lean Dem,Moderate,65+,College graduate+,1.1881345080123378
311119.0,Some,Not sure,Rep/Lean Rep,Conservative,65+,College graduate+,0.24960377457431507
311643.0,None at all,Came about naturally,Dem/Lean Dem,Moderate,65+,College graduate+,0.89111140840927
311665.0,Some,Came about naturally,Dem/Lean Dem,Moderate,65+,College graduate+,0.28067968514975083
312217.0,Some,Came about naturally,Dem/Lean Dem,Moderate,65+,College graduate+,0.5096297870859479
312362.0,Not much,Came about naturally,Dem/Lean Dem,Very liberal,50-64,College graduate+,0.7414053512445121
312371.0,Not much,Came about naturally,Dem/Lean Dem,Moderate,50-64,College graduate+,0.7404250531134534
312458.0,Not much,Was developed intentionally in a lab,Dem/Lean Dem,Moderate,50-64,H.S. graduate or less,1.9547117844297401
312934.0,None at all,Not sure,Dem/Lean Dem,Liberal,50-64,Some College,0.23421344886813583
313378.0,Some,Came about naturally,Dem/Lean Dem,Moderate,65+,College graduate+,0.6567529151301014
314062.0,A lot,Not sure,Rep/Lean Rep,Conservative,50-64,College graduate+,0.2894571578606051
314113.0,Some,Not sure,Dem/Lean Dem,Very liberal,65+,H.S. graduate or less,2.0421023603619903
314294.0,Some,Was made accidentally in a lab,Dem/Lean Dem,Moderate,65+,College graduate+,0.37995031658406214
314670.0,Some,Came about naturally,Rep/Lean Rep,Moderate,65+,Some College,0.5133480775464817
314796.0,None at all,Came about naturally,Rep/Lean Rep,Conservative,65+,College graduate+,0.5548564996706745
314835.0,A lot,Came about naturally,Dem/Lean Dem,Very liberal,50-64,College graduate+,0.9624100156177311
315155.0,Not much,Came about naturally,Rep/Lean Rep,Moderate,65+,College graduate+,0.37257794196631094
315188.0,Some,Came about naturally,Rep/Lean Rep,Very conservative,30-49,College graduate+,0.6281830345909123
315194.0,None at all,Was developed intentionally in a lab,Rep/Lean Rep,Conservative,65+,H.S. graduate or less,1.3983511629046745
315474.0,Some,Came about naturally,Dem/Lean Dem,Liberal,65+,Some College,1.5181297972733223
315539.0,None at all,Came about naturally,Dem/Lean Dem,Very liberal,65+,College graduate+,0.8677991300746993
315670.0,Not much,Came about naturally,Dem/Lean Dem,Liberal,65+,College graduate+,0.49989555637145694
316726.0,Some,Came about naturally,Dem/Lean Dem,Very liberal,50-64,College graduate+,0.2601583936831742
317442.0,Not much,Came about naturally,Dem/Lean Dem,Liberal,65+,College graduate+,0.2237721680863777
317610.0,A lot,Came about naturally,Dem/Lean Dem,Liberal,50-64,Some College,0.6933105294642256
317737.0,Not much,Not sure,Rep/Lean Rep,Moderate,65+,Some College,1.5229875486787634
317781.0,Some,Was developed intentionally in a lab,Rep/Lean Rep,Conservative,65+,College graduate+,0.4980542188736745
318188.0,Some,Came about naturally,Rep/Lean Rep,Conservative,65+,College graduate+,0.24960377457431507
318269.0,None at all,Not sure,Rep/Lean Rep,Moderate,65+,H.S. graduate or less,2.750428705612171
318333.0,Some,Came about naturally,Rep/Lean Rep,Conservative,65+,College graduate+,0.2228900847276511
318542.0,Some,Not sure,Rep/Lean Rep,Conservative,65+,College graduate+,0.6567529151301014
318653.0,Not much,Came about naturally,Dem/Lean Dem,Moderate,65+,College graduate+,0.3547698801388691
318658.0,None at all,Came about naturally,Dem/Lean Dem,Liberal,65+,College graduate+,0.31700773711954594
318742.0,Not much,Was developed intentionally in a lab,Dem/Lean Dem,Moderate,50-64,H.S. graduate or less,0.9089064097213434
318997.0,Some,Came about naturally,Dem/Lean Dem,Moderate,65+,College graduate+,0.18930857569764087
319055.0,Some,Came about naturally,Rep/Lean Rep,Conservative,50-64,Some College,0.36972463518470505
319382.0,None at all,Was made accidentally in a lab,Dem/Lean Dem,Moderate,50-64,Some College,0.6933105294642256
319402.0,Some,Was developed intentionally in a lab,Rep/Lean Rep,Moderate,50-64,H.S. graduate or less,2.0948655953414
319896.0,Not much,Came about naturally,Rep/Lean Rep,Moderate,65+,College graduate+,0.4980542188736745
320679.0,None at all,Was made accidentally in a lab,Rep/Lean Rep,Conservative,65+,College graduate+,0.37257794196631094
320721.0,Not much,Was developed intentionally in a lab,Rep/Lean Rep,Very conservative,65+,Some College,0.5128964632978182
320909.0,Not much,Came about naturally,Dem/Lean Dem,Very liberal,50-64,College graduate+,0.314211276057715
321025.0,Not much,Came about naturally,Rep/Lean Rep,Conservative,65+,H.S. graduate or less,2.5261792149779696
321458.0,Some,Came about naturally,Dem/Lean Dem,Very liberal,65+,College graduate+,0.28067968514975083
321582.0,Some,Came about naturally,Dem/Lean Dem,Liberal,65+,Some College,0.36646719110762077
321697.0,Some,Was developed intentionally in a lab,Rep/Lean Rep,Moderate,65+,Some College,1.4006546171055858
321860.0,None at all,Was developed intentionally in a lab,Rep/Lean Rep,Conservative,65+,College graduate+,0.2228900847276511
321873.0,None at all,Came about naturally,Dem/Lean Dem,Liberal,50-64,College graduate+,0.23078620749798037
322035.0,None at all,Came about naturally,Dem/Lean Dem,Very liberal,65+,College graduate+,0.37995031658406214
322241.0,Not much,Was made accidentally in a lab,Rep/Lean Rep,Conservative,50-64,H.S. graduate or less,1.5423679287027467
322957.0,None at all,Was developed intentionally in a lab,Rep/Lean Rep,Conservative,50-64,College graduate+,0.3539956754611129
323087.0,Some,Not sure,Rep/Lean Rep,Very conservative,65+,College graduate+,1.558600472045668
323222.0,Some,Came about naturally,Dem/Lean Dem,Very liberal,50-64,College graduate+,0.21372520590383698
323398.0,None at all,Came about naturally,Dem/Lean Dem,Liberal,65+,College graduate+,0.28067968514975083
323454.0,None at all,Came about naturally,Dem/Lean Dem,Liberal,50-64,College graduate+,0.3551661769493011
323456.0,Not much,Was made accidentally in a lab,Dem/Lean Dem,Moderate,65+,Some College,0.9172670648765758
323595.0,None at all,Came about naturally,Rep/Lean Rep,Moderate,50-64,H.S. graduate or less,2.3756641630163644
323647.0,Not much,Came about naturally,Rep/Lean Rep,Moderate,65+,College graduate+,0.2228900847276511
323743.0,A lot,Not sure,Rep/Lean Rep,Conservative,30-49,College graduate+,0.9377946352126031
323770.0,Some,Not sure,Rep/Lean Rep,Conservative,65+,College graduate+,2.6546695041831705
323885.0,Not much,Not sure,Dem/Lean Dem,Moderate,50-64,College graduate+,0.2911490457684703
324127.0,None at all,Came about naturally,Dem/Lean Dem,Liberal,65+,College graduate+,0.3946917124692121
324600.0,Some,Not sure,Rep/Lean Rep,Conservative,65+,H.S. graduate or less,0.9349476995973716
324808.0,Not much,Came about naturally,Rep/Lean Rep,Conservative,65+,College graduate+,0.4382791325939977
324837.0,A lot,Came about naturally,Rep/Lean Rep,Conservative,50-64,College graduate+,0.2652446483400635
324919.0,A lot,Came about naturally,Rep/Lean Rep,Very conservative,65+,Some College,0.37830171774990956
324920.0,Some,Was developed intentionally in a lab,Rep/Lean Rep,Moderate,30-49,College graduate+,0.443633134753424
324930.0,None at all,Came about naturally,Rep/Lean Rep,Conservative,30-49,College graduate+,0.9767976751356503
325708.0,None at all,Came about naturally,Dem/Lean Dem,Liberal,18-29,College graduate+,0.3566962885931554
326182.0,None at all,Came about naturally,Dem/Lean Dem,Moderate,65+,College graduate+,0.7092400878500541
326698.0,Not much,Came about naturally,Rep/Lean Rep,Conservative,50-64,College graduate+,0.317264943657635
326974.0,None at all,Not sure,Dem/Lean Dem,Very conservative,30-49,Some College,1.2008383858447433
327074.0,None at all,Came about naturally,Dem/Lean Dem,Liberal,30-49,College graduate+,0.36364165075548666
327079.0,Some,Came about naturally,Dem/Lean Dem,Liberal,50-64,Some College,0.4804655580301252
327082.0,Some,Not sure,Dem/Lean Dem,Very liberal,65+,College graduate+,0.731697566812459
327538.0,Not much,Not sure,Dem/Lean Dem,Moderate,50-64,Some College,0.5592064421004076
327776.0,None at all,Came about naturally,Dem/Lean Dem,Moderate,65+,College graduate+,0.7145672720788504
328024.0,Some,Not sure,Rep/Lean Rep,Very conservative,65+,College graduate+,0.21434573153990272
328603.0,Not much,Came about naturally,Rep/Lean Rep,Moderate,50-64,College graduate+,0.8393180069283974
328696.0,None at all,Not sure,Dem/Lean Dem,Moderate,50-64,H.S. graduate or less,1.224557688306617
329336.0,None at all,Was made accidentally in a lab,Rep/Lean Rep,Very conservative,50-64,College graduate+,0.40425405977070034
329404.0,None at all,Came about naturally,Dem/Lean Dem,Moderate,65+,College graduate+,0.22748396859865705
329545.0,Not much,Came about naturally,Rep/Lean Rep,Moderate,65+,Some College,1.0039170545609695
329699.0,Not much,Came about naturally,Dem/Lean Dem,Conservative,50-64,College graduate+,0.23078620749798037
329777.0,A lot,Came about naturally,Rep/Lean Rep,Conservative,65+,H.S. graduate or less,3.033639965428159
329841.0,Some,Came about naturally,Rep/Lean Rep,Conservative,65+,Some College,0.4356961570922263
329922.0,Some,Was developed intentionally in a lab,Rep/Lean Rep,Very conservative,30-49,College graduate+,0.5697442350927874
330324.0,Some,Came about naturally,Rep/Lean Rep,Conservative,65+,Some College,0.4566456737534671
330965.0,Some,Came about naturally,Dem/Lean Dem,Moderate,65+,Some College,0.5174617346639645
330983.0,Not much,Not sure,DK/Refused/No lean,Moderate,50-64,Some College,1.5701480323262704
331115.0,None at all,Came about naturally,Dem/Lean Dem,Moderate,50-64,College graduate+,0.5052504561221298
332473.0,Not much,Came about naturally,Dem/Lean Dem,Liberal,65+,College graduate+,0.18930857569764087
332823.0,None at all,Was developed intentionally in a lab,Rep/Lean Rep,Conservative,50-64,Some College,0.5466726303848976
333056.0,None at all,Not sure,Dem/Lean Dem,Moderate,50-64,Some College,0.17219369378689645
333286.0,Not much,Came about naturally,Dem/Lean Dem,Liberal,65+,College graduate+,0.27472252543231557
333397.0,Not much,Not sure,Rep/Lean Rep,Very conservative,65+,Some College,0.43934491567287387
333476.0,None at all,Not sure,Dem/Lean Dem,Conservative,30-49,Some College,0.6110596605027527
334397.0,Some,Not sure,Dem/Lean Dem,Liberal,65+,Some College,0.27764055836658447
334486.0,Some,Came about naturally,Rep/Lean Rep,Conservative,65+,College graduate+,0.561078032636311
334917.0,Some,Came about naturally,Dem/Lean Dem,Moderate,65+,College graduate+,0.31464766480580686
335417.0,A lot,Doesn’t really exist,Rep/Lean Rep,Conservative,50-64,Some College,0.8641334764779848
335826.0,Some,Was made accidentally in a lab,Dem/Lean Dem,Moderate,50-64,College graduate+,0.49027162480272884
335943.0,Not much,Not sure,Dem/Lean Dem,Very liberal,65+,Some College,0.7356999594242559
336285.0,Not much,Came about naturally,Dem/Lean Dem,Liberal,30-49,College graduate+,0.3845194120995435
336522.0,Some,Not sure,Dem/Lean Dem,Liberal,65+,Some College,0.5501445714967962
337437.0,None at all,Not sure,Rep/Lean Rep,Conservative,50-64,College graduate+,0.5154623024803774
337845.0,None at all,Came about naturally,Dem/Lean Dem,Very liberal,50-64,College graduate+,0.36364165075548666
337896.0,None at all,Came about naturally,Dem/Lean Dem,Moderate,65+,Some College,0.9172670648765758
339176.0,Not much,Not sure,Dem/Lean Dem,Moderate,50-64,College graduate+,0.5046752744340405
339183.0,Not much,Came about naturally,Rep/Lean Rep,Conservative,50-64,H.S. graduate or less,1.428124134137908
339511.0,Some,Came about naturally,Dem/Lean Dem,Very liberal,65+,College graduate+,0.18828706516701513
339573.0,Some,Was developed intentionally in a lab,Rep/Lean Rep,Very conservative,50-64,H.S. graduate or less,1.5503224615370597
340705.0,None at all,Came about naturally,Dem/Lean Dem,Moderate,50-64,Some College,0.45518808978161196
340808.0,Some,Came about naturally,Dem/Lean Dem,Very liberal,50-64,College graduate+,0.32127104808653617
341094.0,Some,Came about naturally,Rep/Lean Rep,Conservative,30-49,College graduate+,0.47683680314419524
341801.0,Not much,Refused,Dem/Lean Dem,Moderate,65+,Some College,0.9779979339620597
341818.0,Not much,Came about naturally,Dem/Lean Dem,Very liberal,65+,College graduate+,0.16658774135557186
342227.0,Not much,Came about naturally,Rep/Lean Rep,Very conservative,65+,Some College,0.37830171774990956
342968.0,Some,Not sure,DK/Refused/No lean,Refused,30-49,H.S. graduate or less,1.579615533755957
343831.0,Not much,Came about naturally,Rep/Lean Rep,Conservative,65+,College graduate+,0.24960377457431507
344794.0,Some,Came about naturally,Dem/Lean Dem,Liberal,65+,College graduate+,0.2559752922890272
345438.0,None at all,Came about naturally,Dem/Lean Dem,Liberal,65+,College graduate+,0.3715692800329092
345636.0,Refused,Was developed intentionally in a lab,Rep/Lean Rep,Very conservative,65+,Some College,1.7308441128542953
347425.0,Not much,Came about naturally,Dem/Lean Dem,Very liberal,50-64,College graduate+,0.23359281034089427
348665.0,Not much,Came about naturally,Dem/Lean Dem,Moderate,50-64,College graduate+,0.2326032419849029
351329.0,None at all,Not sure,Dem/Lean Dem,Moderate,65+,College graduate+,0.7229228411168078
600059.0,Some,Not sure,Rep/Lean Rep,Conservative,50-64,Some College,1.1990814456641152
600087.0,Some,Was developed intentionally in a lab,Rep/Lean Rep,Conservative,50-64,College graduate+,0.23078620749798037
600096.0,A lot,Came about naturally,Dem/Lean Dem,Moderate,50-64,College graduate+,0.6323267760894709
600116.0,Some,Came about naturally,Dem/Lean Dem,Moderate,50-64,H.S. graduate or less,0.7529211102512751
600304.0,Some,Came about naturally,Rep/Lean Rep,Very conservative,50-64,College graduate+,0.5179961437773855
600312.0,Some,Was developed intentionally in a lab,Dem/Lean Dem,Very liberal,50-64,H.S. graduate or less,1.3620761937036907
600325.0,None at all,Was developed intentionally in a lab,Dem/Lean Dem,Moderate,30-49,College graduate+,0.568235401618726
600689.0,Some,Was developed intentionally in a lab,Dem/Lean Dem,Very conservative,50-64,College graduate+,0.36032953440962434
600794.0,Some,Not sure,Rep/Lean Rep,Moderate,50-64,Some College,1.1175929328538927
600822.0,Not much,Was developed intentionally in a lab,Dem/Lean Dem,Conservative,30-49,College graduate+,0.9784556986163196
600905.0,Not much,Came about naturally,Dem/Lean Dem,Liberal,50-64,Some College,0.5376130265052781
601265.0,Not much,Not sure,Rep/Lean Rep,Very conservative,65+,Some College,0.4207792446971104
601359.0,Some,Came about naturally,Dem/Lean Dem,Moderate,30-49,College graduate+,0.3452916425491792
601394.0,Some,Came about naturally,Rep/Lean Rep,Moderate,18-29,Some College,7.487621221765812
601493.0,None at all,Came about naturally,Dem/Lean Dem,Moderate,30-49,Some College,0.5395213749786415
601648.0,A lot,Was developed intentionally in a lab,Rep/Lean Rep,Conservative,65+,Some College,1.2233230930744419
601754.0,Not much,Came about naturally,Dem/Lean Dem,Moderate,30-49,Some College,0.5520723630190001
602360.0,A lot,Was developed intentionally in a lab,Rep/Lean Rep,Very conservative,30-49,College graduate+,0.744286116852345
602455.0,A lot,Came about naturally,Rep/Lean Rep,Conservative,65+,H.S. graduate or less,1.3983511629046745
602725.0,Not much,Came about naturally,Dem/Lean Dem,Moderate,65+,College graduate+,0.27472252543231557
602745.0,Not much,Came about naturally,Rep/Lean Rep,Conservative,65+,College graduate+,0.24960377457431507
602921.0,None at all,Came about naturally,Dem/Lean Dem,Very liberal,50-64,College graduate+,0.2777265934065198
603000.0,Not much,Came about naturally,Dem/Lean Dem,Very liberal,65+,H.S. graduate or less,1.8470674719387365
603100.0,None at all,Was made accidentally in a lab,Rep/Lean Rep,Conservative,65+,College graduate+,0.36400315984732107
603410.0,None at all,Came about naturally,Dem/Lean Dem,Liberal,30-49,College graduate+,0.2751798570797386
603460.0,Not much,Not sure,Dem/Lean Dem,Moderate,50-64,College graduate+,0.16877671577660544
603476.0,Not much,Came about naturally,Rep/Lean Rep,Moderate,50-64,Some College,0.881566368834353
603552.0,Some,Not sure,Rep/Lean Rep,Very conservative,50-64,Some College,2.6018292037841086
603590.0,Some,Was developed intentionally in a lab,Rep/Lean Rep,Very conservative,18-29,Some College,1.3157182093104025
603607.0,Some,Came about naturally,Dem/Lean Dem,Liberal,50-64,Some College,0.34730606684096804
603636.0,Not much,Came about naturally,Dem/Lean Dem,Very liberal,30-49,College graduate+,0.28330752853283125
603718.0,A lot,Was made accidentally in a lab,Dem/Lean Dem,Moderate,50-64,Some College,0.6110596605027527
603769.0,Some,Not sure,Rep/Lean Rep,Conservative,65+,College graduate+,1.0265237122495123
604010.0,Not much,Came about naturally,Dem/Lean Dem,Liberal,50-64,College graduate+,0.16877671577660544
604068.0,Some,Came about naturally,Dem/Lean Dem,Moderate,30-49,Some College,1.470886358694407
604188.0,Some,Doesn’t really exist,DK/Refused/No lean,Moderate,65+,Some College,1.4064345000481457
604534.0,Not much,Came about naturally,Dem/Lean Dem,Liberal,18-29,College graduate+,0.6411083318180221
604753.0,None at all,Was developed intentionally in a lab,Dem/Lean Dem,Moderate,30-49,H.S. graduate or less,7.487621221765812
604819.0,Some,Not sure,Rep/Lean Rep,Moderate,50-64,College graduate+,0.4833022856262277
604931.0,Not much,Came about naturally,Rep/Lean Rep,Moderate,65+,College graduate+,0.21869081012990108
605095.0,Some,Not sure,Rep/Lean Rep,Moderate,50-64,Some College,0.8162643363776078
605493.0,None at all,Came about naturally,Dem/Lean Dem,Very liberal,30-49,College graduate+,0.7739356520635811
605610.0,Some,Was developed intentionally in a lab,Rep/Lean Rep,Very conservative,50-64,Some College,0.3839780045403589
605785.0,Some,Came about naturally,Rep/Lean Rep,Moderate,30-49,College graduate+,0.4921817942421262
605983.0,None at all,Came about naturally,Dem/Lean Dem,Moderate,50-64,College graduate+,0.5899957434025324
606171.0,A lot,Was developed intentionally in a lab,Dem/Lean Dem,Moderate,18-29,Some College,0.3988558028262526
606210.0,None at all,Not sure,Rep/Lean Rep,Conservative,50-64,Some College,0.681740373684426
606543.0,Some,Came about naturally,Dem/Lean Dem,Moderate,65+,College graduate+,0.3631146217736896
606681.0,Not much,Came about naturally,Dem/Lean Dem,Liberal,65+,College graduate+,1.9508297266954067
606761.0,Some,Came about naturally,Rep/Lean Rep,Conservative,50-64,College graduate+,0.9435627246607782
606763.0,Not much,Was developed intentionally in a lab,Rep/Lean Rep,Very conservative,65+,College graduate+,0.4980542188736745
606764.0,Some,Was developed intentionally in a lab,Rep/Lean Rep,Conservative,65+,College graduate+,0.28718500597209207
606777.0,A lot,Came about naturally,Dem/Lean Dem,Liberal,50-64,College graduate+,0.3485661477843309
606972.0,Some,Came about naturally,Dem/Lean Dem,Liberal,50-64,College graduate+,1.0863115202128284
607008.0,Not much,Refused,Rep/Lean Rep,Moderate,30-49,College graduate+,0.43306038470855224
607034.0,Some,Not sure,Dem/Lean Dem,Moderate,65+,Some College,1.2102100877035933
607123.0,Not much,Came about naturally,Rep/Lean Rep,Conservative,50-64,College graduate+,0.3845194120995435
607173.0,Not much,Came about naturally,Dem/Lean Dem,Moderate,50-64,College graduate+,1.3029663147392678
607371.0,None at all,Came about naturally,Dem/Lean Dem,Moderate,30-49,Some College,0.6540631215975309
607375.0,Not much,Came about naturally,Dem/Lean Dem,Very liberal,65+,College graduate+,0.31700773711954594
607419.0,Not much,Not sure,Dem/Lean Dem,Liberal,65+,College graduate+,0.2228900847276511
607425.0,Some,Was developed intentionally in a lab,Rep/Lean Rep,Conservative,30-49,College graduate+,1.0880431332519382
607772.0,Not much,Came about naturally,Dem/Lean Dem,Moderate,65+,Some College,0.36934720700493145
608020.0,Some,Came about naturally,Dem/Lean Dem,Moderate,30-49,College graduate+,0.39372221398309404
608090.0,None at all,Was developed intentionally in a lab,Dem/Lean Dem,Conservative,30-49,Some College,1.4276816570070754
608170.0,None at all,Came about naturally,Dem/Lean Dem,Liberal,50-64,College graduate+,0.2326032419849029
608423.0,Not much,Came about naturally,Dem/Lean Dem,Liberal,30-49,College graduate+,0.28330752853283125
608491.0,Not much,Was developed intentionally in a lab,Dem/Lean Dem,Moderate,18-29,Some College,3.8215926911384543
608523.0,Not much,Was made accidentally in a lab,Rep/Lean Rep,Conservative,50-64,Some College,1.1245295055392779
608766.0,Not much,Not sure,Rep/Lean Rep,Moderate,50-64,Some College,1.5828548357566965
608913.0,Not much,Refused,Dem/Lean Dem,Conservative,50-64,H.S. graduate or less,5.070489350073443
608938.0,A lot,Came about naturally,Rep/Lean Rep,Conservative,50-64,College graduate+,0.443633134753424
608960.0,Not much,Came about naturally,Dem/Lean Dem,Moderate,30-49,College graduate+,0.35202299616376354
608988.0,Some,Came about naturally,Dem/Lean Dem,Moderate,65+,Some College,0.4727616590053772
609379.0,None at all,Not sure,Dem/Lean Dem,Liberal,65+,Some College,0.3109262689363723
609423.0,Not much,Came about naturally,Dem/Lean Dem,Moderate,65+,Some College,0.3262649169600645
609483.0,Not much,Came about naturally,Dem/Lean Dem,Liberal,50-64,Some College,0.23421344886813583
609695.0,Not much,Came about naturally,Dem/Lean Dem,Liberal,30-49,College graduate+,0.5560577221339493
610032.0,A lot,Not sure,DK/Refused/No lean,Very liberal,30-49,College graduate+,1.0306040532315055
610035.0,None at all,Came about naturally,Rep/Lean Rep,Moderate,30-49,College graduate+,0.23406152966909013
610144.0,None at all,Not sure,Dem/Lean Dem,Moderate,50-64,College graduate+,0.36032953440962434
610209.0,Some,Was made accidentally in a lab,Dem/Lean Dem,Liberal,50-64,College graduate+,0.20313757190989004
610217.0,Some,Was developed intentionally in a lab,Rep/Lean Rep,Conservative,30-49,College graduate+,1.046334170243871
610276.0,Not much,Came about naturally,Dem/Lean Dem,Liberal,50-64,College graduate+,0.20313757190989004
610281.0,Not much,Was made accidentally in a lab,Rep/Lean Rep,Conservative,65+,Some College,0.8282764100684317
610307.0,Not much,Came about naturally,Dem/Lean Dem,Moderate,30-49,College graduate+,0.4898943456222849
610480.0,A lot,Not sure,Rep/Lean Rep,Conservative,50-64,Some College,0.3613555868673831
610582.0,None at all,Came about naturally,Dem/Lean Dem,Very liberal,50-64,College graduate+,0.2294429594368617
610638.0,Some,Was developed intentionally in a lab,Rep/Lean Rep,Moderate,50-64,College graduate+,0.33819114764742814
610791.0,A lot,Was developed intentionally in a lab,Rep/Lean Rep,Conservative,65+,Some College,0.349945435148629
610814.0,None at all,Not sure,Dem/Lean Dem,Conservative,50-64,College graduate+,1.112020137530681
610816.0,Not much,Came about naturally,Dem/Lean Dem,Very liberal,30-49,Some College,0.34334777888040935
611089.0,Some,Came about naturally,Dem/Lean Dem,Liberal,50-64,College graduate+,0.2777265934065198
611152.0,Not much,Was developed intentionally in a lab,Dem/Lean Dem,Liberal,50-64,Some College,0.6803716150265283
611360.0,Not much,Was developed intentionally in a lab,Rep/Lean Rep,Conservative,50-64,Some College,0.46635405590130463
611382.0,Not much,Came about naturally,Rep/Lean Rep,Moderate,30-49,College graduate+,0.4568692162401136
611707.0,A lot,Came about naturally,Rep/Lean Rep,Moderate,65+,Some College,3.3974720968255587
612133.0,Not much,Not sure,Dem/Lean Dem,Moderate,50-64,Some College,0.8818383272668753
612265.0,Not much,Came about naturally,Dem/Lean Dem,Very liberal,50-64,College graduate+,0.20313757190989004
612280.0,Some,Not sure,Rep/Lean Rep,Conservative,65+,College graduate+,1.008594869048371
612332.0,Not much,Came about naturally,Dem/Lean Dem,Liberal,30-49,Some College,1.0112367598740328
612461.0,None at all,Not sure,Dem/Lean Dem,Moderate,30-49,H.S. graduate or less,1.453750023342445
612705.0,Some,Not sure,Rep/Lean Rep,Conservative,50-64,H.S. graduate or less,4.246432312141294
612923.0,Some,Came about naturally,Dem/Lean Dem,Liberal,50-64,Some College,0.5734409404760061
613053.0,Not much,Came about naturally,Dem/Lean Dem,Liberal,65+,H.S. graduate or less,2.3305678998545267
613070.0,Some,Not sure,Rep/Lean Rep,Moderate,65+,Some College,0.884522665575274
613169.0,Not much,Came about naturally,Dem/Lean Dem,Very liberal,65+,College graduate+,0.31700773711954594
613194.0,Some,Came about naturally,Dem/Lean Dem,Moderate,30-49,College graduate+,0.5575009957315467
613225.0,A lot,Came about naturally,Dem/Lean Dem,Liberal,18-29,College graduate+,0.4572782227327717
613269.0,Not much,Refused,Rep/Lean Rep,Conservative,65+,Some College,0.575259486340905
613271.0,Not much,Came about naturally,Rep/Lean Rep,Moderate,65+,College graduate+,0.2541918555187609
613373.0,None at all,Came about naturally,Dem/Lean Dem,Liberal,65+,H.S. graduate or less,1.8156215544106025
613750.0,Some,Not sure,Rep/Lean Rep,Very conservative,65+,Some College,0.908028761407938
613751.0,A lot,Not sure,Rep/Lean Rep,Very conservative,65+,Refused,1.008594869048371
613760.0,Not much,Came about naturally,Rep/Lean Rep,Moderate,30-49,College graduate+,1.2859401463374946
613816.0,None at all,Came about naturally,Rep/Lean Rep,Moderate,50-64,College graduate+,0.5052504561221298
613892.0,A lot,Was developed intentionally in a lab,Rep/Lean Rep,Conservative,50-64,College graduate+,0.6504421327801689
613898.0,Some,Refused,Dem/Lean Dem,Moderate,65+,Some College,0.8383526526581694
614200.0,Some,Not sure,Rep/Lean Rep,Conservative,30-49,H.S. graduate or less,7.487621221765812
614264.0,Not much,Came about naturally,Dem/Lean Dem,Moderate,65+,Refused,1.5288821178170067
614281.0,Some,Was developed intentionally in a lab,Rep/Lean Rep,Very conservative,65+,College graduate+,0.21434573153990272
614417.0,Some,Came about naturally,Dem/Lean Dem,Moderate,50-64,Some College,0.44661595831531015
614506.0,Some,Was developed intentionally in a lab,Rep/Lean Rep,Very conservative,50-64,College graduate+,0.4833022856262277
614833.0,Some,Came about naturally,Rep/Lean Rep,Moderate,65+,College graduate+,0.37995031658406214
614875.0,None at all,Was made accidentally in a lab,Rep/Lean Rep,Conservative,65+,College graduate+,0.561078032636311
614974.0,Not much,Not sure,Rep/Lean Rep,Very conservative,30-49,College graduate+,0.6281830345909123
615074.0,None at all,Came about naturally,Dem/Lean Dem,Very liberal,30-49,College graduate+,0.3111994945422469
615140.0,None at all,Was developed intentionally in a lab,Dem/Lean Dem,Liberal,50-64,Some College,1.0829363022838387
615441.0,Not much,Not sure,Rep/Lean Rep,Moderate,30-49,H.S. graduate or less,6.230022831369993
615641.0,Some,Came about naturally,Rep/Lean Rep,Conservative,50-64,College graduate+,0.49322320491043264
615814.0,Some,Came about naturally,Rep/Lean Rep,Conservative,65+,College graduate+,0.14229053179259704
615859.0,A lot,Not sure,Rep/Lean Rep,Moderate,18-29,College graduate+,1.519051326551914
616019.0,Not much,Was developed intentionally in a lab,Dem/Lean Dem,Liberal,65+,H.S. graduate or less,1.5840329905034913
616040.0,Some,Came about naturally,Dem/Lean Dem,Very liberal,30-49,Some College,0.8337974768967847
616240.0,Some,Came about naturally,Dem/Lean Dem,Liberal,65+,College graduate+,0.5028534845628456
616405.0,None at all,Came about naturally,Dem/Lean Dem,Liberal,65+,College graduate+,0.21076401771962838
616589.0,None at all,Came about naturally,Dem/Lean Dem,Liberal,30-49,College graduate+,0.5511459915619661
616800.0,None at all,Came about naturally,Rep/Lean Rep,Conservative,65+,Some College,0.6006629324947529
616855.0,Some,Was developed intentionally in a lab,Rep/Lean Rep,Conservative,30-49,College graduate+,0.4332216541457245
616985.0,Not much,Came about naturally,Dem/Lean Dem,Liberal,65+,College graduate+,0.1733524046788073
617159.0,Not much,Came about naturally,Rep/Lean Rep,Conservative,65+,Some College,0.5842854574937026
617222.0,Not much,Was developed intentionally in a lab,Rep/Lean Rep,Very conservative,65+,College graduate+,0.4382791325939977
617352.0,Not much,Not sure,Rep/Lean Rep,Conservative,50-64,College graduate+,0.7146041181199958
617371.0,Not much,Not sure,Rep/Lean Rep,Moderate,50-64,H.S. graduate or less,4.863915605718132
617462.0,Not much,Came about naturally,Dem/Lean Dem,Liberal,50-64,Some College,0.6933105294642256
617716.0,None at all,Not sure,Rep/Lean Rep,Conservative,30-49,Some College,2.7377549251255617
617761.0,Some,Was made accidentally in a lab,Dem/Lean Dem,Moderate,30-49,College graduate+,0.39277896836882886
617792.0,Some,Came about naturally,Dem/Lean Dem,Liberal,18-29,Some College,2.296600880947024
617799.0,A lot,Came about naturally,Dem/Lean Dem,Moderate,30-49,Some College,0.47757744280896663
617915.0,None at all,Came about naturally,Dem/Lean Dem,Liberal,30-49,Some College,1.4295403210379065
617960.0,A lot,Was developed intentionally in a lab,Rep/Lean Rep,Moderate,30-49,Some College,1.1736387868781288
618252.0,Not much,Was developed intentionally in a lab,Rep/Lean Rep,Moderate,30-49,Some College,0.6698218590489466
618253.0,Some,Came about naturally,Dem/Lean Dem,Moderate,65+,College graduate+,0.46454444474580187
618556.0,None at all,Not sure,Rep/Lean Rep,Conservative,30-49,College graduate+,1.217253848605163
618579.0,Not much,Came about naturally,Dem/Lean Dem,Very liberal,50-64,College graduate+,0.36364165075548666
618581.0,Not much,Came about naturally,Dem/Lean Dem,Moderate,50-64,College graduate+,0.5899957434025324
618612.0,Not much,Came about naturally,Dem/Lean Dem,Liberal,65+,College graduate+,0.4349346216352827
618613.0,Some,Was developed intentionally in a lab,Dem/Lean Dem,Moderate,50-64,College graduate+,0.440794797067075
619157.0,Not much,Was developed intentionally in a lab,Rep/Lean Rep,Very conservative,65+,Some College,0.884522665575274
619228.0,Not much,Was developed intentionally in a lab,Dem/Lean Dem,Conservative,50-64,Some College,0.5245027319346779
619330.0,Some,Came about naturally,Dem/Lean Dem,Very liberal,18-29,College graduate+,0.25388145218594155
619440.0,Some,Came about naturally,Dem/Lean Dem,Very liberal,50-64,College graduate+,0.2763450083576254
619452.0,Some,Came about naturally,Dem/Lean Dem,Very liberal,65+,College graduate+,0.28681393797046795
619716.0,Some,Came about naturally,Dem/Lean Dem,Moderate,30-49,H.S. graduate or less,5.409791746123207
619791.0,None at all,Came about naturally,Dem/Lean Dem,Liberal,65+,Some College,0.3723425836642471
619874.0,Some,Not sure,Dem/Lean Dem,Moderate,30-49,College graduate+,0.4035297139437975
620279.0,A lot,Was developed intentionally in a lab,Rep/Lean Rep,Conservative,30-49,H.S. graduate or less,2.0748938954431426
620937.0,Not much,Came about naturally,Dem/Lean Dem,Very liberal,50-64,College graduate+,0.32127104808653617
621140.0,A lot,Came about naturally,Rep/Lean Rep,Conservative,30-49,College graduate+,0.40224114742049477
621474.0,A lot,Was developed intentionally in a lab,Rep/Lean Rep,Very conservative,50-64,College graduate+,2.0562098174388197
621821.0,A lot,Was developed intentionally in a lab,Rep/Lean Rep,Moderate,30-49,College graduate+,0.5560577221339493
621834.0,Not much,Came about naturally,Rep/Lean Rep,Moderate,65+,Some College,0.4252600385201371
622063.0,Not much,Not sure,Rep/Lean Rep,Conservative,50-64,Some College,0.3715027533441242
622293.0,Some,Not sure,Rep/Lean Rep,Conservative,65+,College graduate+,0.575242611489201
622345.0,None at all,Came about naturally,Dem/Lean Dem,Liberal,30-49,College graduate+,1.4201622708572814
622422.0,Some,Was developed intentionally in a lab,Rep/Lean Rep,Conservative,30-49,Some College,3.7191120190218716
622469.0,Some,Not sure,Dem/Lean Dem,Very liberal,30-49,College graduate+,0.3111994945422469
622762.0,A lot,Came about naturally,Rep/Lean Rep,Moderate,30-49,College graduate+,0.4921817942421262
622962.0,Not much,Came about naturally,Dem/Lean Dem,Liberal,18-29,College graduate+,0.39694540601529216
623183.0,Not much,Came about naturally,Dem/Lean Dem,Liberal,50-64,College graduate+,0.2326032419849029
623239.0,Some,Came about naturally,Dem/Lean Dem,Liberal,65+,College graduate+,0.16952634911363323
623304.0,Some,Came about naturally,Dem/Lean Dem,Liberal,65+,Some College,0.6325528009895071
623624.0,Some,Was made accidentally in a lab,Rep/Lean Rep,Moderate,65+,Some College,0.3361813927087328
623650.0,Some,Came about naturally,Dem/Lean Dem,Moderate,30-49,Some College,0.43822262183571187
623673.0,Not much,Came about naturally,Dem/Lean Dem,Liberal,30-49,College graduate+,0.9624100156177311
623703.0,Some,Was developed intentionally in a lab,Rep/Lean Rep,Conservative,30-49,Some College,0.7518358394964704
623716.0,Not much,Came about naturally,Dem/Lean Dem,Liberal,50-64,Some College,0.341413577213554
623757.0,Some,Came about naturally,Dem/Lean Dem,Moderate,50-64,College graduate+,0.7414053512445121
623771.0,None at all,Not sure,Rep/Lean Rep,Conservative,30-49,Some College,3.2307996684714717
624476.0,Not much,Came about naturally,Dem/Lean Dem,Liberal,50-64,College graduate+,0.432203126966449
624479.0,Some,Not sure,Dem/Lean Dem,Moderate,50-64,H.S. graduate or less,3.185399473119678
624621.0,Not much,Came about naturally,Dem/Lean Dem,Very liberal,50-64,College graduate+,0.28380231851871496
624681.0,Some,Was made accidentally in a lab,Dem/Lean Dem,Moderate,65+,H.S. graduate or less,3.0929301419388313
624754.0,None at all,Came about naturally,Dem/Lean Dem,Very liberal,30-49,College graduate+,0.6251091466737874
625237.0,None at all,Not sure,Rep/Lean Rep,Moderate,18-29,College graduate+,1.1804709196389767
625291.0,Not much,Came about naturally,Dem/Lean Dem,Liberal,30-49,College graduate+,1.081314223269206
625357.0,None at all,Came about naturally,Dem/Lean Dem,Liberal,30-49,College graduate+,1.3573854898708604
625455.0,Some,Came about naturally,Rep/Lean Rep,Very conservative,65+,College graduate+,0.49712288330504906
625560.0,Some,Came about naturally,Rep/Lean Rep,Conservative,30-49,College graduate+,0.5153797200104262
625783.0,Not much,Was made accidentally in a lab,Rep/Lean Rep,Very conservative,65+,Some College,1.0382563102063362
625927.0,Not much,Came about naturally,Rep/Lean Rep,Very conservative,30-49,H.S. graduate or less,0.8466565481993377
625940.0,Not much,Came about naturally,Dem/Lean Dem,Very liberal,65+,College graduate+,0.3631146217736896
626152.0,Not much,Came about naturally,Dem/Lean Dem,Very liberal,18-29,College graduate+,0.3452916425491792
626283.0,Some,Not sure,DK/Refused/No lean,Moderate,65+,Some College,1.2149090516559669
626287.0,None at all,Came about naturally,Dem/Lean Dem,Liberal,30-49,College graduate+,0.6044722934748281
626422.0,Some,Came about naturally,Dem/Lean Dem,Liberal,30-49,College graduate+,0.4279831792151116
626423.0,Some,Came about naturally,Dem/Lean Dem,Liberal,65+,College graduate+,0.4057370371230643
626763.0,Not much,Came about naturally,Dem/Lean Dem,Moderate,65+,College graduate+,0.31708983511564115
626916.0,Some,Came about naturally,Dem/Lean Dem,Liberal,65+,College graduate+,0.07844521463098372
627004.0,Some,Came about naturally,Dem/Lean Dem,Liberal,50-64,Some College,1.058831702952206
627171.0,Not much,Came about naturally,Dem/Lean Dem,Moderate,50-64,Some College,0.44769448704246884
627600.0,Not much,Came about naturally,Rep/Lean Rep,Conservative,30-49,College graduate+,0.8678310226376768
627791.0,None at all,Came about naturally,Dem/Lean Dem,Very liberal,30-49,College graduate+,0.756974227171361
627833.0,Some,Doesn’t really exist,Dem/Lean Dem,Moderate,30-49,College graduate+,0.5157712128939388
627838.0,Not much,Was developed intentionally in a lab,Rep/Lean Rep,Conservative,50-64,Some College,0.48222299179993794
627878.0,None at all,Came about naturally,Rep/Lean Rep,Moderate,50-64,College graduate+,0.2914983628884342
627941.0,Not much,Came about naturally,Rep/Lean Rep,Moderate,50-64,College graduate+,0.380170380024944
627963.0,Not much,Came about naturally,Rep/Lean Rep,Moderate,30-49,College graduate+,0.6530143600320811
628347.0,Not much,Came about naturally,Dem/Lean Dem,Very liberal,18-29,Some College,0.8079795701015345
628412.0,Some,Not sure,Dem/Lean Dem,Liberal,50-64,College graduate+,0.9624100156177311
629018.0,None at all,Not sure,Dem/Lean Dem,Liberal,30-49,College graduate+,0.32127104808653617
629131.0,Some,Came about naturally,Dem/Lean Dem,Very liberal,30-49,Some College,0.7758658731664106
629305.0,None at all,Came about naturally,Rep/Lean Rep,Conservative,30-49,H.S. graduate or less,3.6458795447567014
629967.0,None at all,Came about naturally,Rep/Lean Rep,Conservative,65+,H.S. graduate or less,4.655477752696999
630082.0,None at all,Came about naturally,Dem/Lean Dem,Liberal,65+,College graduate+,0.21076401771962838
630169.0,Some,Was developed intentionally in a lab,Rep/Lean Rep,Conservative,18-29,Some College,1.1169308580257364
630394.0,Not much,Came about naturally,Rep/Lean Rep,Conservative,65+,H.S. graduate or less,1.1114651123287846
630481.0,Some,Came about naturally,Dem/Lean Dem,Liberal,30-49,College graduate+,0.19064284291717135
630736.0,A lot,Was developed intentionally in a lab,Rep/Lean Rep,Conservative,65+,H.S. graduate or less,1.0307855536974793
630914.0,Some,Was developed intentionally in a lab,Rep/Lean Rep,Moderate,18-29,Some College,4.395378621489519
631134.0,Not much,Came about naturally,Dem/Lean Dem,Moderate,50-64,College graduate+,0.22609697056393155
631155.0,Some,Was developed intentionally in a lab,Rep/Lean Rep,Moderate,30-49,College graduate+,0.4568692162401136
631559.0,Not much,Came about naturally,Rep/Lean Rep,Moderate,50-64,College graduate+,1.1554333585663743
631987.0,None at all,Came about naturally,Dem/Lean Dem,Moderate,65+,College graduate+,0.18930857569764087
632112.0,Some,Came about naturally,Rep/Lean Rep,Conservative,50-64,Some College,0.3932017151750248
632232.0,Not much,Was made accidentally in a lab,Rep/Lean Rep,Conservative,50-64,College graduate+,0.28771949819047704
632259.0,None at all,Came about naturally,Rep/Lean Rep,Moderate,65+,College graduate+,0.5626525845257144
632744.0,A lot,Was developed intentionally in a lab,Dem/Lean Dem,Very conservative,50-64,H.S. graduate or less,0.5446479622791558
632751.0,None at all,Came about naturally,Dem/Lean Dem,Moderate,30-49,College graduate+,0.6590774940329065
632956.0,Some,Not sure,Dem/Lean Dem,Moderate,30-49,College graduate+,0.9978673971854577
633030.0,Not much,Came about naturally,Dem/Lean Dem,Liberal,50-64,College graduate+,0.20313757190989004
633032.0,Some,Was developed intentionally in a lab,Rep/Lean Rep,Moderate,50-64,College graduate+,0.3590266223903537
633392.0,Some,Not sure,Dem/Lean Dem,Moderate,18-29,Some College,2.8785876495491336
633665.0,Not much,Not sure,Dem/Lean Dem,Very conservative,65+,H.S. graduate or less,7.487621221765812
633723.0,Some,Not sure,Dem/Lean Dem,Moderate,30-49,College graduate+,0.7608746866060242
634161.0,Some,Was made accidentally in a lab,DK/Refused/No lean,Moderate,65+,College graduate+,0.4415814611290617
634738.0,Not much,Came about naturally,Rep/Lean Rep,Conservative,65+,Some College,1.0071960159703082
634758.0,Some,Came about naturally,Dem/Lean Dem,Very liberal,65+,College graduate+,0.31700773711954594
634854.0,None at all,Came about naturally,Dem/Lean Dem,Liberal,30-49,College graduate+,0.9281622945839936
635065.0,Not much,Came about naturally,Dem/Lean Dem,Moderate,30-49,College graduate+,0.30446087487465623
635131.0,A lot,Was developed intentionally in a lab,Rep/Lean Rep,Very conservative,65+,Some College,1.162286738695374
635481.0,A lot,Was made accidentally in a lab,Rep/Lean Rep,Conservative,65+,Some College,0.4565583050978147
635489.0,None at all,Came about naturally,Dem/Lean Dem,Liberal,65+,College graduate+,0.16658774135557186
635736.0,None at all,Not sure,Dem/Lean Dem,Moderate,50-64,Some College,1.3302494983623168
635959.0,Not much,Not sure,Dem/Lean Dem,Moderate,50-64,College graduate+,0.2326032419849029
636473.0,Some,Was made accidentally in a lab,Dem/Lean Dem,Very conservative,30-49,H.S. graduate or less,7.487621221765812
636675.0,None at all,Not sure,Rep/Lean Rep,Moderate,18-29,H.S. graduate or less,3.199208795777613
637024.0,None at all,Not sure,Dem/Lean Dem,Liberal,18-29,College graduate+,1.9546352912599136
637156.0,A lot,Was developed intentionally in a lab,Rep/Lean Rep,Conservative,50-64,Some College,1.056054708046537
637228.0,None at all,Came about naturally,Dem/Lean Dem,Moderate,50-64,College graduate+,0.2911490457684703
637384.0,A lot,Not sure,Dem/Lean Dem,Liberal,30-49,Some College,1.1338220540269557
637566.0,Not much,Came about naturally,Dem/Lean Dem,Liberal,30-49,College graduate+,0.7313436166474172
637656.0,A lot,Came about naturally,Dem/Lean Dem,Very liberal,65+,College graduate+,0.8546773515522305
637694.0,Some,Came about naturally,Dem/Lean Dem,Liberal,65+,College graduate+,0.38187460089378295
637832.0,Some,Came about naturally,Rep/Lean Rep,Conservative,50-64,College graduate+,0.6677306377059066
638075.0,None at all,Was developed intentionally in a lab,Dem/Lean Dem,Liberal,30-49,College graduate+,0.5560577221339493
638376.0,Some,Came about naturally,Dem/Lean Dem,Moderate,50-64,College graduate+,0.3192763252864371
638677.0,Some,Was made accidentally in a lab,Rep/Lean Rep,Conservative,65+,College graduate+,0.27528040554863553
638767.0,Not much,Came about naturally,Dem/Lean Dem,Moderate,50-64,College graduate+,0.3206291340585848
638989.0,Some,Not sure,Rep/Lean Rep,Conservative,65+,Some College,3.3974720968255587
639116.0,Some,Not sure,Rep/Lean Rep,Conservative,50-64,College graduate+,0.23078620749798037
639274.0,Some,Not sure,Rep/Lean Rep,Conservative,65+,College graduate+,0.8081393154054434
639392.0,Some,Came about naturally,Dem/Lean Dem,Liberal,30-49,Some College,0.47306584644701044
639440.0,A lot,Not sure,Dem/Lean Dem,Moderate,65+,Some College,1.1367224709718933
639484.0,Some,Came about naturally,Rep/Lean Rep,Conservative,50-64,College graduate+,0.25324416642659153
639638.0,Some,Came about naturally,Dem/Lean Dem,Liberal,65+,College graduate+,0.5414927161496371
640059.0,Some,Came about naturally,Rep/Lean Rep,Conservative,50-64,College graduate+,0.2585335737324687
640394.0,Refused,Not sure,DK/Refused/No lean,Refused,65+,H.S. graduate or less,1.8743926181461903
640648.0,A lot,Not sure,Rep/Lean Rep,Moderate,50-64,Some College,0.44661595831531015
641038.0,Not much,Not sure,Dem/Lean Dem,Moderate,65+,Some College,0.4159413386662691
641779.0,None at all,Came about naturally,Dem/Lean Dem,Very liberal,65+,College graduate+,0.18930857569764087
642208.0,Some,Not sure,Rep/Lean Rep,Conservative,50-64,Some College,1.5828548357566965
642225.0,Some,Came about naturally,Dem/Lean Dem,Liberal,30-49,Some College,1.8191108840825092
642247.0,A lot,Came about naturally,Dem/Lean Dem,Liberal,50-64,College graduate+,0.2071585362363679
642484.0,Some,Came about naturally,Dem/Lean Dem,Liberal,65+,College graduate+,0.35631151696197294
642550.0,Not much,Came about naturally,Rep/Lean Rep,Conservative,50-64,H.S. graduate or less,1.4407032434351483
642576.0,Some,Came about naturally,Rep/Lean Rep,Conservative,65+,College graduate+,1.008594869048371
642590.0,Some,Was developed intentionally in a lab,Dem/Lean Dem,Moderate,18-29,College graduate+,0.7546160576533024
643431.0,None at all,Came about naturally,Rep/Lean Rep,Conservative,50-64,College graduate+,0.2173987388623741
644372.0,Some,Came about naturally,Dem/Lean Dem,Very liberal,65+,Some College,0.862196825205366
644484.0,None at all,Came about naturally,Dem/Lean Dem,Conservative,30-49,College graduate+,2.718160513231477
644602.0,Some,Came about naturally,Rep/Lean Rep,Conservative,30-49,Some College,0.8467593420033126
644610.0,Not much,Was made accidentally in a lab,Rep/Lean Rep,Moderate,30-49,H.S. graduate or less,6.137674000117736
644744.0,A lot,Was developed intentionally in a lab,Rep/Lean Rep,Conservative,50-64,Some College,0.8418635952670893
644779.0,Some,Came about naturally,Rep/Lean Rep,Moderate,30-49,College graduate+,0.8678310226376768
644801.0,Not much,Came about naturally,Dem/Lean Dem,Liberal,30-49,College graduate+,0.4724202389878597
644809.0,Some,Was developed intentionally in a lab,Dem/Lean Dem,Liberal,65+,Some College,0.475306874760771
644876.0,Not much,Came about naturally,Dem/Lean Dem,Moderate,65+,College graduate+,0.40839338044088114
645020.0,Some,Not sure,DK/Refused/No lean,Refused,50-64,College graduate+,0.6534441281110653
645149.0,Some,Came about naturally,Rep/Lean Rep,Conservative,18-29,Some College,0.6391225063840377
645211.0,Not much,Not sure,Dem/Lean Dem,Moderate,50-64,College graduate+,0.22454683147387652
645221.0,Not much,Not sure,Dem/Lean Dem,Moderate,50-64,College graduate+,1.3701208431469265
645663.0,Some,Was developed intentionally in a lab,Rep/Lean Rep,Conservative,50-64,H.S. graduate or less,4.0841290901194895
645732.0,A lot,Was developed intentionally in a lab,Rep/Lean Rep,Conservative,50-64,College graduate+,1.0497631008656692
645900.0,Not much,Was made accidentally in a lab,Dem/Lean Dem,Moderate,65+,College graduate+,0.2306130396848931
645909.0,Not much,Was developed intentionally in a lab,Rep/Lean Rep,Very conservative,30-49,Some College,0.5774321222777915
645972.0,None at all,Not sure,Rep/Lean Rep,Moderate,30-49,Some College,0.6760668510788223
646163.0,Not much,Came about naturally,Rep/Lean Rep,Moderate,30-49,College graduate+,1.085842622648652
646386.0,Some,Came about naturally,Rep/Lean Rep,Conservative,65+,H.S. graduate or less,2.674312299284663
646801.0,Not much,Came about naturally,Dem/Lean Dem,Moderate,65+,College graduate+,1.1881345080123378
646823.0,Not much,Came about naturally,Rep/Lean Rep,Conservative,65+,College graduate+,0.22748396859865705
647050.0,Some,Came about naturally,Rep/Lean Rep,Conservative,18-29,H.S. graduate or less,7.487621221765812
647213.0,Some,Was made accidentally in a lab,Dem/Lean Dem,Moderate,50-64,College graduate+,2.645762705344837
647661.0,None at all,Came about naturally,Dem/Lean Dem,Liberal,65+,College graduate+,0.16658774135557186
647894.0,Not much,Came about naturally,Dem/Lean Dem,Very conservative,30-49,H.S. graduate or less,7.487621221765812
648143.0,Not much,Came about naturally,Rep/Lean Rep,Conservative,30-49,H.S. graduate or less,2.0976586621060616
648148.0,Not much,Came about naturally,Rep/Lean Rep,Moderate,18-29,College graduate+,0.5529516220670304
648758.0,Some,Came about naturally,Rep/Lean Rep,Conservative,50-64,Some College,1.056054708046537
648896.0,Some,Came about naturally,Dem/Lean Dem,Very liberal,65+,College graduate+,0.187283354724434
648957.0,None at all,Came about naturally,Dem/Lean Dem,Liberal,50-64,College graduate+,0.3192763252864371
649014.0,Not much,Came about naturally,Dem/Lean Dem,Very liberal,30-49,College graduate+,0.2229297078161846
649038.0,Some,Not sure,Rep/Lean Rep,Very conservative,30-49,College graduate+,0.39372221398309404
649196.0,Not much,Was developed intentionally in a lab,Dem/Lean Dem,Liberal,50-64,Some College,0.4281813949497251
649301.0,None at all,Not sure,Dem/Lean Dem,Moderate,50-64,College graduate+,0.6393898040398036
649446.0,Some,Not sure,Rep/Lean Rep,Moderate,30-49,College graduate+,0.49990168150911135
649614.0,Not much,Came about naturally,Rep/Lean Rep,Conservative,30-49,College graduate+,1.046334170243871
649640.0,Some,Was developed intentionally in a lab,DK/Refused/No lean,Refused,50-64,Some College,0.5040619952325393
649847.0,Some,Came about naturally,Dem/Lean Dem,Moderate,50-64,Some College,0.39280648572927046
649944.0,Some,Not sure,Dem/Lean Dem,Conservative,50-64,Some College,0.5238903056203935
649965.0,None at all,Came about naturally,Dem/Lean Dem,Very liberal,65+,H.S. graduate or less,1.8470674719387365
650035.0,A lot,Was developed intentionally in a lab,Rep/Lean Rep,Very conservative,65+,H.S. graduate or less,1.0307855536974793
650249.0,Not much,Came about naturally,Rep/Lean Rep,Moderate,65+,College graduate+,0.4280546019381889
650620.0,None at all,Came about naturally,Dem/Lean Dem,Liberal,30-49,College graduate+,1.0956954993838333
650775.0,Some,Came about naturally,Dem/Lean Dem,Liberal,65+,College graduate+,0.18930857569764087
650786.0,A lot,Came about naturally,Dem/Lean Dem,Very liberal,50-64,College graduate+,0.19190345833934808
650852.0,Some,Was made accidentally in a lab,Rep/Lean Rep,Conservative,65+,Some College,0.4395466327482392
651047.0,Some,Not sure,Rep/Lean Rep,Very conservative,65+,H.S. graduate or less,1.3983511629046745
651102.0,Not much,Came about naturally,Dem/Lean Dem,Moderate,30-49,College graduate+,0.8620957227047766
651204.0,Some,Came about naturally,Dem/Lean Dem,Liberal,50-64,College graduate+,0.41154776550118544
651256.0,None at all,Came about naturally,Dem/Lean Dem,Moderate,30-49,College graduate+,1.9090392649473813
651351.0,Some,Came about naturally,Dem/Lean Dem,Liberal,30-49,College graduate+,0.8904173234304539
651381.0,None at all,Came about naturally,Dem/Lean Dem,Liberal,65+,H.S. graduate or less,1.787635496314649
651396.0,Some,Not sure,Dem/Lean Dem,Liberal,18-29,College graduate+,0.7624988187176427
651421.0,Some,Came about naturally,Rep/Lean Rep,Conservative,30-49,Some College,1.581955598686701
651437.0,Some,Came about naturally,Rep/Lean Rep,Conservative,50-64,Some College,1.5360061002143162
651541.0,A lot,Not sure,Rep/Lean Rep,Very conservative,50-64,H.S. graduate or less,1.0651417950260027
651578.0,Not much,Came about naturally,Rep/Lean Rep,Conservative,65+,Some College,0.9172670648765758
651585.0,None at all,Came about naturally,Dem/Lean Dem,Liberal,65+,College graduate+,0.31700773711954594
651697.0,Not much,Was made accidentally in a lab,Dem/Lean Dem,Moderate,50-64,Some College,1.1094414695527093
651945.0,A lot,Was developed intentionally in a lab,Rep/Lean Rep,Moderate,18-29,College graduate+,0.8193265910458019
652059.0,None at all,Came about naturally,Dem/Lean Dem,Moderate,30-49,College graduate+,0.38018748676162484
652222.0,Not much,Came about naturally,Dem/Lean Dem,Moderate,50-64,College graduate+,0.92742101031085
652624.0,Some,Came about naturally,Dem/Lean Dem,Very liberal,50-64,College graduate+,0.20313757190989004
652882.0,Not much,Not sure,Dem/Lean Dem,Very conservative,30-49,Some College,0.9758710628632092
653158.0,Not much,Came about naturally,Dem/Lean Dem,Liberal,30-49,College graduate+,0.9310940574933219
653320.0,None at all,Not sure,Rep/Lean Rep,Moderate,30-49,Some College,1.6876466224604039
653382.0,None at all,Came about naturally,Dem/Lean Dem,Moderate,30-49,Some College,0.9299852924900669
653393.0,None at all,Was developed intentionally in a lab,Rep/Lean Rep,Conservative,30-49,Some College,1.8245379776642177
653477.0,Some,Not sure,Rep/Lean Rep,Conservative,50-64,H.S. graduate or less,1.4257618950628557
653635.0,A lot,Came about naturally,Rep/Lean Rep,Conservative,30-49,College graduate+,0.6281830345909123
653764.0,Some,Was made accidentally in a lab,Rep/Lean Rep,Moderate,65+,College graduate+,0.28718500597209207
653904.0,A lot,Was developed intentionally in a lab,Rep/Lean Rep,Very conservative,50-64,Some College,0.8641334764779848
653961.0,Not much,Came about naturally,Rep/Lean Rep,Conservative,50-64,H.S. graduate or less,1.050232986358601
654114.0,Not much,Was developed intentionally in a lab,Rep/Lean Rep,Conservative,50-64,College graduate+,0.317264943657635
654147.0,A lot,Was developed intentionally in a lab,Dem/Lean Dem,Liberal,30-49,Some College,1.8631034375012059
654498.0,None at all,Came about naturally,Dem/Lean Dem,Liberal,65+,College graduate+,0.7247346499381029
654956.0,Some,Not sure,Rep/Lean Rep,Conservative,30-49,College graduate+,1.0880431332519382
655049.0,Some,Came about naturally,Dem/Lean Dem,Moderate,50-64,College graduate+,0.5895379020250633
655088.0,None at all,Came about naturally,Rep/Lean Rep,Conservative,50-64,Some College,1.3585910334408409
655262.0,A lot,Came about naturally,Rep/Lean Rep,Very conservative,65+,H.S. graduate or less,1.047177274393529
655386.0,A lot,Came about naturally,Rep/Lean Rep,Very conservative,50-64,College graduate+,0.6665541827663765
655741.0,Not much,Came about naturally,Dem/Lean Dem,Very liberal,18-29,College graduate+,0.8025615326374521
655794.0,Not much,Came about naturally,Dem/Lean Dem,Moderate,50-64,College graduate+,0.7921523984973415
655814.0,Some,Came about naturally,Dem/Lean Dem,Moderate,50-64,Some College,0.32126188816548673
655988.0,Some,Came about naturally,Dem/Lean Dem,Moderate,50-64,College graduate+,0.9223859287286932
656308.0,Some,Not sure,Dem/Lean Dem,Moderate,30-49,Some College,0.5797383525727224
656310.0,Some,Was developed intentionally in a lab,Rep/Lean Rep,Conservative,30-49,College graduate+,0.43730745252361874
656538.0,None at all,Came about naturally,Rep/Lean Rep,Moderate,65+,College graduate+,0.22748396859865705
656829.0,Not much,Not sure,Rep/Lean Rep,Very conservative,30-49,College graduate+,0.47812055176334556
656890.0,None at all,Was developed intentionally in a lab,Rep/Lean Rep,Very conservative,30-49,College graduate+,1.9941683696616852
656906.0,Not much,Came about naturally,Dem/Lean Dem,Moderate,65+,Some College,0.24445445253421863
656909.0,Some,Not sure,Dem/Lean Dem,Moderate,30-49,College graduate+,0.28956493189991084
656995.0,Not much,Came about naturally,Dem/Lean Dem,Liberal,50-64,Some College,0.5483892645254491
657003.0,Not much,Came about naturally,Dem/Lean Dem,Liberal,50-64,College graduate+,0.6677306377059066
657074.0,Some,Came about naturally,Rep/Lean Rep,Conservative,50-64,College graduate+,1.578815823432526
657176.0,Some,Came about naturally,Dem/Lean Dem,Very liberal,65+,College graduate+,0.731697566812459
657458.0,Some,Came about naturally,Dem/Lean Dem,Very liberal,65+,College graduate+,0.16658774135557186
657694.0,Some,Not sure,Dem/Lean Dem,Moderate,50-64,College graduate+,0.21372520590383698
657763.0,None at all,Came about naturally,Rep/Lean Rep,Moderate,30-49,College graduate+,1.755324262932214
657776.0,Some,Came about naturally,Dem/Lean Dem,Moderate,65+,College graduate+,0.31700773711954594
657786.0,Some,Was developed intentionally in a lab,Rep/Lean Rep,Liberal,30-49,Some College,1.610256332570884
658476.0,Some,Was developed intentionally in a lab,DK/Refused/No lean,Very conservative,50-64,H.S. graduate or less,3.218210049669372
658634.0,Not much,Came about naturally,Dem/Lean Dem,Very liberal,50-64,H.S. graduate or less,0.6590913479219122
658641.0,None at all,Came about naturally,Rep/Lean Rep,Moderate,50-64,Some College,1.1212153128452926
658651.0,Some,Came about naturally,Dem/Lean Dem,Moderate,18-29,College graduate+,0.6305265988690915
658759.0,None at all,Was developed intentionally in a lab,Rep/Lean Rep,Conservative,30-49,Some College,0.6163357680366778
659049.0,Not much,Came about naturally,Dem/Lean Dem,Very liberal,30-49,College graduate+,1.2332079407391399
659057.0,Not much,Was developed intentionally in a lab,Rep/Lean Rep,Very conservative,65+,College graduate+,0.24960377457431507
659101.0,None at all,Came about naturally,Dem/Lean Dem,Very liberal,30-49,College graduate+,0.34249306525017154
659269.0,Some,Came about naturally,Dem/Lean Dem,Moderate,50-64,H.S. graduate or less,0.6661204902118268
659273.0,Not much,Came about naturally,Dem/Lean Dem,Very liberal,65+,College graduate+,0.16952634911363323
659397.0,Not much,Was developed intentionally in a lab,Rep/Lean Rep,Very liberal,30-49,College graduate+,0.4568692162401136
659421.0,Not much,Came about naturally,Dem/Lean Dem,Very liberal,30-49,College graduate+,0.39372221398309404
659497.0,A lot,Came about naturally,Rep/Lean Rep,Very conservative,65+,College graduate+,0.2547848262475639
659504.0,Some,Was developed intentionally in a lab,Rep/Lean Rep,Conservative,30-49,College graduate+,1.0078609602169846
659563.0,Not much,Came about naturally,Dem/Lean Dem,Very liberal,30-49,College graduate+,0.3708848109823989
659651.0,Not much,Not sure,Rep/Lean Rep,Conservative,50-64,College graduate+,0.46349146503934086
659675.0,Some,Came about naturally,Dem/Lean Dem,Liberal,65+,Some College,0.24445445253421863
659735.0,Some,Not sure,Dem/Lean Dem,Moderate,30-49,College graduate+,0.30680662175214735
659809.0,None at all,Was developed intentionally in a lab,Dem/Lean Dem,Moderate,30-49,H.S. graduate or less,0.5794207656075512
659832.0,Not much,Not sure,Dem/Lean Dem,Liberal,65+,College graduate+,0.31464766480580686
660177.0,Some,Came about naturally,Rep/Lean Rep,Moderate,18-29,College graduate+,0.38018748676162484
660390.0,Not much,Not sure,Rep/Lean Rep,Moderate,65+,College graduate+,0.28718500597209207
660532.0,Not much,Came about naturally,Rep/Lean Rep,Moderate,50-64,College graduate+,0.23078620749798037
660646.0,Not much,Came about naturally,Dem/Lean Dem,Moderate,65+,Some College,0.7924746866051067
661138.0,Some,Came about naturally,Dem/Lean Dem,Liberal,30-49,College graduate+,1.3312837064280814
661214.0,Some,Came about naturally,Dem/Lean Dem,Liberal,30-49,College graduate+,0.4473873381643575
661239.0,A lot,Came about naturally,Rep/Lean Rep,Conservative,30-49,College graduate+,1.0497631008656692
661439.0,Not much,Came about naturally,Dem/Lean Dem,Moderate,65+,Some College,1.0801815152345056
661674.0,None at all,Came about naturally,Dem/Lean Dem,Moderate,30-49,College graduate+,0.8287624205320122
661771.0,Not much,Refused,Dem/Lean Dem,Liberal,65+,College graduate+,0.31700773711954594
661792.0,A lot,Was developed intentionally in a lab,Rep/Lean Rep,Conservative,50-64,Some College,0.27195833450079315
661805.0,None at all,Came about naturally,Dem/Lean Dem,Very liberal,65+,College graduate+,0.21076401771962838
661819.0,Some,Came about naturally,Dem/Lean Dem,Liberal,50-64,College graduate+,0.2777265934065198
661824.0,Not much,Came about naturally,Dem/Lean Dem,Very liberal,50-64,College graduate+,0.38531321218544917
662031.0,Some,Came about naturally,Dem/Lean Dem,Moderate,50-64,College graduate+,0.16877671577660544
662041.0,None at all,Came about naturally,Dem/Lean Dem,Liberal,30-49,Some College,1.2916352293499478
662256.0,Some,Was developed intentionally in a lab,Rep/Lean Rep,Liberal,50-64,Some College,0.32126188816548673
662536.0,Not much,Came about naturally,Dem/Lean Dem,Moderate,65+,College graduate+,0.3889894681791227
662810.0,None at all,Not sure,Dem/Lean Dem,Moderate,65+,H.S. graduate or less,2.1928113673040195
662862.0,Not much,Came about naturally,Dem/Lean Dem,Liberal,30-49,College graduate+,0.9281622945839936
662893.0,None at all,Came about naturally,DK/Refused/No lean,Very liberal,50-64,College graduate+,0.3590266223903537
663239.0,Some,Came about naturally,Dem/Lean Dem,Liberal,18-29,H.S. graduate or less,1.2384164017244201
663701.0,None at all,Came about naturally,Dem/Lean Dem,Liberal,30-49,College graduate+,0.81485298012428
663767.0,Some,Not sure,Dem/Lean Dem,Liberal,65+,Some College,0.41557655857182485
663768.0,Some,Was developed intentionally in a lab,Dem/Lean Dem,Liberal,18-29,College graduate+,1.2708427739323627
663796.0,Some,Came about naturally,Rep/Lean Rep,Moderate,30-49,College graduate+,0.6485517599712088
664079.0,Not much,Came about naturally,Rep/Lean Rep,Conservative,30-49,College graduate+,1.6616485155184761
664090.0,Some,Was made accidentally in a lab,Rep/Lean Rep,Moderate,50-64,College graduate+,0.2763450083576254
664150.0,Not much,Came about naturally,Dem/Lean Dem,Liberal,50-64,Some College,0.4740343030463462
664380.0,Some,Came about naturally,Dem/Lean Dem,Moderate,50-64,College graduate+,0.41237285308475313
664419.0,None at all,Came about naturally,Dem/Lean Dem,Liberal,30-49,College graduate+,0.20301554638463992
664528.0,Not much,Came about naturally,Dem/Lean Dem,Very liberal,50-64,College graduate+,0.3688383177152402
664715.0,Not much,Came about naturally,Dem/Lean Dem,Liberal,18-29,College graduate+,0.5431373050695132
664736.0,Some,Was developed intentionally in a lab,Rep/Lean Rep,Conservative,50-64,College graduate+,0.28771949819047704
664850.0,Some,Came about naturally,Rep/Lean Rep,Very conservative,30-49,Some College,0.5542514318412611
664925.0,Some,Was developed intentionally in a lab,DK/Refused/No lean,Moderate,30-49,Some College,0.8874049633752709
664996.0,Some,Came about naturally,Rep/Lean Rep,Moderate,30-49,College graduate+,0.8537204711007166
665303.0,A lot,Was developed intentionally in a lab,Rep/Lean Rep,Moderate,30-49,Some College,0.5371862349905581
665309.0,Not much,Came about naturally,Rep/Lean Rep,Very conservative,50-64,College graduate+,0.5203600204013455
665456.0,None at all,Came about naturally,Dem/Lean Dem,Liberal,30-49,College graduate+,0.5560577221339493
665493.0,Some,Came about naturally,Dem/Lean Dem,Moderate,65+,Some College,1.5288821178170067
665516.0,Some,Not sure,Rep/Lean Rep,Moderate,30-49,Some College,0.5466726303848976
665662.0,Some,Came about naturally,Dem/Lean Dem,Liberal,65+,College graduate+,0.62526829337726
665800.0,A lot,Came about naturally,Dem/Lean Dem,Conservative,65+,H.S. graduate or less,4.839270252264364
665856.0,None at all,Came about naturally,Dem/Lean Dem,Liberal,30-49,College graduate+,0.36364165075548666
665861.0,Some,Came about naturally,Rep/Lean Rep,Very conservative,65+,College graduate+,0.561078032636311
665914.0,None at all,Came about naturally,Dem/Lean Dem,Moderate,65+,Some College,0.5641129158775838
665982.0,Some,Not sure,DK/Refused/No lean,Moderate,50-64,Some College,1.3980051913828122
666052.0,None at all,Was developed intentionally in a lab,Rep/Lean Rep,Liberal,30-49,College graduate+,0.5697442350927874
666122.0,Some,Came about naturally,Dem/Lean Dem,Liberal,30-49,College graduate+,0.4572782227327717
666190.0,Not much,Came about naturally,Rep/Lean Rep,Very conservative,65+,College graduate+,0.6556272442174347
666431.0,Not much,Came about naturally,Rep/Lean Rep,Conservative,65+,College graduate+,0.2228900847276511
666547.0,Some,Came about naturally,Rep/Lean Rep,Conservative,30-49,H.S. graduate or less,3.5233653040761554
666898.0,Some,Not sure,Dem/Lean Dem,Liberal,30-49,H.S. graduate or less,7.487621221765812
666952.0,Some,Was developed intentionally in a lab,Rep/Lean Rep,Moderate,65+,Some College,0.7819014839104875
667115.0,A lot,Was made accidentally in a lab,Rep/Lean Rep,Conservative,65+,College graduate+,0.28348914563635774
667435.0,Some,Was developed intentionally in a lab,Rep/Lean Rep,Conservative,65+,Some College,1.2233230930744419
667611.0,Some,Came about naturally,Rep/Lean Rep,Conservative,65+,College graduate+,0.2547848262475639
667828.0,A lot,Was developed intentionally in a lab,DK/Refused/No lean,Moderate,50-64,H.S. graduate or less,4.597932609845692
667940.0,Not much,Was developed intentionally in a lab,Rep/Lean Rep,Conservative,65+,College graduate+,0.2547848262475639
667954.0,A lot,Was developed intentionally in a lab,Rep/Lean Rep,Conservative,18-29,Some College,2.7377549251255617
668019.0,None at all,Came about naturally,Dem/Lean Dem,Liberal,30-49,College graduate+,1.3002102218933054
668132.0,Not much,Came about naturally,Dem/Lean Dem,Very liberal,30-49,Some College,2.518786174957332
668249.0,Not much,Came about naturally,Dem/Lean Dem,Liberal,18-29,College graduate+,1.8501140439614152
668325.0,A lot,Doesn’t really exist,Dem/Lean Dem,Very liberal,30-49,Refused,3.174547748926932
668643.0,Not much,Was developed intentionally in a lab,Rep/Lean Rep,Very conservative,50-64,College graduate+,0.25324416642659153
668723.0,Some,Not sure,Rep/Lean Rep,Very conservative,30-49,College graduate+,0.6199490608983385
669330.0,None at all,Not sure,DK/Refused/No lean,Moderate,65+,H.S. graduate or less,1.0510197953201308
669732.0,Some,Was developed intentionally in a lab,Dem/Lean Dem,Very conservative,50-64,College graduate+,1.2357235277252177
669822.0,None at all,Came about naturally,Dem/Lean Dem,Moderate,50-64,Some College,0.484553323170196
669995.0,A lot,Came about naturally,Rep/Lean Rep,Moderate,50-64,College graduate+,0.24948054396811553
670275.0,None at all,Was developed intentionally in a lab,Dem/Lean Dem,Moderate,50-64,College graduate+,0.43730745252361874
670311.0,Not much,Came about naturally,Rep/Lean Rep,Moderate,30-49,Some College,1.1492824688498182
670395.0,Not much,Came about naturally,Dem/Lean Dem,Liberal,65+,College graduate+,0.5366568912211624
670667.0,Some,Came about naturally,Dem/Lean Dem,Liberal,30-49,College graduate+,0.30446087487465623
670803.0,Some,Came about naturally,Dem/Lean Dem,Very liberal,18-29,College graduate+,0.5266884366723658
671013.0,Not much,Came about naturally,Dem/Lean Dem,Liberal,65+,Some College,0.24445445253421863
671213.0,Some,Was developed intentionally in a lab,Dem/Lean Dem,Moderate,50-64,College graduate+,0.18982775376809147
671357.0,Some,Came about naturally,Dem/Lean Dem,Liberal,30-49,College graduate+,0.3206291340585848
671577.0,Not much,Came about naturally,Dem/Lean Dem,Liberal,18-29,Some College,0.47757744280896663
671590.0,None at all,Came about naturally,Dem/Lean Dem,Moderate,50-64,College graduate+,0.2326032419849029
671621.0,None at all,Was made accidentally in a lab,Dem/Lean Dem,Moderate,30-49,College graduate+,0.4925438234816447
671622.0,Not much,Not sure,Dem/Lean Dem,Conservative,18-29,Some College,2.3259910911281345
671791.0,Not much,Not sure,Dem/Lean Dem,Moderate,50-64,Some College,0.2855696595626675
671949.0,Some,Came about naturally,Rep/Lean Rep,Moderate,30-49,College graduate+,1.7820843496235166
672012.0,Some,Came about naturally,Dem/Lean Dem,Liberal,30-49,College graduate+,0.34249306525017154
672074.0,Not much,Came about naturally,Rep/Lean Rep,Moderate,65+,College graduate+,0.4415814611290617
672243.0,None at all,Came about naturally,Dem/Lean Dem,Liberal,65+,College graduate+,0.21076401771962838
672507.0,Some,Came about naturally,Rep/Lean Rep,Conservative,50-64,College graduate+,0.5703063293653231
672516.0,Some,Not sure,Dem/Lean Dem,Very liberal,18-29,College graduate+,0.6305265988690915
672767.0,Not much,Came about naturally,Dem/Lean Dem,Moderate,65+,College graduate+,0.5803723633964334
673054.0,A lot,Was made accidentally in a lab,Rep/Lean Rep,Very conservative,30-49,College graduate+,1.5663991565020494
673061.0,Some,Was developed intentionally in a lab,Rep/Lean Rep,Conservative,50-64,Some College,0.341413577213554
673327.0,A lot,Was developed intentionally in a lab,Rep/Lean Rep,Very conservative,65+,College graduate+,0.4938060906587973
673353.0,A lot,Came about naturally,Rep/Lean Rep,Moderate,30-49,Some College,0.5466726303848976
673492.0,Not much,Doesn’t really exist,Dem/Lean Dem,Moderate,50-64,H.S. graduate or less,0.8291975063799458
673537.0,None at all,Came about naturally,Dem/Lean Dem,Liberal,30-49,College graduate+,1.2127348303401222
673589.0,A lot,Was developed intentionally in a lab,Rep/Lean Rep,Moderate,65+,Some College,1.061458553216517
673644.0,Some,Was developed intentionally in a lab,Rep/Lean Rep,Conservative,50-64,College graduate+,0.2894571578606051
673810.0,None at all,Came about naturally,Dem/Lean Dem,Moderate,65+,College graduate+,0.2228900847276511
674011.0,Some,Not sure,Rep/Lean Rep,Very conservative,50-64,College graduate+,0.7847326740356642
674200.0,Some,Came about naturally,Rep/Lean Rep,Moderate,30-49,College graduate+,0.47812055176334556
674251.0,Not much,Came about naturally,Dem/Lean Dem,Very liberal,50-64,College graduate+,0.9624100156177311
674254.0,None at all,Came about naturally,Dem/Lean Dem,Very liberal,30-49,College graduate+,0.6987776758675408
674255.0,Refused,Was developed intentionally in a lab,Dem/Lean Dem,Moderate,65+,College graduate+,0.21841901942855863
674284.0,Some,Not sure,Rep/Lean Rep,Conservative,50-64,Refused,0.6132346004090059
674682.0,Not much,Not sure,Dem/Lean Dem,Moderate,30-49,College graduate+,1.1859500322425784
674776.0,Some,Was developed intentionally in a lab,Rep/Lean Rep,Very conservative,65+,College graduate+,0.5803723633964334
674819.0,None at all,Not sure,Rep/Lean Rep,Conservative,30-49,Some College,2.8148805982519365
675008.0,Not much,Came about naturally,Dem/Lean Dem,Very liberal,30-49,College graduate+,0.3502976747952842
675077.0,Not much,Came about naturally,Dem/Lean Dem,Liberal,50-64,H.S. graduate or less,0.8751395177106059
675170.0,A lot,Not sure,Rep/Lean Rep,Moderate,65+,College graduate+,0.2559752922890272
675179.0,Not much,Came about naturally,Dem/Lean Dem,Very liberal,50-64,College graduate+,0.2326032419849029
675257.0,Some,Not sure,Dem/Lean Dem,Liberal,30-49,Some College,1.1175245847125206
675411.0,Some,Was developed intentionally in a lab,Rep/Lean Rep,Conservative,50-64,College graduate+,0.25324416642659153
675523.0,Some,Not sure,Rep/Lean Rep,Conservative,30-49,College graduate+,0.4498898237124893
675544.0,Some,Was developed intentionally in a lab,Dem/Lean Dem,Conservative,30-49,College graduate+,0.39277896836882886
675553.0,None at all,Was developed intentionally in a lab,Rep/Lean Rep,Very conservative,18-29,College graduate+,1.3373116058603103
675879.0,None at all,Not sure,Dem/Lean Dem,Moderate,30-49,College graduate+,0.7005180264091637
675885.0,Some,Came about naturally,DK/Refused/No lean,Moderate,65+,College graduate+,0.6567529151301014
675916.0,A lot,Came about naturally,Dem/Lean Dem,Very liberal,50-64,College graduate+,1.622540931232486
676032.0,None at all,Was developed intentionally in a lab,Rep/Lean Rep,Moderate,50-64,H.S. graduate or less,2.7794368657659247
676269.0,Not much,Not sure,Dem/Lean Dem,Moderate,30-49,College graduate+,0.3680609800135317
676382.0,None at all,Not sure,Rep/Lean Rep,Very conservative,65+,Some College,0.5842854574937026
676839.0,Some,Was developed intentionally in a lab,Dem/Lean Dem,Very liberal,18-29,College graduate+,2.25561437809442
677397.0,None at all,Came about naturally,Rep/Lean Rep,Conservative,65+,College graduate+,0.6556272442174347
677501.0,None at all,Came about naturally,Dem/Lean Dem,Liberal,50-64,College graduate+,0.4583816007988759
677513.0,None at all,Came about naturally,Rep/Lean Rep,Conservative,50-64,Some College,0.9235033507368926
677553.0,None at all,Was developed intentionally in a lab,Dem/Lean Dem,Moderate,30-49,College graduate+,0.4921817942421262
677779.0,Not much,Came about naturally,Rep/Lean Rep,Conservative,50-64,College graduate+,0.2914983628884342
678122.0,Some,Was developed intentionally in a lab,Rep/Lean Rep,Moderate,50-64,H.S. graduate or less,1.9092722395350914
678275.0,Not much,Not sure,Dem/Lean Dem,Very liberal,30-49,College graduate+,0.30446087487465623
678383.0,Some,Not sure,DK/Refused/No lean,Moderate,50-64,H.S. graduate or less,2.428421977040469
678458.0,Some,Came about naturally,Dem/Lean Dem,Moderate,18-29,Some College,7.002905505489195
678783.0,Not much,Came about naturally,Rep/Lean Rep,Conservative,18-29,College graduate+,0.49825173445184007
678920.0,Not much,Not sure,Rep/Lean Rep,Conservative,50-64,Some College,0.4158737830836477
678932.0,Some,Was made accidentally in a lab,Dem/Lean Dem,Liberal,50-64,Some College,0.34730606684096804
679074.0,Some,Came about naturally,Dem/Lean Dem,Moderate,50-64,Some College,1.8561850483685445
679176.0,Some,Was developed intentionally in a lab,DK/Refused/No lean,Refused,18-29,Some College,5.491447197052298
679675.0,None at all,Came about naturally,Dem/Lean Dem,Moderate,30-49,College graduate+,0.4180960679535971
680168.0,Not much,Not sure,Rep/Lean Rep,Conservative,30-49,College graduate+,0.44705401190499194
680275.0,None at all,Not sure,Dem/Lean Dem,Moderate,65+,Some College,0.475306874760771
680458.0,Not much,Not sure,DK/Refused/No lean,Very conservative,30-49,H.S. graduate or less,1.0689883790513421
680766.0,None at all,Was developed intentionally in a lab,Rep/Lean Rep,Moderate,65+,College graduate+,0.8019271166256968
681922.0,A lot,Came about naturally,Rep/Lean Rep,Very conservative,30-49,H.S. graduate or less,4.100061504003779
681950.0,A lot,Was developed intentionally in a lab,Dem/Lean Dem,Liberal,30-49,H.S. graduate or less,1.9156438080544755
682072.0,None at all,Came about naturally,Rep/Lean Rep,Conservative,30-49,Some College,1.2583642828873354
682639.0,Some,Came about naturally,Rep/Lean Rep,Conservative,50-64,Some College,0.7223449849830279
682769.0,Some,Came about naturally,Dem/Lean Dem,Moderate,30-49,College graduate+,1.1648786987994897
682887.0,Not much,Was developed intentionally in a lab,Rep/Lean Rep,Moderate,30-49,College graduate+,0.39277896836882886
682893.0,None at all,Was developed intentionally in a lab,Dem/Lean Dem,Moderate,30-49,College graduate+,1.018966593995638
683423.0,Some,Was developed intentionally in a lab,Dem/Lean Dem,Liberal,50-64,College graduate+,0.3845194120995435
683546.0,None at all,Came about naturally,Rep/Lean Rep,Conservative,65+,H.S. graduate or less,2.643223817515233
683618.0,Some,Came about naturally,Rep/Lean Rep,Moderate,30-49,College graduate+,0.47812055176334556
683965.0,Not much,Not sure,Rep/Lean Rep,Conservative,65+,Some College,1.6230562611081913
684102.0,Not much,Came about naturally,Dem/Lean Dem,Liberal,18-29,College graduate+,0.2751798570797386
684107.0,A lot,Came about naturally,Dem/Lean Dem,Liberal,65+,College graduate+,0.3631146217736896
684297.0,Some,Was developed intentionally in a lab,Rep/Lean Rep,Conservative,65+,H.S. graduate or less,2.5261792149779696
684312.0,Not much,Was made accidentally in a lab,Dem/Lean Dem,Moderate,50-64,College graduate+,1.018966593995638
684598.0,Some,Came about naturally,Dem/Lean Dem,Liberal,30-49,Some College,2.1542253298442477
684707.0,None at all,Came about naturally,Rep/Lean Rep,Moderate,50-64,College graduate+,0.2763450083576254
684747.0,Some,Came about naturally,Rep/Lean Rep,Conservative,30-49,Some College,1.576421307620977
684842.0,Not much,Not sure,Dem/Lean Dem,Liberal,30-49,College graduate+,0.3111994945422469
684897.0,Not much,Came about naturally,Rep/Lean Rep,Very conservative,65+,College graduate+,0.561078032636311
684974.0,Not much,Came about naturally,Dem/Lean Dem,Very liberal,30-49,College graduate+,0.32727486259458716
684983.0,Not much,Came about naturally,Dem/Lean Dem,Moderate,65+,College graduate+,0.18930857569764087
685156.0,None at all,Was developed intentionally in a lab,Dem/Lean Dem,Liberal,30-49,College graduate+,2.058538544656129
685702.0,Some,Not sure,Rep/Lean Rep,Moderate,50-64,College graduate+,0.23078620749798037
685770.0,Some,Came about naturally,Rep/Lean Rep,Very conservative,65+,College graduate+,0.28718500597209207
685807.0,Some,Came about naturally,Dem/Lean Dem,Liberal,65+,Some College,0.3262649169600645
685844.0,Some,Was developed intentionally in a lab,Rep/Lean Rep,Conservative,30-49,College graduate+,1.364594020618146
686190.0,A lot,Was developed intentionally in a lab,Rep/Lean Rep,Very conservative,50-64,Some College,0.25693013920861385
686406.0,None at all,Was developed intentionally in a lab,Rep/Lean Rep,Very conservative,50-64,Some College,0.36972463518470505
686429.0,Some,Came about naturally,Rep/Lean Rep,Conservative,50-64,College graduate+,0.5052504561221298
686595.0,Some,Was developed intentionally in a lab,Rep/Lean Rep,Conservative,65+,Some College,0.43934491567287387
686900.0,Some,Came about naturally,Dem/Lean Dem,Moderate,50-64,Some College,0.5734409404760061
686909.0,A lot,Came about naturally,Rep/Lean Rep,Conservative,30-49,Some College,0.6698218590489466
686950.0,None at all,Not sure,Rep/Lean Rep,Conservative,30-49,College graduate+,0.48838265962000493
687177.0,Not much,Was developed intentionally in a lab,Dem/Lean Dem,Very liberal,18-29,College graduate+,0.6485517599712088
687210.0,Not much,Came about naturally,Dem/Lean Dem,Moderate,30-49,College graduate+,0.487900150028922
687234.0,Not much,Came about naturally,Dem/Lean Dem,Liberal,50-64,College graduate+,0.20313757190989004
687424.0,Some,Came about naturally,Dem/Lean Dem,Liberal,65+,College graduate+,0.27472252543231557
687461.0,None at all,Came about naturally,Dem/Lean Dem,Very liberal,30-49,College graduate+,0.39618280167923603
687497.0,A lot,Was developed intentionally in a lab,Dem/Lean Dem,Very liberal,18-29,College graduate+,0.7510284183721385
687555.0,Not much,Came about naturally,Rep/Lean Rep,Very conservative,30-49,College graduate+,0.7291140261140074
687565.0,Not much,Was developed intentionally in a lab,Dem/Lean Dem,Liberal,50-64,Some College,1.2888124826341658
687904.0,Some,Not sure,Rep/Lean Rep,Moderate,50-64,H.S. graduate or less,2.371694340761707
687927.0,None at all,Came about naturally,Dem/Lean Dem,Very liberal,50-64,College graduate+,0.3688383177152402
688439.0,Not much,Not sure,Rep/Lean Rep,Moderate,50-64,College graduate+,0.22609697056393155
688489.0,Not much,Came about naturally,Dem/Lean Dem,Liberal,50-64,College graduate+,2.2183403182660335
688563.0,A lot,Came about naturally,Rep/Lean Rep,Moderate,18-29,College graduate+,0.4417102446780824
688663.0,Not much,Came about naturally,Rep/Lean Rep,Conservative,30-49,H.S. graduate or less,3.5689658546248215
688843.0,Not much,Came about naturally,Dem/Lean Dem,Liberal,18-29,College graduate+,0.8385541927394977
688926.0,Some,Came about naturally,Dem/Lean Dem,Very liberal,30-49,College graduate+,1.3573854898708604
689006.0,Some,Came about naturally,Rep/Lean Rep,Conservative,65+,H.S. graduate or less,2.1235911566895136
689043.0,Some,Came about naturally,Dem/Lean Dem,Very liberal,65+,Some College,0.4159413386662691
689447.0,None at all,Came about naturally,Rep/Lean Rep,Moderate,30-49,College graduate+,0.5560577221339493
689576.0,None at all,Came about naturally,Dem/Lean Dem,Very liberal,30-49,College graduate+,0.3206291340585848
689660.0,Not much,Came about naturally,Dem/Lean Dem,Liberal,65+,College graduate+,0.21076401771962838
689751.0,None at all,Came about naturally,Dem/Lean Dem,Moderate,50-64,College graduate+,0.21372520590383698
689800.0,Some,Came about naturally,Rep/Lean Rep,Conservative,50-64,Some College,0.47263330639362666
689914.0,Some,Was developed intentionally in a lab,Dem/Lean Dem,Moderate,30-49,College graduate+,0.5269891426108514
690065.0,Some,Came about naturally,Dem/Lean Dem,Moderate,18-29,College graduate+,1.3365857451592358
690094.0,Not much,Came about naturally,Dem/Lean Dem,Liberal,50-64,College graduate+,0.5895379020250633
690122.0,Not much,Came about naturally,Rep/Lean Rep,Conservative,50-64,College graduate+,0.584507396698288
690323.0,Some,Came about naturally,Rep/Lean Rep,Conservative,65+,College graduate+,0.4938060906587973
690385.0,Some,Came about naturally,Dem/Lean Dem,Moderate,65+,College graduate+,0.8464089308644885
690413.0,A lot,Was developed intentionally in a lab,Rep/Lean Rep,Conservative,30-49,College graduate+,0.9243769995234397
690567.0,A lot,Was developed intentionally in a lab,Rep/Lean Rep,Conservative,30-49,Some College,1.3554542691565838
690640.0,Not much,Came about naturally,Dem/Lean Dem,Liberal,30-49,College graduate+,0.7820290159816554
690650.0,A lot,Came about naturally,Dem/Lean Dem,Liberal,30-49,College graduate+,1.3530495674207672
690653.0,Not much,Was developed intentionally in a lab,Dem/Lean Dem,Liberal,50-64,Some College,0.7402988149951114
690715.0,Some,Came about naturally,Rep/Lean Rep,Very conservative,65+,College graduate+,0.5749938770349752
690834.0,Not much,Came about naturally,Dem/Lean Dem,Moderate,50-64,Some College,0.7485789293081199
690848.0,Some,Was developed intentionally in a lab,Rep/Lean Rep,Conservative,65+,Some College,0.884522665575274
690993.0,None at all,Came about naturally,Dem/Lean Dem,Moderate,50-64,College graduate+,0.30613918633521653
691042.0,A lot,Was developed intentionally in a lab,Rep/Lean Rep,Very conservative,30-49,Some College,0.8663683391784448
691056.0,None at all,Came about naturally,Dem/Lean Dem,Liberal,30-49,College graduate+,0.39694540601529216
691122.0,Not much,Refused,Dem/Lean Dem,Very liberal,65+,College graduate+,0.28067968514975083
691468.0,None at all,Was made accidentally in a lab,Rep/Lean Rep,Conservative,65+,Some College,1.1910849790118874
691480.0,None at all,Was developed intentionally in a lab,Dem/Lean Dem,Liberal,30-49,Some College,1.4200017801482296
691647.0,None at all,Not sure,Dem/Lean Dem,Conservative,65+,College graduate+,0.31464766480580686
691763.0,Not much,Came about naturally,Rep/Lean Rep,Conservative,30-49,College graduate+,0.5824593735021553
692016.0,Not much,Not sure,Dem/Lean Dem,Moderate,65+,Some College,0.4159413386662691
692221.0,Not much,Not sure,Rep/Lean Rep,Conservative,65+,College graduate+,0.41914551393260424
692394.0,Not much,Was developed intentionally in a lab,Dem/Lean Dem,Liberal,18-29,H.S. graduate or less,6.3183422250583465
692468.0,Not much,Came about naturally,Rep/Lean Rep,Conservative,50-64,H.S. graduate or less,1.2685312421133956
692527.0,Some,Came about naturally,Dem/Lean Dem,Very liberal,30-49,College graduate+,1.0247287814064574
692606.0,A lot,Not sure,Rep/Lean Rep,Moderate,50-64,Some College,0.34940072702146663
692611.0,A lot,Was developed intentionally in a lab,Rep/Lean Rep,Conservative,50-64,H.S. graduate or less,7.487621221765812
692812.0,None at all,Came about naturally,Rep/Lean Rep,Moderate,50-64,Some College,0.32866482350734133
692964.0,Some,Was developed intentionally in a lab,Rep/Lean Rep,Conservative,65+,H.S. graduate or less,4.740405604226812
692984.0,Not much,Refused,Dem/Lean Dem,Moderate,65+,H.S. graduate or less,1.2924039135701848
693140.0,None at all,Came about naturally,Dem/Lean Dem,Moderate,30-49,College graduate+,0.43306038470855224
693152.0,Some,Not sure,DK/Refused/No lean,Conservative,65+,H.S. graduate or less,2.1235911566895136
693522.0,None at all,Came about naturally,Dem/Lean Dem,Moderate,65+,College graduate+,0.22580619652156825
693525.0,Not much,Came about naturally,Dem/Lean Dem,Liberal,65+,College graduate+,0.16952634911363323
693563.0,None at all,Came about naturally,Rep/Lean Rep,Moderate,30-49,College graduate+,0.44705401190499194
693702.0,Not much,Refused,Dem/Lean Dem,Conservative,30-49,Some College,1.3080857605293257
694394.0,Not much,Came about naturally,Rep/Lean Rep,Conservative,65+,College graduate+,0.28718500597209207
694418.0,None at all,Not sure,Dem/Lean Dem,Liberal,50-64,Some College,0.812927696049244
694510.0,Some,Came about naturally,Dem/Lean Dem,Moderate,50-64,College graduate+,0.32127104808653617
694528.0,Not much,Came about naturally,Dem/Lean Dem,Very liberal,18-29,College graduate+,0.31315881887524266
694680.0,Not much,Came about naturally,Dem/Lean Dem,Liberal,18-29,College graduate+,1.2708427739323627
694740.0,Not much,Not sure,Rep/Lean Rep,Moderate,50-64,Some College,0.3411597125370771
694769.0,Not much,Refused,Dem/Lean Dem,Very liberal,50-64,College graduate+,1.3364309605531786
694952.0,Not much,Came about naturally,Dem/Lean Dem,Liberal,50-64,College graduate+,0.1409442639779348
695017.0,Some,Was developed intentionally in a lab,Rep/Lean Rep,Moderate,30-49,College graduate+,1.519051326551914
695046.0,Not much,Not sure,Dem/Lean Dem,Very liberal,30-49,College graduate+,1.519051326551914
695229.0,Not much,Came about naturally,Dem/Lean Dem,Very liberal,30-49,College graduate+,0.3680609800135317
695256.0,Not much,Not sure,Dem/Lean Dem,Moderate,30-49,College graduate+,0.3604661726981481
695314.0,Some,Was developed intentionally in a lab,Rep/Lean Rep,Moderate,30-49,College graduate+,0.43306038470855224
695368.0,Some,Was developed intentionally in a lab,Rep/Lean Rep,Very conservative,50-64,Some College,1.9713698904451296
695649.0,Some,Came about naturally,Rep/Lean Rep,Moderate,30-49,College graduate+,0.9781407021612221
695685.0,Not much,Was developed intentionally in a lab,Rep/Lean Rep,Conservative,65+,College graduate+,1.008594869048371
695742.0,Some,Came about naturally,Dem/Lean Dem,Moderate,50-64,College graduate+,0.5052504561221298
695793.0,None at all,Came about naturally,Rep/Lean Rep,Very conservative,30-49,College graduate+,0.5558311183635537
695859.0,Some,Was made accidentally in a lab,Rep/Lean Rep,Conservative,65+,Some College,1.5919655775568944
695958.0,None at all,Not sure,Rep/Lean Rep,Moderate,65+,College graduate+,0.4415814611290617
695981.0,None at all,Not sure,Rep/Lean Rep,Very conservative,30-49,College graduate+,0.4372381949008958
696037.0,None at all,Not sure,Rep/Lean Rep,Conservative,65+,College graduate+,0.24960377457431507
696056.0,Not much,Was developed intentionally in a lab,Rep/Lean Rep,Conservative,50-64,Some College,0.2874723717560743
696310.0,None at all,Came about naturally,Dem/Lean Dem,Liberal,65+,College graduate+,0.3631146217736896
696477.0,Not much,Came about naturally,Dem/Lean Dem,Moderate,30-49,Some College,0.8802493965737425
696563.0,Not much,Came about naturally,Dem/Lean Dem,Very liberal,50-64,College graduate+,0.2326032419849029
696770.0,Some,Was developed intentionally in a lab,DK/Refused/No lean,Moderate,50-64,H.S. graduate or less,2.2254294301711144
696998.0,Some,Came about naturally,Dem/Lean Dem,Moderate,65+,Some College,0.5174617346639645
697091.0,Some,Was developed intentionally in a lab,Rep/Lean Rep,Very conservative,50-64,College graduate+,0.49659288356165515
697424.0,Not much,Came about naturally,Dem/Lean Dem,Liberal,50-64,College graduate+,0.20313757190989004
697516.0,Not much,Not sure,Rep/Lean Rep,Conservative,30-49,College graduate+,0.49322320491043264
697526.0,Not much,Was developed intentionally in a lab,Rep/Lean Rep,Conservative,30-49,College graduate+,0.48838265962000493
697527.0,Not much,Came about naturally,Dem/Lean Dem,Liberal,30-49,College graduate+,0.3111994945422469
697595.0,Not much,Came about naturally,Dem/Lean Dem,Liberal,65+,Some College,2.235700710013516
697609.0,None at all,Not sure,Rep/Lean Rep,Conservative,65+,H.S. graduate or less,2.570710827037535
697622.0,Some,Came about naturally,Dem/Lean Dem,Conservative,50-64,Some College,0.8305243609629369
697647.0,Some,Not sure,Rep/Lean Rep,Very conservative,50-64,Some College,0.36972463518470505
697870.0,Not much,Not sure,Dem/Lean Dem,Liberal,65+,Some College,0.8449013133828984
698025.0,None at all,Came about naturally,Dem/Lean Dem,Conservative,65+,College graduate+,0.7201335047863648
698078.0,None at all,Not sure,Dem/Lean Dem,Liberal,18-29,College graduate+,0.21152913840685805
698257.0,Some,Came about naturally,Rep/Lean Rep,Conservative,65+,College graduate+,0.4280546019381889
698363.0,Not much,Came about naturally,Dem/Lean Dem,Liberal,65+,College graduate+,0.4118632994549787
698988.0,Not much,Came about naturally,Dem/Lean Dem,Liberal,65+,College graduate+,0.731697566812459
699014.0,Not much,Was made accidentally in a lab,Rep/Lean Rep,Conservative,65+,Some College,0.37830171774990956
699266.0,Some,Came about naturally,Rep/Lean Rep,Conservative,50-64,College graduate+,0.25324416642659153
699458.0,Some,Came about naturally,Rep/Lean Rep,Moderate,30-49,College graduate+,1.3971229480264995
699479.0,Some,Was developed intentionally in a lab,Rep/Lean Rep,Moderate,65+,College graduate+,0.24960377457431507
699679.0,A lot,Came about naturally,Rep/Lean Rep,Conservative,30-49,Some College,1.8374720430014018
699682.0,Not much,Not sure,Dem/Lean Dem,Moderate,30-49,Some College,0.6152502978544058
699716.0,A lot,Not sure,Rep/Lean Rep,Conservative,50-64,Some College,0.9235033507368926
699982.0,None at all,Came about naturally,Rep/Lean Rep,Conservative,30-49,College graduate+,0.38545452422460424
700248.0,Some,Came about naturally,Dem/Lean Dem,Liberal,50-64,College graduate+,0.4720559893154756
700475.0,None at all,Was developed intentionally in a lab,Dem/Lean Dem,Moderate,30-49,College graduate+,0.7329038801023382
700827.0,Not much,Came about naturally,Rep/Lean Rep,Conservative,65+,College graduate+,0.322261998860181
701067.0,Some,Refused,Dem/Lean Dem,Very liberal,65+,College graduate+,0.187283354724434
701069.0,Not much,Came about naturally,Dem/Lean Dem,Liberal,50-64,College graduate+,0.314211276057715
701140.0,Not much,Came about naturally,Rep/Lean Rep,Moderate,50-64,Some College,0.8162643363776078
701173.0,Not much,Came about naturally,Dem/Lean Dem,Liberal,65+,College graduate+,0.31700773711954594
701734.0,None at all,Came about naturally,Dem/Lean Dem,Liberal,30-49,College graduate+,0.28330752853283125
701776.0,None at all,Came about naturally,Dem/Lean Dem,Liberal,30-49,College graduate+,0.6925219965825834
701811.0,None at all,Not sure,Rep/Lean Rep,Moderate,30-49,H.S. graduate or less,1.9015387664733199
701820.0,Not much,Was developed intentionally in a lab,Dem/Lean Dem,Refused,50-64,Some College,0.3546357207259163
701994.0,A lot,Not sure,Dem/Lean Dem,Moderate,50-64,College graduate+,0.8122263819792181
702342.0,Some,Was developed intentionally in a lab,Rep/Lean Rep,Very conservative,50-64,Some College,1.0689738194523624
702398.0,Some,Not sure,Dem/Lean Dem,Moderate,50-64,Some College,0.5404260878450016
702650.0,None at all,Came about naturally,Dem/Lean Dem,Very liberal,50-64,College graduate+,0.3484445823071397
702737.0,None at all,Came about naturally,Dem/Lean Dem,Liberal,50-64,Some College,0.9648804258691981
702867.0,Not much,Refused,Rep/Lean Rep,Conservative,50-64,Some College,0.5034179150195847
702872.0,Not much,Came about naturally,Dem/Lean Dem,Very liberal,50-64,College graduate+,0.21372520590383698
702891.0,Some,Came about naturally,Rep/Lean Rep,Conservative,30-49,College graduate+,1.1720302000931735
702902.0,Not much,Came about naturally,Dem/Lean Dem,Moderate,30-49,College graduate+,0.7209835244243992
702974.0,Some,Not sure,Dem/Lean Dem,Liberal,30-49,College graduate+,0.758525813369407
703033.0,None at all,Refused,Dem/Lean Dem,Moderate,65+,College graduate+,0.6317795013892111
703189.0,Not much,Was developed intentionally in a lab,Dem/Lean Dem,Moderate,50-64,College graduate+,0.4879381023307266
703526.0,Not much,Was developed intentionally in a lab,Rep/Lean Rep,Very conservative,50-64,Some College,0.3515384967079613
703590.0,Some,Was developed intentionally in a lab,Rep/Lean Rep,Conservative,50-64,Some College,0.9877825586449938
703867.0,Not much,Not sure,Rep/Lean Rep,Conservative,50-64,H.S. graduate or less,7.487621221765812
703882.0,Some,Not sure,Dem/Lean Dem,Liberal,50-64,H.S. graduate or less,2.4340012763169137
704057.0,Not much,Refused,Dem/Lean Dem,Refused,30-49,H.S. graduate or less,6.042858180915219
704216.0,A lot,Not sure,Rep/Lean Rep,Very conservative,50-64,College graduate+,0.5203600204013455
704965.0,Not much,Came about naturally,Dem/Lean Dem,Moderate,18-29,College graduate+,0.5845210215074375
705066.0,Not much,Not sure,Rep/Lean Rep,Conservative,30-49,College graduate+,0.6281830345909123
705069.0,None at all,Came about naturally,Dem/Lean Dem,Very liberal,65+,College graduate+,0.3631146217736896
705449.0,Some,Came about naturally,Dem/Lean Dem,Moderate,65+,College graduate+,0.35631151696197294
705453.0,Not much,Came about naturally,Dem/Lean Dem,Moderate,50-64,Some College,1.1253571329095
705522.0,None at all,Not sure,Dem/Lean Dem,Liberal,50-64,College graduate+,0.37475878331618767
705647.0,Some,Was developed intentionally in a lab,DK/Refused/No lean,Moderate,30-49,Some College,2.0253985583360015
705738.0,Not much,Came about naturally,Dem/Lean Dem,Moderate,50-64,College graduate+,0.31892423108945606
705775.0,Not much,Was developed intentionally in a lab,Rep/Lean Rep,Moderate,65+,Some College,1.0382563102063362
705843.0,Not much,Came about naturally,Dem/Lean Dem,Moderate,50-64,H.S. graduate or less,2.306636422019494
706103.0,Not much,Came about naturally,Dem/Lean Dem,Liberal,30-49,College graduate+,0.9243769995234397
706169.0,Not much,Was developed intentionally in a lab,DK/Refused/No lean,Very conservative,30-49,Some College,1.386462084790581
706179.0,Some,Came about naturally,Dem/Lean Dem,Moderate,18-29,H.S. graduate or less,1.116889910052816
706220.0,Some,Came about naturally,Dem/Lean Dem,Liberal,65+,College graduate+,0.1644627506853584
706347.0,Not much,Was developed intentionally in a lab,Rep/Lean Rep,Very conservative,30-49,Some College,0.5405495782821258
706680.0,Some,Came about naturally,Dem/Lean Dem,Moderate,50-64,College graduate+,0.3845194120995435
706958.0,Some,Came about naturally,Rep/Lean Rep,Conservative,30-49,College graduate+,0.629783210443301
706967.0,A lot,Came about naturally,Dem/Lean Dem,Moderate,30-49,Some College,0.7658596093560879
706977.0,Some,Came about naturally,Dem/Lean Dem,Liberal,50-64,College graduate+,0.2326032419849029
707092.0,Some,Came about naturally,Dem/Lean Dem,Liberal,65+,College graduate+,0.27472252543231557
707352.0,Not much,Doesn’t really exist,Dem/Lean Dem,Moderate,50-64,H.S. graduate or less,7.487621221765812
707466.0,Not much,Came about naturally,Dem/Lean Dem,Very liberal,30-49,College graduate+,0.314211276057715
707610.0,Some,Was made accidentally in a lab,Rep/Lean Rep,Moderate,18-29,College graduate+,0.4417102446780824
707619.0,Some,Came about naturally,Rep/Lean Rep,Very conservative,30-49,H.S. graduate or less,0.39414141573521355
707685.0,Not much,Came about naturally,Rep/Lean Rep,Moderate,50-64,Some College,0.3613555868673831
707768.0,Not much,Was developed intentionally in a lab,Rep/Lean Rep,Conservative,50-64,H.S. graduate or less,2.848680736710219
707793.0,None at all,Came about naturally,Dem/Lean Dem,Moderate,50-64,College graduate+,0.2830640019530668
707850.0,Some,Came about naturally,Dem/Lean Dem,Moderate,50-64,College graduate+,0.28251322956727914
707861.0,None at all,Came about naturally,Dem/Lean Dem,Liberal,65+,College graduate+,0.6475639786391684
707980.0,None at all,Came about naturally,Dem/Lean Dem,Moderate,50-64,Some College,0.8728240632307182
707994.0,Some,Came about naturally,Dem/Lean Dem,Moderate,50-64,Some College,0.653676850813965
708084.0,Not much,Came about naturally,Dem/Lean Dem,Very liberal,65+,College graduate+,0.35631151696197294
708179.0,None at all,Not sure,Dem/Lean Dem,Moderate,50-64,College graduate+,0.19540567166617795
708280.0,Not much,Came about naturally,Rep/Lean Rep,Moderate,65+,College graduate+,0.37995031658406214
708383.0,Not much,Came about naturally,Dem/Lean Dem,Liberal,65+,College graduate+,0.4118632994549787
708536.0,A lot,Not sure,Dem/Lean Dem,Moderate,65+,H.S. graduate or less,3.5204675355583825
708688.0,Not much,Came about naturally,Dem/Lean Dem,Liberal,50-64,College graduate+,0.24558607931373702
708734.0,Not much,Was developed intentionally in a lab,Dem/Lean Dem,Conservative,50-64,College graduate+,0.4516805361793356
708867.0,Not much,Came about naturally,Dem/Lean Dem,Moderate,50-64,College graduate+,0.2763450083576254
708901.0,Some,Was developed intentionally in a lab,Dem/Lean Dem,Liberal,30-49,College graduate+,0.314211276057715
708956.0,A lot,Was developed intentionally in a lab,Rep/Lean Rep,Moderate,30-49,Some College,0.5283179923594749
709277.0,Some,Not sure,Rep/Lean Rep,Conservative,30-49,College graduate+,0.5074960834296296
709312.0,Some,Came about naturally,Dem/Lean Dem,Liberal,18-29,College graduate+,0.9107029332599886
709593.0,None at all,Was developed intentionally in a lab,Rep/Lean Rep,Conservative,50-64,H.S. graduate or less,3.087350310111139
709677.0,Some,Came about naturally,Dem/Lean Dem,Moderate,65+,Some College,0.3262649169600645
709781.0,A lot,Came about naturally,Dem/Lean Dem,Liberal,65+,College graduate+,0.31700773711954594
710053.0,Some,Came about naturally,Rep/Lean Rep,Conservative,65+,Some College,1.5919655775568944
710173.0,None at all,Was made accidentally in a lab,Dem/Lean Dem,Very liberal,65+,College graduate+,1.0625360661432324
710199.0,Not much,Came about naturally,Dem/Lean Dem,Moderate,30-49,College graduate+,0.42504150349963726
710257.0,A lot,Was made accidentally in a lab,Dem/Lean Dem,Moderate,50-64,Some College,0.48293352999506645
710339.0,Some,Was developed intentionally in a lab,Rep/Lean Rep,Very conservative,65+,Some College,0.4550438158965828
710450.0,None at all,Was developed intentionally in a lab,Dem/Lean Dem,Moderate,50-64,H.S. graduate or less,1.6394084608042891
710468.0,None at all,Not sure,Dem/Lean Dem,Moderate,50-64,College graduate+,0.2071585362363679
710746.0,Not much,Refused,Rep/Lean Rep,Conservative,65+,College graduate+,0.8508720900061747
710762.0,Some,Came about naturally,Dem/Lean Dem,Liberal,30-49,Some College,0.8007012886495779
710918.0,Some,Came about naturally,Rep/Lean Rep,Conservative,18-29,College graduate+,0.47812055176334556
710952.0,Not much,Not sure,Rep/Lean Rep,Conservative,30-49,Some College,1.6199953132144274
710957.0,Not much,Was made accidentally in a lab,Rep/Lean Rep,Moderate,50-64,College graduate+,0.44705401190499194
711028.0,Some,Came about naturally,Dem/Lean Dem,Liberal,65+,College graduate+,0.62526829337726
711192.0,None at all,Was developed intentionally in a lab,Rep/Lean Rep,Conservative,50-64,Some College,0.25693013920861385
711217.0,Not much,Came about naturally,Dem/Lean Dem,Very liberal,30-49,College graduate+,0.8598681241907115
711370.0,Some,Was developed intentionally in a lab,Rep/Lean Rep,Conservative,50-64,College graduate+,0.5750624580553446
711429.0,Some,Doesn’t really exist,Dem/Lean Dem,Moderate,18-29,College graduate+,3.2259162244244264
711503.0,Some,Came about naturally,Rep/Lean Rep,Conservative,30-49,College graduate+,0.49322320491043264
711936.0,None at all,Came about naturally,Rep/Lean Rep,Conservative,50-64,College graduate+,0.4734630670267403
712090.0,None at all,Was developed intentionally in a lab,Dem/Lean Dem,Moderate,50-64,College graduate+,0.4094636195140061
712301.0,A lot,Came about naturally,DK/Refused/No lean,Moderate,50-64,H.S. graduate or less,2.764738363014458
712312.0,Some,Was developed intentionally in a lab,Rep/Lean Rep,Liberal,50-64,Some College,3.2384619561427477
712906.0,None at all,Came about naturally,Dem/Lean Dem,Moderate,50-64,College graduate+,0.6703145911090845
712939.0,Some,Came about naturally,Rep/Lean Rep,Moderate,30-49,College graduate+,0.38018748676162484
712988.0,A lot,Was made accidentally in a lab,Rep/Lean Rep,Very conservative,65+,Some College,1.2233230930744419
713049.0,Not much,Came about naturally,Dem/Lean Dem,Moderate,65+,College graduate+,0.27472252543231557
713150.0,Some,Not sure,Rep/Lean Rep,Conservative,65+,Some College,1.2236983771797731
713242.0,None at all,Came about naturally,Dem/Lean Dem,Very liberal,65+,College graduate+,0.33123870823238416
713531.0,Not much,Came about naturally,Dem/Lean Dem,Liberal,50-64,College graduate+,0.528885986616807
713534.0,Not much,Came about naturally,Rep/Lean Rep,Conservative,30-49,College graduate+,1.3543584620436186
714086.0,None at all,Came about naturally,Dem/Lean Dem,Very liberal,50-64,College graduate+,0.8485019022729271
714116.0,Not much,Came about naturally,Dem/Lean Dem,Moderate,65+,College graduate+,0.3547698801388691
714196.0,Not much,Came about naturally,Dem/Lean Dem,Very liberal,18-29,College graduate+,2.943265364942931
714240.0,A lot,Not sure,Rep/Lean Rep,Moderate,65+,H.S. graduate or less,2.570710827037535
714266.0,Not much,Came about naturally,Dem/Lean Dem,Liberal,65+,College graduate+,0.2559752922890272
714287.0,Not much,Came about naturally,Dem/Lean Dem,Liberal,65+,Some College,0.3156760096714173
714617.0,A lot,Was developed intentionally in a lab,Rep/Lean Rep,Very conservative,30-49,College graduate+,3.204635384011737
714715.0,None at all,Came about naturally,Rep/Lean Rep,Conservative,50-64,Some College,0.8162643363776078
714848.0,Not much,Came about naturally,Dem/Lean Dem,Moderate,30-49,College graduate+,1.718594514073378
714868.0,Not much,Not sure,Rep/Lean Rep,Conservative,65+,College graduate+,0.2228900847276511
715110.0,Not much,Was made accidentally in a lab,Rep/Lean Rep,Conservative,50-64,College graduate+,0.443633134753424
715237.0,Not much,Was developed intentionally in a lab,Rep/Lean Rep,Conservative,65+,College graduate+,0.7424264215846899
715250.0,Not much,Came about naturally,Rep/Lean Rep,Moderate,30-49,College graduate+,0.4228550525127948
715453.0,A lot,Came about naturally,Dem/Lean Dem,Liberal,50-64,College graduate+,0.20313757190989004
715486.0,Some,Was developed intentionally in a lab,Rep/Lean Rep,Conservative,30-49,Some College,0.4843338704683956
715537.0,None at all,Came about naturally,Rep/Lean Rep,Conservative,50-64,College graduate+,0.443633134753424
715608.0,Some,Not sure,Dem/Lean Dem,Liberal,30-49,College graduate+,0.37078449696298443
715655.0,Some,Came about naturally,Dem/Lean Dem,Liberal,30-49,Some College,1.266983397879042
716243.0,A lot,Not sure,Rep/Lean Rep,Very conservative,65+,Some College,1.2149090516559669
716244.0,Not much,Came about naturally,Dem/Lean Dem,Moderate,50-64,College graduate+,0.44732242553576856
716383.0,Some,Came about naturally,Dem/Lean Dem,Moderate,50-64,College graduate+,0.25977479373231127
716386.0,A lot,Was developed intentionally in a lab,Dem/Lean Dem,Conservative,50-64,College graduate+,0.2326032419849029
716558.0,Some,Not sure,Dem/Lean Dem,Moderate,30-49,Some College,1.6322292590555523
716589.0,Not much,Came about naturally,Dem/Lean Dem,Moderate,50-64,College graduate+,0.636057197923978
717297.0,A lot,Came about naturally,Rep/Lean Rep,Conservative,65+,Some College,1.1910849790118874
718173.0,None at all,Came about naturally,Rep/Lean Rep,Very conservative,50-64,College graduate+,0.6665541827663765
718183.0,Not much,Came about naturally,Dem/Lean Dem,Very liberal,65+,College graduate+,0.8235776696246699
718195.0,Not much,Was made accidentally in a lab,Dem/Lean Dem,Moderate,18-29,Some College,5.063985851065774
718333.0,Some,Not sure,Dem/Lean Dem,Very liberal,50-64,College graduate+,1.6742221985778512
718527.0,Not much,Was made accidentally in a lab,Rep/Lean Rep,Moderate,65+,College graduate+,0.2526863107453245
718594.0,Some,Came about naturally,Dem/Lean Dem,Very liberal,50-64,Some College,0.6439130572263572
718607.0,Some,Came about naturally,Rep/Lean Rep,Conservative,50-64,H.S. graduate or less,1.0939143818377044
718655.0,None at all,Came about naturally,Rep/Lean Rep,Conservative,50-64,College graduate+,0.2692073222909599
718806.0,Some,Came about naturally,Rep/Lean Rep,Moderate,30-49,College graduate+,1.08398022470777
719124.0,Some,Came about naturally,Rep/Lean Rep,Conservative,50-64,College graduate+,0.23078620749798037
719526.0,Some,Not sure,Dem/Lean Dem,Liberal,50-64,College graduate+,0.2071585362363679
719810.0,Some,Came about naturally,Rep/Lean Rep,Conservative,65+,Some College,0.38715864645441284
719892.0,Not much,Came about naturally,Dem/Lean Dem,Liberal,65+,College graduate+,0.187283354724434
720374.0,Some,Was developed intentionally in a lab,Rep/Lean Rep,Very conservative,65+,H.S. graduate or less,3.4558192938757193
720429.0,Some,Not sure,Dem/Lean Dem,Liberal,30-49,College graduate+,0.8598681241907115
720440.0,A lot,Came about naturally,Rep/Lean Rep,Conservative,18-29,College graduate+,1.3365857451592358
720654.0,Not much,Was developed intentionally in a lab,Rep/Lean Rep,Conservative,18-29,Some College,4.832956374292194
720786.0,Some,Was developed intentionally in a lab,Rep/Lean Rep,Very conservative,50-64,Some College,0.27195833450079315
720793.0,Not much,Came about naturally,Dem/Lean Dem,Very liberal,50-64,College graduate+,0.7404250531134534
720853.0,None at all,Not sure,Dem/Lean Dem,Very conservative,65+,College graduate+,0.22140366395124494
720932.0,Some,Not sure,Rep/Lean Rep,Conservative,65+,Some College,1.0692211527818647
721048.0,None at all,Came about naturally,Dem/Lean Dem,Very liberal,18-29,College graduate+,0.5757763034169829
721167.0,A lot,Not sure,Rep/Lean Rep,Moderate,50-64,College graduate+,0.5899957434025324
721403.0,None at all,Came about naturally,Dem/Lean Dem,Liberal,50-64,College graduate+,0.4720559893154756
721560.0,Not much,Came about naturally,Rep/Lean Rep,Conservative,50-64,College graduate+,0.44705401190499194
721626.0,A lot,Came about naturally,Dem/Lean Dem,Moderate,65+,College graduate+,0.16952634911363323
722130.0,Not much,Came about naturally,Rep/Lean Rep,Moderate,65+,Some College,0.3361813927087328
722222.0,Some,Was developed intentionally in a lab,Rep/Lean Rep,Very conservative,50-64,H.S. graduate or less,2.6160887910586395
722225.0,Not much,Came about naturally,Rep/Lean Rep,Moderate,65+,Some College,0.7252689556497361
722360.0,Some,Was made accidentally in a lab,Rep/Lean Rep,Conservative,50-64,College graduate+,0.3590578667638715
722617.0,None at all,Came about naturally,Dem/Lean Dem,Moderate,30-49,College graduate+,0.40815452300963284
723107.0,None at all,Not sure,Dem/Lean Dem,Liberal,50-64,College graduate+,0.4479702720005671
723240.0,Not much,Not sure,Rep/Lean Rep,Moderate,65+,College graduate+,1.008594869048371
723329.0,Not much,Came about naturally,Dem/Lean Dem,Liberal,30-49,College graduate+,0.28956493189991084
723561.0,Not much,Came about naturally,Dem/Lean Dem,Moderate,50-64,Some College,0.6609292601978294
723758.0,Some,Came about naturally,Dem/Lean Dem,Very liberal,65+,College graduate+,0.2237721680863777
724043.0,Some,Came about naturally,Rep/Lean Rep,Conservative,18-29,College graduate+,0.4898943456222849
724064.0,None at all,Was developed intentionally in a lab,Dem/Lean Dem,Moderate,30-49,Some College,0.2578492399860925
724172.0,Not much,Was developed intentionally in a lab,Rep/Lean Rep,Conservative,65+,College graduate+,0.6059767267875358
724338.0,Some,Came about naturally,Dem/Lean Dem,Moderate,30-49,College graduate+,0.38916211978867576
724403.0,A lot,Came about naturally,Dem/Lean Dem,Liberal,18-29,College graduate+,0.5195499594948413
724418.0,None at all,Not sure,Dem/Lean Dem,Liberal,30-49,College graduate+,1.0565457964925558
724791.0,None at all,Came about naturally,Dem/Lean Dem,Liberal,30-49,College graduate+,0.7414053512445121
724895.0,Some,Not sure,Rep/Lean Rep,Conservative,65+,College graduate+,0.561078032636311
725410.0,A lot,Was developed intentionally in a lab,Rep/Lean Rep,Very conservative,50-64,College graduate+,0.5805143085338328
725476.0,Not much,Doesn’t really exist,Dem/Lean Dem,Conservative,18-29,Some College,4.860349148814167
725561.0,Not much,Not sure,Dem/Lean Dem,Moderate,50-64,Some College,0.4191836998465601
726121.0,None at all,Not sure,Dem/Lean Dem,Liberal,50-64,H.S. graduate or less,0.9387504753022259
726202.0,Some,Was developed intentionally in a lab,Rep/Lean Rep,Moderate,30-49,College graduate+,0.5158848355642376
726343.0,Not much,Came about naturally,Dem/Lean Dem,Moderate,50-64,Some College,0.8162643363776078
726450.0,None at all,Came about naturally,Rep/Lean Rep,Moderate,65+,Some College,1.4046846332993161
726699.0,Some,Came about naturally,Rep/Lean Rep,Conservative,30-49,College graduate+,0.4425879654097782
726963.0,Not much,Came about naturally,Rep/Lean Rep,Moderate,65+,H.S. graduate or less,3.033639965428159
727271.0,Some,Was developed intentionally in a lab,Rep/Lean Rep,Conservative,18-29,College graduate+,1.008754337065913
201501115596.0,None at all,Was developed intentionally in a lab,Rep/Lean Rep,Moderate,65+,Some College,4.079090332208874
201501116284.0,Not much,Came about naturally,Dem/Lean Dem,Liberal,30-49,College graduate+,0.314211276057715
201501116636.0,None at all,Came about naturally,Rep/Lean Rep,Conservative,65+,College graduate+,0.4280546019381889
201501116990.0,Not much,Came about naturally,Dem/Lean Dem,Moderate,65+,College graduate+,0.6826759124840668
201501117200.0,Not much,Was made accidentally in a lab,Dem/Lean Dem,Moderate,65+,Some College,0.3361813927087328
201501118352.0,Not much,Not sure,Dem/Lean Dem,Liberal,65+,H.S. graduate or less,1.5414388702001378
201501118947.0,None at all,Came about naturally,Rep/Lean Rep,Very conservative,65+,H.S. graduate or less,2.5261792149779696
201501118992.0,A lot,Was developed intentionally in a lab,Dem/Lean Dem,Moderate,18-29,H.S. graduate or less,2.133398917955856
201501119723.0,Some,Came about naturally,Rep/Lean Rep,Conservative,50-64,Some College,0.44265066071332193
201501120446.0,Some,Was developed intentionally in a lab,Rep/Lean Rep,Conservative,50-64,College graduate+,0.5588242427559511
201501120917.0,Some,Came about naturally,Dem/Lean Dem,Liberal,50-64,H.S. graduate or less,1.0854015486572484
201501121366.0,Not much,Came about naturally,Dem/Lean Dem,Liberal,50-64,College graduate+,0.4583816007988759
201501121470.0,None at all,Came about naturally,Dem/Lean Dem,Very liberal,50-64,College graduate+,0.4583816007988759
201501121676.0,Some,Was developed intentionally in a lab,Rep/Lean Rep,Moderate,50-64,Some College,1.5202607753912711
201501122274.0,Some,Came about naturally,Dem/Lean Dem,Liberal,65+,College graduate+,0.35631151696197294
201501122694.0,Some,Came about naturally,Dem/Lean Dem,Moderate,65+,H.S. graduate or less,1.611241201767035
201501122831.0,None at all,Came about naturally,Dem/Lean Dem,Conservative,50-64,H.S. graduate or less,1.114896958342298
201501123196.0,None at all,Came about naturally,Dem/Lean Dem,Moderate,50-64,College graduate+,0.5895379020250633
201501123756.0,Not much,Was made accidentally in a lab,Rep/Lean Rep,Conservative,65+,Some College,0.32227800335190165
201501123812.0,Not much,Was made accidentally in a lab,Rep/Lean Rep,Conservative,65+,College graduate+,0.5414927161496371
201501124109.0,Some,Came about naturally,Rep/Lean Rep,Very conservative,65+,College graduate+,0.2597920219128353
201501124295.0,Some,Came about naturally,Dem/Lean Dem,Very liberal,65+,College graduate+,0.18930857569764087
201501124578.0,Not much,Came about naturally,Dem/Lean Dem,Moderate,65+,Some College,0.5174617346639645
201501125098.0,Not much,Not sure,Rep/Lean Rep,Moderate,30-49,H.S. graduate or less,0.8466565481993377
201501125369.0,Some,Came about naturally,Rep/Lean Rep,Moderate,30-49,Some College,2.860250263231308
201501125638.0,None at all,Came about naturally,Dem/Lean Dem,Very conservative,65+,Some College,0.5733150940683063
201501126064.0,None at all,Not sure,Dem/Lean Dem,Moderate,65+,College graduate+,0.5803723633964334
201501126328.0,A lot,Came about naturally,Rep/Lean Rep,Very conservative,50-64,College graduate+,0.3102954082448866
201501126872.0,Some,Came about naturally,Dem/Lean Dem,Moderate,50-64,College graduate+,0.36032953440962434
201501127058.0,None at all,Came about naturally,Dem/Lean Dem,Very liberal,65+,College graduate+,0.21076401771962838
201501127185.0,Not much,Was made accidentally in a lab,Rep/Lean Rep,Very conservative,65+,H.S. graduate or less,1.0754240813451807
201501127373.0,Some,Not sure,Rep/Lean Rep,Conservative,65+,College graduate+,0.5406845667011475
201501127492.0,Some,Came about naturally,Dem/Lean Dem,Liberal,65+,H.S. graduate or less,0.66509065733805
201501128270.0,Not much,Was developed intentionally in a lab,Dem/Lean Dem,Moderate,50-64,Some College,0.9902662396522154
201501128394.0,None at all,Not sure,Dem/Lean Dem,Liberal,65+,College graduate+,0.28067968514975083
201501128618.0,None at all,Not sure,Dem/Lean Dem,Moderate,65+,Some College,0.754905525400222
201501128684.0,Some,Came about naturally,Rep/Lean Rep,Conservative,65+,Some College,0.501097021579651
201501129116.0,Not much,Came about naturally,Dem/Lean Dem,Liberal,65+,Some College,1.167235633551961
201501129502.0,Not much,Came about naturally,Rep/Lean Rep,Very conservative,50-64,Some College,1.1110270430172904
201501130100.0,None at all,Came about naturally,Dem/Lean Dem,Moderate,30-49,Some College,0.6198102823849054
201501130193.0,Not much,Came about naturally,Rep/Lean Rep,Conservative,65+,Some College,1.0206410809223907
201501130561.0,Some,Was developed intentionally in a lab,Rep/Lean Rep,Very conservative,65+,H.S. graduate or less,1.0867888640122716
201501131385.0,Some,Came about naturally,Rep/Lean Rep,Conservative,65+,Some College,0.5133480775464817
201501131825.0,Not much,Came about naturally,Dem/Lean Dem,Liberal,30-49,Some College,0.9456104635015993
201501131831.0,Not much,Came about naturally,Dem/Lean Dem,Moderate,65+,College graduate+,0.21076401771962838
201501132727.0,Some,Came about naturally,Dem/Lean Dem,Liberal,65+,College graduate+,0.27472252543231557
201501133040.0,None at all,Came about naturally,Dem/Lean Dem,Very liberal,65+,Some College,0.7356999594242559
201501133880.0,None at all,Came about naturally,Dem/Lean Dem,Moderate,65+,College graduate+,0.4118632994549787
201501134096.0,Not much,Came about naturally,Rep/Lean Rep,Very conservative,65+,H.S. graduate or less,1.058379843963569
201501134223.0,A lot,Was developed intentionally in a lab,Rep/Lean Rep,Conservative,65+,College graduate+,0.6495562566747287
201501134505.0,Some,Came about naturally,DK/Refused/No lean,Liberal,30-49,College graduate+,0.931416884041175
201501135193.0,Not much,Came about naturally,Dem/Lean Dem,Liberal,18-29,College graduate+,1.0565457964925558
201501135898.0,A lot,Was developed intentionally in a lab,Rep/Lean Rep,Very conservative,50-64,College graduate+,0.25641278876705387
201501135971.0,Not much,Came about naturally,Rep/Lean Rep,Moderate,30-49,College graduate+,0.5093639646895178
201501136088.0,Some,Came about naturally,Rep/Lean Rep,Moderate,30-49,College graduate+,0.20459117538633412
201501136478.0,Some,Was made accidentally in a lab,Rep/Lean Rep,Conservative,30-49,H.S. graduate or less,2.8683008559499
201501136603.0,None at all,Came about naturally,Dem/Lean Dem,Moderate,50-64,Some College,0.5238903056203935
201501136658.0,Some,Was developed intentionally in a lab,Rep/Lean Rep,Conservative,50-64,Some College,0.5037805583145222
201501136674.0,Not much,Not sure,Dem/Lean Dem,Conservative,65+,H.S. graduate or less,0.8474203542828977
201501136677.0,Some,Not sure,Dem/Lean Dem,Moderate,50-64,H.S. graduate or less,4.061188600584217
201501137331.0,None at all,Came about naturally,Dem/Lean Dem,Liberal,65+,H.S. graduate or less,2.227363980183724
201501137351.0,Some,Not sure,Rep/Lean Rep,Moderate,65+,Some College,0.4521178044972883
201501137504.0,Not much,Came about naturally,Dem/Lean Dem,Very liberal,65+,College graduate+,0.21076401771962838
201501138764.0,None at all,Was developed intentionally in a lab,Dem/Lean Dem,Very conservative,50-64,College graduate+,1.1845643844193117
201501140066.0,Some,Was made accidentally in a lab,Rep/Lean Rep,Conservative,65+,Some College,0.908028761407938
201501140481.0,None at all,Was developed intentionally in a lab,Rep/Lean Rep,Moderate,18-29,College graduate+,1.2705301024534614
201501140690.0,Some,Came about naturally,Dem/Lean Dem,Moderate,65+,Some College,0.8026363947441462
201501140758.0,Not much,Came about naturally,Dem/Lean Dem,Moderate,65+,College graduate+,0.18930857569764087
201501140868.0,Not much,Was developed intentionally in a lab,Rep/Lean Rep,Conservative,65+,H.S. graduate or less,1.3983511629046745
201501141484.0,Some,Came about naturally,Dem/Lean Dem,Liberal,30-49,College graduate+,0.30446087487465623
201501141976.0,None at all,Was developed intentionally in a lab,Dem/Lean Dem,Moderate,65+,Some College,0.3899262483536219
201501142584.0,A lot,Came about naturally,Dem/Lean Dem,Moderate,50-64,Some College,0.8677606814306725
201501142655.0,Some,Came about naturally,Dem/Lean Dem,Moderate,50-64,College graduate+,0.6677306377059066
201501143029.0,Not much,Refused,Rep/Lean Rep,Very conservative,65+,Some College,0.501097021579651
201501144178.0,Not much,Came about naturally,Dem/Lean Dem,Moderate,50-64,College graduate+,0.4094636195140061
201501144662.0,Not much,Came about naturally,Dem/Lean Dem,Liberal,50-64,College graduate+,0.2326032419849029
201501144719.0,A lot,Was developed intentionally in a lab,Rep/Lean Rep,Very conservative,65+,H.S. graduate or less,1.4907256776069069
201501144785.0,Not much,Not sure,Rep/Lean Rep,Conservative,50-64,Some College,2.3790982554463516
201501145023.0,Some,Was developed intentionally in a lab,Rep/Lean Rep,Conservative,65+,College graduate+,0.8746997294893075
201501145170.0,Not much,Came about naturally,Dem/Lean Dem,Moderate,65+,College graduate+,0.22748396859865705
201501145218.0,Not much,Not sure,Rep/Lean Rep,Conservative,65+,College graduate+,0.4382791325939977
201501145728.0,Not much,Came about naturally,Rep/Lean Rep,Conservative,65+,College graduate+,0.24960377457431507
201501146307.0,Not much,Refused,Rep/Lean Rep,Very conservative,50-64,H.S. graduate or less,3.8919518928763277
201501146773.0,None at all,Not sure,Rep/Lean Rep,Conservative,65+,Some College,1.1274026450191947
201501146850.0,None at all,Came about naturally,Dem/Lean Dem,Moderate,65+,Some College,1.039618785463161
201501147228.0,Some,Came about naturally,Rep/Lean Rep,Conservative,50-64,College graduate+,0.5703063293653231
201501147653.0,Some,Came about naturally,Rep/Lean Rep,Moderate,65+,College graduate+,0.5803723633964334
201501148011.0,Not much,Not sure,Rep/Lean Rep,Conservative,65+,Some College,1.5919655775568944
201501148076.0,Not much,Not sure,Dem/Lean Dem,Liberal,50-64,Some College,0.6081911658572507
201501149791.0,Not much,Came about naturally,Dem/Lean Dem,Liberal,50-64,College graduate+,0.2326032419849029
201501151839.0,Some,Refused,Rep/Lean Rep,Conservative,30-49,College graduate+,0.5750624580553446
201501153045.0,Not much,Came about naturally,Dem/Lean Dem,Liberal,65+,College graduate+,0.31700773711954594
201501157252.0,Some,Came about naturally,Dem/Lean Dem,Very liberal,50-64,College graduate+,0.2326032419849029
201501157549.0,Some,Not sure,Dem/Lean Dem,Moderate,65+,College graduate+,1.046360314443209
201501160555.0,Not much,Not sure,Rep/Lean Rep,Conservative,50-64,Some College,0.8728240632307182
201501160842.0,Some,Came about naturally,Rep/Lean Rep,Very conservative,65+,Some College,0.5333703046943052
201501163862.0,Some,Came about naturally,Dem/Lean Dem,Moderate,30-49,College graduate+,0.37866554073156944
201501165099.0,A lot,Not sure,Dem/Lean Dem,Liberal,65+,Some College,1.0583103900291735
201501165357.0,None at all,Came about naturally,Dem/Lean Dem,Moderate,50-64,College graduate+,0.2326032419849029
201501165942.0,Not much,Was made accidentally in a lab,Dem/Lean Dem,Very liberal,65+,College graduate+,0.31700773711954594
201501167736.0,Some,Not sure,Rep/Lean Rep,Conservative,65+,College graduate+,0.5548564996706745
201501168853.0,Not much,Came about naturally,Dem/Lean Dem,Moderate,30-49,College graduate+,0.4228550525127948
201501169888.0,Not much,Came about naturally,Dem/Lean Dem,Moderate,50-64,College graduate+,0.2326032419849029
201501172402.0,Some,Doesn’t really exist,Rep/Lean Rep,Conservative,50-64,H.S. graduate or less,0.35120989471396485
201501173112.0,Some,Came about naturally,Rep/Lean Rep,Moderate,50-64,College graduate+,0.6323267760894709
201501173352.0,Not much,Came about naturally,Rep/Lean Rep,Very conservative,65+,Some College,0.6868392749896917
201501175156.0,Not much,Not sure,Rep/Lean Rep,Conservative,65+,Some College,0.38668110394946953
201501175652.0,Some,Came about naturally,Dem/Lean Dem,Conservative,65+,College graduate+,0.22140366395124494
201501175921.0,Not much,Not sure,Rep/Lean Rep,Very conservative,65+,Some College,0.5848902857750223
201501176920.0,Not much,Came about naturally,Dem/Lean Dem,Conservative,50-64,College graduate+,0.20313757190989004
201501176961.0,Not much,Was developed intentionally in a lab,Rep/Lean Rep,Conservative,50-64,Some College,0.6324314438059461
201501177102.0,A lot,Was made accidentally in a lab,Dem/Lean Dem,Liberal,50-64,College graduate+,0.39955519523097355
201501177557.0,Not much,Came about naturally,Dem/Lean Dem,Moderate,65+,College graduate+,0.8979371431884446
201501177961.0,Some,Not sure,Rep/Lean Rep,Conservative,65+,College graduate+,0.6835323900620388
201501178382.0,Not much,Came about naturally,Dem/Lean Dem,Liberal,65+,College graduate+,0.21076401771962838
201501178408.0,Not much,Was made accidentally in a lab,Rep/Lean Rep,Moderate,50-64,College graduate+,0.9815117648794769
201501178474.0,None at all,Came about naturally,Dem/Lean Dem,Moderate,50-64,H.S. graduate or less,1.570561904534925
201501178698.0,None at all,Came about naturally,Dem/Lean Dem,Very liberal,50-64,College graduate+,0.2601583936831742
201501179248.0,Some,Was developed intentionally in a lab,Rep/Lean Rep,Conservative,30-49,College graduate+,1.634983884327475
201501179448.0,Not much,Came about naturally,Rep/Lean Rep,Conservative,50-64,Some College,0.5648825414790215
201501179962.0,Not much,Came about naturally,Rep/Lean Rep,Conservative,65+,College graduate+,1.008594869048371
201501180088.0,None at all,Was developed intentionally in a lab,Rep/Lean Rep,Conservative,50-64,Some College,1.056054708046537
201501180373.0,Some,Not sure,Rep/Lean Rep,Conservative,65+,College graduate+,0.1437895052064439
201501180969.0,None at all,Came about naturally,Dem/Lean Dem,Liberal,65+,College graduate+,0.8965845966101694
201501181026.0,None at all,Not sure,Rep/Lean Rep,Conservative,50-64,H.S. graduate or less,1.239303585936521
201501181567.0,Some,Was made accidentally in a lab,Rep/Lean Rep,Very conservative,30-49,H.S. graduate or less,4.045673353251227
201501183244.0,Not much,Came about naturally,Dem/Lean Dem,Moderate,50-64,College graduate+,0.20313757190989004
201501183931.0,None at all,Came about naturally,Dem/Lean Dem,Liberal,50-64,Some College,1.2501524145769383
201501184279.0,A lot,Came about naturally,Rep/Lean Rep,Conservative,65+,Some College,0.6006629324947529
201501184385.0,Not much,Came about naturally,Dem/Lean Dem,Liberal,30-49,College graduate+,0.3604661726981481
201501184483.0,Some,Came about naturally,Dem/Lean Dem,Moderate,65+,College graduate+,0.16952634911363323
201501185367.0,Not much,Came about naturally,Dem/Lean Dem,Liberal,65+,College graduate+,0.3631146217736896
201501185559.0,Not much,Was developed intentionally in a lab,Dem/Lean Dem,Liberal,50-64,College graduate+,0.3688383177152402
201501187034.0,Not much,Was developed intentionally in a lab,Rep/Lean Rep,Very conservative,65+,Some College,0.5237017707365601
201501187063.0,Some,Not sure,Rep/Lean Rep,Very conservative,50-64,Some College,2.547897112600426
201501187714.0,Some,Came about naturally,Dem/Lean Dem,Moderate,30-49,College graduate+,0.2798508424518742
201501187815.0,Some,Came about naturally,Dem/Lean Dem,Moderate,65+,College graduate+,0.22748396859865705
201501188271.0,Not much,Not sure,Rep/Lean Rep,Conservative,65+,Some College,1.1501903338019734
201501188906.0,Some,Came about naturally,Rep/Lean Rep,Moderate,50-64,Some College,0.9170947737879903
201501188973.0,Not much,Refused,Rep/Lean Rep,Conservative,65+,Some College,0.908028761407938
201501189045.0,Some,Came about naturally,Dem/Lean Dem,Very liberal,65+,College graduate+,0.18930857569764087
201501189624.0,None at all,Was developed intentionally in a lab,Rep/Lean Rep,Moderate,50-64,Some College,1.33967347576873
201501190468.0,Some,Was made accidentally in a lab,Dem/Lean Dem,Moderate,65+,College graduate+,0.33302563343956604
201501190797.0,Some,Came about naturally,Rep/Lean Rep,Conservative,65+,College graduate+,0.561078032636311
201501191014.0,Some,Was developed intentionally in a lab,Rep/Lean Rep,Very conservative,65+,Some College,1.4089128792232848
201501191071.0,Not much,Came about naturally,Dem/Lean Dem,Liberal,50-64,College graduate+,0.28380231851871496
201501191086.0,Some,Came about naturally,Rep/Lean Rep,Very conservative,65+,Some College,1.1819994928849085
201501191201.0,Not much,Was developed intentionally in a lab,Rep/Lean Rep,Moderate,65+,College graduate+,0.6567529151301014
201501192101.0,Not much,Came about naturally,Rep/Lean Rep,Moderate,30-49,College graduate+,1.50936871964961
201501192451.0,Not much,Came about naturally,Rep/Lean Rep,Conservative,65+,College graduate+,0.7424264215846899
201501192927.0,Some,Not sure,Dem/Lean Dem,Moderate,50-64,College graduate+,0.4252141269147618
201501205057.0,None at all,Came about naturally,Rep/Lean Rep,Conservative,65+,H.S. graduate or less,2.9913422677683332
201501205091.0,Not much,Not sure,Rep/Lean Rep,Conservative,65+,Some College,1.1910849790118874
201501205093.0,Some,Came about naturally,Dem/Lean Dem,Liberal,65+,Some College,0.44421746604418666
201501205386.0,None at all,Not sure,Rep/Lean Rep,Moderate,30-49,College graduate+,0.5158848355642376
201501205512.0,A lot,Was developed intentionally in a lab,Rep/Lean Rep,Conservative,30-49,College graduate+,0.4379875782278867
201501205658.0,None at all,Was developed intentionally in a lab,Dem/Lean Dem,Liberal,50-64,Some College,0.35515096567768617
201501205922.0,Some,Came about naturally,Rep/Lean Rep,Conservative,50-64,College graduate+,0.3102954082448866
201501207458.0,Some,Was developed intentionally in a lab,Rep/Lean Rep,Conservative,50-64,College graduate+,0.3271834868358548
201501207520.0,Some,Came about naturally,Dem/Lean Dem,Liberal,50-64,Some College,1.7337975742034444
201501208149.0,Some,Was developed intentionally in a lab,Rep/Lean Rep,Very conservative,65+,H.S. graduate or less,1.0307855536974793
201501208167.0,Not much,Came about naturally,Dem/Lean Dem,Moderate,18-29,Some College,3.029814537017896
201501208389.0,None at all,Came about naturally,Rep/Lean Rep,Moderate,30-49,H.S. graduate or less,2.8152329070778515
201501208552.0,Some,Came about naturally,Rep/Lean Rep,Conservative,65+,College graduate+,0.2992426708355551
201501209107.0,Some,Not sure,Rep/Lean Rep,Conservative,65+,College graduate+,0.4382791325939977
201501209439.0,Not much,Came about naturally,Dem/Lean Dem,Moderate,65+,College graduate+,0.2950638380256666
201501209523.0,Not much,Not sure,Dem/Lean Dem,Liberal,50-64,College graduate+,0.22151289404610255
201501209553.0,None at all,Came about naturally,Rep/Lean Rep,Conservative,65+,Some College,0.908028761407938
201501210043.0,Some,Came about naturally,Dem/Lean Dem,Liberal,65+,Some College,0.5174617346639645
201501210266.0,Not much,Came about naturally,Rep/Lean Rep,Conservative,65+,College graduate+,0.6451089907681807
201501210328.0,Not much,Came about naturally,Rep/Lean Rep,Moderate,65+,Some College,0.4356961570922263
201501210646.0,Not much,Came about naturally,Dem/Lean Dem,Moderate,65+,College graduate+,0.2559752922890272
201501210798.0,Not much,Was made accidentally in a lab,Dem/Lean Dem,Moderate,65+,College graduate+,0.35631151696197294
201501210850.0,Not much,Refused,Dem/Lean Dem,Moderate,50-64,Some College,1.445285902083927
201501211025.0,Not much,Not sure,Rep/Lean Rep,Conservative,65+,H.S. graduate or less,1.0307855536974793
201501211090.0,Some,Came about naturally,Dem/Lean Dem,Refused,65+,College graduate+,0.42175691622957884
201501211689.0,Not much,Came about naturally,Dem/Lean Dem,Moderate,65+,College graduate+,0.2908882789563022
201501211764.0,A lot,Not sure,Rep/Lean Rep,Very conservative,50-64,H.S. graduate or less,1.606223359557186
201501212726.0,None at all,Came about naturally,Rep/Lean Rep,Moderate,65+,College graduate+,0.22748396859865705
201501212731.0,A lot,Came about naturally,Dem/Lean Dem,Liberal,65+,College graduate+,0.16735527355858154
201501213011.0,Some,Came about naturally,Rep/Lean Rep,Conservative,65+,Some College,0.884522665575274
201501214482.0,Some,Came about naturally,Dem/Lean Dem,Liberal,65+,College graduate+,0.40839338044088114
201501214537.0,Some,Was made accidentally in a lab,Dem/Lean Dem,Very liberal,65+,H.S. graduate or less,1.8156215544106025
201501214635.0,Some,Came about naturally,Rep/Lean Rep,Conservative,65+,Some College,0.7819014839104875
201501215131.0,Not much,Not sure,DK/Refused/No lean,Refused,65+,H.S. graduate or less,2.4956488696190613
201501215439.0,Not much,Not sure,Rep/Lean Rep,Conservative,65+,College graduate+,1.1849089953012637
201501215458.0,None at all,Was made accidentally in a lab,Dem/Lean Dem,Liberal,50-64,College graduate+,0.19190345833934808
201501215742.0,Not much,Came about naturally,Dem/Lean Dem,Moderate,65+,College graduate+,0.5366568912211624
201501215931.0,Some,Came about naturally,Rep/Lean Rep,Very conservative,65+,H.S. graduate or less,1.3756634201385982
201501216609.0,Refused,Not sure,Dem/Lean Dem,Liberal,65+,College graduate+,0.3631146217736896
201501217432.0,Not much,Came about naturally,Dem/Lean Dem,Liberal,65+,College graduate+,0.18828706516701513
201501218559.0,Not much,Was developed intentionally in a lab,Dem/Lean Dem,Moderate,65+,H.S. graduate or less,0.6389160479491697
201501218600.0,None at all,Came about naturally,Dem/Lean Dem,Liberal,65+,College graduate+,0.49069271065710957
201501218773.0,Some,Came about naturally,Dem/Lean Dem,Moderate,50-64,College graduate+,0.4892621784666998
201501218898.0,None at all,Not sure,Dem/Lean Dem,Conservative,65+,Some College,0.319101043048415
201501219026.0,None at all,Came about naturally,Dem/Lean Dem,Moderate,50-64,H.S. graduate or less,5.070489350073443
201501219104.0,Not much,Not sure,Dem/Lean Dem,Very liberal,65+,College graduate+,0.6567529151301014
201501219188.0,Not much,Came about naturally,Dem/Lean Dem,Liberal,50-64,College graduate+,0.633411034135302
201501219256.0,None at all,Not sure,Rep/Lean Rep,Moderate,50-64,Some College,0.8418635952670893
201501219482.0,Some,Came about naturally,Rep/Lean Rep,Moderate,50-64,H.S. graduate or less,2.0948655953414
201501220071.0,Some,Was developed intentionally in a lab,Rep/Lean Rep,Conservative,50-64,H.S. graduate or less,1.4250734840623913
201501221521.0,None at all,Came about naturally,Dem/Lean Dem,Very liberal,65+,College graduate+,0.27472252543231557
201501221553.0,Some,Came about naturally,Rep/Lean Rep,Conservative,65+,College graduate+,0.4382791325939977
201501221633.0,None at all,Not sure,Dem/Lean Dem,Liberal,65+,College graduate+,0.27472252543231557
201501221976.0,Not much,Came about naturally,Rep/Lean Rep,Conservative,50-64,College graduate+,0.25794712633305605
201501222080.0,Not much,Was developed intentionally in a lab,Rep/Lean Rep,Very conservative,30-49,Some College,0.7631900861213173
201501222086.0,Some,Was developed intentionally in a lab,Rep/Lean Rep,Conservative,50-64,Some College,0.9877825586449938
201501222377.0,Some,Not sure,Rep/Lean Rep,Conservative,50-64,H.S. graduate or less,2.7216100696947825
201501222410.0,None at all,Was developed intentionally in a lab,Dem/Lean Dem,Liberal,65+,Some College,0.475306874760771
201501222530.0,None at all,Was developed intentionally in a lab,Rep/Lean Rep,Conservative,50-64,H.S. graduate or less,2.0976586621060616
201501222637.0,Not much,Came about naturally,Dem/Lean Dem,Refused,65+,Some College,2.1723789172111045
201501222747.0,Some,Came about naturally,Dem/Lean Dem,Liberal,30-49,College graduate+,0.92742101031085
201501223048.0,Not much,Came about naturally,Dem/Lean Dem,Moderate,65+,Some College,0.319101043048415
201501223286.0,Some,Came about naturally,Rep/Lean Rep,Conservative,65+,College graduate+,0.24586315584496884
201501223352.0,Some,Not sure,Rep/Lean Rep,Conservative,50-64,College graduate+,0.23078620749798037
201501223663.0,Some,Not sure,Rep/Lean Rep,Moderate,30-49,Some College,1.7639779602573549
201501223790.0,Not much,Not sure,Dem/Lean Dem,Moderate,65+,H.S. graduate or less,2.3305678998545267
201501223851.0,Not much,Came about naturally,Dem/Lean Dem,Very liberal,65+,College graduate+,0.31700773711954594
201501223925.0,None at all,Came about naturally,Dem/Lean Dem,Liberal,65+,College graduate+,0.9149533884833876
201501224413.0,None at all,Came about naturally,Rep/Lean Rep,Conservative,50-64,College graduate+,0.22609697056393155
201501224498.0,A lot,Not sure,Rep/Lean Rep,Conservative,30-49,College graduate+,0.5555764263620969
201501224838.0,Not much,Came about naturally,Dem/Lean Dem,Liberal,65+,Some College,0.3664627353145702
201501225040.0,Some,Not sure,Rep/Lean Rep,Conservative,50-64,H.S. graduate or less,1.4867186997008761
201501226033.0,Not much,Not sure,Dem/Lean Dem,Very liberal,50-64,H.S. graduate or less,7.487621221765812
201501226086.0,None at all,Was developed intentionally in a lab,Dem/Lean Dem,Moderate,30-49,College graduate+,0.5398186745369788
201501226436.0,Some,Not sure,Dem/Lean Dem,Very liberal,65+,College graduate+,0.4153908519265988
201501226544.0,None at all,Came about naturally,Rep/Lean Rep,Conservative,65+,College graduate+,1.1849089953012637
201501226622.0,Some,Came about naturally,Rep/Lean Rep,Very conservative,50-64,H.S. graduate or less,2.157607037806975
201501227553.0,Not much,Refused,Dem/Lean Dem,Liberal,30-49,College graduate+,0.5142860288943623
201501227817.0,Not much,Came about naturally,Dem/Lean Dem,Liberal,30-49,College graduate+,0.2751798570797386
201501227831.0,None at all,Came about naturally,Dem/Lean Dem,Moderate,50-64,Some College,0.2673447876745888
201501228073.0,Not much,Not sure,Rep/Lean Rep,Conservative,65+,College graduate+,0.3861076073283847
201501228741.0,Some,Not sure,Rep/Lean Rep,Conservative,65+,Some College,0.6609265375705738
201501228955.0,Some,Was made accidentally in a lab,Dem/Lean Dem,Liberal,30-49,College graduate+,1.4686053792837488
201501229126.0,Some,Not sure,Rep/Lean Rep,Liberal,50-64,Some College,0.9744162639071873
201501229134.0,Some,Was made accidentally in a lab,Rep/Lean Rep,Conservative,65+,H.S. graduate or less,3.393854488483933
201501229296.0,None at all,Was developed intentionally in a lab,Rep/Lean Rep,Very conservative,65+,Some College,0.5842854574937026
201501229748.0,Some,Was developed intentionally in a lab,Rep/Lean Rep,Very conservative,65+,H.S. graduate or less,2.5261792149779696
201501230065.0,Not much,Not sure,Dem/Lean Dem,Moderate,65+,H.S. graduate or less,6.390545257050671
201501230321.0,Some,Was developed intentionally in a lab,Rep/Lean Rep,Moderate,30-49,College graduate+,0.5560577221339493
201501230751.0,None at all,Came about naturally,Dem/Lean Dem,Liberal,65+,College graduate+,0.18930857569764087
201501231316.0,None at all,Came about naturally,Dem/Lean Dem,Liberal,65+,College graduate+,0.37995031658406214
201501231823.0,Not much,Came about naturally,Dem/Lean Dem,Liberal,50-64,College graduate+,1.204549813731293
201501231955.0,Not much,Not sure,Dem/Lean Dem,Moderate,65+,College graduate+,0.18930857569764087
201501232113.0,Some,Came about naturally,Dem/Lean Dem,Conservative,50-64,Some College,0.527770579490073
201501232254.0,A lot,Came about naturally,Dem/Lean Dem,Liberal,50-64,Some College,0.44769448704246884
201501232842.0,Some,Not sure,Rep/Lean Rep,Conservative,30-49,College graduate+,0.6206631246202483
201501233240.0,Some,Was developed intentionally in a lab,Rep/Lean Rep,Conservative,65+,Some College,0.501097021579651
201501233536.0,None at all,Came about naturally,Dem/Lean Dem,Very liberal,65+,College graduate+,0.37995031658406214
201501233600.0,Some,Was developed intentionally in a lab,Dem/Lean Dem,Moderate,50-64,College graduate+,0.6178059572526521
201501234677.0,None at all,Came about naturally,Dem/Lean Dem,Moderate,65+,Some College,0.36934720700493145
201501234826.0,A lot,Came about naturally,Rep/Lean Rep,Conservative,65+,College graduate+,0.24960377457431507
201501235597.0,Some,Not sure,Dem/Lean Dem,Liberal,50-64,Some College,0.17891700348817807
201501236795.0,Some,Was made accidentally in a lab,Rep/Lean Rep,Very conservative,65+,College graduate+,0.4980542188736745
201501237105.0,Some,Came about naturally,Rep/Lean Rep,Conservative,65+,College graduate+,1.3459779805211984
201501255677.0,None at all,Was developed intentionally in a lab,Rep/Lean Rep,Conservative,65+,Some College,1.0382563102063362
201501256594.0,None at all,Came about naturally,Dem/Lean Dem,Moderate,65+,College graduate+,0.731697566812459
201501265402.0,Some,Was developed intentionally in a lab,Rep/Lean Rep,Very conservative,30-49,College graduate+,0.48838265962000493
201501265564.0,Not much,Came about naturally,Dem/Lean Dem,Liberal,50-64,Some College,0.18127228536265733
201501265578.0,Not much,Was developed intentionally in a lab,Dem/Lean Dem,Moderate,18-29,College graduate+,1.6009848354131146
201501266277.0,None at all,Came about naturally,Dem/Lean Dem,Moderate,65+,College graduate+,0.20794623005967192
201501266522.0,None at all,Came about naturally,Dem/Lean Dem,Liberal,30-49,H.S. graduate or less,3.2367062003697007
201501266543.0,Not much,Came about naturally,Dem/Lean Dem,Moderate,65+,Some College,0.5501445714967962
201501266659.0,Not much,Came about naturally,Rep/Lean Rep,Moderate,30-49,College graduate+,0.3845194120995435
201501266762.0,None at all,Not sure,Dem/Lean Dem,Liberal,30-49,Some College,0.896600104203831
201501267308.0,Not much,Came about naturally,Dem/Lean Dem,Very liberal,65+,College graduate+,0.28067968514975083
201501267487.0,None at all,Came about naturally,Dem/Lean Dem,Liberal,65+,College graduate+,0.35631151696197294
201501267906.0,Not much,Was developed intentionally in a lab,Dem/Lean Dem,Moderate,30-49,Some College,0.8917999017958306
201501268222.0,None at all,Was developed intentionally in a lab,Rep/Lean Rep,Conservative,50-64,H.S. graduate or less,3.0540477131626096
201501268429.0,Some,Came about naturally,Dem/Lean Dem,Liberal,50-64,College graduate+,0.20313757190989004
201501268997.0,Not much,Came about naturally,Dem/Lean Dem,Liberal,50-64,College graduate+,1.8420329839638148
201501269070.0,Not much,Came about naturally,Rep/Lean Rep,Conservative,50-64,College graduate+,0.25324416642659153
201501269217.0,Not much,Not sure,Dem/Lean Dem,Liberal,50-64,H.S. graduate or less,1.114896958342298
201501269867.0,Not much,Came about naturally,Dem/Lean Dem,Moderate,65+,Some College,0.6327018218262234
201501271089.0,Some,Was made accidentally in a lab,Dem/Lean Dem,Liberal,50-64,Some College,0.8564159015355209
201501271883.0,Not much,Came about naturally,Rep/Lean Rep,Moderate,30-49,Some College,0.6760668510788223
201501272683.0,Some,Came about naturally,Rep/Lean Rep,Conservative,65+,College graduate+,0.2547848262475639
201501272748.0,Not much,Was made accidentally in a lab,Rep/Lean Rep,Conservative,65+,Some College,1.4006546171055858
201501272917.0,None at all,Not sure,Rep/Lean Rep,Very conservative,65+,H.S. graduate or less,3.705843601593603
201501273530.0,Some,Came about naturally,Rep/Lean Rep,Conservative,50-64,H.S. graduate or less,3.42607749300916
201501273588.0,Not much,Came about naturally,Dem/Lean Dem,Moderate,50-64,College graduate+,0.5014905786913231
201501273726.0,None at all,Was developed intentionally in a lab,Rep/Lean Rep,Conservative,50-64,College graduate+,0.7146041181199958
201501273825.0,Not much,Was made accidentally in a lab,Dem/Lean Dem,Moderate,65+,H.S. graduate or less,2.0689051260947804
201501273896.0,Not much,Came about naturally,Dem/Lean Dem,Liberal,65+,College graduate+,0.3631146217736896
201501274268.0,Some,Came about naturally,Dem/Lean Dem,Liberal,65+,Some College,0.36934720700493145
201501274506.0,Not much,Came about naturally,Dem/Lean Dem,Very liberal,50-64,College graduate+,0.4583816007988759
201501274536.0,Not much,Came about naturally,Dem/Lean Dem,Moderate,65+,College graduate+,0.4058917607663572
201501274544.0,None at all,Came about naturally,Dem/Lean Dem,Moderate,50-64,H.S. graduate or less,1.2762914555467795
201501274670.0,Some,Was developed intentionally in a lab,Rep/Lean Rep,Conservative,30-49,College graduate+,0.6281830345909123
201501274684.0,Not much,Not sure,Rep/Lean Rep,Conservative,30-49,College graduate+,0.19598197210573393
201501274936.0,None at all,Not sure,Rep/Lean Rep,Very conservative,65+,H.S. graduate or less,3.000943788837882
201501275124.0,None at all,Not sure,Dem/Lean Dem,Moderate,65+,H.S. graduate or less,0.9349476995973716
201501275310.0,None at all,Came about naturally,Dem/Lean Dem,Moderate,65+,Some College,0.9779979339620597
201501275434.0,Some,Came about naturally,Dem/Lean Dem,Moderate,65+,College graduate+,0.4118632994549787
201501275454.0,Not much,Was developed intentionally in a lab,Dem/Lean Dem,Refused,50-64,Some College,0.23229706791974955
201501275482.0,Some,Came about naturally,Rep/Lean Rep,Moderate,30-49,Some College,1.5995851119438806
201501275513.0,Not much,Came about naturally,Dem/Lean Dem,Moderate,65+,College graduate+,0.31271147845065
201501275817.0,Some,Came about naturally,Rep/Lean Rep,Very conservative,65+,H.S. graduate or less,2.926795385556735
201501276134.0,A lot,Was developed intentionally in a lab,Dem/Lean Dem,Very liberal,30-49,H.S. graduate or less,1.4833992955593616
201501277940.0,Some,Came about naturally,Dem/Lean Dem,Moderate,65+,College graduate+,0.49840964031823126
201501278367.0,Some,Came about naturally,Dem/Lean Dem,Liberal,30-49,College graduate+,0.28956493189991084
201501279250.0,Some,Was developed intentionally in a lab,Rep/Lean Rep,Conservative,65+,Some College,0.4207792446971104
201501280069.0,A lot,Was made accidentally in a lab,Rep/Lean Rep,Very conservative,50-64,H.S. graduate or less,0.9663270224713679
201501280420.0,Not much,Was made accidentally in a lab,Rep/Lean Rep,Moderate,50-64,Some College,0.9780281299824821
201501280504.0,Some,Came about naturally,Dem/Lean Dem,Conservative,65+,College graduate+,0.22748396859865705
201501280846.0,None at all,Came about naturally,Dem/Lean Dem,Moderate,50-64,College graduate+,0.7404250531134534
201501280893.0,None at all,Refused,Dem/Lean Dem,Moderate,65+,Some College,0.3109262689363723
201501281314.0,Some,Not sure,Dem/Lean Dem,Moderate,30-49,College graduate+,0.380234298379985
201501282056.0,Not much,Came about naturally,Rep/Lean Rep,Conservative,65+,College graduate+,0.2992426708355551
201501282208.0,Some,Came about naturally,Dem/Lean Dem,Moderate,50-64,College graduate+,0.7332315402427623
201501283285.0,Some,Came about naturally,DK/Refused/No lean,Conservative,50-64,College graduate+,0.5093639646895178
201501283889.0,Some,Was developed intentionally in a lab,Rep/Lean Rep,Very conservative,30-49,College graduate+,1.2012040408323752
201501284156.0,None at all,Came about naturally,Dem/Lean Dem,Moderate,65+,Some College,1.0420614911946746
201501284516.0,Some,Was developed intentionally in a lab,Rep/Lean Rep,Conservative,50-64,College graduate+,0.6487897855714696
201501284640.0,Not much,Came about naturally,Rep/Lean Rep,Moderate,65+,College graduate+,0.89111140840927
201501285747.0,Not much,Came about naturally,Dem/Lean Dem,Liberal,65+,College graduate+,0.27472252543231557
201501348046.0,Not much,Came about naturally,Rep/Lean Rep,Moderate,50-64,Some College,0.8334178876462494
201501348049.0,Not much,Was made accidentally in a lab,Rep/Lean Rep,Conservative,30-49,College graduate+,1.3782060704703711
201501348397.0,Some,Not sure,Dem/Lean Dem,Moderate,50-64,Some College,0.9268131769097351
201501349587.0,Not much,Came about naturally,Dem/Lean Dem,Liberal,65+,College graduate+,0.4118632994549787
201501354357.0,Not much,Came about naturally,Rep/Lean Rep,Moderate,50-64,College graduate+,1.3782060704703711
201501354700.0,Some,Came about naturally,Rep/Lean Rep,Moderate,65+,College graduate+,0.5803723633964334
201501361353.0,Not much,Came about naturally,Rep/Lean Rep,Conservative,65+,Some College,0.501097021579651
201501402502.0,A lot,Was developed intentionally in a lab,Dem/Lean Dem,Moderate,50-64,Some College,0.5238903056203935
201501410034.0,Some,Came about naturally,Dem/Lean Dem,Moderate,50-64,College graduate+,0.20313757190989004
201501414200.0,Some,Was developed intentionally in a lab,Rep/Lean Rep,Moderate,30-49,Some College,1.4770713061028027
201501423673.0,Not much,Came about naturally,Rep/Lean Rep,Moderate,30-49,College graduate+,0.39277896836882886
201501453961.0,Some,Came about naturally,Dem/Lean Dem,Very liberal,65+,Some College,0.786642452208476
201501454640.0,Not much,Came about naturally,Rep/Lean Rep,Conservative,30-49,College graduate+,0.38517070118055124
201501455834.0,Some,Not sure,Rep/Lean Rep,Moderate,30-49,Some College,4.955949934275197
201501456584.0,Some,Came about naturally,Rep/Lean Rep,Conservative,30-49,College graduate+,0.5042469656148796
201501457166.0,Some,Came about naturally,Dem/Lean Dem,Moderate,50-64,Some College,0.6743652103122222
201501482423.0,Some,Not sure,Dem/Lean Dem,Moderate,18-29,College graduate+,0.40724450834997517
201501485572.0,Not much,Came about naturally,Dem/Lean Dem,Very liberal,30-49,College graduate+,0.38208000701856953
201501485610.0,Some,Not sure,Rep/Lean Rep,Conservative,65+,H.S. graduate or less,2.315711755021757
201501486651.0,Some,Was developed intentionally in a lab,Rep/Lean Rep,Conservative,65+,College graduate+,1.0356267595331767
201501487009.0,A lot,Was developed intentionally in a lab,Rep/Lean Rep,Very conservative,65+,College graduate+,0.2541918555187609
201501495540.0,None at all,Was made accidentally in a lab,Rep/Lean Rep,Conservative,30-49,H.S. graduate or less,1.38705351318411
201501509937.0,Not much,Not sure,Rep/Lean Rep,Conservative,65+,H.S. graduate or less,3.454567688929445
201501510512.0,None at all,Came about naturally,Dem/Lean Dem,Liberal,65+,H.S. graduate or less,2.065381622560378
201501600201.0,Not much,Came about naturally,Dem/Lean Dem,Moderate,50-64,College graduate+,0.4094636195140061
201501600434.0,A lot,Not sure,Dem/Lean Dem,Very liberal,30-49,College graduate+,0.432203126966449
201501600458.0,Not much,Came about naturally,Dem/Lean Dem,Moderate,30-49,College graduate+,0.4724202389878597
201501600500.0,Some,Not sure,Rep/Lean Rep,Conservative,30-49,College graduate+,0.48838265962000493
201501600624.0,A lot,Was made accidentally in a lab,Dem/Lean Dem,Moderate,30-49,Some College,0.9206329155192869
201501600878.0,Not much,Was developed intentionally in a lab,Rep/Lean Rep,Conservative,30-49,Some College,1.7232739219119477
201501601006.0,Not much,Came about naturally,Dem/Lean Dem,Liberal,50-64,Some College,0.30186749854373124
201501601049.0,Not much,Not sure,Dem/Lean Dem,Moderate,50-64,H.S. graduate or less,2.9161059356385626
201501601270.0,None at all,Not sure,Rep/Lean Rep,Refused,50-64,Some College,0.881566368834353
201501601490.0,Not much,Came about naturally,Dem/Lean Dem,Liberal,50-64,College graduate+,0.20313757190989004
201501601533.0,Some,Came about naturally,Dem/Lean Dem,Very liberal,30-49,College graduate+,1.8710674611791873
201501601872.0,Some,Came about naturally,Rep/Lean Rep,Moderate,30-49,College graduate+,0.5158848355642376
201501601930.0,Some,Not sure,Dem/Lean Dem,Moderate,65+,Some College,0.3361813927087328
201501602002.0,Not much,Not sure,DK/Refused/No lean,Moderate,65+,College graduate+,0.49712288330504906
201501602033.0,Some,Came about naturally,Rep/Lean Rep,Conservative,30-49,College graduate+,1.046334170243871
201501602641.0,Some,Came about naturally,Rep/Lean Rep,Moderate,30-49,College graduate+,0.39372221398309404
201501602652.0,A lot,Not sure,Rep/Lean Rep,Conservative,50-64,Some College,0.44661595831531015
201501602753.0,None at all,Came about naturally,Rep/Lean Rep,Very conservative,65+,College graduate+,0.575242611489201
201501602911.0,Not much,Came about naturally,Rep/Lean Rep,Conservative,65+,Some College,1.2233230930744419
201501602912.0,Some,Was developed intentionally in a lab,Dem/Lean Dem,Liberal,50-64,College graduate+,0.9947060839888169
201501603019.0,Some,Came about naturally,Dem/Lean Dem,Very liberal,50-64,College graduate+,0.4720559893154756
201501603202.0,Not much,Came about naturally,Dem/Lean Dem,Liberal,65+,College graduate+,0.5443748794130429
201501603510.0,Some,Came about naturally,Rep/Lean Rep,Moderate,30-49,College graduate+,0.48838265962000493
201501603588.0,Some,Came about naturally,Dem/Lean Dem,Liberal,50-64,College graduate+,0.25977479373231127
201501603640.0,Not much,Came about naturally,Dem/Lean Dem,Very liberal,30-49,College graduate+,0.47812055176334556
201501603687.0,None at all,Came about naturally,Dem/Lean Dem,Moderate,65+,Some College,0.5501445714967962
201501603866.0,Not much,Came about naturally,Rep/Lean Rep,Moderate,65+,College graduate+,1.008594869048371
201501603919.0,Some,Came about naturally,Rep/Lean Rep,Conservative,30-49,College graduate+,0.6333048899367493
201501603993.0,Not much,Came about naturally,Dem/Lean Dem,Very liberal,30-49,College graduate+,0.35202299616376354
201501604048.0,None at all,Not sure,Dem/Lean Dem,Very liberal,50-64,College graduate+,0.8403251282090664
201501604216.0,Some,Came about naturally,Dem/Lean Dem,Liberal,18-29,College graduate+,0.38916211978867576
201501604253.0,Some,Not sure,Dem/Lean Dem,Moderate,65+,Some College,1.0409523878649471
201501604380.0,None at all,Came about naturally,Dem/Lean Dem,Moderate,30-49,Some College,0.530154678758941
201501604382.0,None at all,Was developed intentionally in a lab,Dem/Lean Dem,Liberal,50-64,Some College,0.8890735807514345
201501604426.0,Not much,Not sure,Rep/Lean Rep,Moderate,30-49,Some College,4.532494893942649
201501604808.0,Some,Came about naturally,Rep/Lean Rep,Very conservative,65+,Some College,0.37830171774990956
201501604928.0,None at all,Not sure,Rep/Lean Rep,Moderate,65+,Some College,1.2233230930744419
201501605240.0,None at all,Came about naturally,Rep/Lean Rep,Moderate,65+,H.S. graduate or less,2.1609375037906613
201501605317.0,Some,Came about naturally,Rep/Lean Rep,Moderate,30-49,College graduate+,0.5529516220670304
201501605366.0,A lot,Was developed intentionally in a lab,Rep/Lean Rep,Moderate,18-29,H.S. graduate or less,7.487621221765812
201501605822.0,Some,Came about naturally,Dem/Lean Dem,Very liberal,30-49,Some College,1.4295403210379065
201501605964.0,None at all,Came about naturally,Dem/Lean Dem,Liberal,30-49,College graduate+,0.39694540601529216
201501605978.0,Not much,Came about naturally,Dem/Lean Dem,Moderate,18-29,College graduate+,0.5575009957315467
201501606159.0,None at all,Not sure,Rep/Lean Rep,Conservative,18-29,College graduate+,1.1838460569215885
201501606569.0,Some,Came about naturally,Rep/Lean Rep,Moderate,30-49,College graduate+,0.684253687803667
201501606632.0,Not much,Not sure,Dem/Lean Dem,Liberal,18-29,Some College,5.048431990602154
201501606644.0,Some,Was developed intentionally in a lab,Rep/Lean Rep,Conservative,30-49,College graduate+,0.766236920191091
201501606776.0,Some,Came about naturally,Dem/Lean Dem,Moderate,65+,College graduate+,0.47511546795032816
201501606876.0,None at all,Came about naturally,Dem/Lean Dem,Liberal,30-49,College graduate+,0.724054467760679
201501607965.0,Not much,Not sure,Dem/Lean Dem,Moderate,50-64,H.S. graduate or less,1.1610107312017186
201501608329.0,Some,Not sure,Dem/Lean Dem,Moderate,30-49,Some College,0.6245574243653139
201501608651.0,Not much,Came about naturally,Rep/Lean Rep,Moderate,50-64,College graduate+,0.3770680651345172
201501608939.0,Some,Came about naturally,Dem/Lean Dem,Moderate,30-49,Some College,1.386462084790581
201501609032.0,Some,Was developed intentionally in a lab,Dem/Lean Dem,Very conservative,30-49,H.S. graduate or less,4.259482357562682
201501609213.0,Not much,Came about naturally,Rep/Lean Rep,Moderate,50-64,College graduate+,0.5046752744340405
201501609318.0,Some,Came about naturally,Rep/Lean Rep,Conservative,50-64,Some College,0.3613555868673831
201501609825.0,Not much,Came about naturally,Dem/Lean Dem,Liberal,30-49,Some College,0.7152250823497593
201501609904.0,A lot,Came about naturally,Dem/Lean Dem,Very liberal,30-49,College graduate+,0.39120781804680715
201501610171.0,None at all,Refused,Dem/Lean Dem,Conservative,65+,H.S. graduate or less,0.7476977097587845
201501610350.0,None at all,Not sure,Rep/Lean Rep,Moderate,65+,Some College,0.5133480775464817
201501610567.0,Not much,Came about naturally,Dem/Lean Dem,Very liberal,18-29,College graduate+,0.6725070139154015
201501610872.0,Not much,Came about naturally,Dem/Lean Dem,Moderate,18-29,College graduate+,0.6019191715444582
201501610962.0,Some,Not sure,Dem/Lean Dem,Liberal,30-49,Some College,0.3461466311582292
201501611091.0,None at all,Came about naturally,Dem/Lean Dem,Liberal,30-49,Some College,1.802244751336584
201501611174.0,None at all,Came about naturally,Dem/Lean Dem,Very liberal,65+,College graduate+,0.31700773711954594
201501611230.0,Some,Came about naturally,Dem/Lean Dem,Liberal,50-64,College graduate+,0.2071585362363679
201501611531.0,None at all,Came about naturally,Dem/Lean Dem,Moderate,65+,College graduate+,0.18828706516701513
201501611628.0,Some,Came about naturally,Dem/Lean Dem,Liberal,65+,College graduate+,0.22748396859865705
201501611923.0,Not much,Was developed intentionally in a lab,Rep/Lean Rep,Conservative,50-64,H.S. graduate or less,2.0656123852247297
201501612238.0,Not much,Was made accidentally in a lab,Rep/Lean Rep,Conservative,50-64,Some College,0.8641334764779848
201501612249.0,Some,Not sure,Rep/Lean Rep,Conservative,65+,College graduate+,0.49840964031823126
201501612403.0,Not much,Came about naturally,Dem/Lean Dem,Very liberal,30-49,College graduate+,0.9281622945839936
201501612694.0,Some,Came about naturally,Rep/Lean Rep,Moderate,30-49,H.S. graduate or less,1.4493417432863835
201501613005.0,Not much,Not sure,Dem/Lean Dem,Moderate,50-64,College graduate+,0.2885830074398682
201501613056.0,A lot,Was made accidentally in a lab,Dem/Lean Dem,Moderate,18-29,College graduate+,1.0711637892946917
201501613180.0,Not much,Came about naturally,Dem/Lean Dem,Liberal,30-49,College graduate+,0.758525813369407
201501613685.0,Not much,Came about naturally,Dem/Lean Dem,Liberal,65+,College graduate+,0.27472252543231557
201501613692.0,Not much,Was developed intentionally in a lab,Rep/Lean Rep,Conservative,65+,College graduate+,1.008594869048371
201501613699.0,Some,Came about naturally,Dem/Lean Dem,Liberal,30-49,College graduate+,0.30446087487465623
201501613809.0,Some,Not sure,Rep/Lean Rep,Liberal,50-64,College graduate+,0.2914983628884342
201501613856.0,Not much,Came about naturally,Dem/Lean Dem,Moderate,30-49,College graduate+,0.5158848355642376
201501613872.0,A lot,Was developed intentionally in a lab,Rep/Lean Rep,Moderate,30-49,Some College,3.3963980754906364
201501613977.0,Some,Came about naturally,Dem/Lean Dem,Liberal,30-49,College graduate+,0.15590545424186367
201501614057.0,Not much,Came about naturally,Dem/Lean Dem,Moderate,65+,Some College,0.4395466327482392
201501614383.0,Not much,Came about naturally,Dem/Lean Dem,Liberal,50-64,Some College,0.2692229282588516
201501614487.0,None at all,Came about naturally,Dem/Lean Dem,Very liberal,65+,Some College,0.4395466327482392
201501614513.0,None at all,Came about naturally,Dem/Lean Dem,Liberal,30-49,College graduate+,0.8049722354498939
201501614900.0,None at all,Was made accidentally in a lab,Rep/Lean Rep,Moderate,65+,College graduate+,0.37995031658406214
201501614915.0,Not much,Came about naturally,Rep/Lean Rep,Conservative,30-49,College graduate+,0.48838265962000493
201501614934.0,None at all,Came about naturally,Dem/Lean Dem,Moderate,65+,College graduate+,0.27472252543231557
201501615009.0,A lot,Not sure,Dem/Lean Dem,Liberal,50-64,College graduate+,0.7429620077879978
201501615153.0,Some,Came about naturally,Rep/Lean Rep,Moderate,50-64,H.S. graduate or less,2.371694340761707
201501615280.0,A lot,Not sure,Rep/Lean Rep,Very conservative,65+,College graduate+,0.6567529151301014
201501615344.0,Not much,Came about naturally,Dem/Lean Dem,Moderate,30-49,College graduate+,0.382698826113035
201501615347.0,Some,Came about naturally,Dem/Lean Dem,Liberal,50-64,College graduate+,0.22454683147387652
201501615624.0,Some,Not sure,Rep/Lean Rep,Conservative,65+,Some College,0.4252600385201371
201501615636.0,Not much,Was developed intentionally in a lab,Rep/Lean Rep,Conservative,50-64,College graduate+,0.28771949819047704
201501615662.0,Not much,Came about naturally,Dem/Lean Dem,Liberal,65+,Some College,0.6325528009895071
201501615820.0,A lot,Came about naturally,Dem/Lean Dem,Liberal,50-64,College graduate+,0.1731281084226925
201501616057.0,Not much,Came about naturally,Dem/Lean Dem,Liberal,50-64,College graduate+,0.21372520590383698
201501616087.0,None at all,Came about naturally,Rep/Lean Rep,Liberal,50-64,College graduate+,0.6323267760894709
201501616276.0,A lot,Came about naturally,Rep/Lean Rep,Moderate,50-64,College graduate+,0.22609697056393155
201501616605.0,None at all,Came about naturally,Dem/Lean Dem,Very liberal,65+,College graduate+,0.8292267917270667
201501616730.0,Some,Came about naturally,Rep/Lean Rep,Moderate,30-49,College graduate+,0.6703145911090845
201501616873.0,Not much,Not sure,Dem/Lean Dem,Moderate,50-64,College graduate+,0.22996407623231968
201501616918.0,Some,Was made accidentally in a lab,Rep/Lean Rep,Conservative,65+,Some College,0.5736870554577518
201501617119.0,Some,Was developed intentionally in a lab,Rep/Lean Rep,Conservative,30-49,College graduate+,1.0222931702598899
201501617177.0,Some,Not sure,Dem/Lean Dem,Very liberal,50-64,College graduate+,1.2896996538681986
201501617219.0,Not much,Not sure,Dem/Lean Dem,Liberal,30-49,Some College,1.46781750318298
201501617329.0,None at all,Came about naturally,Dem/Lean Dem,Liberal,50-64,H.S. graduate or less,1.114896958342298
201501617649.0,None at all,Came about naturally,Dem/Lean Dem,Moderate,18-29,College graduate+,0.7728096122333743
201501617655.0,Not much,Not sure,Dem/Lean Dem,Moderate,65+,College graduate+,0.49712288330504906
201501618250.0,Not much,Was developed intentionally in a lab,Dem/Lean Dem,Moderate,50-64,College graduate+,0.22593870477911926
201501618315.0,None at all,Came about naturally,Rep/Lean Rep,Conservative,50-64,Some College,0.4397665373684089
201501618342.0,Some,Not sure,Dem/Lean Dem,Liberal,30-49,College graduate+,0.1551878097985753
201501618691.0,A lot,Not sure,Dem/Lean Dem,Moderate,50-64,College graduate+,3.0121058987126754
201501618809.0,Some,Was developed intentionally in a lab,Rep/Lean Rep,Moderate,30-49,Some College,2.465397037277438
201501618962.0,Some,Not sure,Dem/Lean Dem,Liberal,30-49,College graduate+,2.906622983445784
201501619063.0,None at all,Came about naturally,Dem/Lean Dem,Liberal,65+,College graduate+,0.3758142367735296
201501619161.0,Not much,Not sure,Dem/Lean Dem,Liberal,65+,College graduate+,0.4118632994549787
201501619249.0,Not much,Came about naturally,Dem/Lean Dem,Very liberal,65+,College graduate+,0.18930857569764087
201501619644.0,Not much,Came about naturally,Dem/Lean Dem,Moderate,30-49,College graduate+,0.6259331873910983
201501619815.0,Not much,Came about naturally,Rep/Lean Rep,Liberal,50-64,College graduate+,0.4828308863924068
201501619932.0,Some,Was developed intentionally in a lab,Rep/Lean Rep,Conservative,65+,H.S. graduate or less,1.1903010315166591
201501620080.0,Refused,Was developed intentionally in a lab,Rep/Lean Rep,Refused,30-49,H.S. graduate or less,7.487621221765812
201501620197.0,Some,Not sure,Rep/Lean Rep,Conservative,30-49,College graduate+,0.5093639646895178
201501620202.0,None at all,Came about naturally,Dem/Lean Dem,Very liberal,65+,College graduate+,0.16658774135557186
201501620506.0,Some,Came about naturally,Dem/Lean Dem,Moderate,65+,Some College,0.9017162012127298
201501620555.0,Not much,Came about naturally,Dem/Lean Dem,Liberal,50-64,College graduate+,0.44732242553576856
201501620602.0,Some,Came about naturally,Dem/Lean Dem,Liberal,65+,College graduate+,0.16658774135557186
201501620631.0,None at all,Came about naturally,Dem/Lean Dem,Very liberal,30-49,College graduate+,0.30446087487465623
201501620940.0,Some,Came about naturally,Dem/Lean Dem,Conservative,50-64,Some College,0.4843338704683956
201501620999.0,Not much,Was made accidentally in a lab,Dem/Lean Dem,Moderate,65+,Some College,0.3408141214032566
201501621360.0,None at all,Came about naturally,Rep/Lean Rep,Conservative,50-64,H.S. graduate or less,1.1610350370521976
201501621546.0,Some,Came about naturally,Dem/Lean Dem,Liberal,50-64,College graduate+,0.2071585362363679
201501621777.0,Not much,Came about naturally,Dem/Lean Dem,Moderate,30-49,College graduate+,0.6925219965825834
201501621808.0,Not much,Came about naturally,Dem/Lean Dem,Liberal,50-64,College graduate+,0.3688383177152402
201501622030.0,None at all,Came about naturally,Dem/Lean Dem,Moderate,65+,College graduate+,0.27472252543231557
201501622126.0,None at all,Came about naturally,Dem/Lean Dem,Very liberal,50-64,College graduate+,0.5673423786495846
201501622215.0,Some,Not sure,Rep/Lean Rep,Conservative,65+,Some College,0.5848902857750223
201501622346.0,None at all,Came about naturally,Rep/Lean Rep,Very conservative,30-49,College graduate+,2.293050446403424
201501622437.0,Some,Not sure,Dem/Lean Dem,Liberal,18-29,Some College,2.1617852260711
201501622472.0,Some,Came about naturally,Rep/Lean Rep,Moderate,18-29,Some College,2.042938443612813
201501622506.0,None at all,Was developed intentionally in a lab,Rep/Lean Rep,Conservative,50-64,H.S. graduate or less,4.001691399638918
201501622631.0,A lot,Came about naturally,Rep/Lean Rep,Very conservative,65+,College graduate+,0.28681393797046795
201501622702.0,Some,Not sure,Dem/Lean Dem,Moderate,50-64,Some College,0.6467089334516383
201501622724.0,None at all,Not sure,Dem/Lean Dem,Liberal,30-49,Some College,1.715543403393568
201501622875.0,Some,Came about naturally,Rep/Lean Rep,Moderate,30-49,College graduate+,0.7573028188240344
201501622891.0,Some,Came about naturally,Dem/Lean Dem,Very liberal,30-49,Some College,1.8191108840825092
201501623001.0,Some,Not sure,Rep/Lean Rep,Moderate,30-49,H.S. graduate or less,3.145426562061012
201501623142.0,None at all,Was developed intentionally in a lab,Rep/Lean Rep,Conservative,65+,College graduate+,0.29711610905506375
201501623251.0,Not much,Not sure,Rep/Lean Rep,Moderate,50-64,Some College,0.4275105812183249
201501623519.0,A lot,Came about naturally,Dem/Lean Dem,Moderate,30-49,H.S. graduate or less,0.7347187284364055
201501623794.0,Some,Was developed intentionally in a lab,Dem/Lean Dem,Very liberal,30-49,Some College,0.5902417217773374
201501623815.0,A lot,Was developed intentionally in a lab,Rep/Lean Rep,Very conservative,30-49,College graduate+,0.5042469656148796
201501623907.0,Some,Not sure,Rep/Lean Rep,Very conservative,65+,College graduate+,0.2228900847276511
201501624218.0,Some,Came about naturally,Rep/Lean Rep,Conservative,18-29,Some College,4.98833898219332
201501624257.0,Not much,Came about naturally,Dem/Lean Dem,Moderate,50-64,College graduate+,0.5332771675780409
201501624334.0,Some,Not sure,Rep/Lean Rep,Conservative,65+,College graduate+,0.2547848262475639
201501624340.0,Some,Came about naturally,Rep/Lean Rep,Very conservative,65+,H.S. graduate or less,1.2307652361826464
201501624480.0,Not much,Was made accidentally in a lab,Dem/Lean Dem,Liberal,30-49,College graduate+,0.30446087487465623
201501624628.0,None at all,Not sure,Rep/Lean Rep,Conservative,50-64,H.S. graduate or less,1.0651417950260027
201501624709.0,Not much,Came about naturally,Rep/Lean Rep,Moderate,50-64,College graduate+,0.3845194120995435
201501624860.0,Not much,Was developed intentionally in a lab,Dem/Lean Dem,Liberal,65+,College graduate+,0.35631151696197294
201501625134.0,A lot,Not sure,Dem/Lean Dem,Moderate,50-64,H.S. graduate or less,3.283236590161001
201501625415.0,Not much,Came about naturally,Dem/Lean Dem,Moderate,65+,College graduate+,0.27472252543231557
201501625764.0,Not much,Was developed intentionally in a lab,Dem/Lean Dem,Moderate,30-49,College graduate+,0.2833861558341774
201501625871.0,None at all,Came about naturally,Dem/Lean Dem,Very liberal,30-49,College graduate+,0.3173946588434713
201501626095.0,Some,Not sure,Dem/Lean Dem,Very liberal,30-49,College graduate+,0.5558874642018046
201501626106.0,Some,Came about naturally,Rep/Lean Rep,Moderate,50-64,College graduate+,0.7332315402427623
201501626541.0,None at all,Came about naturally,Dem/Lean Dem,Liberal,30-49,College graduate+,1.9608312582779255
201501626548.0,Some,Was developed intentionally in a lab,Dem/Lean Dem,Moderate,65+,College graduate+,0.2228900847276511
201501626731.0,None at all,Came about naturally,Dem/Lean Dem,Very liberal,18-29,College graduate+,0.40568789356526047
201501626928.0,A lot,Was developed intentionally in a lab,Rep/Lean Rep,Conservative,30-49,College graduate+,0.48838265962000493
201501626974.0,Not much,Came about naturally,Dem/Lean Dem,Conservative,30-49,College graduate+,0.44705401190499194
201501627056.0,Some,Was developed intentionally in a lab,Rep/Lean Rep,Conservative,30-49,College graduate+,0.6194012899354113
201501627067.0,Not much,Came about naturally,Dem/Lean Dem,Moderate,30-49,Some College,1.3911318839631788
201501627319.0,None at all,Not sure,Dem/Lean Dem,Moderate,50-64,Some College,0.15268056946242753
201501627803.0,Some,Came about naturally,Dem/Lean Dem,Very liberal,50-64,College graduate+,0.8692044686292497
201501628362.0,Not much,Was developed intentionally in a lab,Dem/Lean Dem,Liberal,30-49,College graduate+,1.4263461147839385
201501630559.0,Some,Was developed intentionally in a lab,Dem/Lean Dem,Moderate,65+,College graduate+,0.12847769017549687
201501631971.0,A lot,Came about naturally,Rep/Lean Rep,Conservative,65+,College graduate+,0.6556272442174347
201501633958.0,Some,Came about naturally,Rep/Lean Rep,Conservative,50-64,College graduate+,0.2914983628884342
201501636186.0,Not much,Came about naturally,Dem/Lean Dem,Liberal,50-64,College graduate+,0.41844765124830724
201501636368.0,Some,Was developed intentionally in a lab,Rep/Lean Rep,Conservative,30-49,College graduate+,5.479148871375393
201501636380.0,Not much,Not sure,Dem/Lean Dem,Moderate,30-49,Some College,1.9487754622726237
201501637194.0,Some,Came about naturally,Dem/Lean Dem,Moderate,50-64,H.S. graduate or less,0.9455539665812626
201501637569.0,A lot,Came about naturally,Dem/Lean Dem,Liberal,50-64,College graduate+,0.5093639646895178
201501637936.0,A lot,Was developed intentionally in a lab,Rep/Lean Rep,Conservative,65+,College graduate+,0.561078032636311
201501639977.0,None at all,Came about naturally,Dem/Lean Dem,Very liberal,50-64,Some College,0.6124774883438281
201501640302.0,None at all,Was made accidentally in a lab,Dem/Lean Dem,Moderate,18-29,Some College,2.1620709396943054
201501640450.0,Not much,Came about naturally,Rep/Lean Rep,Moderate,65+,College graduate+,0.37995031658406214
201501640898.0,None at all,Not sure,Dem/Lean Dem,Refused,65+,Some College,0.27932211783080924
201501640967.0,Some,Was developed intentionally in a lab,Rep/Lean Rep,Conservative,50-64,Some College,0.5726494008518042
201501641202.0,Not much,Came about naturally,Dem/Lean Dem,Liberal,50-64,College graduate+,0.16877671577660544
201501641428.0,Not much,Came about naturally,Rep/Lean Rep,Moderate,65+,College graduate+,1.1881345080123378
201501641816.0,None at all,Was developed intentionally in a lab,Dem/Lean Dem,Liberal,18-29,Some College,2.3874504780716697
201501642191.0,Not much,Came about naturally,Rep/Lean Rep,Moderate,30-49,Some College,1.6270881958482035
201501642238.0,Some,Came about naturally,Dem/Lean Dem,Very liberal,50-64,H.S. graduate or less,4.341654087840906
201501642779.0,None at all,Came about naturally,Dem/Lean Dem,Liberal,30-49,College graduate+,0.9310940574933219
201501643163.0,A lot,Was developed intentionally in a lab,Rep/Lean Rep,Conservative,50-64,College graduate+,1.0440980622062117
201501644026.0,Some,Was developed intentionally in a lab,Rep/Lean Rep,Conservative,30-49,College graduate+,0.47683680314419524
201501644034.0,Not much,Came about naturally,Rep/Lean Rep,Very conservative,50-64,Some College,1.7811342515861763
201501644301.0,None at all,Came about naturally,Dem/Lean Dem,Moderate,30-49,College graduate+,1.9941683696616852
201501644438.0,A lot,Came about naturally,Rep/Lean Rep,Moderate,30-49,College graduate+,2.676020336109194
201501644831.0,Not much,Not sure,Rep/Lean Rep,Very conservative,30-49,College graduate+,0.39277896836882886
201501645079.0,None at all,Came about naturally,Dem/Lean Dem,Liberal,65+,College graduate+,0.21076401771962838
201501646045.0,Some,Not sure,Rep/Lean Rep,Conservative,50-64,College graduate+,0.3271834868358548
201501646838.0,None at all,Came about naturally,Rep/Lean Rep,Moderate,65+,College graduate+,0.49840964031823126
201501647491.0,Some,Came about naturally,Dem/Lean Dem,Moderate,18-29,College graduate+,0.23718372440040134
201501647619.0,Some,Not sure,Rep/Lean Rep,Conservative,65+,College graduate+,0.5947157903784182
201501647627.0,Not much,Came about naturally,Rep/Lean Rep,Moderate,50-64,College graduate+,0.22609697056393155
201501648255.0,Not much,Came about naturally,Dem/Lean Dem,Moderate,50-64,Some College,0.9236432712949221
201501648401.0,Not much,Came about naturally,Rep/Lean Rep,Moderate,30-49,College graduate+,2.4580374460595977
201501648446.0,None at all,Came about naturally,Dem/Lean Dem,Moderate,65+,College graduate+,0.35631151696197294
201501649213.0,Not much,Was developed intentionally in a lab,Dem/Lean Dem,Very liberal,18-29,College graduate+,1.0854549834525342
201501649441.0,Not much,Came about naturally,Dem/Lean Dem,Liberal,50-64,College graduate+,0.36032953440962434
201501649465.0,Some,Was made accidentally in a lab,Dem/Lean Dem,Moderate,18-29,College graduate+,1.325700368792458
201501649475.0,A lot,Not sure,Rep/Lean Rep,Conservative,65+,College graduate+,0.7424264215846899
201501650065.0,Some,Came about naturally,Dem/Lean Dem,Liberal,18-29,College graduate+,0.5459425965914381
201501650406.0,Some,Came about naturally,Dem/Lean Dem,Liberal,50-64,College graduate+,0.2071585362363679
201501650723.0,Some,Came about naturally,Dem/Lean Dem,Moderate,65+,H.S. graduate or less,1.5840329905034913
201501650728.0,Not much,Not sure,Dem/Lean Dem,Conservative,50-64,Some College,0.34940072702146663
201501650976.0,None at all,Came about naturally,Dem/Lean Dem,Liberal,65+,College graduate+,0.4118632994549787
201501651138.0,None at all,Came about naturally,Rep/Lean Rep,Conservative,30-49,College graduate+,1.0671520311813387
201501651199.0,A lot,Came about naturally,Dem/Lean Dem,Liberal,50-64,Some College,0.2692229282588516
201501651295.0,None at all,Was made accidentally in a lab,Dem/Lean Dem,Liberal,30-49,College graduate+,1.0247287814064574
201501651624.0,Some,Was made accidentally in a lab,Dem/Lean Dem,Moderate,18-29,Some College,0.7318393843524428
201501651797.0,Some,Was developed intentionally in a lab,Rep/Lean Rep,Moderate,50-64,College graduate+,0.25977479373231127
201501651871.0,Not much,Came about naturally,Dem/Lean Dem,Liberal,65+,College graduate+,0.16658774135557186
201501651997.0,Not much,Was made accidentally in a lab,Dem/Lean Dem,Conservative,65+,College graduate+,0.2559752922890272
201501652027.0,Not much,Came about naturally,Dem/Lean Dem,Liberal,30-49,College graduate+,1.3658985012533218
201501652039.0,Some,Came about naturally,Rep/Lean Rep,Conservative,50-64,H.S. graduate or less,1.0939143818377044
201501652117.0,Some,Came about naturally,Dem/Lean Dem,Very liberal,30-49,H.S. graduate or less,5.575771278736753
201501652164.0,A lot,Not sure,Rep/Lean Rep,Conservative,65+,College graduate+,0.4415814611290617
201501652210.0,Some,Was developed intentionally in a lab,Rep/Lean Rep,Conservative,50-64,College graduate+,0.317264943657635
201501652484.0,Not much,Was made accidentally in a lab,Rep/Lean Rep,Conservative,30-49,College graduate+,2.551068892657994
201501652706.0,Not much,Came about naturally,Rep/Lean Rep,Moderate,50-64,College graduate+,0.25502481511631947
201501652886.0,Some,Not sure,Rep/Lean Rep,Moderate,65+,H.S. graduate or less,2.902182287558958
201501653261.0,Not much,Was developed intentionally in a lab,Rep/Lean Rep,Conservative,30-49,College graduate+,0.47683680314419524
201501653294.0,Some,Came about naturally,Rep/Lean Rep,Conservative,65+,College graduate+,1.008594869048371
201501653375.0,None at all,Came about naturally,Dem/Lean Dem,Liberal,65+,College graduate+,0.18930857569764087
201501653601.0,Some,Came about naturally,Dem/Lean Dem,Liberal,50-64,College graduate+,0.21372520590383698
201501653642.0,Not much,Not sure,Rep/Lean Rep,Moderate,65+,College graduate+,1.4851432916379386
201501654483.0,Some,Came about naturally,Dem/Lean Dem,Liberal,30-49,College graduate+,0.45952049701745074
201501654684.0,None at all,Came about naturally,Dem/Lean Dem,Very liberal,65+,College graduate+,0.8292267917270667
201501654734.0,Some,Came about naturally,Dem/Lean Dem,Liberal,65+,College graduate+,0.62526829337726
201501655063.0,None at all,Not sure,Rep/Lean Rep,Conservative,50-64,College graduate+,1.1720302000931735
201501655072.0,Some,Not sure,Rep/Lean Rep,Moderate,30-49,College graduate+,1.9543017083361136
201501655330.0,Not much,Came about naturally,Rep/Lean Rep,Conservative,30-49,College graduate+,0.5781666713051318
201501655390.0,Some,Was developed intentionally in a lab,Rep/Lean Rep,Conservative,50-64,Some College,0.37227914890079805
201501655521.0,None at all,Came about naturally,Rep/Lean Rep,Conservative,65+,College graduate+,0.4415814611290617
201501655635.0,Some,Came about naturally,Dem/Lean Dem,Liberal,30-49,College graduate+,0.32127104808653617
201501655673.0,Not much,Was developed intentionally in a lab,Rep/Lean Rep,Moderate,50-64,Some College,0.3436899294825922
201501655726.0,Some,Was developed intentionally in a lab,Rep/Lean Rep,Conservative,65+,College graduate+,0.2547848262475639
201501655994.0,Not much,Came about naturally,Dem/Lean Dem,Liberal,30-49,College graduate+,0.16222115920061947
201501656172.0,Some,Came about naturally,Rep/Lean Rep,Moderate,50-64,H.S. graduate or less,3.13898243867428
201501656226.0,None at all,Came about naturally,Dem/Lean Dem,Liberal,50-64,Some College,0.23421344886813583
201501656404.0,A lot,Not sure,Rep/Lean Rep,Moderate,30-49,College graduate+,1.2332079407391399
201501656898.0,Not much,Came about naturally,Rep/Lean Rep,Very conservative,30-49,College graduate+,0.47683680314419524
201501656974.0,Some,Came about naturally,Dem/Lean Dem,Moderate,50-64,Some College,0.653676850813965
201501657019.0,Some,Came about naturally,Rep/Lean Rep,Moderate,30-49,Some College,0.8663683391784448
201501657434.0,Some,Was made accidentally in a lab,Rep/Lean Rep,Conservative,30-49,College graduate+,0.5529516220670304
201501657511.0,None at all,Not sure,Rep/Lean Rep,Conservative,30-49,College graduate+,0.45329468060915645
201501657854.0,Some,Not sure,DK/Refused/No lean,Moderate,65+,Some College,0.2702159308710462
201501657917.0,Some,Came about naturally,Rep/Lean Rep,Conservative,65+,Some College,0.3361813927087328
201501658068.0,None at all,Came about naturally,Dem/Lean Dem,Moderate,50-64,H.S. graduate or less,0.5243821156554433
201501658152.0,A lot,Was developed intentionally in a lab,Rep/Lean Rep,Conservative,65+,Some College,1.8106803462856706
201501658192.0,Not much,Came about naturally,Dem/Lean Dem,Very liberal,30-49,Some College,0.9316947140038917
201501658291.0,Some,Came about naturally,Rep/Lean Rep,Moderate,50-64,College graduate+,0.3102954082448866
201501658455.0,None at all,Came about naturally,Dem/Lean Dem,Very liberal,30-49,College graduate+,0.32727486259458716
201501658865.0,Not much,Came about naturally,Dem/Lean Dem,Liberal,30-49,College graduate+,0.509459673296628
201501659434.0,Some,Was developed intentionally in a lab,Rep/Lean Rep,Conservative,65+,College graduate+,0.49055018860334315
201501659606.0,None at all,Not sure,Dem/Lean Dem,Very liberal,50-64,H.S. graduate or less,4.337767003249056
201501660288.0,A lot,Came about naturally,Dem/Lean Dem,Very liberal,30-49,College graduate+,0.32127104808653617
201501660822.0,None at all,Not sure,Rep/Lean Rep,Conservative,50-64,Some College,0.3613555868673831
201501661053.0,Some,Came about naturally,Rep/Lean Rep,Moderate,50-64,College graduate+,0.22609697056393155
201501661283.0,Not much,Came about naturally,Rep/Lean Rep,Moderate,50-64,College graduate+,0.33631850134788027
201501661639.0,Not much,Came about naturally,Dem/Lean Dem,Liberal,65+,College graduate+,0.21076401771962838
201501661815.0,Some,Came about naturally,Rep/Lean Rep,Moderate,50-64,College graduate+,0.3271834868358548
201501662630.0,Some,Came about naturally,Dem/Lean Dem,Moderate,30-49,College graduate+,0.4479702720005671
201501664260.0,Not much,Not sure,Rep/Lean Rep,Conservative,30-49,College graduate+,0.5628115061981547
201501664561.0,Some,Was developed intentionally in a lab,Rep/Lean Rep,Moderate,30-49,College graduate+,0.44705401190499194
201501666239.0,Not much,Not sure,Dem/Lean Dem,Liberal,50-64,College graduate+,0.3604661726981481
201501666850.0,None at all,Not sure,Dem/Lean Dem,Liberal,50-64,College graduate+,0.21372520590383698
201501669174.0,A lot,Came about naturally,Rep/Lean Rep,Very conservative,65+,Some College,1.1787791609470277
201501669386.0,Not much,Came about naturally,Rep/Lean Rep,Conservative,30-49,College graduate+,1.0880431332519382
201501672680.0,A lot,Refused,Rep/Lean Rep,Conservative,30-49,College graduate+,0.5628115061981547
201501673039.0,Not much,Not sure,Dem/Lean Dem,Moderate,65+,College graduate+,0.7145672720788504
201501675023.0,A lot,Not sure,Rep/Lean Rep,Moderate,65+,Some College,0.44421746604418666
201501675032.0,None at all,Came about naturally,Rep/Lean Rep,Moderate,50-64,College graduate+,0.584507396698288
201501675206.0,Not much,Came about naturally,Dem/Lean Dem,Liberal,50-64,College graduate+,0.2071585362363679
201501675331.0,Some,Was developed intentionally in a lab,Dem/Lean Dem,Liberal,30-49,College graduate+,1.2043497857401124
201501675405.0,None at all,Was developed intentionally in a lab,Dem/Lean Dem,Moderate,50-64,Some College,0.7922043595817405
201501675438.0,Not much,Came about naturally,Dem/Lean Dem,Liberal,30-49,College graduate+,0.8598681241907115
201501675454.0,None at all,Not sure,Rep/Lean Rep,Moderate,65+,H.S. graduate or less,1.3756634201385982
201501675611.0,None at all,Came about naturally,Dem/Lean Dem,Moderate,50-64,College graduate+,0.5052504561221298
201501675710.0,A lot,Came about naturally,Rep/Lean Rep,Conservative,50-64,Some College,0.6549057641279313
201501675794.0,Some,Came about naturally,Dem/Lean Dem,Moderate,50-64,College graduate+,0.5052504561221298
201501676022.0,Not much,Came about naturally,Dem/Lean Dem,Moderate,50-64,College graduate+,1.0349981355899152
201501676079.0,None at all,Was developed intentionally in a lab,Dem/Lean Dem,Moderate,18-29,College graduate+,4.146240661148596
201501676100.0,Not much,Not sure,Rep/Lean Rep,Conservative,18-29,College graduate+,0.5396260725904269
201501676129.0,Some,Was developed intentionally in a lab,Rep/Lean Rep,Very conservative,50-64,Some College,0.4397665373684089
201501676210.0,Not much,Came about naturally,Rep/Lean Rep,Conservative,30-49,Some College,0.6524335763245417
201501676243.0,Not much,Not sure,Dem/Lean Dem,Moderate,30-49,Some College,1.6685727595733992
201501676648.0,Not much,Came about naturally,Dem/Lean Dem,Liberal,18-29,College graduate+,3.668075844562722
201501676853.0,Not much,Not sure,Dem/Lean Dem,Moderate,50-64,College graduate+,0.28380231851871496
201501677127.0,Some,Came about naturally,Rep/Lean Rep,Conservative,30-49,College graduate+,0.3761915359615992
201501677138.0,Not much,Was developed intentionally in a lab,Dem/Lean Dem,Moderate,30-49,Some College,0.4558545384493983
201501677157.0,A lot,Was developed intentionally in a lab,Rep/Lean Rep,Conservative,30-49,Some College,0.5456433790377777
201501677422.0,Refused,Refused,Dem/Lean Dem,Liberal,50-64,Some College,0.484553323170196
201501677626.0,Some,Came about naturally,Dem/Lean Dem,Liberal,30-49,Some College,0.8135634051494783
201501677638.0,Not much,Came about naturally,Dem/Lean Dem,Very liberal,65+,College graduate+,0.21076401771962838
201501677679.0,Not much,Not sure,Rep/Lean Rep,Conservative,30-49,College graduate+,0.5697442350927874
201501677751.0,Not much,Was developed intentionally in a lab,Rep/Lean Rep,Moderate,30-49,College graduate+,1.411122995171278
201501677921.0,None at all,Came about naturally,Rep/Lean Rep,Conservative,30-49,College graduate+,3.175813139216809
201501677937.0,Not much,Came about naturally,Dem/Lean Dem,Very liberal,30-49,College graduate+,0.28956493189991084
201501677982.0,Not much,Came about naturally,Dem/Lean Dem,Very liberal,30-49,College graduate+,0.758525813369407
201501677993.0,None at all,Came about naturally,Dem/Lean Dem,Liberal,50-64,Some College,0.4673457320543708
201501678221.0,Some,Came about naturally,Dem/Lean Dem,Very liberal,18-29,College graduate+,0.8385541927394977
201501678530.0,Some,Came about naturally,Dem/Lean Dem,Conservative,50-64,Some College,0.27955096700980203
201501678722.0,Not much,Not sure,Dem/Lean Dem,Liberal,50-64,H.S. graduate or less,1.0854015486572484
201501678773.0,None at all,Not sure,Dem/Lean Dem,Very liberal,18-29,College graduate+,0.7203618095466496
201501678817.0,A lot,Not sure,Rep/Lean Rep,Moderate,50-64,College graduate+,0.2763450083576254
201501679014.0,Not much,Was developed intentionally in a lab,Dem/Lean Dem,Liberal,30-49,College graduate+,1.0088324760181437
201501679311.0,Some,Was made accidentally in a lab,Rep/Lean Rep,Conservative,50-64,Some College,0.7951416387260912
201501679606.0,None at all,Was developed intentionally in a lab,Rep/Lean Rep,Very conservative,30-49,College graduate+,0.40224114742049477
201501679828.0,Some,Came about naturally,Dem/Lean Dem,Liberal,65+,College graduate+,0.46454444474580187
201501679883.0,None at all,Came about naturally,Dem/Lean Dem,Very liberal,30-49,Some College,0.4531027960611419
201501680191.0,Some,Was developed intentionally in a lab,Rep/Lean Rep,Moderate,50-64,College graduate+,1.5889167496010033
201501680331.0,Not much,Came about naturally,Dem/Lean Dem,Very liberal,65+,College graduate+,0.16658774135557186
201501680449.0,Some,Came about naturally,Dem/Lean Dem,Very liberal,30-49,College graduate+,0.472762569553823
201501680630.0,Some,Came about naturally,Dem/Lean Dem,Liberal,65+,College graduate+,0.16658774135557186
201501680761.0,Some,Was developed intentionally in a lab,Dem/Lean Dem,Very conservative,50-64,H.S. graduate or less,7.487621221765812
201501680788.0,Some,Came about naturally,Dem/Lean Dem,Very liberal,30-49,Some College,1.6322292590555523
201501681239.0,Not much,Came about naturally,Dem/Lean Dem,Liberal,30-49,H.S. graduate or less,1.6282492815642384
201501681268.0,Not much,Came about naturally,Dem/Lean Dem,Liberal,65+,H.S. graduate or less,1.7116535356676754
201501681333.0,None at all,Not sure,Rep/Lean Rep,Conservative,65+,Some College,0.4356961570922263
201501681482.0,None at all,Not sure,Rep/Lean Rep,Moderate,50-64,H.S. graduate or less,0.9815588981939994
201501681510.0,Not much,Not sure,Rep/Lean Rep,Very conservative,50-64,Some College,0.9711073967945258
201501681593.0,None at all,Came about naturally,Rep/Lean Rep,Conservative,65+,Some College,0.5133480775464817
201501681684.0,Not much,Not sure,Dem/Lean Dem,Very liberal,30-49,College graduate+,1.9608312582779255
201501681704.0,Some,Came about naturally,Dem/Lean Dem,Liberal,65+,College graduate+,0.31708983511564115
201501681777.0,Some,Came about naturally,Dem/Lean Dem,Liberal,30-49,H.S. graduate or less,2.6046232213998257
201501681893.0,Some,Came about naturally,Dem/Lean Dem,Liberal,65+,Some College,0.5501445714967962
201501681926.0,Some,Not sure,Rep/Lean Rep,Very conservative,65+,Some College,1.0510296244918262
201501682097.0,Not much,Not sure,Dem/Lean Dem,Liberal,30-49,College graduate+,0.3471495087894716
201501682166.0,Some,Came about naturally,Dem/Lean Dem,Liberal,65+,College graduate+,0.31700773711954594
201501682318.0,Not much,Came about naturally,Dem/Lean Dem,Very liberal,18-29,College graduate+,1.0275644155384822
201501682321.0,Not much,Came about naturally,Dem/Lean Dem,Liberal,30-49,College graduate+,0.32273937982036643
201501682703.0,Some,Came about naturally,Dem/Lean Dem,Liberal,30-49,College graduate+,0.39277896836882886
201501682827.0,Some,Came about naturally,Rep/Lean Rep,Conservative,50-64,H.S. graduate or less,3.5158299698663593
201501683046.0,Not much,Was developed intentionally in a lab,Dem/Lean Dem,Moderate,50-64,Some College,0.5307676604353408
201501683144.0,None at all,Came about naturally,Dem/Lean Dem,Moderate,30-49,College graduate+,0.6883065860022983
201501683521.0,Not much,Came about naturally,Dem/Lean Dem,Liberal,50-64,College graduate+,0.2004393864240934
201501683581.0,Some,Was made accidentally in a lab,Dem/Lean Dem,Very liberal,18-29,College graduate+,0.23171848024036895
201501683817.0,Not much,Doesn’t really exist,Dem/Lean Dem,Very liberal,18-29,H.S. graduate or less,7.487621221765812
201501683849.0,Not much,Came about naturally,Rep/Lean Rep,Conservative,18-29,College graduate+,0.7539831599886778
201501683916.0,Not much,Was developed intentionally in a lab,Rep/Lean Rep,Conservative,30-49,College graduate+,1.2874464202420794
201501684131.0,Some,Came about naturally,Dem/Lean Dem,Liberal,18-29,College graduate+,0.5431373050695132
201501684134.0,Not much,Came about naturally,Dem/Lean Dem,Very liberal,65+,College graduate+,0.187283354724434
201501684222.0,Some,Not sure,Dem/Lean Dem,Very liberal,50-64,H.S. graduate or less,7.487621221765812
201501684746.0,A lot,Was made accidentally in a lab,Dem/Lean Dem,Very liberal,50-64,College graduate+,1.3768255371347577
201501685003.0,Some,Came about naturally,Dem/Lean Dem,Liberal,30-49,College graduate+,0.48067573225304344
201501685130.0,None at all,Not sure,Dem/Lean Dem,Moderate,50-64,Some College,0.3902623410443116
201501685261.0,Not much,Came about naturally,Rep/Lean Rep,Moderate,50-64,College graduate+,0.9497353479147848
201501685504.0,Some,Came about naturally,Dem/Lean Dem,Liberal,65+,College graduate+,0.16952634911363323
201501685574.0,Not much,Came about naturally,Dem/Lean Dem,Moderate,50-64,Some College,0.6398956292366478
201501685731.0,Not much,Not sure,Rep/Lean Rep,Moderate,30-49,Some College,0.5928847924621904
201501685981.0,Not much,Was developed intentionally in a lab,Dem/Lean Dem,Very liberal,30-49,Some College,0.6542960991683047
201501686078.0,None at all,Not sure,Dem/Lean Dem,Very liberal,18-29,College graduate+,0.5300122778479703
201501686187.0,Some,Came about naturally,Rep/Lean Rep,Liberal,50-64,Some College,1.0306074524543845
201501686321.0,A lot,Came about naturally,Dem/Lean Dem,Very liberal,50-64,College graduate+,0.20313757190989004
201501686333.0,Some,Was made accidentally in a lab,Rep/Lean Rep,Very conservative,50-64,Some College,0.4106427283762139
201501686389.0,Not much,Was developed intentionally in a lab,Rep/Lean Rep,Moderate,50-64,College graduate+,0.7211998889064302
201501686761.0,Not much,Came about naturally,Rep/Lean Rep,Moderate,30-49,Some College,1.1049673931872006
201501686921.0,Not much,Came about naturally,Dem/Lean Dem,Moderate,50-64,College graduate+,0.724054467760679
201501686964.0,None at all,Was developed intentionally in a lab,Rep/Lean Rep,Conservative,50-64,Some College,0.4193012432916799
201501686976.0,Some,Came about naturally,Dem/Lean Dem,Liberal,50-64,College graduate+,0.2326032419849029
201501687365.0,Some,Came about naturally,Dem/Lean Dem,Very liberal,50-64,College graduate+,0.2326032419849029
201501687377.0,Not much,Came about naturally,Dem/Lean Dem,Liberal,30-49,College graduate+,0.39694540601529216
201501687391.0,Not much,Came about naturally,Dem/Lean Dem,Liberal,18-29,College graduate+,0.4417102446780824
201501687648.0,Not much,Came about naturally,Rep/Lean Rep,Moderate,50-64,College graduate+,0.2945033032924295
201501687650.0,Not much,Came about naturally,Dem/Lean Dem,Very liberal,18-29,College graduate+,0.8287624205320122
201501687662.0,A lot,Came about naturally,Rep/Lean Rep,Moderate,18-29,College graduate+,1.9941683696616852
201501687849.0,Some,Was developed intentionally in a lab,Rep/Lean Rep,Conservative,65+,Some College,0.908028761407938
201501687876.0,Not much,Came about naturally,Rep/Lean Rep,Conservative,50-64,Some College,0.44661595831531015
201501688012.0,A lot,Was developed intentionally in a lab,Rep/Lean Rep,Conservative,65+,College graduate+,0.24960377457431507
201501688348.0,Some,Was developed intentionally in a lab,Rep/Lean Rep,Conservative,50-64,Some College,1.78385209543816
201501688495.0,A lot,Not sure,Dem/Lean Dem,Moderate,30-49,College graduate+,0.6380183292124814
201501688533.0,A lot,Was developed intentionally in a lab,Rep/Lean Rep,Conservative,50-64,H.S. graduate or less,2.0656123852247297
201501688687.0,None at all,Came about naturally,Rep/Lean Rep,Conservative,65+,Some College,0.3361813927087328
201501688834.0,A lot,Was developed intentionally in a lab,Rep/Lean Rep,Liberal,50-64,H.S. graduate or less,1.239303585936521
201501688991.0,None at all,Was made accidentally in a lab,Dem/Lean Dem,Moderate,30-49,Some College,1.6500907375902265
201501689057.0,Not much,Came about naturally,Dem/Lean Dem,Liberal,18-29,College graduate+,0.4473873381643575
201501689077.0,Not much,Came about naturally,Dem/Lean Dem,Liberal,30-49,College graduate+,0.30446087487465623
201501689159.0,None at all,Came about naturally,Dem/Lean Dem,Liberal,50-64,College graduate+,0.41844765124830724
201501689229.0,None at all,Came about naturally,Rep/Lean Rep,Very conservative,65+,Some College,0.5133480775464817
201501689278.0,Some,Was developed intentionally in a lab,Rep/Lean Rep,Moderate,30-49,College graduate+,0.7470762870493943
201501689348.0,Not much,Was made accidentally in a lab,Rep/Lean Rep,Conservative,30-49,Some College,0.5283179923594749
201501689377.0,Some,Came about naturally,Dem/Lean Dem,Moderate,65+,College graduate+,0.31700773711954594
201501689495.0,None at all,Not sure,Rep/Lean Rep,Very conservative,30-49,Some College,2.1187351395166374
201501689501.0,Not much,Came about naturally,Rep/Lean Rep,Conservative,50-64,H.S. graduate or less,0.7492719236954615
201501689508.0,None at all,Came about naturally,Rep/Lean Rep,Conservative,65+,College graduate+,0.2547848262475639
201501689562.0,Some,Not sure,DK/Refused/No lean,Moderate,30-49,H.S. graduate or less,1.0694930682332227
201501689772.0,Not much,Came about naturally,Dem/Lean Dem,Liberal,30-49,Some College,1.3061994740223548
201501690060.0,Some,Was developed intentionally in a lab,Rep/Lean Rep,Conservative,50-64,Some College,0.2874723717560743
201501690238.0,None at all,Came about naturally,Dem/Lean Dem,Moderate,50-64,Some College,0.4194226426745415
201501690936.0,A lot,Was developed intentionally in a lab,Rep/Lean Rep,Conservative,18-29,Some College,1.145048236165491
201501691138.0,Not much,Not sure,Dem/Lean Dem,Moderate,65+,H.S. graduate or less,0.66509065733805
201501691173.0,Some,Came about naturally,Dem/Lean Dem,Liberal,18-29,College graduate+,1.4877616826198286
201501691275.0,Some,Not sure,Dem/Lean Dem,Liberal,18-29,College graduate+,0.6251091466737874
201501691484.0,None at all,Came about naturally,Dem/Lean Dem,Very liberal,30-49,College graduate+,0.5560577221339493
201501691562.0,None at all,Came about naturally,Dem/Lean Dem,Liberal,30-49,Some College,0.7947213849145883
201501691583.0,None at all,Came about naturally,Dem/Lean Dem,Very liberal,18-29,College graduate+,0.7007160639538801
201501691614.0,None at all,Not sure,Dem/Lean Dem,Moderate,30-49,College graduate+,0.5451796338197534
201501691635.0,Some,Came about naturally,Dem/Lean Dem,Liberal,30-49,College graduate+,0.5914753424167881
201501691661.0,None at all,Came about naturally,Rep/Lean Rep,Very conservative,65+,Some College,0.37830171774990956
201501691772.0,None at all,Came about naturally,Dem/Lean Dem,Moderate,50-64,Some College,0.6508530429046859
201501691806.0,Not much,Came about naturally,Dem/Lean Dem,Moderate,30-49,College graduate+,0.9243769995234397
201501692036.0,None at all,Was developed intentionally in a lab,Rep/Lean Rep,Moderate,30-49,College graduate+,0.5824593735021553
201501692780.0,None at all,Not sure,Dem/Lean Dem,Liberal,30-49,College graduate+,1.5551366168123437
201501692813.0,Some,Not sure,Rep/Lean Rep,Very conservative,65+,Some College,0.884522665575274
201501692883.0,Not much,Came about naturally,Rep/Lean Rep,Very conservative,50-64,College graduate+,0.34404288291430585
201501693096.0,Some,Came about naturally,Dem/Lean Dem,Very liberal,50-64,College graduate+,0.3688383177152402
201501693154.0,Not much,Came about naturally,Dem/Lean Dem,Very liberal,65+,College graduate+,0.5803723633964334
201501693239.0,None at all,Was developed intentionally in a lab,Rep/Lean Rep,Liberal,30-49,Some College,1.5152589733577015
201501693435.0,Not much,Was developed intentionally in a lab,Rep/Lean Rep,Moderate,30-49,Some College,2.6138711728797106
201501693649.0,Not much,Came about naturally,Dem/Lean Dem,Liberal,30-49,College graduate+,0.39618280167923603
201501693651.0,Some,Was made accidentally in a lab,Rep/Lean Rep,Conservative,65+,College graduate+,0.4164149582067598
201501693666.0,Not much,Was developed intentionally in a lab,Rep/Lean Rep,Very conservative,30-49,College graduate+,0.5052899155170041
201501693681.0,Some,Came about naturally,Dem/Lean Dem,Liberal,30-49,College graduate+,0.8403251282090664
201501693943.0,Some,Was made accidentally in a lab,Dem/Lean Dem,Moderate,50-64,College graduate+,0.440794797067075
201501694033.0,Some,Not sure,Rep/Lean Rep,Conservative,30-49,Some College,0.32596826003960244
201501694077.0,A lot,Was made accidentally in a lab,Rep/Lean Rep,Very conservative,65+,College graduate+,0.24960377457431507
201501694232.0,None at all,Came about naturally,Rep/Lean Rep,Very conservative,65+,Some College,1.1910849790118874
201501694348.0,A lot,Not sure,Rep/Lean Rep,Conservative,30-49,Some College,0.5283179923594749
201501694354.0,Some,Came about naturally,Rep/Lean Rep,Conservative,30-49,H.S. graduate or less,4.045673353251227
201501694402.0,Not much,Came about naturally,Dem/Lean Dem,Very liberal,30-49,College graduate+,0.8287624205320122
201501694693.0,Some,Not sure,Rep/Lean Rep,Conservative,65+,College graduate+,0.27528040554863553
201501694723.0,Not much,Came about naturally,Dem/Lean Dem,Liberal,30-49,College graduate+,0.39378088996104194
201501694953.0,Some,Not sure,Dem/Lean Dem,Very liberal,30-49,College graduate+,0.3173946588434713
201501695008.0,Not much,Not sure,Rep/Lean Rep,Moderate,50-64,Some College,0.7951416387260912
201501695190.0,None at all,Was developed intentionally in a lab,Dem/Lean Dem,Liberal,30-49,H.S. graduate or less,1.5784501940879352
201501695248.0,A lot,Not sure,DK/Refused/No lean,Moderate,50-64,H.S. graduate or less,0.8776624104860592
201501695428.0,None at all,Was developed intentionally in a lab,Rep/Lean Rep,Moderate,18-29,College graduate+,0.9141624480566856
201501695603.0,Some,Was developed intentionally in a lab,Rep/Lean Rep,Conservative,65+,College graduate+,0.28681393797046795
201501695644.0,Some,Not sure,Rep/Lean Rep,Moderate,30-49,College graduate+,2.578896368843141
201501695653.0,Not much,Came about naturally,Dem/Lean Dem,Liberal,30-49,College graduate+,0.40224114742049477
201501695858.0,Not much,Not sure,Dem/Lean Dem,Conservative,65+,H.S. graduate or less,1.5677215667372775
201501695970.0,None at all,Not sure,Rep/Lean Rep,Liberal,18-29,Some College,2.8247118153381976
201501696039.0,None at all,Came about naturally,Dem/Lean Dem,Very liberal,50-64,College graduate+,0.20313757190989004
201501696068.0,A lot,Not sure,Dem/Lean Dem,Very liberal,65+,H.S. graduate or less,6.325723472256129
201501696105.0,Some,Came about naturally,DK/Refused/No lean,Moderate,50-64,Some College,0.5797383525727224
201501696206.0,Some,Came about naturally,Rep/Lean Rep,Conservative,50-64,H.S. graduate or less,2.0656123852247297
201501696643.0,Some,Not sure,Rep/Lean Rep,Conservative,30-49,College graduate+,0.47683680314419524
201501696835.0,Not much,Was developed intentionally in a lab,Rep/Lean Rep,Moderate,30-49,H.S. graduate or less,3.6300801054355647
201501697082.0,A lot,Was developed intentionally in a lab,Rep/Lean Rep,Very conservative,65+,Some College,1.1787791609470277
201501697259.0,None at all,Was developed intentionally in a lab,Rep/Lean Rep,Conservative,65+,H.S. graduate or less,1.0585627316892179
201501697387.0,Some,Not sure,Rep/Lean Rep,Conservative,18-29,College graduate+,0.38916211978867576
201501697402.0,Not much,Came about naturally,Rep/Lean Rep,Moderate,30-49,Some College,0.6983844702387716
201501697815.0,Not much,Came about naturally,Dem/Lean Dem,Moderate,50-64,College graduate+,1.735276029651921
201501698070.0,Some,Came about naturally,Rep/Lean Rep,Conservative,65+,College graduate+,0.2228900847276511
201501698189.0,Some,Was developed intentionally in a lab,Dem/Lean Dem,Moderate,30-49,College graduate+,0.4568692162401136
201501698329.0,None at all,Came about naturally,Rep/Lean Rep,Very conservative,30-49,Some College,0.9228489977592036
201501698395.0,Some,Not sure,Dem/Lean Dem,Very liberal,30-49,College graduate+,0.4921817942421262
201501698468.0,Not much,Not sure,Rep/Lean Rep,Conservative,65+,Some College,0.884522665575274
201501698775.0,None at all,Not sure,Dem/Lean Dem,Moderate,30-49,College graduate+,0.35842635084045804
201501698873.0,Some,Came about naturally,Dem/Lean Dem,Liberal,50-64,College graduate+,0.16877671577660544
201501699046.0,Some,Came about naturally,Rep/Lean Rep,Moderate,30-49,College graduate+,1.3821989314767666
201501699075.0,A lot,Came about naturally,Rep/Lean Rep,Conservative,30-49,Some College,0.5405495782821258
201501699169.0,Some,Came about naturally,Dem/Lean Dem,Liberal,30-49,College graduate+,1.1725148900178126
201501699183.0,Some,Not sure,Dem/Lean Dem,Conservative,30-49,Some College,0.5814727532419444
201501699339.0,A lot,Came about naturally,Rep/Lean Rep,Conservative,30-49,Some College,0.6214248979845773
201501699378.0,Not much,Came about naturally,Dem/Lean Dem,Very liberal,65+,College graduate+,0.31700773711954594
201501699704.0,A lot,Was developed intentionally in a lab,Rep/Lean Rep,Conservative,50-64,H.S. graduate or less,2.69224767542607
201501700042.0,Not much,Came about naturally,Dem/Lean Dem,Moderate,65+,College graduate+,0.16658774135557186
201501700188.0,None at all,Came about naturally,Dem/Lean Dem,Liberal,65+,College graduate+,0.31252377623184197
201501700365.0,Some,Was developed intentionally in a lab,Dem/Lean Dem,Moderate,30-49,Some College,1.800535477773931
201501701163.0,Some,Was developed intentionally in a lab,Rep/Lean Rep,Conservative,50-64,College graduate+,0.22853094841665667
201501701356.0,Some,Not sure,Dem/Lean Dem,Moderate,65+,College graduate+,1.4441437444276632
201501701572.0,None at all,Came about naturally,Dem/Lean Dem,Very liberal,30-49,College graduate+,0.16222115920061947
201501701642.0,None at all,Came about naturally,Dem/Lean Dem,Liberal,30-49,College graduate+,0.758525813369407
201501701708.0,None at all,Was developed intentionally in a lab,Rep/Lean Rep,Conservative,30-49,College graduate+,0.4425879654097782
201501701762.0,Not much,Came about naturally,Rep/Lean Rep,Moderate,18-29,College graduate+,0.629783210443301
201501701956.0,Some,Came about naturally,Rep/Lean Rep,Conservative,65+,College graduate+,0.2559752922890272
201501701962.0,Some,Not sure,Rep/Lean Rep,Conservative,30-49,College graduate+,0.5042469656148796
201501701979.0,Some,Not sure,Rep/Lean Rep,Conservative,30-49,H.S. graduate or less,2.3579445735917783
201501702153.0,Some,Not sure,Rep/Lean Rep,Conservative,30-49,H.S. graduate or less,0.925224797763363
201501702237.0,None at all,Not sure,Rep/Lean Rep,Moderate,50-64,College graduate+,0.6677306377059066
201501702404.0,Some,Came about naturally,Rep/Lean Rep,Moderate,30-49,College graduate+,2.167310621694894
201501702840.0,Some,Not sure,Dem/Lean Dem,Liberal,50-64,College graduate+,0.28251322956727914
201501703266.0,None at all,Not sure,Dem/Lean Dem,Very liberal,30-49,Some College,0.410435349718845
201501703562.0,None at all,Came about naturally,Dem/Lean Dem,Moderate,30-49,Some College,1.1371143279536375
201501718596.0,Some,Not sure,Rep/Lean Rep,Very conservative,30-49,College graduate+,1.085842622648652
201501725030.0,Some,Was developed intentionally in a lab,Rep/Lean Rep,Very conservative,50-64,Some College,0.41319179509199855
201501725292.0,Not much,Was developed intentionally in a lab,Rep/Lean Rep,Moderate,65+,College graduate+,0.2228900847276511
201501725406.0,None at all,Came about naturally,Dem/Lean Dem,Moderate,30-49,College graduate+,0.5158848355642376
201501725495.0,None at all,Came about naturally,Dem/Lean Dem,Very liberal,50-64,College graduate+,0.2601583936831742
201501725531.0,A lot,Was developed intentionally in a lab,Dem/Lean Dem,Moderate,50-64,H.S. graduate or less,5.294466155285028
201501725625.0,Not much,Came about naturally,Dem/Lean Dem,Moderate,50-64,College graduate+,0.5142985803451323
201501725890.0,Some,Came about naturally,Rep/Lean Rep,Conservative,50-64,College graduate+,0.4332216541457245
201501726018.0,Some,Not sure,Dem/Lean Dem,Moderate,65+,Some College,0.3361813927087328
201501726123.0,Not much,Was developed intentionally in a lab,Rep/Lean Rep,Very conservative,50-64,College graduate+,2.419205984514779
201501726321.0,A lot,Was developed intentionally in a lab,Rep/Lean Rep,Moderate,30-49,Some College,0.7509000849263384
201501726340.0,Not much,Doesn’t really exist,Rep/Lean Rep,Very conservative,18-29,H.S. graduate or less,2.5889386103926886
201501726403.0,None at all,Came about naturally,Rep/Lean Rep,Moderate,30-49,College graduate+,1.6167942263979755
201501726762.0,Some,Was developed intentionally in a lab,Rep/Lean Rep,Conservative,30-49,College graduate+,0.2377532681956779
201501726887.0,Not much,Came about naturally,Dem/Lean Dem,Moderate,18-29,College graduate+,0.81485298012428
201501727285.0,Not much,Was developed intentionally in a lab,Dem/Lean Dem,Moderate,30-49,College graduate+,0.9857210827724396
201501727377.0,Not much,Came about naturally,Dem/Lean Dem,Very liberal,50-64,College graduate+,0.8485019022729271
201501727519.0,Not much,Came about naturally,Dem/Lean Dem,Moderate,50-64,College graduate+,0.6487897855714696
201501727917.0,Not much,Not sure,Dem/Lean Dem,Moderate,30-49,H.S. graduate or less,0.7613765252301912
201501728329.0,Not much,Came about naturally,Dem/Lean Dem,Moderate,30-49,Some College,1.3318727142553173
201501728449.0,None at all,Not sure,Rep/Lean Rep,Moderate,50-64,College graduate+,1.04252894105584
201501728454.0,Not much,Came about naturally,Dem/Lean Dem,Very liberal,30-49,College graduate+,0.4203007165136855
201501728674.0,Some,Came about naturally,Rep/Lean Rep,Moderate,30-49,College graduate+,0.43306038470855224
201501728687.0,Some,Was developed intentionally in a lab,Rep/Lean Rep,Conservative,18-29,Some College,2.7377549251255617
201501728967.0,Some,Was developed intentionally in a lab,Dem/Lean Dem,Moderate,18-29,Some College,3.4754016416951354
201501729167.0,Not much,Came about naturally,Dem/Lean Dem,Very liberal,18-29,College graduate+,0.34249306525017154
201501729367.0,None at all,Came about naturally,Rep/Lean Rep,Moderate,50-64,H.S. graduate or less,1.6327413092759469
201501729441.0,Some,Came about naturally,Dem/Lean Dem,Very liberal,30-49,College graduate+,0.28956493189991084
201501729497.0,Not much,Came about naturally,Rep/Lean Rep,Conservative,50-64,Some College,0.9316561665376573
201501729765.0,Some,Came about naturally,Rep/Lean Rep,Conservative,30-49,College graduate+,0.4372381949008958
201501729858.0,Some,Was developed intentionally in a lab,Rep/Lean Rep,Conservative,18-29,College graduate+,0.8552506882821901
201501730339.0,Some,Not sure,Dem/Lean Dem,Moderate,65+,Some College,0.3216357798181609
201501730810.0,Some,Was developed intentionally in a lab,Dem/Lean Dem,Moderate,30-49,Some College,0.9216038779848179
201501731014.0,Not much,Came about naturally,Dem/Lean Dem,Very liberal,30-49,College graduate+,0.846870724123248
201501731021.0,Some,Was made accidentally in a lab,Rep/Lean Rep,Moderate,30-49,Some College,2.0024602579672965
201501731034.0,Not much,Doesn’t really exist,Dem/Lean Dem,Moderate,30-49,College graduate+,0.8991686477792322
201501731289.0,Some,Not sure,Dem/Lean Dem,Liberal,30-49,H.S. graduate or less,1.9547117844297401
201501731455.0,None at all,Came about naturally,Dem/Lean Dem,Moderate,65+,H.S. graduate or less,1.287782566787578
201501731673.0,Not much,Came about naturally,Dem/Lean Dem,Liberal,30-49,College graduate+,0.4473873381643575
201501732248.0,Not much,Came about naturally,Dem/Lean Dem,Very liberal,30-49,College graduate+,0.8598681241907115
201501732326.0,Some,Came about naturally,Dem/Lean Dem,Very liberal,65+,Some College,0.5641129158775838
201501732350.0,Not much,Was made accidentally in a lab,Rep/Lean Rep,Conservative,65+,College graduate+,0.4280546019381889
201501732509.0,Not much,Came about naturally,Dem/Lean Dem,Very liberal,50-64,College graduate+,0.1141450627101747
201501732670.0,Some,Came about naturally,Rep/Lean Rep,Very conservative,65+,College graduate+,0.24960377457431507
201501732741.0,Some,Came about naturally,Dem/Lean Dem,Moderate,30-49,College graduate+,0.6411083318180221
201501732764.0,Some,Came about naturally,Rep/Lean Rep,Moderate,50-64,H.S. graduate or less,0.8557120846365642
201501733001.0,Not much,Not sure,Dem/Lean Dem,Very liberal,30-49,College graduate+,2.0943107660522924
201501733086.0,Some,Was developed intentionally in a lab,Rep/Lean Rep,Conservative,65+,College graduate+,0.5845912887811643
201501733127.0,Not much,Came about naturally,Dem/Lean Dem,Very liberal,65+,College graduate+,0.27090170480401554
201501733261.0,None at all,Not sure,Rep/Lean Rep,Conservative,65+,Some College,0.575259486340905
201501733270.0,None at all,Came about naturally,Dem/Lean Dem,Moderate,30-49,College graduate+,0.35546452545895924
201501733490.0,A lot,Came about naturally,Rep/Lean Rep,Moderate,30-49,College graduate+,0.4332216541457245
201501733559.0,Not much,Came about naturally,Dem/Lean Dem,Liberal,50-64,College graduate+,0.4583816007988759
201501733789.0,Some,Came about naturally,Dem/Lean Dem,Liberal,30-49,Some College,1.1371143279536375
201501734175.0,Some,Came about naturally,Dem/Lean Dem,Liberal,30-49,College graduate+,0.5311599048091579
201501734271.0,Not much,Not sure,Rep/Lean Rep,Moderate,30-49,Some College,0.5283179923594749
201501734824.0,Not much,Was developed intentionally in a lab,Dem/Lean Dem,Moderate,50-64,H.S. graduate or less,7.487621221765812
201501734914.0,Not much,Came about naturally,Dem/Lean Dem,Moderate,50-64,Some College,0.45351562049949956
201501735167.0,None at all,Not sure,Rep/Lean Rep,Conservative,65+,College graduate+,0.28718500597209207
201501735187.0,None at all,Came about naturally,Dem/Lean Dem,Very liberal,18-29,College graduate+,0.6019191715444582
201501735359.0,Not much,Came about naturally,Dem/Lean Dem,Liberal,30-49,College graduate+,0.28330752853283125
201501735493.0,Not much,Came about naturally,Dem/Lean Dem,Moderate,30-49,College graduate+,0.5195499594948413
201501735501.0,None at all,Not sure,Dem/Lean Dem,Moderate,30-49,H.S. graduate or less,7.487621221765812
201501735571.0,A lot,Not sure,Rep/Lean Rep,Conservative,18-29,Some College,0.7306370637918762
201501735674.0,Some,Came about naturally,Dem/Lean Dem,Liberal,65+,College graduate+,0.3547698801388691
201501735701.0,Some,Was made accidentally in a lab,Rep/Lean Rep,Very conservative,50-64,College graduate+,0.8511621282951507
201501735861.0,Some,Not sure,Dem/Lean Dem,Very liberal,18-29,Some College,5.076614403418413
201501735882.0,None at all,Was developed intentionally in a lab,Rep/Lean Rep,Conservative,50-64,Some College,0.3613555868673831
201501735915.0,Some,Not sure,Rep/Lean Rep,Conservative,50-64,College graduate+,0.38075526952322514
201501735950.0,Not much,Came about naturally,Dem/Lean Dem,Liberal,65+,H.S. graduate or less,0.6553237667306561
201501736123.0,Some,Came about naturally,Dem/Lean Dem,Liberal,65+,College graduate+,0.4681386656486082
201501736475.0,None at all,Was developed intentionally in a lab,Rep/Lean Rep,Moderate,18-29,College graduate+,1.0905036626387195
201501736485.0,Some,Came about naturally,Rep/Lean Rep,Conservative,30-49,Some College,0.5283179923594749
201501736633.0,None at all,Came about naturally,Rep/Lean Rep,Conservative,65+,Some College,0.4356961570922263
201501736864.0,Not much,Came about naturally,Dem/Lean Dem,Moderate,30-49,H.S. graduate or less,5.356499669655939
201501737048.0,Not much,Came about naturally,Dem/Lean Dem,Liberal,65+,College graduate+,0.28067968514975083
201501737058.0,Some,Came about naturally,Dem/Lean Dem,Very liberal,65+,College graduate+,0.46454444474580187
201501737727.0,None at all,Came about naturally,Rep/Lean Rep,Very conservative,50-64,College graduate+,0.2585335737324687
201501737966.0,Not much,Came about naturally,Rep/Lean Rep,Moderate,30-49,College graduate+,0.4332216541457245
201501738160.0,Some,Came about naturally,Rep/Lean Rep,Very conservative,65+,Some College,0.43934491567287387
201501738220.0,None at all,Came about naturally,Dem/Lean Dem,Liberal,30-49,Some College,3.5029909448199374
201501738641.0,Not much,Was developed intentionally in a lab,Dem/Lean Dem,Moderate,30-49,College graduate+,0.3848772282192856
201501738649.0,Some,Came about naturally,Dem/Lean Dem,Moderate,30-49,College graduate+,0.3990412369663428
201501738791.0,Some,Came about naturally,Dem/Lean Dem,Very liberal,30-49,College graduate+,0.32727486259458716
201501739024.0,Some,Was developed intentionally in a lab,DK/Refused/No lean,Refused,30-49,Some College,1.333241857651826
201501739207.0,Not much,Came about naturally,Rep/Lean Rep,Moderate,50-64,College graduate+,1.0709836859966302
201501739266.0,Some,Came about naturally,Dem/Lean Dem,Liberal,65+,College graduate+,0.4057370371230643
201501739462.0,A lot,Not sure,Dem/Lean Dem,Moderate,30-49,College graduate+,0.5266884366723658
201501739514.0,Some,Was made accidentally in a lab,Rep/Lean Rep,Very conservative,50-64,College graduate+,0.23078620749798037
201501739549.0,Some,Was developed intentionally in a lab,Rep/Lean Rep,Moderate,50-64,H.S. graduate or less,3.031429007628597
201501739617.0,Some,Came about naturally,Rep/Lean Rep,Conservative,50-64,H.S. graduate or less,1.2578763074636667
201501739676.0,Not much,Not sure,Rep/Lean Rep,Conservative,65+,College graduate+,0.49712288330504906
201501739715.0,Some,Was made accidentally in a lab,Dem/Lean Dem,Moderate,65+,Some College,0.5205898937515206
201501739938.0,Some,Was made accidentally in a lab,Dem/Lean Dem,Moderate,50-64,College graduate+,0.2071585362363679
201501785185.0,A lot,Came about naturally,Dem/Lean Dem,Liberal,50-64,College graduate+,0.19190345833934808
201501786563.0,Some,Came about naturally,Rep/Lean Rep,Conservative,30-49,College graduate+,0.9609176868269501
201501786595.0,Some,Not sure,Dem/Lean Dem,Moderate,50-64,College graduate+,0.1703078217101731
201501786789.0,None at all,Came about naturally,Dem/Lean Dem,Moderate,65+,College graduate+,0.31700773711954594
201501787357.0,Some,Not sure,Rep/Lean Rep,Conservative,50-64,Some College,0.6893710197019203
201501789389.0,A lot,Not sure,Rep/Lean Rep,Very conservative,50-64,Some College,0.4193012432916799
201501790791.0,Not much,Not sure,Dem/Lean Dem,Liberal,30-49,College graduate+,0.6925219965825834
201501791973.0,None at all,Came about naturally,Dem/Lean Dem,Liberal,65+,College graduate+,0.4118632994549787
201501792219.0,Not much,Was developed intentionally in a lab,Rep/Lean Rep,Very conservative,50-64,Some College,3.2976642702090175
201501793169.0,None at all,Came about naturally,Dem/Lean Dem,Liberal,65+,H.S. graduate or less,0.7590754452728685
201501793399.0,Not much,Not sure,Dem/Lean Dem,Moderate,65+,Some College,0.36934720700493145
201501793855.0,Not much,Came about naturally,Dem/Lean Dem,Moderate,30-49,College graduate+,0.6478401858027472
201501794040.0,None at all,Came about naturally,Dem/Lean Dem,Liberal,65+,Some College,0.3156760096714173
201501794286.0,Some,Not sure,Rep/Lean Rep,Conservative,50-64,College graduate+,0.3590266223903537
201501794979.0,Some,Came about naturally,Dem/Lean Dem,Very liberal,18-29,College graduate+,1.0779914511674644
201501795432.0,Not much,Came about naturally,Dem/Lean Dem,Moderate,18-29,College graduate+,1.0565457964925558
201501797997.0,None at all,Came about naturally,Rep/Lean Rep,Moderate,30-49,College graduate+,0.8502565988373195
201501798171.0,Not much,Was developed intentionally in a lab,Rep/Lean Rep,Conservative,65+,H.S. graduate or less,2.9805375087964263
201501798368.0,None at all,Came about naturally,Dem/Lean Dem,Liberal,65+,College graduate+,1.0031945336444452
201701100752.0,Some,Came about naturally,Dem/Lean Dem,Moderate,65+,College graduate+,0.30829489388612097
201701100809.0,None at all,Not sure,Rep/Lean Rep,Conservative,30-49,H.S. graduate or less,1.4287656017880184
201701200584.0,A lot,Was developed intentionally in a lab,Rep/Lean Rep,Moderate,50-64,College graduate+,0.3192763252864371
201701201656.0,Not much,Came about naturally,Rep/Lean Rep,Conservative,65+,Some College,1.1910849790118874
201701201733.0,Not much,Came about naturally,Dem/Lean Dem,Liberal,65+,College graduate+,0.31252377623184197
201701201784.0,A lot,Was developed intentionally in a lab,Rep/Lean Rep,Moderate,50-64,H.S. graduate or less,3.812333359508802
201701201793.0,Not much,Not sure,Dem/Lean Dem,Moderate,50-64,College graduate+,0.2326032419849029
201701201870.0,None at all,Came about naturally,Dem/Lean Dem,Very liberal,50-64,College graduate+,0.3206291340585848
201701201902.0,A lot,Came about naturally,Rep/Lean Rep,Conservative,65+,Some College,1.3913505386367515
201701202982.0,None at all,Was developed intentionally in a lab,Dem/Lean Dem,Conservative,50-64,H.S. graduate or less,4.768354710926341
201701204112.0,Not much,Not sure,Rep/Lean Rep,Liberal,65+,H.S. graduate or less,1.047177274393529
201701204395.0,Not much,Came about naturally,Rep/Lean Rep,Conservative,30-49,College graduate+,0.4568692162401136
201701204645.0,Not much,Came about naturally,Rep/Lean Rep,Conservative,65+,H.S. graduate or less,2.9787276198826382
201701206619.0,Not much,Came about naturally,Rep/Lean Rep,Conservative,65+,College graduate+,0.5626525845257144
201701206738.0,Some,Not sure,Rep/Lean Rep,Conservative,50-64,Some College,0.40642522397669273
201701208231.0,None at all,Came about naturally,Dem/Lean Dem,Liberal,65+,College graduate+,0.16952634911363323
201701209364.0,Some,Came about naturally,Rep/Lean Rep,Conservative,50-64,College graduate+,0.28771949819047704
201701209927.0,Some,Came about naturally,Rep/Lean Rep,Moderate,65+,H.S. graduate or less,3.3795260387977204
201701209983.0,None at all,Not sure,Rep/Lean Rep,Moderate,65+,Some College,1.4046846332993161
201701212768.0,Not much,Was developed intentionally in a lab,Dem/Lean Dem,Conservative,50-64,Some College,0.8552230875572993
201701212821.0,A lot,Came about naturally,Rep/Lean Rep,Very conservative,50-64,Some College,0.3515384967079613
201701213304.0,Some,Came about naturally,Dem/Lean Dem,Very liberal,30-49,College graduate+,0.8485019022729271
201701214671.0,Not much,Came about naturally,Dem/Lean Dem,Very liberal,50-64,College graduate+,0.4583816007988759
201701215683.0,Some,Was developed intentionally in a lab,Rep/Lean Rep,Very conservative,65+,Some College,0.501097021579651
201701216349.0,A lot,Refused,Rep/Lean Rep,Moderate,50-64,College graduate+,0.49659935093139507
201701216494.0,None at all,Came about naturally,Dem/Lean Dem,Liberal,65+,College graduate+,0.2559752922890272
201701216959.0,A lot,Came about naturally,Rep/Lean Rep,Conservative,30-49,College graduate+,0.5824593735021553
201701218611.0,Not much,Not sure,Rep/Lean Rep,Moderate,30-49,College graduate+,2.3423676481208697
201701218985.0,Not much,Came about naturally,Rep/Lean Rep,Moderate,18-29,Some College,2.0107128079629515
201701219117.0,Not much,Came about naturally,Dem/Lean Dem,Moderate,65+,College graduate+,0.16952634911363323
201701219184.0,Not much,Was developed intentionally in a lab,Rep/Lean Rep,Moderate,50-64,College graduate+,0.317264943657635
201701219649.0,Some,Came about naturally,Rep/Lean Rep,Conservative,65+,College graduate+,0.7424264215846899
201701219759.0,Not much,Was made accidentally in a lab,Rep/Lean Rep,Very conservative,65+,H.S. graduate or less,0.8694822631615768
201701219942.0,Some,Came about naturally,Dem/Lean Dem,Very liberal,50-64,College graduate+,0.41237285308475313
201701223468.0,A lot,Came about naturally,Dem/Lean Dem,Very liberal,50-64,Some College,1.2174922923128602
201701225006.0,Not much,Came about naturally,Rep/Lean Rep,Conservative,50-64,H.S. graduate or less,3.087350310111139
201701225857.0,Not much,Came about naturally,Dem/Lean Dem,Moderate,65+,College graduate+,0.2541918555187609
201701226591.0,Some,Not sure,Rep/Lean Rep,Moderate,50-64,H.S. graduate or less,5.0336538438277385
201701226693.0,Some,Was made accidentally in a lab,Rep/Lean Rep,Refused,65+,College graduate+,1.2585334409188997
201701228699.0,Not much,Came about naturally,Dem/Lean Dem,Moderate,65+,College graduate+,0.3066289537738244
201701230190.0,None at all,Was developed intentionally in a lab,Dem/Lean Dem,Moderate,50-64,College graduate+,0.38777637483749106
201701230788.0,Some,Came about naturally,Rep/Lean Rep,Conservative,65+,College graduate+,0.24960377457431507
201701231007.0,Not much,Came about naturally,Dem/Lean Dem,Moderate,30-49,College graduate+,0.5158848355642376
201701231781.0,Not much,Came about naturally,Dem/Lean Dem,Liberal,65+,College graduate+,0.5891238000603322
201701237000.0,Not much,Not sure,Dem/Lean Dem,Moderate,30-49,College graduate+,1.4498485701973327
201701237089.0,None at all,Came about naturally,Dem/Lean Dem,Liberal,65+,College graduate+,0.27090170480401554
201701237878.0,None at all,Not sure,Dem/Lean Dem,Liberal,50-64,Some College,0.6124774883438281
201701239112.0,A lot,Was developed intentionally in a lab,Rep/Lean Rep,Conservative,50-64,College graduate+,0.5873856855115855
201701239132.0,Not much,Came about naturally,Dem/Lean Dem,Conservative,50-64,H.S. graduate or less,2.458050216912133
201701239846.0,None at all,Not sure,Dem/Lean Dem,Conservative,30-49,Some College,0.6736640009393061
201701241137.0,Not much,Came about naturally,Dem/Lean Dem,Liberal,65+,College graduate+,0.3547698801388691
201701241642.0,Some,Was developed intentionally in a lab,Rep/Lean Rep,Conservative,30-49,College graduate+,0.627717823555507
201701241672.0,Not much,Refused,Dem/Lean Dem,Liberal,50-64,College graduate+,0.28114177459279155
201701242501.0,Some,Came about naturally,Dem/Lean Dem,Liberal,65+,College graduate+,0.35631151696197294
201701243138.0,None at all,Not sure,Dem/Lean Dem,Moderate,50-64,College graduate+,0.1249624852987004
201701243176.0,None at all,Not sure,DK/Refused/No lean,Moderate,65+,Some College,1.6348879634512594
201701243839.0,Some,Came about naturally,Rep/Lean Rep,Conservative,65+,H.S. graduate or less,2.570710827037535
201701244243.0,Not much,Was developed intentionally in a lab,Rep/Lean Rep,Conservative,50-64,Some College,1.2989574173394047
201701244598.0,Not much,Not sure,Dem/Lean Dem,Moderate,65+,Refused,0.5898727532129502
201701245298.0,Some,Was developed intentionally in a lab,Rep/Lean Rep,Conservative,30-49,College graduate+,0.785038659798329
201701246589.0,None at all,Came about naturally,Dem/Lean Dem,Liberal,65+,College graduate+,0.16952634911363323
201701248969.0,Some,Came about naturally,Rep/Lean Rep,Conservative,30-49,H.S. graduate or less,7.487621221765812
201701250702.0,Some,Not sure,Dem/Lean Dem,Conservative,65+,Some College,0.754905525400222
201701251752.0,Not much,Came about naturally,Dem/Lean Dem,Very liberal,30-49,College graduate+,0.30446087487465623
201701251888.0,Some,Came about naturally,Rep/Lean Rep,Moderate,65+,College graduate+,0.4280546019381889
201701252988.0,Some,Was made accidentally in a lab,Rep/Lean Rep,Moderate,30-49,Refused,1.108770051129587
201701253214.0,Not much,Came about naturally,Dem/Lean Dem,Very liberal,30-49,College graduate+,0.16081659930478145
201701254556.0,Some,Came about naturally,Dem/Lean Dem,Liberal,65+,Some College,0.6369270591179916
201701255360.0,Some,Not sure,Dem/Lean Dem,Liberal,65+,Some College,1.167235633551961
201701255880.0,Not much,Came about naturally,Dem/Lean Dem,Liberal,65+,College graduate+,0.3512111722909017
201701256892.0,None at all,Came about naturally,Dem/Lean Dem,Very liberal,18-29,College graduate+,0.81485298012428
201701257013.0,A lot,Was developed intentionally in a lab,Rep/Lean Rep,Conservative,50-64,Some College,0.38424198482774236
201701257173.0,None at all,Came about naturally,Dem/Lean Dem,Very liberal,30-49,College graduate+,0.3627763737137497
201701258107.0,None at all,Came about naturally,Dem/Lean Dem,Moderate,65+,Some College,1.9609193171345396
201701258551.0,Not much,Came about naturally,Rep/Lean Rep,Moderate,30-49,College graduate+,0.6504421327801689
201701259134.0,Some,Was developed intentionally in a lab,Rep/Lean Rep,Very conservative,65+,Some College,0.38668110394946953
201701260307.0,Some,Was made accidentally in a lab,Rep/Lean Rep,Conservative,65+,College graduate+,0.575242611489201
201701260770.0,A lot,Not sure,Dem/Lean Dem,Moderate,65+,H.S. graduate or less,7.393549481880179
201701260940.0,Not much,Refused,Dem/Lean Dem,Moderate,50-64,College graduate+,1.1204818882953553
201701261721.0,Some,Not sure,Rep/Lean Rep,Very conservative,50-64,H.S. graduate or less,1.0939143818377044
201701263943.0,A lot,Came about naturally,Rep/Lean Rep,Very conservative,30-49,Some College,0.3367027759948143
201701264035.0,Some,Came about naturally,Rep/Lean Rep,Conservative,65+,College graduate+,0.575242611489201
201701264817.0,Not much,Came about naturally,Dem/Lean Dem,Very liberal,65+,College graduate+,0.31464766480580686
201701264956.0,Not much,Came about naturally,Dem/Lean Dem,Moderate,50-64,College graduate+,0.4402761042842609
201701265408.0,Not much,Was developed intentionally in a lab,Dem/Lean Dem,Liberal,65+,Some College,0.2290382153788224
201701265692.0,Not much,Came about naturally,Rep/Lean Rep,Conservative,30-49,H.S. graduate or less,2.8683008559499
201701266283.0,Some,Came about naturally,Dem/Lean Dem,Liberal,65+,Some College,0.5501445714967962
201701268247.0,Some,Came about naturally,Dem/Lean Dem,Moderate,65+,H.S. graduate or less,2.9913422677683332
201701268785.0,Not much,Was made accidentally in a lab,Dem/Lean Dem,Liberal,50-64,College graduate+,0.4651404753131307
201701271927.0,Not much,Came about naturally,Dem/Lean Dem,Moderate,65+,Some College,1.633898634821715
201701273413.0,Some,Not sure,Dem/Lean Dem,Liberal,50-64,Some College,1.116134864655988
201701273628.0,Some,Was developed intentionally in a lab,Rep/Lean Rep,Moderate,65+,College graduate+,0.6567529151301014
201701274719.0,Not much,Not sure,Rep/Lean Rep,Conservative,65+,Some College,1.1910849790118874
201701275040.0,Not much,Came about naturally,Dem/Lean Dem,Moderate,30-49,College graduate+,0.44705401190499194
201701275532.0,A lot,Was developed intentionally in a lab,Rep/Lean Rep,Very conservative,30-49,College graduate+,0.8388744728809
201701277969.0,Some,Was developed intentionally in a lab,Dem/Lean Dem,Moderate,50-64,H.S. graduate or less,1.7720666235312261
201701280309.0,Not much,Not sure,Dem/Lean Dem,Very liberal,65+,College graduate+,0.31700773711954594
201701283220.0,A lot,Was developed intentionally in a lab,Rep/Lean Rep,Very conservative,50-64,H.S. graduate or less,0.9820605917246809
201701284001.0,None at all,Came about naturally,Dem/Lean Dem,Liberal,50-64,Some College,0.2855696595626675
201701284756.0,A lot,Was made accidentally in a lab,Rep/Lean Rep,Conservative,65+,H.S. graduate or less,1.0754240813451807
201701285880.0,Not much,Came about naturally,Dem/Lean Dem,Liberal,65+,Some College,0.754905525400222
201701285881.0,Some,Not sure,Dem/Lean Dem,Moderate,65+,College graduate+,1.278089623657143
201701287342.0,Not much,Came about naturally,DK/Refused/No lean,Moderate,65+,College graduate+,1.1881345080123378
201701287512.0,Not much,Came about naturally,Dem/Lean Dem,Moderate,50-64,College graduate+,0.43142180678940695
201701289656.0,Not much,Was made accidentally in a lab,Rep/Lean Rep,Conservative,65+,College graduate+,0.5883202694320315
201701289895.0,Not much,Came about naturally,Dem/Lean Dem,Moderate,65+,H.S. graduate or less,1.8156215544106025
201701290295.0,Some,Came about naturally,Rep/Lean Rep,Conservative,65+,Some College,0.5094717751536996
201701294216.0,A lot,Was developed intentionally in a lab,Rep/Lean Rep,Very conservative,65+,H.S. graduate or less,2.570710827037535
201701294921.0,Not much,Came about naturally,Dem/Lean Dem,Very liberal,30-49,H.S. graduate or less,3.015653207595662
201701600071.0,Not much,Was developed intentionally in a lab,DK/Refused/No lean,Refused,50-64,College graduate+,0.8561500980889241
201701600231.0,Not much,Came about naturally,Rep/Lean Rep,Conservative,65+,College graduate+,0.6451089907681807
201701601497.0,Some,Was made accidentally in a lab,Dem/Lean Dem,Moderate,50-64,Some College,1.4018522895415075
201701601725.0,Not much,Came about naturally,Dem/Lean Dem,Liberal,65+,College graduate+,0.27472252543231557
201701602394.0,None at all,Came about naturally,Dem/Lean Dem,Very liberal,50-64,College graduate+,1.0034645272839524
201701602618.0,A lot,Not sure,Dem/Lean Dem,Very liberal,30-49,Some College,1.321338676665569
201701602937.0,Some,Was developed intentionally in a lab,Rep/Lean Rep,Very conservative,65+,Some College,0.575259486340905
201701603048.0,A lot,Was made accidentally in a lab,Rep/Lean Rep,Very conservative,50-64,College graduate+,0.2173987388623741
201701603139.0,Some,Came about naturally,Dem/Lean Dem,Liberal,65+,College graduate+,0.25955829906694444
201701603190.0,Not much,Came about naturally,Dem/Lean Dem,Very liberal,30-49,College graduate+,0.28551134438024695
201701603266.0,None at all,Not sure,Dem/Lean Dem,Conservative,50-64,Some College,4.325943391370422
201701603310.0,Some,Not sure,Dem/Lean Dem,Moderate,50-64,College graduate+,0.35490970315958825
201701603465.0,Some,Not sure,Rep/Lean Rep,Conservative,50-64,College graduate+,0.2652446483400635
201701603484.0,None at all,Not sure,Dem/Lean Dem,Moderate,50-64,H.S. graduate or less,3.3950554645458224
201701603590.0,Not much,Came about naturally,Dem/Lean Dem,Moderate,65+,College graduate+,0.3889894681791227
201701603628.0,Some,Came about naturally,Dem/Lean Dem,Moderate,50-64,College graduate+,0.5466686650768544
201701603739.0,Some,Came about naturally,Dem/Lean Dem,Liberal,18-29,Some College,0.8136951890359405
201701604606.0,None at all,Came about naturally,Dem/Lean Dem,Conservative,18-29,Some College,0.6764456446921148
201701605425.0,Not much,Came about naturally,Rep/Lean Rep,Conservative,50-64,College graduate+,0.30613918633521653
201701605699.0,Some,Was developed intentionally in a lab,Rep/Lean Rep,Conservative,30-49,H.S. graduate or less,0.9744527246123151
201701605904.0,Some,Was developed intentionally in a lab,Dem/Lean Dem,Liberal,30-49,College graduate+,0.154730310259647
201701606330.0,Not much,Came about naturally,Dem/Lean Dem,Liberal,30-49,College graduate+,0.4834012081830717
201701606521.0,Some,Was made accidentally in a lab,Rep/Lean Rep,Conservative,30-49,College graduate+,0.49322320491043264
201701607001.0,None at all,Came about naturally,Dem/Lean Dem,Liberal,65+,College graduate+,0.27472252543231557
201701607476.0,A lot,Came about naturally,Dem/Lean Dem,Liberal,50-64,Some College,0.37227914890079805
201701607480.0,Some,Not sure,Dem/Lean Dem,Very liberal,18-29,College graduate+,0.31315881887524266
201701607819.0,A lot,Came about naturally,Dem/Lean Dem,Conservative,30-49,College graduate+,1.236373425451652
201701607904.0,Some,Came about naturally,Dem/Lean Dem,Liberal,30-49,College graduate+,0.35202299616376354
201701608023.0,Some,Was made accidentally in a lab,Dem/Lean Dem,Moderate,50-64,College graduate+,0.27382809172388795
201701608109.0,Some,Was developed intentionally in a lab,Rep/Lean Rep,Conservative,65+,College graduate+,0.5626525845257144
201701608387.0,Some,Was developed intentionally in a lab,Rep/Lean Rep,Conservative,65+,H.S. graduate or less,2.5261792149779696
201701608390.0,None at all,Came about naturally,Dem/Lean Dem,Moderate,30-49,College graduate+,0.758525813369407
201701608809.0,Not much,Came about naturally,Rep/Lean Rep,Conservative,65+,College graduate+,0.22748396859865705
201701608817.0,Some,Not sure,Rep/Lean Rep,Moderate,50-64,Some College,1.0875584918018388
201701609372.0,None at all,Came about naturally,Dem/Lean Dem,Very liberal,30-49,College graduate+,0.42045909526296216
201701609441.0,None at all,Came about naturally,Dem/Lean Dem,Moderate,30-49,College graduate+,1.2332079407391399
201701609542.0,Not much,Was developed intentionally in a lab,Rep/Lean Rep,Moderate,18-29,College graduate+,1.3022991323170203
201701609652.0,Not much,Came about naturally,Rep/Lean Rep,Moderate,30-49,College graduate+,0.5824593735021553
201701609785.0,Not much,Came about naturally,Dem/Lean Dem,Liberal,30-49,College graduate+,0.32727486259458716
201701610261.0,A lot,Came about naturally,Dem/Lean Dem,Moderate,65+,Some College,0.6429473920092755
201701610403.0,Some,Came about naturally,Dem/Lean Dem,Moderate,65+,College graduate+,0.3758142367735296
201701610536.0,Not much,Not sure,Rep/Lean Rep,Conservative,18-29,Some College,0.7853397602057082
201701610964.0,Some,Not sure,Rep/Lean Rep,Conservative,50-64,College graduate+,0.6764628907550827
201701611096.0,Some,Came about naturally,Dem/Lean Dem,Moderate,18-29,College graduate+,1.473405869244004
201701612937.0,Not much,Was developed intentionally in a lab,Rep/Lean Rep,Moderate,50-64,College graduate+,0.25324416642659153
201701613524.0,Not much,Came about naturally,Rep/Lean Rep,Moderate,50-64,Some College,0.5653153382956108
201701614365.0,Not much,Came about naturally,Dem/Lean Dem,Conservative,30-49,College graduate+,0.6497631904730444
201701614438.0,Some,Was made accidentally in a lab,Rep/Lean Rep,Moderate,30-49,H.S. graduate or less,1.699464034302652
201701614640.0,Some,Not sure,Rep/Lean Rep,Moderate,50-64,College graduate+,0.27533505456699586
201701614857.0,Not much,Came about naturally,Dem/Lean Dem,Liberal,65+,College graduate+,0.3666534984631536
201701614938.0,Not much,Came about naturally,Dem/Lean Dem,Very liberal,65+,College graduate+,0.38187460089378295
201701615366.0,Some,Was developed intentionally in a lab,Rep/Lean Rep,Moderate,65+,College graduate+,0.5739450865787527
201701616800.0,Not much,Came about naturally,Dem/Lean Dem,Liberal,65+,Some College,0.5641129158775838
201701617146.0,Not much,Came about naturally,Dem/Lean Dem,Liberal,50-64,College graduate+,0.23038882310680556
201701617271.0,Not much,Came about naturally,Dem/Lean Dem,Liberal,30-49,College graduate+,0.5093278396967013
201701617387.0,Some,Came about naturally,Dem/Lean Dem,Moderate,30-49,H.S. graduate or less,2.3014737549398885
201701617953.0,Not much,Came about naturally,Rep/Lean Rep,Conservative,50-64,College graduate+,0.3102954082448866
201701618301.0,Not much,Not sure,Dem/Lean Dem,Conservative,65+,Some College,0.7714642895867277
201701618655.0,Not much,Came about naturally,Dem/Lean Dem,Liberal,18-29,Some College,7.487621221765812
201701619446.0,Some,Was developed intentionally in a lab,Rep/Lean Rep,Conservative,30-49,Some College,0.7401205959375058
201701619456.0,A lot,Came about naturally,Dem/Lean Dem,Liberal,65+,College graduate+,0.4118632994549787
201701620095.0,Some,Was developed intentionally in a lab,Rep/Lean Rep,Moderate,30-49,College graduate+,0.4872910034089499
201701620576.0,Not much,Came about naturally,Dem/Lean Dem,Conservative,30-49,College graduate+,0.5866123706012606
201701620824.0,Some,Not sure,Dem/Lean Dem,Moderate,50-64,Some College,3.031810081764731
201701621299.0,None at all,Came about naturally,Dem/Lean Dem,Liberal,30-49,College graduate+,0.5511459915619661
201701621328.0,A lot,Was made accidentally in a lab,Dem/Lean Dem,Moderate,30-49,College graduate+,0.39747279464391216
201701621782.0,A lot,Not sure,Rep/Lean Rep,Very conservative,50-64,College graduate+,0.3102954082448866
201701621926.0,Not much,Came about naturally,Dem/Lean Dem,Moderate,30-49,College graduate+,0.4568692162401136
201701622238.0,Not much,Came about naturally,Rep/Lean Rep,Conservative,50-64,College graduate+,0.4332216541457245
201701622285.0,Some,Was developed intentionally in a lab,Dem/Lean Dem,Moderate,30-49,H.S. graduate or less,4.334584281714031
201701622446.0,Not much,Not sure,Dem/Lean Dem,Moderate,50-64,H.S. graduate or less,7.487621221765812
201701622534.0,Some,Came about naturally,Dem/Lean Dem,Very liberal,30-49,College graduate+,0.38914967298306585
201701622651.0,Not much,Came about naturally,Dem/Lean Dem,Liberal,65+,Some College,0.4159413386662691
201701622914.0,Not much,Was developed intentionally in a lab,Dem/Lean Dem,Liberal,50-64,Some College,0.23421344886813583
201701623102.0,Not much,Came about naturally,Dem/Lean Dem,Moderate,65+,Some College,0.5848902857750223
201701623394.0,None at all,Not sure,Rep/Lean Rep,Conservative,18-29,H.S. graduate or less,1.9934683720736153
201701624259.0,Some,Not sure,Dem/Lean Dem,Moderate,50-64,H.S. graduate or less,2.042226994336681
201701624795.0,None at all,Was made accidentally in a lab,Dem/Lean Dem,Liberal,50-64,Some College,0.653676850813965
201701625140.0,Not much,Was developed intentionally in a lab,Rep/Lean Rep,Conservative,30-49,Some College,0.5283179923594749
201701626179.0,Some,Not sure,Rep/Lean Rep,Conservative,50-64,H.S. graduate or less,2.579918825199148
201701627755.0,Not much,Came about naturally,Dem/Lean Dem,Very liberal,50-64,College graduate+,0.5895379020250633
201701628100.0,None at all,Was developed intentionally in a lab,Dem/Lean Dem,Moderate,18-29,Some College,2.413640079794534
201701629027.0,None at all,Came about naturally,Dem/Lean Dem,Moderate,18-29,College graduate+,3.611038565732869
201701629496.0,Not much,Came about naturally,Rep/Lean Rep,Moderate,30-49,College graduate+,0.4568692162401136
201701629537.0,Some,Not sure,Rep/Lean Rep,Conservative,65+,College graduate+,0.7424264215846899
201701630536.0,Some,Refused,Rep/Lean Rep,Moderate,65+,Some College,1.3764313898138845
201701630863.0,Some,Came about naturally,Dem/Lean Dem,Moderate,30-49,Some College,0.6650214034224953
201701631071.0,None at all,Came about naturally,Dem/Lean Dem,Liberal,30-49,College graduate+,1.0565457964925558
201701631135.0,None at all,Came about naturally,Dem/Lean Dem,Very liberal,65+,College graduate+,0.21076401771962838
201701631683.0,A lot,Came about naturally,Rep/Lean Rep,Conservative,30-49,H.S. graduate or less,1.1072402960792453
201701633668.0,None at all,Not sure,Rep/Lean Rep,Moderate,50-64,College graduate+,0.596477226649965
201701634066.0,Some,Came about naturally,Dem/Lean Dem,Liberal,65+,College graduate+,0.49712288330504906
201701634255.0,Some,Was developed intentionally in a lab,Rep/Lean Rep,Conservative,65+,College graduate+,0.561078032636311
201701634591.0,None at all,Was developed intentionally in a lab,Dem/Lean Dem,Moderate,50-64,College graduate+,0.2797776085886611
201701634735.0,Not much,Was developed intentionally in a lab,Dem/Lean Dem,Moderate,50-64,Some College,0.516302358358971
201701634759.0,Some,Came about naturally,Dem/Lean Dem,Liberal,18-29,College graduate+,1.840563969547827
201701635321.0,None at all,Was developed intentionally in a lab,Dem/Lean Dem,Very liberal,30-49,College graduate+,0.1543989030645566
201701635609.0,Not much,Came about naturally,Dem/Lean Dem,Liberal,50-64,Some College,0.3466952937994315
201701635769.0,None at all,Came about naturally,Rep/Lean Rep,Conservative,65+,College graduate+,1.3459779805211984
201701635779.0,None at all,Was developed intentionally in a lab,Rep/Lean Rep,Conservative,30-49,Some College,0.44530228738726263
201701636267.0,A lot,Came about naturally,Dem/Lean Dem,Moderate,30-49,Some College,1.6977545390606101
201701636662.0,A lot,Came about naturally,Dem/Lean Dem,Moderate,30-49,College graduate+,1.519051326551914
201701636901.0,None at all,Came about naturally,Rep/Lean Rep,Conservative,65+,Some College,0.4907129956806989
201701636928.0,Some,Came about naturally,Rep/Lean Rep,Conservative,65+,Some College,0.44421746604418666
201701637121.0,Some,Came about naturally,Rep/Lean Rep,Conservative,30-49,College graduate+,1.1365794785927765
201701637196.0,Some,Was developed intentionally in a lab,Dem/Lean Dem,Liberal,18-29,Some College,2.153409873426119
201701638114.0,None at all,Came about naturally,Dem/Lean Dem,Moderate,65+,College graduate+,0.16658774135557186
201701639191.0,Some,Came about naturally,Dem/Lean Dem,Liberal,18-29,H.S. graduate or less,3.834214746794231
201701639508.0,Not much,Came about naturally,Rep/Lean Rep,Conservative,65+,College graduate+,0.4980542188736745
201701640014.0,None at all,Came about naturally,Dem/Lean Dem,Very liberal,18-29,College graduate+,0.2751798570797386
201701640336.0,A lot,Was developed intentionally in a lab,Dem/Lean Dem,Conservative,30-49,Some College,1.129683944385867
201701640523.0,Some,Came about naturally,Dem/Lean Dem,Moderate,30-49,Some College,2.0768012135697305
201701641615.0,Not much,Was developed intentionally in a lab,Rep/Lean Rep,Conservative,50-64,Some College,0.40642522397669273
201701642511.0,None at all,Was developed intentionally in a lab,Rep/Lean Rep,Conservative,18-29,H.S. graduate or less,7.487621221765812
201701642517.0,Not much,Was developed intentionally in a lab,Dem/Lean Dem,Liberal,18-29,Some College,1.11588835219229
201701642652.0,Not much,Came about naturally,Dem/Lean Dem,Liberal,65+,College graduate+,0.3547698801388691
201701643011.0,Not much,Came about naturally,Dem/Lean Dem,Liberal,18-29,College graduate+,0.4473873381643575
201701643166.0,A lot,Not sure,Dem/Lean Dem,Conservative,50-64,H.S. graduate or less,1.1384814092926587
201701643175.0,Some,Was made accidentally in a lab,Rep/Lean Rep,Conservative,65+,College graduate+,0.4382791325939977
201701643262.0,Some,Not sure,Rep/Lean Rep,Conservative,30-49,College graduate+,0.8678310226376768
201701645957.0,None at all,Not sure,Dem/Lean Dem,Conservative,50-64,H.S. graduate or less,2.4340012763169137
201701646756.0,None at all,Not sure,Dem/Lean Dem,Moderate,50-64,Some College,1.3585910334408409
201701647496.0,Some,Came about naturally,Dem/Lean Dem,Moderate,50-64,College graduate+,0.23396789123623468
201701647676.0,Some,Came about naturally,Dem/Lean Dem,Very liberal,50-64,College graduate+,0.5756836274746054
201701647711.0,Not much,Came about naturally,Dem/Lean Dem,Moderate,30-49,College graduate+,0.9031943461567729
201701647736.0,None at all,Not sure,Dem/Lean Dem,Very conservative,50-64,H.S. graduate or less,1.803164350894444
201701647960.0,Not much,Not sure,Dem/Lean Dem,Very liberal,30-49,Some College,0.6477717345520779
201701647977.0,Some,Came about naturally,Dem/Lean Dem,Very liberal,50-64,College graduate+,0.3688383177152402
201701648316.0,A lot,Not sure,Dem/Lean Dem,Moderate,30-49,H.S. graduate or less,1.318112188377568
201701648829.0,Some,Came about naturally,Dem/Lean Dem,Moderate,30-49,Some College,1.6381416167853549
201701648997.0,Some,Not sure,Rep/Lean Rep,Conservative,50-64,Some College,0.932941395417583
201701649279.0,Some,Was made accidentally in a lab,Rep/Lean Rep,Conservative,30-49,Some College,0.7631900861213173
201701649376.0,Some,Came about naturally,DK/Refused/No lean,Refused,30-49,Some College,1.449453769970348
201701649448.0,Some,Was developed intentionally in a lab,Dem/Lean Dem,Moderate,65+,H.S. graduate or less,4.570300762265757
201701649905.0,Some,Came about naturally,Dem/Lean Dem,Moderate,50-64,H.S. graduate or less,2.4998327979178323
201701650762.0,None at all,Came about naturally,Dem/Lean Dem,Moderate,50-64,Some College,0.3603523559290965
201701651035.0,Some,Came about naturally,Dem/Lean Dem,Liberal,50-64,College graduate+,0.28380231851871496
201701651057.0,Not much,Came about naturally,Dem/Lean Dem,Moderate,50-64,College graduate+,0.2326032419849029
201701651701.0,Not much,Was developed intentionally in a lab,Dem/Lean Dem,Moderate,65+,H.S. graduate or less,2.417027909091236
201701652109.0,Not much,Was developed intentionally in a lab,Rep/Lean Rep,Conservative,50-64,Some College,0.39280648572927046
201701652152.0,None at all,Came about naturally,DK/Refused/No lean,Moderate,50-64,College graduate+,1.062980061414255
201701653417.0,Some,Was developed intentionally in a lab,Dem/Lean Dem,Moderate,18-29,College graduate+,1.2886516436086455
201701654247.0,Not much,Was made accidentally in a lab,Dem/Lean Dem,Very liberal,50-64,College graduate+,0.8485019022729271
201701655314.0,Not much,Not sure,Rep/Lean Rep,Moderate,30-49,Some College,1.7935547863735701
201701656157.0,Not much,Was made accidentally in a lab,Dem/Lean Dem,Moderate,65+,Some College,1.2823796518486832
201701657091.0,None at all,Came about naturally,Dem/Lean Dem,Liberal,65+,College graduate+,1.169387037854623
201701657354.0,A lot,Was developed intentionally in a lab,Rep/Lean Rep,Conservative,50-64,H.S. graduate or less,3.087350310111139
201701657660.0,Some,Came about naturally,Dem/Lean Dem,Moderate,30-49,College graduate+,0.43306038470855224
201701658319.0,None at all,Was developed intentionally in a lab,Dem/Lean Dem,Liberal,50-64,H.S. graduate or less,1.5628073399382383
201701658716.0,Not much,Came about naturally,Dem/Lean Dem,Liberal,65+,College graduate+,0.20534999994836275
201701658813.0,None at all,Came about naturally,Dem/Lean Dem,Very liberal,30-49,College graduate+,0.42426971549758596
201701658940.0,Not much,Not sure,Dem/Lean Dem,Moderate,50-64,Some College,0.7485789293081199
201701658949.0,Not much,Came about naturally,Dem/Lean Dem,Moderate,65+,College graduate+,0.5934099431297688
201701659298.0,Some,Came about naturally,Rep/Lean Rep,Conservative,50-64,College graduate+,1.7896632920237299
201701660510.0,Not much,Came about naturally,Dem/Lean Dem,Very liberal,65+,College graduate+,0.6567529151301014
201701660622.0,Not much,Was developed intentionally in a lab,Rep/Lean Rep,Moderate,65+,H.S. graduate or less,3.862964459013794
201701661076.0,None at all,Came about naturally,Dem/Lean Dem,Liberal,65+,College graduate+,0.18930857569764087
201701661123.0,A lot,Came about naturally,Rep/Lean Rep,Conservative,30-49,College graduate+,3.903254327713661
201701661147.0,None at all,Not sure,Dem/Lean Dem,Very liberal,30-49,Some College,0.5284601392877283
201701662260.0,Some,Not sure,DK/Refused/No lean,Moderate,30-49,College graduate+,0.764308233813866
201701662550.0,None at all,Came about naturally,Dem/Lean Dem,Moderate,50-64,College graduate+,0.6241024288732914
201701662558.0,Not much,Came about naturally,Rep/Lean Rep,Conservative,30-49,Some College,2.85707991401215
201701662648.0,None at all,Came about naturally,DK/Refused/No lean,Very conservative,30-49,Some College,0.9094035541254848
201701663692.0,Not much,Was developed intentionally in a lab,Rep/Lean Rep,Conservative,50-64,H.S. graduate or less,1.0651417950260027
201701664888.0,Not much,Was developed intentionally in a lab,Dem/Lean Dem,Moderate,30-49,Some College,0.6110596605027527
201701665154.0,None at all,Came about naturally,Dem/Lean Dem,Liberal,65+,College graduate+,0.27090170480401554
201701665607.0,A lot,Came about naturally,Dem/Lean Dem,Very liberal,50-64,College graduate+,0.20313757190989004
201701665628.0,None at all,Was made accidentally in a lab,Dem/Lean Dem,Moderate,50-64,Some College,0.9502190677545984
201701665651.0,Some,Not sure,Rep/Lean Rep,Liberal,50-64,H.S. graduate or less,4.804069145802971
201701665792.0,None at all,Came about naturally,Dem/Lean Dem,Conservative,50-64,Some College,0.3992781586503931
201701665943.0,None at all,Not sure,Dem/Lean Dem,Moderate,50-64,H.S. graduate or less,1.5628073399382383
201701666727.0,Not much,Not sure,Dem/Lean Dem,Liberal,30-49,College graduate+,0.9740206868945197
201701667125.0,Some,Came about naturally,Dem/Lean Dem,Moderate,30-49,Some College,1.6018090983876898
201701668677.0,Some,Came about naturally,Dem/Lean Dem,Liberal,30-49,College graduate+,0.32727486259458716
201701668698.0,Not much,Came about naturally,Rep/Lean Rep,Moderate,50-64,College graduate+,0.2652446483400635
201701669247.0,Some,Came about naturally,Dem/Lean Dem,Liberal,18-29,College graduate+,0.34249306525017154
201701669369.0,None at all,Came about naturally,Dem/Lean Dem,Moderate,65+,College graduate+,0.31700773711954594
201701669600.0,Some,Was made accidentally in a lab,Rep/Lean Rep,Moderate,18-29,H.S. graduate or less,7.487621221765812
201701671038.0,Not much,Came about naturally,Dem/Lean Dem,Moderate,50-64,College graduate+,0.20313757190989004
201701671197.0,Not much,Was developed intentionally in a lab,Rep/Lean Rep,Conservative,30-49,College graduate+,0.5719817686957877
201701671292.0,Not much,Came about naturally,Dem/Lean Dem,Moderate,30-49,College graduate+,0.3111994945422469
201701671805.0,Not much,Was developed intentionally in a lab,Dem/Lean Dem,Conservative,30-49,Some College,1.5405831441507103
201701671858.0,Some,Was developed intentionally in a lab,Rep/Lean Rep,Very conservative,50-64,College graduate+,2.9255712908949842
201701671884.0,Not much,Came about naturally,Dem/Lean Dem,Liberal,30-49,College graduate+,0.3173946588434713
201701674822.0,Not much,Was developed intentionally in a lab,Rep/Lean Rep,Moderate,18-29,Some College,6.853173981971186
201701674853.0,Some,Came about naturally,Dem/Lean Dem,Liberal,30-49,College graduate+,0.7084145591531967
201701675153.0,Some,Came about naturally,Rep/Lean Rep,Conservative,50-64,H.S. graduate or less,5.475970102218631
201701675450.0,None at all,Came about naturally,Dem/Lean Dem,Very liberal,30-49,College graduate+,0.3883008452613086
201701675847.0,Some,Came about naturally,Rep/Lean Rep,Conservative,30-49,H.S. graduate or less,2.02045199011931
201701676350.0,Not much,Came about naturally,Rep/Lean Rep,Very conservative,65+,Some College,1.0239112063756206
201701676912.0,None at all,Came about naturally,Rep/Lean Rep,Conservative,50-64,College graduate+,0.19761164648846105
201701677591.0,None at all,Was developed intentionally in a lab,Dem/Lean Dem,Liberal,18-29,College graduate+,0.2751798570797386
201701677878.0,Not much,Not sure,Dem/Lean Dem,Liberal,50-64,Some College,0.32050993300913605
201701678281.0,Some,Came about naturally,Dem/Lean Dem,Liberal,18-29,Some College,7.487621221765812
201701678401.0,None at all,Came about naturally,Dem/Lean Dem,Very liberal,18-29,College graduate+,0.3566962885931554
201701678593.0,Some,Was developed intentionally in a lab,Rep/Lean Rep,Conservative,65+,College graduate+,1.008594869048371
201701679157.0,Not much,Came about naturally,Rep/Lean Rep,Conservative,50-64,College graduate+,0.3102954082448866
201701679209.0,Some,Was developed intentionally in a lab,Rep/Lean Rep,Conservative,18-29,College graduate+,0.4084032390646686
201701679724.0,A lot,Was developed intentionally in a lab,Rep/Lean Rep,Very conservative,50-64,Some College,3.4222343479107726
201701681031.0,Not much,Came about naturally,Dem/Lean Dem,Very liberal,30-49,College graduate+,0.8287624205320122
201701681844.0,Not much,Came about naturally,Dem/Lean Dem,Liberal,50-64,College graduate+,0.6309077058789961
201701682414.0,Some,Was developed intentionally in a lab,Rep/Lean Rep,Moderate,30-49,H.S. graduate or less,1.2578763074636667
201701682656.0,Some,Not sure,Rep/Lean Rep,Conservative,65+,Some College,0.712691096436868
201701683292.0,Not much,Was developed intentionally in a lab,Dem/Lean Dem,Conservative,50-64,College graduate+,0.3136258589453112
201701684328.0,Some,Was developed intentionally in a lab,Rep/Lean Rep,Conservative,65+,Some College,1.2362844702393232
201701684434.0,Some,Came about naturally,Rep/Lean Rep,Liberal,18-29,Some College,1.7652936871613778
201701684527.0,Some,Was developed intentionally in a lab,Rep/Lean Rep,Very conservative,65+,Some College,1.2233230930744419
201701684785.0,Some,Not sure,Dem/Lean Dem,Refused,30-49,H.S. graduate or less,2.3458229696345603
201701684795.0,Some,Came about naturally,Dem/Lean Dem,Moderate,50-64,College graduate+,0.20313757190989004
201701684911.0,Not much,Was developed intentionally in a lab,Dem/Lean Dem,Liberal,18-29,College graduate+,0.2964871579607155
201701685004.0,None at all,Not sure,Rep/Lean Rep,Moderate,30-49,H.S. graduate or less,3.8157128338727033
201701685687.0,Not much,Came about naturally,Dem/Lean Dem,Moderate,18-29,College graduate+,0.7705736750759175
201701687546.0,None at all,Came about naturally,DK/Refused/No lean,Moderate,65+,H.S. graduate or less,2.461201262633544
201701690119.0,Not much,Came about naturally,Dem/Lean Dem,Moderate,65+,H.S. graduate or less,1.611241201767035
201701690323.0,Some,Came about naturally,Dem/Lean Dem,Liberal,30-49,College graduate+,1.4201622708572814
201701690484.0,Some,Came about naturally,Dem/Lean Dem,Liberal,65+,College graduate+,0.62526829337726
201701690787.0,Not much,Came about naturally,Rep/Lean Rep,Moderate,30-49,College graduate+,0.865401101101856
201701690935.0,Not much,Came about naturally,Dem/Lean Dem,Very liberal,18-29,College graduate+,0.3566962885931554
201701691214.0,None at all,Came about naturally,Dem/Lean Dem,Liberal,65+,Some College,1.4046846332993161
201701691633.0,Not much,Came about naturally,Dem/Lean Dem,Liberal,50-64,College graduate+,0.4720559893154756
201701691779.0,Some,Not sure,Dem/Lean Dem,Very conservative,18-29,H.S. graduate or less,5.327934586036991
201701692063.0,A lot,Refused,Rep/Lean Rep,Conservative,65+,Some College,1.1910849790118874
201701692115.0,Some,Came about naturally,Dem/Lean Dem,Liberal,30-49,College graduate+,1.6695054352475758
201701692909.0,None at all,Not sure,Dem/Lean Dem,Liberal,30-49,College graduate+,0.4180960679535971
201701693435.0,Not much,Was developed intentionally in a lab,Rep/Lean Rep,Very conservative,50-64,H.S. graduate or less,2.0147117829794916
201701693582.0,Not much,Came about naturally,Dem/Lean Dem,Very liberal,50-64,College graduate+,0.2071585362363679
201701693618.0,Some,Refused,Dem/Lean Dem,Moderate,65+,Some College,0.9017162012127298
201701693735.0,Some,Not sure,Dem/Lean Dem,Moderate,65+,H.S. graduate or less,2.227363980183724
201701694636.0,Not much,Came about naturally,Dem/Lean Dem,Liberal,30-49,College graduate+,0.39277896836882886
201701694992.0,Some,Not sure,Dem/Lean Dem,Very liberal,18-29,College graduate+,0.3452916425491792
201701695007.0,None at all,Was developed intentionally in a lab,Dem/Lean Dem,Moderate,30-49,Some College,0.9987992248837255
201701696926.0,None at all,Not sure,Rep/Lean Rep,Conservative,50-64,H.S. graduate or less,0.9705968138490727
201701696980.0,Some,Not sure,Dem/Lean Dem,Moderate,50-64,H.S. graduate or less,6.924051165445937
201701697070.0,A lot,Came about naturally,Dem/Lean Dem,Liberal,50-64,College graduate+,0.26767123723931513
201701697127.0,A lot,Came about naturally,Dem/Lean Dem,Very liberal,30-49,H.S. graduate or less,0.8764005593552822
201701697440.0,Some,Was developed intentionally in a lab,Rep/Lean Rep,Very conservative,50-64,College graduate+,0.2585335737324687
201701698191.0,Some,Came about naturally,Dem/Lean Dem,Moderate,65+,College graduate+,0.2559752922890272
201701698256.0,Not much,Came about naturally,Dem/Lean Dem,Moderate,50-64,College graduate+,1.018966593995638
201701698723.0,A lot,Came about naturally,Dem/Lean Dem,Liberal,30-49,H.S. graduate or less,4.249625082837567
201701699002.0,Some,Was made accidentally in a lab,Rep/Lean Rep,Conservative,30-49,College graduate+,3.9200139570212285
201701699243.0,Some,Came about naturally,Dem/Lean Dem,Very liberal,30-49,College graduate+,1.6212936978559231
201701699356.0,Not much,Was developed intentionally in a lab,Rep/Lean Rep,Moderate,18-29,H.S. graduate or less,7.4289806713552515
201701701371.0,Some,Was made accidentally in a lab,Rep/Lean Rep,Refused,18-29,H.S. graduate or less,7.487621221765812
201701701816.0,Some,Came about naturally,Rep/Lean Rep,Conservative,30-49,College graduate+,1.1494300641584485
201701702132.0,Some,Not sure,Rep/Lean Rep,Conservative,65+,Some College,0.49575414368839404
201701702980.0,Some,Refused,Dem/Lean Dem,Moderate,30-49,Some College,0.8058300960658241
201701703253.0,Not much,Was developed intentionally in a lab,Dem/Lean Dem,Liberal,65+,College graduate+,0.15359040887207284
201701703595.0,None at all,Came about naturally,DK/Refused/No lean,Moderate,50-64,H.S. graduate or less,1.317366927355666
201701703765.0,Not much,Was developed intentionally in a lab,Dem/Lean Dem,Moderate,30-49,Some College,0.37710119807367465
201701704174.0,Not much,Came about naturally,Dem/Lean Dem,Liberal,30-49,College graduate+,1.718594514073378
201701704989.0,A lot,Was developed intentionally in a lab,Dem/Lean Dem,Moderate,30-49,Some College,0.410435349718845
201701705856.0,Some,Came about naturally,Rep/Lean Rep,Conservative,65+,Some College,0.3899262483536219
201701706411.0,Some,Came about naturally,Dem/Lean Dem,Moderate,50-64,College graduate+,0.44705401190499194
201701706522.0,Some,Came about naturally,Dem/Lean Dem,Moderate,50-64,College graduate+,0.2763450083576254
201701706779.0,Not much,Came about naturally,Dem/Lean Dem,Moderate,30-49,College graduate+,0.60899802007101
201701707240.0,Some,Came about naturally,Dem/Lean Dem,Moderate,30-49,Some College,4.136679632515923
201701707483.0,None at all,Came about naturally,Dem/Lean Dem,Liberal,18-29,College graduate+,0.39694540601529216
201701708598.0,A lot,Was developed intentionally in a lab,Rep/Lean Rep,Conservative,50-64,Some College,0.6104999321139261
201701709488.0,Not much,Came about naturally,Dem/Lean Dem,Very liberal,50-64,College graduate+,0.22609697056393155
201701710347.0,Some,Not sure,Dem/Lean Dem,Moderate,50-64,H.S. graduate or less,0.9176639420750358
201701710900.0,A lot,Not sure,Rep/Lean Rep,Very conservative,50-64,Some College,0.5040619952325393
201701711606.0,Not much,Was made accidentally in a lab,Rep/Lean Rep,Conservative,18-29,H.S. graduate or less,6.70727591041821
201701711715.0,Some,Came about naturally,Dem/Lean Dem,Moderate,65+,H.S. graduate or less,2.020392898217119
201701712221.0,Not much,Came about naturally,Dem/Lean Dem,Moderate,50-64,College graduate+,0.28251322956727914
201701713004.0,None at all,Came about naturally,Dem/Lean Dem,Liberal,65+,College graduate+,0.6567529151301014
201701713166.0,None at all,Came about naturally,Dem/Lean Dem,Liberal,30-49,College graduate+,0.32127104808653617
201701713214.0,Not much,Came about naturally,Dem/Lean Dem,Moderate,50-64,Some College,0.6398956292366478
201701713877.0,Some,Not sure,Rep/Lean Rep,Very conservative,65+,Some College,0.5333703046943052
201701714612.0,Some,Came about naturally,Dem/Lean Dem,Very liberal,30-49,College graduate+,0.6667772070472562
201701715235.0,Not much,Not sure,Dem/Lean Dem,Moderate,50-64,H.S. graduate or less,1.6509745947305468
201701715293.0,Not much,Came about naturally,Dem/Lean Dem,Liberal,65+,College graduate+,0.46454444474580187
201701715651.0,Some,Was developed intentionally in a lab,Rep/Lean Rep,Very conservative,50-64,College graduate+,0.6603583627749479
201701716103.0,Some,Came about naturally,Rep/Lean Rep,Conservative,30-49,College graduate+,0.6157560560929043
201701716173.0,None at all,Came about naturally,Dem/Lean Dem,Liberal,18-29,College graduate+,0.46336585313449846
201701716802.0,Some,Came about naturally,Rep/Lean Rep,Conservative,65+,College graduate+,0.2228900847276511
201701717168.0,Not much,Came about naturally,Rep/Lean Rep,Moderate,30-49,Some College,1.0194881603498436
201701717300.0,Some,Not sure,Rep/Lean Rep,Conservative,30-49,College graduate+,1.449063206732155
201701717691.0,Some,Came about naturally,Dem/Lean Dem,Very liberal,50-64,College graduate+,0.3551661769493011
201701717772.0,Some,Came about naturally,Dem/Lean Dem,Liberal,65+,College graduate+,0.3845657298168038
201701717806.0,Not much,Came about naturally,Rep/Lean Rep,Conservative,50-64,H.S. graduate or less,2.689926015543676
201701717982.0,Not much,Came about naturally,Dem/Lean Dem,Moderate,50-64,College graduate+,0.2004393864240934
201701719046.0,Some,Was developed intentionally in a lab,Rep/Lean Rep,Moderate,65+,College graduate+,0.4678696184840074
201701719226.0,Some,Not sure,Dem/Lean Dem,Moderate,50-64,H.S. graduate or less,3.4477667180129834
201701719382.0,Some,Was developed intentionally in a lab,Dem/Lean Dem,Moderate,30-49,College graduate+,0.5158848355642376
201701720287.0,Not much,Came about naturally,Dem/Lean Dem,Liberal,30-49,Some College,1.9668057345964558
201701720565.0,None at all,Came about naturally,Dem/Lean Dem,Moderate,50-64,H.S. graduate or less,0.6661204902118268
201701720640.0,Some,Was developed intentionally in a lab,Dem/Lean Dem,Liberal,30-49,College graduate+,0.40772589023612776
201701721090.0,Some,Refused,Dem/Lean Dem,Very liberal,30-49,College graduate+,0.47812055176334556
201701721305.0,None at all,Came about naturally,Rep/Lean Rep,Very conservative,50-64,College graduate+,0.42877640060766353
201701721329.0,Some,Was made accidentally in a lab,Dem/Lean Dem,Very liberal,18-29,College graduate+,0.6363659314577633
201701721488.0,Not much,Came about naturally,Dem/Lean Dem,Liberal,65+,College graduate+,0.27472252543231557
201701721736.0,Not much,Came about naturally,Dem/Lean Dem,Very liberal,30-49,College graduate+,0.28330752853283125
201701722580.0,A lot,Not sure,Rep/Lean Rep,Moderate,18-29,College graduate+,0.7415547761882485
201701722944.0,A lot,Came about naturally,Rep/Lean Rep,Very conservative,50-64,College graduate+,0.22609697056393155
201701723271.0,Some,Was developed intentionally in a lab,Rep/Lean Rep,Conservative,50-64,College graduate+,0.2763450083576254
201701723640.0,None at all,Came about naturally,Dem/Lean Dem,Moderate,50-64,Some College,0.6398956292366478
201701723920.0,Not much,Not sure,Dem/Lean Dem,Liberal,30-49,Some College,1.544196115801655
201701724109.0,Not much,Came about naturally,Dem/Lean Dem,Liberal,18-29,College graduate+,0.8771282502615763
201701724122.0,None at all,Was developed intentionally in a lab,Dem/Lean Dem,Liberal,18-29,College graduate+,1.1505660409016054
201701724208.0,Not much,Not sure,Rep/Lean Rep,Moderate,50-64,H.S. graduate or less,7.319941167105829
201701724617.0,Some,Was developed intentionally in a lab,Rep/Lean Rep,Moderate,30-49,Some College,0.38695953574876824
201701725053.0,Some,Came about naturally,Dem/Lean Dem,Liberal,30-49,College graduate+,1.1252533189226346
201701725198.0,Not much,Came about naturally,Dem/Lean Dem,Moderate,30-49,College graduate+,0.40224114742049477
201701725307.0,Some,Was developed intentionally in a lab,Rep/Lean Rep,Conservative,30-49,Some College,0.7397033914879874
201701726110.0,None at all,Was developed intentionally in a lab,Rep/Lean Rep,Moderate,30-49,Some College,1.6381416167853549
201701726155.0,Not much,Was made accidentally in a lab,Dem/Lean Dem,Moderate,18-29,Some College,7.487621221765812
201701726912.0,Some,Was developed intentionally in a lab,Rep/Lean Rep,Conservative,65+,H.S. graduate or less,2.674312299284663
201701727296.0,Not much,Came about naturally,Dem/Lean Dem,Liberal,30-49,College graduate+,0.32127104808653617
201701727498.0,Some,Came about naturally,Dem/Lean Dem,Very liberal,30-49,College graduate+,0.28045702476747614
201701728224.0,Not much,Came about naturally,Dem/Lean Dem,Very liberal,65+,College graduate+,0.3861845373601605
201701728644.0,Not much,Came about naturally,Dem/Lean Dem,Very liberal,30-49,College graduate+,0.2810777711996224
201701729527.0,Some,Came about naturally,DK/Refused/No lean,Moderate,30-49,Some College,0.6445225941828356
201701729596.0,Some,Came about naturally,Dem/Lean Dem,Liberal,18-29,College graduate+,0.793993330820966
201701730197.0,None at all,Came about naturally,Dem/Lean Dem,Moderate,50-64,College graduate+,0.2294429594368617
201701730532.0,Some,Came about naturally,Rep/Lean Rep,Moderate,30-49,Some College,0.3897977998238432
201701730767.0,A lot,Was developed intentionally in a lab,Rep/Lean Rep,Conservative,18-29,College graduate+,0.5284702863307976
201701730768.0,Some,Came about naturally,Dem/Lean Dem,Liberal,50-64,College graduate+,0.2326032419849029
201701730879.0,None at all,Came about naturally,Rep/Lean Rep,Conservative,65+,H.S. graduate or less,2.9805375087964263
201701731382.0,Not much,Was developed intentionally in a lab,Dem/Lean Dem,Refused,30-49,Some College,0.932044542031817
201701732250.0,Some,Not sure,Rep/Lean Rep,Conservative,50-64,College graduate+,0.25977479373231127
201701732371.0,Not much,Came about naturally,Rep/Lean Rep,Refused,30-49,College graduate+,0.4568692162401136
201701732803.0,None at all,Not sure,Dem/Lean Dem,Very liberal,30-49,Some College,3.2183840185693495
201701734023.0,None at all,Was developed intentionally in a lab,Dem/Lean Dem,Very liberal,50-64,H.S. graduate or less,3.268575953239183
201701734148.0,Some,Came about naturally,Dem/Lean Dem,Very liberal,18-29,College graduate+,0.5901265217641124
201701734489.0,Not much,Came about naturally,Dem/Lean Dem,Moderate,50-64,College graduate+,0.37875394684687635
201801000048.0,A lot,Was developed intentionally in a lab,Dem/Lean Dem,Very conservative,30-49,H.S. graduate or less,1.3964647987582488
201801000099.0,None at all,Came about naturally,Dem/Lean Dem,Moderate,18-29,College graduate+,1.1654021337112321
201801000154.0,Not much,Came about naturally,Rep/Lean Rep,Moderate,50-64,H.S. graduate or less,6.240034473715868
201801000240.0,Not much,Was developed intentionally in a lab,Rep/Lean Rep,Conservative,30-49,H.S. graduate or less,3.5183096291587637
201801000341.0,Some,Came about naturally,Dem/Lean Dem,Liberal,18-29,College graduate+,0.49853659185404176
201801000687.0,Some,Came about naturally,Dem/Lean Dem,Moderate,30-49,Some College,0.23753223660495168
201801000924.0,Not much,Came about naturally,Dem/Lean Dem,Liberal,18-29,College graduate+,0.31765555475030594
201801001116.0,None at all,Came about naturally,Rep/Lean Rep,Conservative,18-29,Some College,1.56325470234015
201801001121.0,Some,Came about naturally,Dem/Lean Dem,Moderate,30-49,College graduate+,1.4650237700170974
201801001147.0,Some,Came about naturally,Dem/Lean Dem,Liberal,18-29,College graduate+,4.043123728041957
201801001456.0,Some,Not sure,Rep/Lean Rep,Moderate,18-29,H.S. graduate or less,1.0907472359398425
201801001642.0,A lot,Not sure,Dem/Lean Dem,Very liberal,18-29,H.S. graduate or less,1.5979172331322091
201801001896.0,Not much,Came about naturally,Dem/Lean Dem,Moderate,65+,Some College,0.44421746604418666
201801001958.0,Some,Came about naturally,Rep/Lean Rep,Conservative,50-64,Some College,0.46348193139727223
201801001977.0,Not much,Not sure,Rep/Lean Rep,Very conservative,30-49,H.S. graduate or less,3.019825252085458
201801002088.0,Some,Was developed intentionally in a lab,Dem/Lean Dem,Liberal,18-29,College graduate+,0.2810777711996224
201801002185.0,A lot,Came about naturally,Rep/Lean Rep,Conservative,18-29,H.S. graduate or less,2.7054074621969693
201801002212.0,Some,Was made accidentally in a lab,Dem/Lean Dem,Liberal,18-29,H.S. graduate or less,4.082038652089473
201801002222.0,Some,Not sure,Dem/Lean Dem,Moderate,50-64,Some College,0.43062749121585026
201801002238.0,None at all,Was developed intentionally in a lab,Dem/Lean Dem,Very liberal,30-49,Some College,1.4163557874357406
201801002268.0,Not much,Was developed intentionally in a lab,Dem/Lean Dem,Moderate,30-49,H.S. graduate or less,1.318112188377568
201801002372.0,None at all,Came about naturally,Dem/Lean Dem,Liberal,50-64,College graduate+,0.13155293563596282
201801002476.0,Some,Came about naturally,Dem/Lean Dem,Moderate,50-64,H.S. graduate or less,6.18203419315523
201801002494.0,None at all,Came about naturally,Dem/Lean Dem,Very liberal,18-29,Some College,1.7044869297625733
201801002768.0,Not much,Was developed intentionally in a lab,Dem/Lean Dem,Liberal,30-49,H.S. graduate or less,1.3458800531314177
201801002809.0,None at all,Came about naturally,Dem/Lean Dem,Very liberal,18-29,College graduate+,1.8442243060727996
201801002837.0,None at all,Came about naturally,Rep/Lean Rep,Very conservative,30-49,Some College,1.44272863242793
201801002962.0,None at all,Not sure,Dem/Lean Dem,Very liberal,18-29,Some College,0.9509028970316313
201801002992.0,Not much,Was developed intentionally in a lab,Dem/Lean Dem,Very liberal,18-29,College graduate+,0.48201905311537613
201801003162.0,Some,Came about naturally,Dem/Lean Dem,Moderate,18-29,College graduate+,1.03286195029416
201801003350.0,Not much,Not sure,Dem/Lean Dem,Liberal,18-29,Some College,3.6073040706520483
201801003559.0,Not much,Not sure,Rep/Lean Rep,Moderate,30-49,Some College,4.970421506671864
201801003595.0,Not much,Came about naturally,Dem/Lean Dem,Liberal,18-29,H.S. graduate or less,3.262350077465926
201801003712.0,Some,Came about naturally,Dem/Lean Dem,Very liberal,30-49,Some College,1.1281581849498914
201801003838.0,Not much,Not sure,Dem/Lean Dem,Moderate,50-64,H.S. graduate or less,7.487621221765812
201801004012.0,Not much,Came about naturally,Dem/Lean Dem,Liberal,18-29,Some College,1.8119788037952422
201801004146.0,None at all,Was developed intentionally in a lab,Dem/Lean Dem,Moderate,30-49,H.S. graduate or less,2.309521997411451
201801004255.0,A lot,Doesn’t really exist,Dem/Lean Dem,Liberal,50-64,Some College,0.992001140802652
201801004432.0,Some,Not sure,Dem/Lean Dem,Liberal,30-49,Some College,0.5482526716149465
201801004898.0,A lot,Was developed intentionally in a lab,Rep/Lean Rep,Very conservative,50-64,Some College,0.6381563021785197
201801004944.0,None at all,Was developed intentionally in a lab,Rep/Lean Rep,Very conservative,50-64,Some College,1.7283396673649651
201801004970.0,A lot,Came about naturally,Dem/Lean Dem,Liberal,18-29,Some College,0.8049718061251034
201801005038.0,Some,Not sure,Dem/Lean Dem,Very liberal,30-49,College graduate+,0.6300564905522729
201801005075.0,A lot,Came about naturally,Dem/Lean Dem,Liberal,30-49,H.S. graduate or less,0.6575526401287328
201801005161.0,Not much,Came about naturally,Rep/Lean Rep,Moderate,18-29,Some College,0.8889488163458941
201801005182.0,None at all,Came about naturally,Dem/Lean Dem,Liberal,50-64,College graduate+,0.32900746099005773
201801005282.0,Not much,Not sure,Dem/Lean Dem,Very liberal,30-49,Some College,1.9668057345964558
201801005441.0,A lot,Was developed intentionally in a lab,Dem/Lean Dem,Moderate,65+,Some College,0.5028425073594166
201801005483.0,Not much,Came about naturally,Dem/Lean Dem,Liberal,18-29,College graduate+,0.7313436166474172
201801005529.0,Not much,Was developed intentionally in a lab,Rep/Lean Rep,Moderate,18-29,Some College,1.1029290868571668
201801005624.0,Some,Came about naturally,Dem/Lean Dem,Very liberal,18-29,College graduate+,0.7201950472321987
201801005767.0,Not much,Not sure,Rep/Lean Rep,Moderate,50-64,College graduate+,0.3590578667638715
201801005864.0,Not much,Came about naturally,Dem/Lean Dem,Liberal,50-64,Some College,0.8728240632307182
201801005905.0,Not much,Came about naturally,Rep/Lean Rep,Very conservative,50-64,H.S. graduate or less,2.306140360592181
201801006132.0,Some,Not sure,Dem/Lean Dem,Conservative,30-49,Some College,0.7847863476222652
201801006202.0,A lot,Was made accidentally in a lab,Dem/Lean Dem,Moderate,18-29,Some College,3.352813622036242
201801006294.0,Some,Was developed intentionally in a lab,Dem/Lean Dem,Moderate,30-49,College graduate+,0.19031900374092678
201801006306.0,None at all,Came about naturally,Rep/Lean Rep,Very liberal,65+,H.S. graduate or less,0.9180707656870587
201801006376.0,Not much,Not sure,Rep/Lean Rep,Conservative,30-49,H.S. graduate or less,6.976835367077053
201801006487.0,Not much,Came about naturally,Dem/Lean Dem,Very liberal,18-29,College graduate+,0.36713708690050306
201801006549.0,A lot,Came about naturally,Dem/Lean Dem,Liberal,18-29,College graduate+,2.7006969196157065
201801006552.0,None at all,Came about naturally,Rep/Lean Rep,Moderate,18-29,College graduate+,0.23171848024036895
201801006703.0,Some,Came about naturally,Dem/Lean Dem,Moderate,18-29,Some College,0.5555390838523787
201801006729.0,Not much,Was developed intentionally in a lab,Rep/Lean Rep,Moderate,30-49,College graduate+,2.1055893397849292
201801007023.0,Some,Was developed intentionally in a lab,Dem/Lean Dem,Very liberal,50-64,College graduate+,0.2326032419849029
201801007077.0,None at all,Was developed intentionally in a lab,Dem/Lean Dem,Moderate,18-29,Some College,0.6540631215975309
201801007113.0,Not much,Was developed intentionally in a lab,Dem/Lean Dem,Liberal,30-49,Some College,0.6398956292366478
201801007224.0,A lot,Not sure,Dem/Lean Dem,Very liberal,18-29,College graduate+,2.120315225450349
201801007351.0,None at all,Was developed intentionally in a lab,Rep/Lean Rep,Conservative,50-64,College graduate+,0.4872910034089499
201801007426.0,Not much,Was developed intentionally in a lab,Rep/Lean Rep,Moderate,30-49,H.S. graduate or less,2.1687560602575875
201801007441.0,A lot,Was developed intentionally in a lab,Dem/Lean Dem,Very conservative,18-29,H.S. graduate or less,0.9426859697377887
201801007475.0,Some,Came about naturally,Dem/Lean Dem,Liberal,18-29,H.S. graduate or less,0.4764428067655225
201801007526.0,None at all,Was developed intentionally in a lab,Dem/Lean Dem,Conservative,50-64,H.S. graduate or less,1.8453599755782366
201801007568.0,Not much,Came about naturally,Dem/Lean Dem,Liberal,30-49,College graduate+,0.39618280167923603
201801007627.0,None at all,Came about naturally,Dem/Lean Dem,Moderate,30-49,College graduate+,0.9976067108521535
201801007690.0,Some,Not sure,Dem/Lean Dem,Very liberal,18-29,College graduate+,0.35440252314774584
201801007706.0,None at all,Was developed intentionally in a lab,Dem/Lean Dem,Moderate,50-64,H.S. graduate or less,1.5701435916247417
201801007712.0,Some,Came about naturally,Dem/Lean Dem,Liberal,30-49,College graduate+,0.3566962885931554
201801007785.0,Some,Came about naturally,Dem/Lean Dem,Very liberal,18-29,College graduate+,1.6913434439611799
201801007792.0,None at all,Was developed intentionally in a lab,Rep/Lean Rep,Moderate,50-64,H.S. graduate or less,2.8152329070778515
201801007859.0,Some,Not sure,Rep/Lean Rep,Conservative,50-64,College graduate+,1.204549813731293
201801007892.0,Not much,Came about naturally,Rep/Lean Rep,Moderate,65+,Some College,1.4046846332993161
201801007933.0,A lot,Doesn’t really exist,Dem/Lean Dem,Conservative,30-49,H.S. graduate or less,1.3616605742186763
201801008026.0,None at all,Came about naturally,Dem/Lean Dem,Liberal,50-64,College graduate+,0.5756836274746054
201801008202.0,Some,Came about naturally,Dem/Lean Dem,Very liberal,50-64,College graduate+,0.8403251282090664
201801008227.0,None at all,Not sure,Dem/Lean Dem,Moderate,50-64,H.S. graduate or less,1.7164932762680674
201801008363.0,Some,Came about naturally,Rep/Lean Rep,Moderate,30-49,College graduate+,0.2608297739508409
201801008522.0,Not much,Not sure,Rep/Lean Rep,Refused,18-29,College graduate+,0.2588780397030075
201801008718.0,Not much,Not sure,Dem/Lean Dem,Liberal,50-64,College graduate+,0.25656597588699326
201801009064.0,Some,Came about naturally,Dem/Lean Dem,Liberal,30-49,H.S. graduate or less,7.487621221765812
201801009096.0,Not much,Not sure,Dem/Lean Dem,Liberal,30-49,College graduate+,0.4265018247149295
201801009189.0,Not much,Came about naturally,Dem/Lean Dem,Very liberal,50-64,College graduate+,0.6677306377059066
201801009197.0,Not much,Came about naturally,Dem/Lean Dem,Liberal,30-49,College graduate+,0.39618280167923603
201801009233.0,Not much,Came about naturally,Dem/Lean Dem,Very liberal,30-49,College graduate+,0.4473873381643575
201801009655.0,Not much,Came about naturally,Dem/Lean Dem,Very liberal,30-49,College graduate+,0.39618280167923603
201801010102.0,A lot,Refused,Rep/Lean Rep,Very liberal,50-64,Some College,1.7540373076113778
201801010296.0,Not much,Came about naturally,Dem/Lean Dem,Liberal,30-49,College graduate+,0.5560577221339493
201801010404.0,Some,Not sure,Dem/Lean Dem,Moderate,65+,College graduate+,0.28681393797046795
201801010415.0,Not much,Came about naturally,Rep/Lean Rep,Moderate,65+,Some College,0.4395466327482392
201801010444.0,Some,Was made accidentally in a lab,Dem/Lean Dem,Liberal,18-29,Some College,2.2377745975209224
201801010446.0,A lot,Was made accidentally in a lab,Dem/Lean Dem,Conservative,30-49,College graduate+,0.4825576344036162
201801010451.0,Some,Came about naturally,Dem/Lean Dem,Moderate,30-49,College graduate+,0.39618280167923603
201801010530.0,Not much,Not sure,Rep/Lean Rep,Conservative,50-64,College graduate+,0.3590266223903537
201801010543.0,Not much,Came about naturally,Dem/Lean Dem,Moderate,30-49,College graduate+,0.39618280167923603
201801010864.0,None at all,Not sure,Dem/Lean Dem,Moderate,50-64,H.S. graduate or less,0.8951399639263088
201801010875.0,A lot,Not sure,Dem/Lean Dem,Conservative,30-49,College graduate+,0.19475312949123239
201801010883.0,Not much,Was developed intentionally in a lab,DK/Refused/No lean,Conservative,30-49,College graduate+,0.2588780397030075
201801010934.0,Some,Came about naturally,Rep/Lean Rep,Moderate,65+,Some College,1.051752162400997
201801010939.0,A lot,Not sure,Rep/Lean Rep,Moderate,30-49,Some College,0.9987992248837255
201801011030.0,Some,Came about naturally,Dem/Lean Dem,Moderate,30-49,Some College,0.5520723630190001
201801011032.0,A lot,Was developed intentionally in a lab,Dem/Lean Dem,Very liberal,30-49,College graduate+,0.5923076346544055
201801011072.0,Some,Came about naturally,Dem/Lean Dem,Moderate,50-64,Some College,0.3334091192976336
201801011139.0,Some,Came about naturally,Dem/Lean Dem,Very liberal,30-49,College graduate+,0.28330752853283125
201801011142.0,A lot,Not sure,Rep/Lean Rep,Very conservative,30-49,Some College,0.32909899756630623
201801011170.0,Some,Was made accidentally in a lab,Dem/Lean Dem,Refused,30-49,College graduate+,0.2922353583379589
201801011196.0,Not much,Came about naturally,Dem/Lean Dem,Moderate,30-49,Some College,0.7947213849145883
201801011224.0,None at all,Came about naturally,Rep/Lean Rep,Moderate,30-49,H.S. graduate or less,2.02045199011931
201801011274.0,Some,Not sure,Dem/Lean Dem,Moderate,50-64,College graduate+,0.2600408214827492
201801011390.0,None at all,Came about naturally,Dem/Lean Dem,Liberal,30-49,College graduate+,0.1680970014310284
201801011503.0,Not much,Came about naturally,Dem/Lean Dem,Liberal,65+,College graduate+,0.15359040887207284
201801011633.0,None at all,Was developed intentionally in a lab,Dem/Lean Dem,Moderate,18-29,College graduate+,1.8125051922341346
201801011816.0,A lot,Came about naturally,Dem/Lean Dem,Very liberal,18-29,Some College,1.123903687136219
201801011877.0,Not much,Was developed intentionally in a lab,Dem/Lean Dem,Conservative,18-29,Some College,2.6923534085483642
201801011929.0,Some,Was developed intentionally in a lab,Rep/Lean Rep,Conservative,18-29,College graduate+,0.7268093031293795
201801011936.0,Not much,Came about naturally,Dem/Lean Dem,Liberal,30-49,H.S. graduate or less,6.151476078833159
201801011949.0,Not much,Came about naturally,Dem/Lean Dem,Moderate,50-64,College graduate+,0.7131869731557159
201801012042.0,A lot,Not sure,Dem/Lean Dem,Moderate,30-49,Some College,0.7758658731664106
201801012174.0,Not much,Was made accidentally in a lab,Rep/Lean Rep,Conservative,30-49,College graduate+,0.4228550525127948
201801012248.0,None at all,Came about naturally,Dem/Lean Dem,Conservative,50-64,H.S. graduate or less,2.9083224679527246
201801012339.0,Not much,Not sure,Dem/Lean Dem,Moderate,30-49,Some College,0.3552399109246005
201801012476.0,Some,Not sure,Dem/Lean Dem,Moderate,18-29,H.S. graduate or less,7.487621221765812
201801012477.0,Not much,Not sure,Dem/Lean Dem,Very liberal,18-29,College graduate+,2.0604756503947965
201801012539.0,None at all,Not sure,Dem/Lean Dem,Moderate,30-49,H.S. graduate or less,1.0877758201818675
201801012544.0,Some,Was made accidentally in a lab,Rep/Lean Rep,Conservative,18-29,College graduate+,0.428374542510978
201801012563.0,None at all,Came about naturally,Dem/Lean Dem,Moderate,65+,College graduate+,0.12113136326809276
201801012568.0,Not much,Came about naturally,Rep/Lean Rep,Conservative,65+,Some College,0.37830171774990956
201801012654.0,Some,Not sure,Dem/Lean Dem,Moderate,30-49,H.S. graduate or less,1.0478910823155447
201801012666.0,Not much,Came about naturally,Dem/Lean Dem,Liberal,30-49,College graduate+,0.6667772070472562
201801012704.0,A lot,Came about naturally,Rep/Lean Rep,Conservative,30-49,H.S. graduate or less,6.230022831369993
201801012721.0,Not much,Not sure,DK/Refused/No lean,Liberal,50-64,College graduate+,0.15299830349047377
201801012727.0,Some,Came about naturally,Rep/Lean Rep,Conservative,30-49,College graduate+,0.428374542510978
201801012748.0,Not much,Came about naturally,Rep/Lean Rep,Conservative,65+,College graduate+,0.28766937149837896
201801012794.0,None at all,Came about naturally,Dem/Lean Dem,Moderate,65+,College graduate+,0.4153908519265988
201801012862.0,Some,Came about naturally,Dem/Lean Dem,Liberal,65+,College graduate+,0.16658774135557186
201801012890.0,None at all,Not sure,Dem/Lean Dem,Very conservative,30-49,H.S. graduate or less,4.736768309355113
201801012957.0,None at all,Not sure,Dem/Lean Dem,Liberal,50-64,Some College,0.23421344886813583
201801013161.0,None at all,Was made accidentally in a lab,Dem/Lean Dem,Moderate,65+,College graduate+,0.26703512013478303
201801013184.0,Some,Not sure,Dem/Lean Dem,Liberal,50-64,College graduate+,0.49866483119033383
201801013189.0,Some,Was developed intentionally in a lab,Dem/Lean Dem,Moderate,65+,College graduate+,0.1721308667086403
201801013339.0,None at all,Was developed intentionally in a lab,Dem/Lean Dem,Moderate,30-49,H.S. graduate or less,3.185399473119678
201801013491.0,Some,Came about naturally,Dem/Lean Dem,Liberal,18-29,College graduate+,0.70713000269009
201801013506.0,None at all,Not sure,Rep/Lean Rep,Moderate,65+,Some College,0.5123369977706623
201801013592.0,Not much,Came about naturally,Dem/Lean Dem,Liberal,18-29,H.S. graduate or less,1.8508755914385357
201801013712.0,Not much,Came about naturally,Dem/Lean Dem,Liberal,65+,College graduate+,0.62526829337726
201801013841.0,A lot,Was developed intentionally in a lab,Rep/Lean Rep,Very liberal,30-49,Some College,0.4160372567095865
201801013929.0,None at all,Came about naturally,Dem/Lean Dem,Moderate,50-64,Some College,0.07844521463098372
201801013943.0,Some,Came about naturally,Dem/Lean Dem,Very liberal,18-29,Some College,1.1067655341975473
201801014053.0,Some,Came about naturally,Rep/Lean Rep,Conservative,50-64,Some College,0.9835603596195726
201801014195.0,None at all,Came about naturally,Dem/Lean Dem,Moderate,50-64,College graduate+,0.21268618808625817
201801014202.0,Some,Was developed intentionally in a lab,Dem/Lean Dem,Liberal,50-64,College graduate+,0.07844521463098372
201801014234.0,A lot,Came about naturally,Dem/Lean Dem,Liberal,30-49,College graduate+,0.15590545424186367
201801014280.0,Not much,Not sure,Dem/Lean Dem,Moderate,30-49,College graduate+,0.4572782227327717
201801014285.0,Not much,Was developed intentionally in a lab,Dem/Lean Dem,Liberal,18-29,College graduate+,0.37619669203349937
201801014390.0,Some,Came about naturally,Dem/Lean Dem,Liberal,18-29,Some College,0.47758816337923093
201801014577.0,None at all,Not sure,Dem/Lean Dem,Liberal,30-49,College graduate+,0.24893406825118905
201801014578.0,Some,Was developed intentionally in a lab,Rep/Lean Rep,Conservative,65+,Some College,0.07844521463098372
201801014647.0,A lot,Was developed intentionally in a lab,Rep/Lean Rep,Conservative,30-49,H.S. graduate or less,4.0763417715981225
201801014670.0,Not much,Was developed intentionally in a lab,Dem/Lean Dem,Conservative,30-49,Some College,1.3790616787642938
201801014731.0,Some,Came about naturally,Rep/Lean Rep,Moderate,30-49,H.S. graduate or less,0.648496938158848
201801014915.0,Some,Was developed intentionally in a lab,Rep/Lean Rep,Moderate,50-64,Some College,0.5236526330872968
201801014939.0,Not much,Not sure,Rep/Lean Rep,Conservative,50-64,Some College,0.8444262152424709
201801014949.0,Not much,Came about naturally,Dem/Lean Dem,Liberal,65+,College graduate+,0.37995031658406214
201801015016.0,Some,Came about naturally,Rep/Lean Rep,Conservative,30-49,College graduate+,1.1298918298575997
201801015132.0,Not much,Was made accidentally in a lab,Rep/Lean Rep,Conservative,30-49,Some College,2.4399561511554095
201801015185.0,Not much,Not sure,DK/Refused/No lean,Conservative,30-49,College graduate+,0.4228550525127948
201801015275.0,Some,Came about naturally,Dem/Lean Dem,Liberal,30-49,College graduate+,0.20787078326089456
201801015416.0,Not much,Not sure,Rep/Lean Rep,Moderate,18-29,Some College,6.575687513618701
201801015500.0,Not much,Was developed intentionally in a lab,Rep/Lean Rep,Conservative,30-49,Some College,1.7168222482946145
201801015505.0,Some,Not sure,Dem/Lean Dem,Liberal,18-29,Some College,0.4624710588122847
201801015522.0,Some,Came about naturally,Dem/Lean Dem,Moderate,30-49,College graduate+,0.7429620077879978
201801015542.0,Some,Was developed intentionally in a lab,Dem/Lean Dem,Liberal,30-49,College graduate+,0.2810777711996224
201801015581.0,None at all,Was developed intentionally in a lab,Dem/Lean Dem,Moderate,30-49,Some College,2.1335214365870416
201801015620.0,None at all,Came about naturally,Dem/Lean Dem,Moderate,18-29,Some College,0.4887202307072243
201801015646.0,Some,Not sure,Dem/Lean Dem,Moderate,65+,College graduate+,0.45097812148216354
201801015651.0,A lot,Was developed intentionally in a lab,Rep/Lean Rep,Moderate,50-64,College graduate+,0.8671582009778017
201801015678.0,Some,Refused,Dem/Lean Dem,Liberal,18-29,H.S. graduate or less,4.3572256769248385
201801015720.0,Some,Came about naturally,Dem/Lean Dem,Very liberal,30-49,Some College,0.3988525117055063
201801015746.0,Some,Doesn’t really exist,Dem/Lean Dem,Liberal,50-64,College graduate+,0.7511339373731063
201801015781.0,A lot,Not sure,Dem/Lean Dem,Liberal,65+,Some College,1.4723583776783353
201801015839.0,Not much,Not sure,Rep/Lean Rep,Conservative,65+,H.S. graduate or less,1.058379843963569
201801016016.0,Some,Came about naturally,Rep/Lean Rep,Moderate,50-64,College graduate+,0.13155293563596282
201801016020.0,Some,Was developed intentionally in a lab,Rep/Lean Rep,Very conservative,30-49,Some College,2.481600531327603
201801016237.0,Some,Was developed intentionally in a lab,Dem/Lean Dem,Moderate,30-49,College graduate+,0.30873521886882815
201801016382.0,Some,Came about naturally,Rep/Lean Rep,Moderate,30-49,H.S. graduate or less,0.8527804588962602
201801016443.0,None at all,Came about naturally,Rep/Lean Rep,Conservative,30-49,College graduate+,0.5675876477519519
201801016496.0,A lot,Came about naturally,Dem/Lean Dem,Liberal,65+,College graduate+,0.3701504825760322
201801016520.0,A lot,Came about naturally,Rep/Lean Rep,Very conservative,50-64,College graduate+,0.92742101031085
201801016724.0,None at all,Not sure,Rep/Lean Rep,Very conservative,18-29,Some College,2.9694762053503423
201801016762.0,Not much,Came about naturally,Rep/Lean Rep,Moderate,30-49,H.S. graduate or less,1.500919778683025
201801016774.0,Not much,Came about naturally,Dem/Lean Dem,Liberal,18-29,Some College,0.4887202307072243
201801016788.0,Not much,Was developed intentionally in a lab,Dem/Lean Dem,Moderate,30-49,Some College,0.565755877389933
201801016838.0,A lot,Doesn’t really exist,Dem/Lean Dem,Moderate,30-49,College graduate+,0.20388855406766004
201801016848.0,Not much,Came about naturally,Dem/Lean Dem,Very liberal,30-49,College graduate+,0.716909226004613
201801016880.0,None at all,Came about naturally,DK/Refused/No lean,Liberal,50-64,Some College,0.8134439275884399
201801017037.0,Not much,Not sure,Dem/Lean Dem,Liberal,30-49,College graduate+,0.32454252023121183
201801017060.0,None at all,Came about naturally,Dem/Lean Dem,Moderate,30-49,College graduate+,0.21181720153810793
201801017081.0,None at all,Came about naturally,Dem/Lean Dem,Very liberal,30-49,College graduate+,0.4738646559048941
201801017096.0,Some,Not sure,Dem/Lean Dem,Liberal,30-49,College graduate+,0.9492407304989569
201801017228.0,A lot,Was developed intentionally in a lab,Dem/Lean Dem,Moderate,30-49,Some College,0.2145029055540457
201801017237.0,Some,Was developed intentionally in a lab,Dem/Lean Dem,Liberal,50-64,Some College,0.37211370247259046
201801017407.0,Not much,Not sure,Dem/Lean Dem,Very liberal,30-49,College graduate+,0.44254314303465775
201801017416.0,None at all,Came about naturally,Dem/Lean Dem,Moderate,65+,Some College,0.754905525400222
201801017429.0,Some,Was developed intentionally in a lab,Rep/Lean Rep,Conservative,65+,College graduate+,0.14420158312441378
201801017510.0,Not much,Came about naturally,Dem/Lean Dem,Very liberal,18-29,Some College,1.6992742780215864
201801017551.0,Some,Came about naturally,Dem/Lean Dem,Moderate,50-64,College graduate+,0.6487897855714696
201801017602.0,None at all,Came about naturally,Rep/Lean Rep,Moderate,30-49,College graduate+,0.38916211978867576
201801017742.0,Some,Was developed intentionally in a lab,Rep/Lean Rep,Conservative,50-64,College graduate+,0.2173987388623741
201801017810.0,None at all,Not sure,Rep/Lean Rep,Liberal,50-64,H.S. graduate or less,2.756295046813971
201801017893.0,Not much,Was made accidentally in a lab,DK/Refused/No lean,Very conservative,30-49,H.S. graduate or less,7.487621221765812
201801017914.0,Not much,Came about naturally,Dem/Lean Dem,Moderate,50-64,College graduate+,0.22609697056393155
201801017974.0,Not much,Came about naturally,Dem/Lean Dem,Very liberal,30-49,College graduate+,0.2751798570797386
201801018046.0,Not much,Came about naturally,Rep/Lean Rep,Conservative,50-64,Some College,1.5090049140109942
201801018142.0,None at all,Came about naturally,Dem/Lean Dem,Moderate,30-49,College graduate+,1.4592344296053548
201801018182.0,Some,Was developed intentionally in a lab,Dem/Lean Dem,Moderate,50-64,H.S. graduate or less,0.7237597143874942
201801018360.0,Not much,Came about naturally,Dem/Lean Dem,Conservative,50-64,H.S. graduate or less,0.8221714994562701
201801018370.0,Refused,Came about naturally,Rep/Lean Rep,Conservative,30-49,College graduate+,3.0687595494488167
201801018388.0,Not much,Came about naturally,Dem/Lean Dem,Moderate,50-64,College graduate+,0.21183268254043372
201801018472.0,Some,Came about naturally,Dem/Lean Dem,Liberal,18-29,H.S. graduate or less,2.805130987167386
201801018678.0,Not much,Not sure,Dem/Lean Dem,Very liberal,30-49,College graduate+,0.6251091466737874
201801018706.0,Not much,Came about naturally,Dem/Lean Dem,Very conservative,18-29,Some College,7.487621221765812
201801018713.0,None at all,Came about naturally,Dem/Lean Dem,Moderate,30-49,College graduate+,0.26481661282181934
201801018787.0,Not much,Not sure,Rep/Lean Rep,Conservative,50-64,Some College,0.7928632752487137
201801018863.0,Not much,Not sure,Rep/Lean Rep,Moderate,30-49,Some College,0.7655087143994579
201801018888.0,Not much,Was developed intentionally in a lab,Dem/Lean Dem,Very liberal,30-49,H.S. graduate or less,4.148472906012331
201801018913.0,Some,Came about naturally,Dem/Lean Dem,Moderate,50-64,H.S. graduate or less,0.8221714994562701
201801019064.0,Some,Not sure,Rep/Lean Rep,Moderate,30-49,H.S. graduate or less,1.2535365551551674
201801019118.0,A lot,Was developed intentionally in a lab,Dem/Lean Dem,Liberal,18-29,H.S. graduate or less,1.912149081616558
201801019125.0,Some,Was developed intentionally in a lab,Rep/Lean Rep,Conservative,50-64,Some College,0.3613555868673831
201801019145.0,None at all,Not sure,Rep/Lean Rep,Conservative,50-64,Some College,0.3613555868673831
201801019195.0,Some,Doesn’t really exist,Rep/Lean Rep,Very liberal,50-64,H.S. graduate or less,2.4115068858914426
201801019301.0,None at all,Came about naturally,Dem/Lean Dem,Moderate,30-49,Some College,0.6409256208299536
201801019357.0,Not much,Came about naturally,Dem/Lean Dem,Liberal,50-64,College graduate+,0.16877671577660544
201801019417.0,Some,Not sure,Dem/Lean Dem,Liberal,18-29,Some College,0.6885571380075105
201801019458.0,A lot,Was developed intentionally in a lab,Dem/Lean Dem,Moderate,30-49,Some College,0.6506418173307541
201801019588.0,Some,Not sure,Dem/Lean Dem,Very conservative,30-49,H.S. graduate or less,0.5639736329013775
201801019604.0,Not much,Came about naturally,DK/Refused/No lean,Moderate,30-49,College graduate+,0.4298303349153988
201801019707.0,Not much,Came about naturally,Dem/Lean Dem,Liberal,30-49,College graduate+,0.31765555475030594
201801019747.0,Some,Was developed intentionally in a lab,Rep/Lean Rep,Very conservative,50-64,H.S. graduate or less,1.7713725283206923
201801019778.0,A lot,Was developed intentionally in a lab,Dem/Lean Dem,Liberal,50-64,Some College,0.2739564303567029
201801019802.0,None at all,Was developed intentionally in a lab,Rep/Lean Rep,Conservative,50-64,Some College,0.75052034073569
201801019873.0,Some,Not sure,Rep/Lean Rep,Very conservative,50-64,College graduate+,0.2173987388623741
201801019889.0,None at all,Was made accidentally in a lab,Rep/Lean Rep,Very liberal,50-64,Some College,1.1124414156523894
201801019984.0,Not much,Came about naturally,Dem/Lean Dem,Moderate,30-49,College graduate+,0.6478401858027472
201801020031.0,Some,Was developed intentionally in a lab,Rep/Lean Rep,Moderate,50-64,College graduate+,0.15299830349047377
201801020088.0,Some,Not sure,Rep/Lean Rep,Conservative,30-49,College graduate+,0.49322320491043264
201801020160.0,A lot,Came about naturally,Dem/Lean Dem,Liberal,30-49,College graduate+,0.18615861315025908
201801020170.0,A lot,Was developed intentionally in a lab,Dem/Lean Dem,Moderate,50-64,College graduate+,0.7365824213825067
201801020232.0,Not much,Not sure,DK/Refused/No lean,Liberal,50-64,Some College,1.0641401966252806
201801020290.0,Not much,Came about naturally,Dem/Lean Dem,Moderate,30-49,College graduate+,1.122941470109054
201801020291.0,Some,Refused,Dem/Lean Dem,Moderate,30-49,H.S. graduate or less,1.3815512193959374
201801020386.0,Some,Not sure,Dem/Lean Dem,Moderate,65+,College graduate+,0.4065227351405064
201801020566.0,A lot,Was developed intentionally in a lab,Rep/Lean Rep,Very conservative,50-64,H.S. graduate or less,1.7260630271431734
201801020611.0,A lot,Came about naturally,Dem/Lean Dem,Moderate,50-64,H.S. graduate or less,2.277950110125235
201801020708.0,Not much,Was developed intentionally in a lab,Rep/Lean Rep,Conservative,50-64,H.S. graduate or less,2.2549449323293933
201801020891.0,Some,Came about naturally,Rep/Lean Rep,Moderate,30-49,Some College,0.9424317365352101
201801020928.0,Some,Not sure,Rep/Lean Rep,Conservative,50-64,Some College,0.2119480498225359
201801020976.0,Not much,Came about naturally,Dem/Lean Dem,Liberal,65+,College graduate+,0.15359040887207284
201801020998.0,None at all,Not sure,Dem/Lean Dem,Moderate,65+,H.S. graduate or less,1.16131799209011
201801021001.0,Some,Was developed intentionally in a lab,Dem/Lean Dem,Moderate,50-64,H.S. graduate or less,0.9705413971833065
201801021110.0,None at all,Came about naturally,Dem/Lean Dem,Liberal,50-64,College graduate+,0.2331326614312156
201801021113.0,Not much,Came about naturally,Dem/Lean Dem,Very liberal,30-49,College graduate+,0.6478401858027472
201801021315.0,Not much,Came about naturally,Rep/Lean Rep,Liberal,30-49,College graduate+,0.37966631966806735
201801021352.0,Some,Came about naturally,Dem/Lean Dem,Moderate,50-64,Some College,0.24625865094474142
201801021421.0,None at all,Came about naturally,Dem/Lean Dem,Moderate,30-49,College graduate+,0.8904173234304539
201801021438.0,None at all,Not sure,DK/Refused/No lean,Refused,30-49,College graduate+,1.0472954060390014
201801021467.0,Not much,Came about naturally,Dem/Lean Dem,Conservative,65+,Some College,0.15839447155844336
201801021571.0,Not much,Was developed intentionally in a lab,Rep/Lean Rep,Moderate,30-49,Some College,0.7424302680942646
201801021693.0,None at all,Came about naturally,Dem/Lean Dem,Liberal,18-29,Some College,1.123903687136219
201801021788.0,Not much,Not sure,DK/Refused/No lean,Refused,50-64,H.S. graduate or less,7.487621221765812
201801021976.0,Some,Came about naturally,Dem/Lean Dem,Moderate,18-29,H.S. graduate or less,0.952540129026255
201801021986.0,Not much,Was developed intentionally in a lab,Rep/Lean Rep,Moderate,30-49,Some College,2.3952130034138093
201801022067.0,Some,Came about naturally,Dem/Lean Dem,Moderate,30-49,H.S. graduate or less,7.487621221765812
201801022099.0,Some,Came about naturally,Dem/Lean Dem,Liberal,50-64,Some College,0.4639614383830562
201801022194.0,Not much,Was developed intentionally in a lab,Rep/Lean Rep,Conservative,30-49,College graduate+,0.4891227799316078
201801022366.0,None at all,Not sure,Dem/Lean Dem,Liberal,50-64,Some College,0.15268056946242753
201801022399.0,Not much,Came about naturally,Rep/Lean Rep,Moderate,30-49,College graduate+,0.6700926486719059
201801022519.0,None at all,Came about naturally,Dem/Lean Dem,Moderate,30-49,College graduate+,0.30446087487465623
201801022520.0,A lot,Came about naturally,Rep/Lean Rep,Moderate,50-64,College graduate+,0.14396206593952413
201801022552.0,Not much,Came about naturally,Dem/Lean Dem,Liberal,50-64,College graduate+,0.44732242553576856
201801022649.0,A lot,Was developed intentionally in a lab,Dem/Lean Dem,Conservative,50-64,Some College,0.3334091192976336
201801022661.0,Not much,Was developed intentionally in a lab,Dem/Lean Dem,Liberal,50-64,College graduate+,0.2726873105440305
201801022692.0,Not much,Came about naturally,Dem/Lean Dem,Moderate,30-49,College graduate+,0.35197732269888105
201801022725.0,A lot,Was developed intentionally in a lab,Rep/Lean Rep,Conservative,30-49,College graduate+,0.2935189402169577
201801022862.0,Some,Was developed intentionally in a lab,Rep/Lean Rep,Moderate,30-49,Some College,0.5459624379462356
201801023124.0,Not much,Was made accidentally in a lab,Dem/Lean Dem,Moderate,18-29,College graduate+,0.1543989030645566
201801023145.0,A lot,Doesn’t really exist,Dem/Lean Dem,Moderate,30-49,Some College,0.21086266651592156
201801023224.0,Not much,Was developed intentionally in a lab,Rep/Lean Rep,Moderate,50-64,College graduate+,0.14396206593952413
201801023412.0,A lot,Came about naturally,Dem/Lean Dem,Moderate,30-49,Some College,0.9422763425358596
201801023440.0,Not much,Not sure,Dem/Lean Dem,Liberal,30-49,Some College,0.5605856375113468
201801023469.0,Not much,Not sure,Dem/Lean Dem,Moderate,30-49,Some College,0.5401524378505697
201801023479.0,None at all,Came about naturally,Rep/Lean Rep,Moderate,30-49,Some College,1.3790616787642938
201801023585.0,Not much,Came about naturally,Dem/Lean Dem,Liberal,65+,College graduate+,0.31700773711954594
201801023660.0,None at all,Came about naturally,Dem/Lean Dem,Very liberal,18-29,College graduate+,0.9310940574933219
201801023702.0,Some,Not sure,Dem/Lean Dem,Liberal,30-49,College graduate+,0.17477570131304596
201801023720.0,None at all,Came about naturally,Dem/Lean Dem,Very liberal,18-29,College graduate+,1.4466166808641587
201801023731.0,Some,Came about naturally,Dem/Lean Dem,Very liberal,65+,College graduate+,0.4118632994549787
201801023767.0,Some,Came about naturally,Dem/Lean Dem,Liberal,50-64,College graduate+,0.11003136598565219
201801023796.0,Not much,Came about naturally,Dem/Lean Dem,Very liberal,18-29,College graduate+,0.3173946588434713
201801023861.0,Not much,Came about naturally,Dem/Lean Dem,Very liberal,50-64,College graduate+,0.26767123723931513
201801023941.0,Some,Was made accidentally in a lab,Rep/Lean Rep,Moderate,18-29,Some College,3.2658880088087705
201801023944.0,Some,Came about naturally,Dem/Lean Dem,Liberal,65+,College graduate+,0.31700773711954594
201801023984.0,None at all,Not sure,DK/Refused/No lean,Moderate,65+,H.S. graduate or less,6.4267337817764965
201801024051.0,Some,Was made accidentally in a lab,Rep/Lean Rep,Conservative,50-64,Some College,0.9105168067351525
201801024092.0,Not much,Not sure,Dem/Lean Dem,Liberal,30-49,College graduate+,0.21152913840685805
201801024120.0,Some,Came about naturally,Dem/Lean Dem,Conservative,30-49,Some College,0.5456433790377777
201801024170.0,None at all,Came about naturally,Dem/Lean Dem,Moderate,50-64,H.S. graduate or less,1.8868576137294186
201801024212.0,A lot,Was developed intentionally in a lab,Rep/Lean Rep,Conservative,18-29,College graduate+,0.44538628786832096
201801024214.0,A lot,Came about naturally,Dem/Lean Dem,Liberal,50-64,College graduate+,0.2326032419849029
201801024284.0,None at all,Was developed intentionally in a lab,Rep/Lean Rep,Conservative,50-64,H.S. graduate or less,2.087684332290775
201801024384.0,Not much,Came about naturally,Rep/Lean Rep,Conservative,30-49,College graduate+,0.28662881713724586
201801024990.0,None at all,Was developed intentionally in a lab,Dem/Lean Dem,Moderate,50-64,Some College,0.2692229282588516
201801025006.0,Some,Doesn’t really exist,Dem/Lean Dem,Refused,30-49,H.S. graduate or less,4.45748597216841
201801025064.0,Some,Not sure,Rep/Lean Rep,Very conservative,30-49,College graduate+,0.26293418130573465
201801025089.0,A lot,Not sure,Rep/Lean Rep,Moderate,30-49,Some College,1.8977772944488076
201801025119.0,Some,Came about naturally,Dem/Lean Dem,Moderate,50-64,College graduate+,0.2326032419849029
201801025120.0,Some,Came about naturally,Dem/Lean Dem,Liberal,30-49,College graduate+,0.4568692162401136
201801025149.0,Some,Came about naturally,Dem/Lean Dem,Liberal,30-49,College graduate+,0.35202299616376354
201801025294.0,Some,Came about naturally,Dem/Lean Dem,Liberal,50-64,College graduate+,0.3206291340585848
201801025303.0,None at all,Not sure,Dem/Lean Dem,Refused,65+,H.S. graduate or less,1.3644162215476932
201801025325.0,Not much,Came about naturally,Rep/Lean Rep,Conservative,30-49,Some College,0.36837231820574945
201801025382.0,Not much,Came about naturally,Dem/Lean Dem,Liberal,65+,College graduate+,0.31700773711954594
201801025396.0,Not much,Not sure,Rep/Lean Rep,Conservative,50-64,Some College,0.8783860236239487
201801025409.0,Some,Not sure,Dem/Lean Dem,Moderate,30-49,Some College,1.9668057345964558
201801025482.0,Some,Was developed intentionally in a lab,Rep/Lean Rep,Moderate,50-64,Some College,0.16998078744590403
201801025673.0,Not much,Doesn’t really exist,Rep/Lean Rep,Moderate,30-49,H.S. graduate or less,1.3918362409294514
201801025692.0,Not much,Not sure,Dem/Lean Dem,Moderate,30-49,College graduate+,0.6973585332241657
201801025725.0,Not much,Not sure,Dem/Lean Dem,Refused,50-64,H.S. graduate or less,6.705086823590747
201801025817.0,None at all,Came about naturally,Rep/Lean Rep,Moderate,50-64,Some College,3.0846164198671877
201801025873.0,Some,Was developed intentionally in a lab,Dem/Lean Dem,Very liberal,30-49,College graduate+,1.4760566124873147
201801026068.0,Some,Was made accidentally in a lab,Dem/Lean Dem,Moderate,65+,Some College,0.4400377785809197
201801026107.0,Some,Not sure,Rep/Lean Rep,Liberal,30-49,H.S. graduate or less,7.487621221765812
201801026220.0,Not much,Came about naturally,Dem/Lean Dem,Very liberal,30-49,College graduate+,0.39120781804680715
201801026228.0,Some,Not sure,Dem/Lean Dem,Moderate,30-49,Some College,6.27115323196564
201801026424.0,Not much,Was developed intentionally in a lab,Dem/Lean Dem,Moderate,50-64,H.S. graduate or less,2.428421977040469
201801026461.0,None at all,Was developed intentionally in a lab,Dem/Lean Dem,Moderate,18-29,H.S. graduate or less,6.8074237028436855
201801026547.0,Not much,Came about naturally,Dem/Lean Dem,Moderate,30-49,College graduate+,0.1600919753362595
201801026612.0,A lot,Came about naturally,Dem/Lean Dem,Liberal,30-49,College graduate+,0.2552585890552959
201801026687.0,Some,Came about naturally,Dem/Lean Dem,Very liberal,30-49,College graduate+,0.18782184618620987
201801026702.0,A lot,Was developed intentionally in a lab,DK/Refused/No lean,Very liberal,30-49,H.S. graduate or less,3.8221453791166584
201801026776.0,Not much,Not sure,Dem/Lean Dem,Liberal,30-49,Some College,0.7474507788020516
201801026804.0,A lot,Not sure,Dem/Lean Dem,Conservative,30-49,College graduate+,0.40772589023612776
201801026994.0,Some,Came about naturally,Dem/Lean Dem,Moderate,65+,Some College,0.6429473920092755
201801027066.0,None at all,Came about naturally,Dem/Lean Dem,Very liberal,18-29,College graduate+,0.36713708690050306
201801027120.0,Some,Came about naturally,Dem/Lean Dem,Very liberal,50-64,College graduate+,0.1141450627101747
201801027461.0,Not much,Not sure,Dem/Lean Dem,Moderate,30-49,Some College,1.0074700524693536
201801027526.0,Not much,Came about naturally,Dem/Lean Dem,Liberal,30-49,College graduate+,0.19540567166617795
201801027541.0,None at all,Not sure,Dem/Lean Dem,Moderate,50-64,H.S. graduate or less,6.478643497754853
201801027652.0,A lot,Was made accidentally in a lab,Rep/Lean Rep,Very conservative,50-64,College graduate+,1.1554333585663743
201801027665.0,A lot,Came about naturally,Rep/Lean Rep,Moderate,50-64,Some College,0.21515209375290084
201801027814.0,None at all,Came about naturally,Rep/Lean Rep,Refused,65+,H.S. graduate or less,5.2837415514426205
201801027867.0,Some,Not sure,Dem/Lean Dem,Liberal,30-49,Some College,0.9299852924900669
201801027874.0,None at all,Not sure,Dem/Lean Dem,Moderate,30-49,H.S. graduate or less,0.9455539665812626
201801027888.0,Not much,Not sure,Rep/Lean Rep,Moderate,50-64,College graduate+,0.39222554226198536
201801027894.0,Some,Came about naturally,Rep/Lean Rep,Moderate,50-64,College graduate+,0.5093639646895178
201801027914.0,Some,Was developed intentionally in a lab,Dem/Lean Dem,Moderate,30-49,Some College,0.7298991947067677
201801027946.0,A lot,Was made accidentally in a lab,Dem/Lean Dem,Moderate,50-64,Some College,0.6709641630518789
201801027954.0,A lot,Was developed intentionally in a lab,Rep/Lean Rep,Conservative,18-29,College graduate+,0.32150051516966255
201801028005.0,Not much,Not sure,Dem/Lean Dem,Moderate,30-49,Some College,0.24045766317933648
201801028017.0,A lot,Doesn’t really exist,Dem/Lean Dem,Liberal,30-49,Some College,0.530154678758941
201801028040.0,Some,Came about naturally,Dem/Lean Dem,Moderate,50-64,College graduate+,0.9223859287286932
201801028047.0,None at all,Came about naturally,Rep/Lean Rep,Very conservative,30-49,College graduate+,0.18782184618620987
201801028082.0,Not much,Not sure,Dem/Lean Dem,Liberal,30-49,Some College,0.5668539981915145
201801028152.0,Not much,Came about naturally,Dem/Lean Dem,Moderate,30-49,College graduate+,0.7734800452343796
201801028345.0,Some,Was developed intentionally in a lab,Dem/Lean Dem,Moderate,30-49,Some College,0.33742605204135645
201801028394.0,Some,Came about naturally,DK/Refused/No lean,Moderate,65+,College graduate+,0.1437895052064439
201801028556.0,None at all,Came about naturally,Dem/Lean Dem,Liberal,30-49,Some College,0.6442932702961881
201801028611.0,Some,Came about naturally,Dem/Lean Dem,Liberal,30-49,College graduate+,0.4921817942421262
201801028677.0,None at all,Came about naturally,Dem/Lean Dem,Moderate,50-64,H.S. graduate or less,0.9635993156142406
201801028719.0,Not much,Refused,Dem/Lean Dem,Moderate,30-49,H.S. graduate or less,0.913765375292271
201801028720.0,Some,Came about naturally,Dem/Lean Dem,Liberal,30-49,College graduate+,0.19031900374092678
201801028729.0,None at all,Was developed intentionally in a lab,Rep/Lean Rep,Very conservative,30-49,Some College,0.36837231820574945
201801028756.0,Some,Came about naturally,Rep/Lean Rep,Conservative,65+,Some College,1.8184035645147292
201801028812.0,Some,Not sure,Rep/Lean Rep,Conservative,30-49,Some College,1.6381416167853549
201801028853.0,None at all,Came about naturally,Rep/Lean Rep,Conservative,50-64,College graduate+,1.2012040408323752
201801028869.0,Some,Not sure,Rep/Lean Rep,Conservative,65+,H.S. graduate or less,1.2109932224284354
201801028877.0,Not much,Not sure,Rep/Lean Rep,Moderate,18-29,College graduate+,1.6743782348828804
201801028885.0,Not much,Not sure,Dem/Lean Dem,Moderate,30-49,College graduate+,0.5310032740708945
201801029055.0,Some,Was developed intentionally in a lab,Dem/Lean Dem,Moderate,18-29,H.S. graduate or less,0.6734401208627839
201801029056.0,Not much,Not sure,Rep/Lean Rep,Moderate,30-49,College graduate+,0.5496147852588021
201801029095.0,Not much,Not sure,Dem/Lean Dem,Conservative,18-29,College graduate+,0.3156334028254589
201801029241.0,None at all,Was developed intentionally in a lab,Dem/Lean Dem,Moderate,18-29,Some College,0.9299852924900669
201801029259.0,Not much,Was developed intentionally in a lab,Dem/Lean Dem,Moderate,18-29,College graduate+,1.1896129360875747
201801029377.0,Not much,Came about naturally,Dem/Lean Dem,Liberal,65+,Some College,0.3799475217527031
201801029389.0,None at all,Came about naturally,Dem/Lean Dem,Liberal,30-49,College graduate+,0.40772589023612776
201801029679.0,Not much,Not sure,Dem/Lean Dem,Moderate,50-64,H.S. graduate or less,1.9913816752183995
201801029743.0,Not much,Not sure,Dem/Lean Dem,Moderate,30-49,H.S. graduate or less,2.6161348284594825
201801029773.0,Not much,Was made accidentally in a lab,Rep/Lean Rep,Moderate,30-49,H.S. graduate or less,1.6025674515680475
201801029858.0,Not much,Came about naturally,Dem/Lean Dem,Moderate,18-29,Some College,1.3201549408868032
201801029860.0,Not much,Not sure,Dem/Lean Dem,Liberal,50-64,College graduate+,0.2326032419849029
201801029887.0,Some,Came about naturally,Rep/Lean Rep,Very conservative,65+,College graduate+,0.28718500597209207
201801029918.0,Not much,Was developed intentionally in a lab,Dem/Lean Dem,Conservative,30-49,H.S. graduate or less,0.46854950375930715
201801029985.0,Not much,Came about naturally,Rep/Lean Rep,Very conservative,30-49,College graduate+,0.26664261373438564
201801030104.0,Not much,Came about naturally,Rep/Lean Rep,Moderate,30-49,College graduate+,2.058538544656129
201801030142.0,A lot,Not sure,DK/Refused/No lean,Refused,30-49,H.S. graduate or less,3.914965761976473
201801030467.0,Some,Came about naturally,Dem/Lean Dem,Moderate,30-49,Some College,2.8152229842340817
201801030609.0,Some,Came about naturally,Rep/Lean Rep,Conservative,30-49,Some College,1.0548918483515202
201801030612.0,Not much,Came about naturally,Dem/Lean Dem,Moderate,30-49,College graduate+,1.4686053792837488
201801030717.0,Some,Not sure,Dem/Lean Dem,Conservative,30-49,Some College,1.5137557590556243
201801030770.0,Some,Came about naturally,Rep/Lean Rep,Conservative,65+,College graduate+,0.2590863573469312
201801030827.0,Some,Not sure,Rep/Lean Rep,Very conservative,65+,Some College,0.3899262483536219
201801030843.0,A lot,Doesn’t really exist,Dem/Lean Dem,Conservative,30-49,College graduate+,0.47116737783819906
201801030954.0,Some,Was developed intentionally in a lab,Dem/Lean Dem,Moderate,18-29,Some College,2.8153535611479
201801030986.0,Refused,Came about naturally,DK/Refused/No lean,Moderate,30-49,H.S. graduate or less,2.2650912139024433
201801031172.0,Not much,Came about naturally,Rep/Lean Rep,Moderate,30-49,Some College,0.7635517588011496
201801031286.0,Some,Came about naturally,Dem/Lean Dem,Moderate,50-64,Some College,0.3961312696026401
201801031287.0,None at all,Came about naturally,Dem/Lean Dem,Liberal,18-29,H.S. graduate or less,2.735070459438881
201801031465.0,Not much,Was made accidentally in a lab,Rep/Lean Rep,Conservative,30-49,College graduate+,0.25413418586239694
201801031509.0,None at all,Came about naturally,Dem/Lean Dem,Moderate,30-49,College graduate+,0.4834012081830717
201801031591.0,Not much,Came about naturally,Rep/Lean Rep,Liberal,30-49,College graduate+,0.23335142835597592
201801031594.0,Some,Was developed intentionally in a lab,Dem/Lean Dem,Liberal,30-49,Some College,2.4393092373052943
201801031969.0,Some,Not sure,Rep/Lean Rep,Moderate,30-49,Some College,0.9316947140038917
201801031979.0,A lot,Was developed intentionally in a lab,Dem/Lean Dem,Conservative,50-64,College graduate+,0.32900746099005773
201801032021.0,Not much,Came about naturally,Dem/Lean Dem,Very liberal,50-64,College graduate+,0.2326032419849029
201801032024.0,Some,Was made accidentally in a lab,Dem/Lean Dem,Moderate,30-49,Some College,1.5890694202255038
201801032061.0,Not much,Refused,Dem/Lean Dem,Moderate,30-49,College graduate+,1.3501799615871442
201801032119.0,Some,Came about naturally,Dem/Lean Dem,Moderate,50-64,H.S. graduate or less,1.3825791593954933
201801032256.0,Not much,Was developed intentionally in a lab,Rep/Lean Rep,Moderate,30-49,College graduate+,0.6493770481250474
201801032455.0,None at all,Came about naturally,Dem/Lean Dem,Moderate,30-49,College graduate+,0.19540567166617795
201801032528.0,A lot,Came about naturally,Rep/Lean Rep,Conservative,65+,Some College,1.4700767167249758
201801032535.0,Not much,Came about naturally,Dem/Lean Dem,Liberal,30-49,College graduate+,0.36713708690050306
201801032543.0,A lot,Came about naturally,Dem/Lean Dem,Liberal,18-29,Some College,1.9005464832757544
201801032635.0,Some,Not sure,Dem/Lean Dem,Liberal,30-49,College graduate+,0.4921817942421262
201801032699.0,Not much,Was made accidentally in a lab,Dem/Lean Dem,Moderate,30-49,Some College,0.40194730006160917
201801032767.0,None at all,Came about naturally,Dem/Lean Dem,Liberal,30-49,Some College,0.530154678758941
201801032779.0,Some,Was developed intentionally in a lab,Rep/Lean Rep,Moderate,30-49,College graduate+,0.9124182327853562
201801032876.0,A lot,Was developed intentionally in a lab,Rep/Lean Rep,Liberal,30-49,H.S. graduate or less,1.7229117768343418
201801032936.0,None at all,Not sure,Dem/Lean Dem,Moderate,18-29,College graduate+,0.28593693319217417
201801032954.0,Some,Was developed intentionally in a lab,Dem/Lean Dem,Moderate,30-49,Some College,0.3920717023250144
201801032970.0,Not much,Came about naturally,Rep/Lean Rep,Moderate,30-49,College graduate+,0.42287384417946255
201801032972.0,Some,Came about naturally,Dem/Lean Dem,Liberal,30-49,College graduate+,0.3173946588434713
201801033050.0,Not much,Not sure,DK/Refused/No lean,Moderate,50-64,Some College,1.1066352177101142
201801033063.0,None at all,Came about naturally,Dem/Lean Dem,Very liberal,30-49,College graduate+,0.35202299616376354
201801033070.0,Not much,Came about naturally,Dem/Lean Dem,Moderate,50-64,College graduate+,0.2776105404450581
201801033072.0,Not much,Came about naturally,Dem/Lean Dem,Liberal,30-49,College graduate+,0.8185021702985322
201801033150.0,Not much,Came about naturally,Dem/Lean Dem,Liberal,30-49,College graduate+,1.085842622648652
201801033515.0,Not much,Not sure,Dem/Lean Dem,Moderate,18-29,College graduate+,1.087384648203737
201801033524.0,None at all,Not sure,Dem/Lean Dem,Moderate,65+,H.S. graduate or less,3.66146835571191
201801033541.0,A lot,Came about naturally,Dem/Lean Dem,Very liberal,18-29,College graduate+,0.6019191715444582
201801033554.0,None at all,Came about naturally,Rep/Lean Rep,Moderate,30-49,H.S. graduate or less,4.16116659982319
201801033613.0,None at all,Came about naturally,Rep/Lean Rep,Conservative,50-64,Some College,1.7463160541368912
201801033662.0,None at all,Not sure,Dem/Lean Dem,Moderate,50-64,College graduate+,0.6583328775478194
201801033756.0,Not much,Was developed intentionally in a lab,Dem/Lean Dem,Liberal,30-49,College graduate+,0.3604661726981481
201801033760.0,Some,Was developed intentionally in a lab,Dem/Lean Dem,Moderate,30-49,Some College,0.6395709383973504
201801033979.0,Some,Was developed intentionally in a lab,Dem/Lean Dem,Liberal,30-49,Some College,0.9841375607803126
201801034187.0,None at all,Not sure,Dem/Lean Dem,Moderate,30-49,Some College,0.6911591139838653
201801034250.0,Some,Came about naturally,Dem/Lean Dem,Liberal,50-64,Some College,0.5238903056203935
201801034336.0,None at all,Came about naturally,Dem/Lean Dem,Moderate,50-64,College graduate+,0.37875394684687635
201801034414.0,Some,Came about naturally,Rep/Lean Rep,Conservative,30-49,College graduate+,0.5396260725904269
201801034451.0,A lot,Not sure,Dem/Lean Dem,Moderate,30-49,College graduate+,0.4180960679535971
201801034565.0,Not much,Came about naturally,Dem/Lean Dem,Moderate,50-64,College graduate+,1.0349981355899152
201801034748.0,A lot,Was developed intentionally in a lab,Dem/Lean Dem,Moderate,50-64,Some College,0.8043307922533215
201801035061.0,None at all,Came about naturally,Rep/Lean Rep,Moderate,18-29,College graduate+,0.4613246314998364
201801035067.0,Some,Not sure,Dem/Lean Dem,Moderate,30-49,College graduate+,0.6086047110122643
201801035081.0,Not much,Was made accidentally in a lab,Dem/Lean Dem,Moderate,50-64,College graduate+,0.27382809172388795
201801035093.0,A lot,Was developed intentionally in a lab,Dem/Lean Dem,Moderate,18-29,Some College,0.6245574243653139
201801035140.0,Some,Came about naturally,Dem/Lean Dem,Moderate,30-49,College graduate+,0.6987776758675408
201801035247.0,Some,Not sure,Dem/Lean Dem,Very conservative,50-64,H.S. graduate or less,6.566542458984351
201801035347.0,None at all,Was developed intentionally in a lab,Dem/Lean Dem,Liberal,30-49,Some College,1.498356021989869
201801035385.0,None at all,Was developed intentionally in a lab,Dem/Lean Dem,Moderate,18-29,H.S. graduate or less,5.393411059564876
201801035431.0,None at all,Not sure,Dem/Lean Dem,Moderate,50-64,College graduate+,0.20313757190989004
201801035717.0,Not much,Not sure,Dem/Lean Dem,Very conservative,30-49,Some College,0.7238501196357569
201801035841.0,Some,Was developed intentionally in a lab,Dem/Lean Dem,Very liberal,18-29,Some College,3.1817604617530386
201801035872.0,Not much,Not sure,DK/Refused/No lean,Refused,50-64,H.S. graduate or less,7.487621221765812
201801036043.0,Not much,Not sure,Dem/Lean Dem,Moderate,50-64,Some College,0.5841618916557285
201801036208.0,Not much,Came about naturally,Dem/Lean Dem,Conservative,50-64,College graduate+,0.6233443946777021
201801036271.0,Not much,Was developed intentionally in a lab,Dem/Lean Dem,Moderate,30-49,College graduate+,1.5194976652547794
201801036295.0,Some,Not sure,Rep/Lean Rep,Conservative,30-49,Some College,1.1524970983839782
201801036328.0,Some,Was made accidentally in a lab,Dem/Lean Dem,Moderate,30-49,Some College,3.164244063702896
201801036388.0,None at all,Was developed intentionally in a lab,Dem/Lean Dem,Moderate,50-64,Some College,0.4094978246945234
201801036406.0,A lot,Was developed intentionally in a lab,Dem/Lean Dem,Conservative,18-29,H.S. graduate or less,1.6085238509476185
201801036436.0,None at all,Came about naturally,Dem/Lean Dem,Conservative,30-49,College graduate+,1.018966593995638
201801036523.0,None at all,Not sure,Dem/Lean Dem,Refused,30-49,H.S. graduate or less,5.619782875389017
201801036529.0,Not much,Was developed intentionally in a lab,Rep/Lean Rep,Conservative,30-49,H.S. graduate or less,2.6938488258533324
201801036666.0,Not much,Was developed intentionally in a lab,Rep/Lean Rep,Moderate,18-29,H.S. graduate or less,4.968485569800304
201801036849.0,None at all,Was developed intentionally in a lab,Dem/Lean Dem,Conservative,30-49,Some College,0.5238903056203935
201801036860.0,None at all,Came about naturally,Dem/Lean Dem,Moderate,50-64,H.S. graduate or less,2.2790625854579845
201801036941.0,A lot,Was made accidentally in a lab,Dem/Lean Dem,Moderate,50-64,Some College,0.6236635654090802
201801036988.0,Refused,Not sure,Rep/Lean Rep,Conservative,30-49,College graduate+,0.4228550525127948
201801037008.0,None at all,Was developed intentionally in a lab,Dem/Lean Dem,Moderate,50-64,Some College,1.7935547863735701
201801037020.0,None at all,Came about naturally,Dem/Lean Dem,Very conservative,30-49,H.S. graduate or less,1.8860891452245976
201801037041.0,Some,Was developed intentionally in a lab,Rep/Lean Rep,Moderate,30-49,Some College,3.1960748085585715
201801037048.0,Not much,Came about naturally,Rep/Lean Rep,Conservative,65+,College graduate+,0.2541918555187609
201801037074.0,Some,Not sure,Dem/Lean Dem,Moderate,50-64,Some College,2.1187351395166374
201801037188.0,Some,Came about naturally,Dem/Lean Dem,Liberal,18-29,H.S. graduate or less,7.487621221765812
201801037243.0,None at all,Not sure,Dem/Lean Dem,Liberal,18-29,Some College,3.1323498518280006
201801037316.0,Some,Was developed intentionally in a lab,Rep/Lean Rep,Conservative,30-49,Some College,2.079175358803683
201801037336.0,None at all,Was developed intentionally in a lab,Dem/Lean Dem,Very liberal,30-49,H.S. graduate or less,5.274816964056011
201801037448.0,Not much,Came about naturally,Dem/Lean Dem,Moderate,65+,College graduate+,0.5028534845628456
201801037572.0,Refused,Was developed intentionally in a lab,Dem/Lean Dem,Moderate,18-29,Some College,1.5392893024116956
201801037602.0,Some,Was developed intentionally in a lab,Rep/Lean Rep,Conservative,50-64,Some College,0.6549057641279313
201801037654.0,None at all,Was developed intentionally in a lab,Dem/Lean Dem,Liberal,30-49,Some College,0.5187119288475841
201801037656.0,Refused,Came about naturally,Dem/Lean Dem,Moderate,50-64,College graduate+,0.28251322956727914
201801037657.0,Not much,Not sure,Dem/Lean Dem,Conservative,50-64,Some College,1.482358138569364
201801037812.0,A lot,Refused,Dem/Lean Dem,Very conservative,50-64,H.S. graduate or less,2.502079278572959
201801037906.0,A lot,Was developed intentionally in a lab,Dem/Lean Dem,Very conservative,30-49,Some College,0.9375429815838681
201801037918.0,None at all,Was developed intentionally in a lab,Dem/Lean Dem,Very liberal,50-64,Some College,1.2792253599232328
201801037927.0,Some,Not sure,Rep/Lean Rep,Very conservative,65+,Some College,1.5865886879271907
201801037976.0,Not much,Was developed intentionally in a lab,Dem/Lean Dem,Very liberal,50-64,Some College,0.5366382232986273
201801037987.0,Not much,Came about naturally,Dem/Lean Dem,Very liberal,18-29,College graduate+,0.38916211978867576
201801038005.0,None at all,Not sure,Dem/Lean Dem,Moderate,65+,Some College,1.149417924876424
201801038033.0,Not much,Was developed intentionally in a lab,Dem/Lean Dem,Moderate,50-64,College graduate+,0.21163811605869534
201801038113.0,Not much,Was made accidentally in a lab,Dem/Lean Dem,Liberal,18-29,H.S. graduate or less,2.3145833296083094
201801038148.0,Not much,Was developed intentionally in a lab,Dem/Lean Dem,Moderate,30-49,Some College,0.9562648854433735
201801038195.0,Some,Came about naturally,Dem/Lean Dem,Very liberal,18-29,Some College,1.9077353035171807
201801038399.0,None at all,Not sure,Dem/Lean Dem,Liberal,30-49,Some College,0.5238903056203935
201801038456.0,None at all,Was developed intentionally in a lab,Dem/Lean Dem,Conservative,30-49,Some College,0.6247775631929119
201801038465.0,A lot,Not sure,Rep/Lean Rep,Conservative,30-49,H.S. graduate or less,0.883874518863879
201801038502.0,Some,Not sure,Dem/Lean Dem,Very liberal,30-49,Some College,2.1620709396943054
201801038728.0,A lot,Doesn’t really exist,Dem/Lean Dem,Very liberal,50-64,H.S. graduate or less,0.8082805405245808
201801038745.0,Not much,Was developed intentionally in a lab,Rep/Lean Rep,Conservative,50-64,Some College,0.8418635952670893
201801038765.0,None at all,Doesn’t really exist,Dem/Lean Dem,Liberal,18-29,College graduate+,1.0250536609199603
201801038801.0,None at all,Came about naturally,Dem/Lean Dem,Moderate,30-49,College graduate+,0.4180960679535971
201801038840.0,Not much,Came about naturally,Dem/Lean Dem,Moderate,50-64,College graduate+,0.30671569564867385
201801038855.0,Not much,Was developed intentionally in a lab,Rep/Lean Rep,Conservative,50-64,College graduate+,0.6086047110122643
201801038861.0,Some,Was developed intentionally in a lab,Dem/Lean Dem,Moderate,30-49,College graduate+,0.5451796338197534
201801038950.0,A lot,Was made accidentally in a lab,DK/Refused/No lean,Refused,18-29,Some College,2.1620709396943054
201801038998.0,None at all,Not sure,Dem/Lean Dem,Moderate,50-64,H.S. graduate or less,1.6509745947305468
201801039165.0,Not much,Was developed intentionally in a lab,Dem/Lean Dem,Conservative,18-29,H.S. graduate or less,5.682695795246953
201801039318.0,Not much,Was made accidentally in a lab,Dem/Lean Dem,Moderate,30-49,H.S. graduate or less,2.3029488984626654
201801039472.0,Some,Came about naturally,Dem/Lean Dem,Liberal,18-29,College graduate+,0.9310940574933219
201801039483.0,Not much,Came about naturally,Dem/Lean Dem,Very liberal,50-64,College graduate+,0.19190345833934808
201801039531.0,None at all,Came about naturally,Rep/Lean Rep,Very conservative,50-64,College graduate+,2.164239879463483
201801039611.0,Some,Not sure,Dem/Lean Dem,Liberal,18-29,College graduate+,0.4925438234816447
201801039637.0,None at all,Came about naturally,Rep/Lean Rep,Very conservative,30-49,College graduate+,0.6305265988690915
201801039676.0,Not much,Came about naturally,Dem/Lean Dem,Liberal,65+,College graduate+,0.2843329658303863
201801039705.0,Some,Came about naturally,Rep/Lean Rep,Moderate,50-64,Some College,1.1748078102658468
201801039744.0,None at all,Was developed intentionally in a lab,Dem/Lean Dem,Moderate,30-49,Some College,1.6043841347771994
201801039751.0,Not much,Was made accidentally in a lab,Dem/Lean Dem,Liberal,50-64,Some College,1.0538610549471839
201801039912.0,Some,Not sure,Dem/Lean Dem,Liberal,18-29,College graduate+,0.8287624205320122
201801040000.0,Some,Came about naturally,Dem/Lean Dem,Very liberal,18-29,College graduate+,0.8877840295816101
201801040152.0,Some,Came about naturally,Dem/Lean Dem,Liberal,30-49,Some College,1.266983397879042
201801040193.0,Some,Refused,Dem/Lean Dem,Moderate,30-49,College graduate+,0.45952049701745074
201801040275.0,Not much,Not sure,Dem/Lean Dem,Liberal,50-64,College graduate+,0.8266931182745314
201801040306.0,Not much,Came about naturally,Dem/Lean Dem,Liberal,50-64,College graduate+,1.1854221054176597
201801040318.0,Not much,Came about naturally,Dem/Lean Dem,Very liberal,18-29,College graduate+,0.3566962885931554
201801040326.0,Not much,Came about naturally,Dem/Lean Dem,Very liberal,50-64,College graduate+,0.5895379020250633
201801040575.0,None at all,Came about naturally,Dem/Lean Dem,Moderate,65+,College graduate+,0.6567529151301014
201801040767.0,Some,Was developed intentionally in a lab,Dem/Lean Dem,Refused,65+,Some College,1.5181297972733223
201801040791.0,Not much,Came about naturally,Dem/Lean Dem,Very liberal,30-49,College graduate+,1.3107369349900875
201801041113.0,Some,Came about naturally,Rep/Lean Rep,Conservative,18-29,College graduate+,0.4985008756492245
201801041130.0,Not much,Not sure,Dem/Lean Dem,Very liberal,30-49,H.S. graduate or less,6.222653827186798
201801041193.0,Some,Came about naturally,Dem/Lean Dem,Very liberal,18-29,Some College,3.2776086767489248
201801041229.0,Not much,Came about naturally,Dem/Lean Dem,Liberal,65+,Some College,0.6327018218262234
201801041238.0,None at all,Not sure,Dem/Lean Dem,Moderate,30-49,Some College,2.0059244210472222
201801041261.0,Some,Came about naturally,Rep/Lean Rep,Conservative,30-49,College graduate+,0.7127826420260478
201801041497.0,Some,Came about naturally,Rep/Lean Rep,Moderate,50-64,Some College,0.5037805583145222
201801041511.0,Not much,Came about naturally,Dem/Lean Dem,Moderate,30-49,H.S. graduate or less,3.3457537378059174
201801041549.0,Some,Was developed intentionally in a lab,Rep/Lean Rep,Moderate,50-64,Some College,2.0625358364994715
201801041578.0,Some,Came about naturally,Dem/Lean Dem,Very liberal,18-29,H.S. graduate or less,5.056281097806327
201801041660.0,Some,Not sure,Dem/Lean Dem,Moderate,50-64,College graduate+,0.35516314946550476
201801041677.0,None at all,Came about naturally,Dem/Lean Dem,Very liberal,65+,College graduate+,0.46454444474580187
201801041744.0,None at all,Came about naturally,Dem/Lean Dem,Very liberal,30-49,Some College,0.667550794006212
201801041753.0,Some,Came about naturally,Dem/Lean Dem,Moderate,65+,College graduate+,0.39910869562407564
201801041912.0,Some,Not sure,Dem/Lean Dem,Very liberal,50-64,H.S. graduate or less,0.9089064097213434
201801041970.0,None at all,Was made accidentally in a lab,Dem/Lean Dem,Refused,30-49,Some College,0.6911591139838653
201801042039.0,None at all,Came about naturally,Dem/Lean Dem,Moderate,30-49,College graduate+,0.3845194120995435
201801042041.0,None at all,Came about naturally,Rep/Lean Rep,Moderate,30-49,College graduate+,1.9941683696616852
201801042085.0,Some,Not sure,Dem/Lean Dem,Moderate,30-49,H.S. graduate or less,3.2631523886649667
201801042198.0,Some,Not sure,Dem/Lean Dem,Liberal,50-64,Some College,0.36907174581427754
201801042303.0,Some,Came about naturally,Dem/Lean Dem,Moderate,50-64,College graduate+,0.37875394684687635
201801042319.0,Some,Not sure,Dem/Lean Dem,Moderate,30-49,College graduate+,0.6363659314577633
201801042343.0,None at all,Not sure,Dem/Lean Dem,Moderate,30-49,Some College,0.5653153382956108
201801042352.0,None at all,Came about naturally,Dem/Lean Dem,Liberal,30-49,College graduate+,0.28330752853283125
201801042383.0,Not much,Came about naturally,Dem/Lean Dem,Moderate,30-49,College graduate+,0.42591260776539785
201801042426.0,None at all,Came about naturally,Rep/Lean Rep,Conservative,30-49,College graduate+,0.49322320491043264
201801042439.0,Not much,Was developed intentionally in a lab,Dem/Lean Dem,Liberal,30-49,College graduate+,0.37619669203349937
201801042508.0,Not much,Was made accidentally in a lab,Dem/Lean Dem,Liberal,50-64,College graduate+,0.2004393864240934
201801042514.0,None at all,Not sure,Dem/Lean Dem,Liberal,18-29,College graduate+,1.792437112301156
201801042702.0,Not much,Came about naturally,Dem/Lean Dem,Moderate,30-49,College graduate+,0.3883008452613086
201801042703.0,Some,Came about naturally,Dem/Lean Dem,Moderate,65+,College graduate+,0.5266170804726134
201801042771.0,None at all,Came about naturally,Dem/Lean Dem,Moderate,65+,College graduate+,0.3758142367735296
201801042809.0,A lot,Was developed intentionally in a lab,Dem/Lean Dem,Moderate,65+,College graduate+,0.37995031658406214
201801042867.0,Some,Was developed intentionally in a lab,Dem/Lean Dem,Liberal,30-49,College graduate+,1.7990405657503719
201801042910.0,Not much,Came about naturally,Dem/Lean Dem,Moderate,50-64,College graduate+,0.30671569564867385
201801042973.0,Not much,Came about naturally,Dem/Lean Dem,Moderate,65+,College graduate+,0.12831626014913397
201801043078.0,Some,Was developed intentionally in a lab,DK/Refused/No lean,Moderate,30-49,College graduate+,1.1017760120624998
201801043151.0,Not much,Not sure,Rep/Lean Rep,Moderate,30-49,Some College,1.3682511380849434
201801043166.0,A lot,Was developed intentionally in a lab,Dem/Lean Dem,Moderate,50-64,Some College,1.2455794620972278
201801043189.0,Not much,Came about naturally,Dem/Lean Dem,Very liberal,50-64,College graduate+,0.20313757190989004
201801043197.0,Not much,Came about naturally,Dem/Lean Dem,Liberal,65+,College graduate+,0.62526829337726
201801043200.0,None at all,Was made accidentally in a lab,Dem/Lean Dem,Liberal,30-49,H.S. graduate or less,0.7804902859145746
201801043219.0,Some,Was made accidentally in a lab,Rep/Lean Rep,Very conservative,50-64,H.S. graduate or less,0.7302318265900904
201801043268.0,Not much,Came about naturally,Dem/Lean Dem,Liberal,65+,Some College,0.4734535126457788
201801043276.0,Refused,Was developed intentionally in a lab,Rep/Lean Rep,Conservative,50-64,Some College,2.7912536911300223
201801043324.0,None at all,Doesn’t really exist,Dem/Lean Dem,Conservative,30-49,H.S. graduate or less,3.3768779164547307
201801043371.0,Not much,Came about naturally,Rep/Lean Rep,Very conservative,50-64,College graduate+,0.25324416642659153
201801043428.0,Some,Came about naturally,Dem/Lean Dem,Moderate,30-49,College graduate+,0.5575009957315467
201801043463.0,Not much,Was made accidentally in a lab,Rep/Lean Rep,Moderate,30-49,Some College,0.9847869154089509
201801043486.0,Not much,Came about naturally,Dem/Lean Dem,Very liberal,30-49,College graduate+,0.6987776758675408
201801043489.0,None at all,Not sure,Dem/Lean Dem,Liberal,18-29,College graduate+,0.2751798570797386
201801043494.0,Some,Came about naturally,Rep/Lean Rep,Moderate,50-64,College graduate+,0.5703063293653231
201801043518.0,Some,Came about naturally,Dem/Lean Dem,Moderate,50-64,Some College,0.9456104635015993
201801043580.0,None at all,Came about naturally,Dem/Lean Dem,Liberal,30-49,College graduate+,1.1365794785927765
201801043633.0,Not much,Was made accidentally in a lab,Dem/Lean Dem,Conservative,50-64,College graduate+,0.37875394684687635
201801043713.0,None at all,Came about naturally,Dem/Lean Dem,Liberal,30-49,College graduate+,0.30446087487465623
201801043781.0,Some,Was developed intentionally in a lab,Dem/Lean Dem,Conservative,30-49,Some College,0.6247775631929119
201801043787.0,Not much,Came about naturally,Dem/Lean Dem,Liberal,50-64,College graduate+,0.2777265934065198
201801043870.0,A lot,Came about naturally,Dem/Lean Dem,Conservative,50-64,Some College,3.164244063702896
201801043915.0,Some,Was developed intentionally in a lab,Dem/Lean Dem,Moderate,30-49,College graduate+,0.5533703651890809
201801043917.0,None at all,Came about naturally,Dem/Lean Dem,Moderate,50-64,College graduate+,1.0789375421904879
201801043929.0,None at all,Was developed intentionally in a lab,Dem/Lean Dem,Moderate,30-49,College graduate+,1.018966593995638
201801043970.0,Not much,Came about naturally,Dem/Lean Dem,Liberal,30-49,College graduate+,1.0147592156907141
201801043987.0,Not much,Not sure,Rep/Lean Rep,Moderate,30-49,College graduate+,0.3274326936340405
201801044168.0,Not much,Came about naturally,Dem/Lean Dem,Moderate,65+,College graduate+,0.42105376859224014
201801044195.0,None at all,Was developed intentionally in a lab,Dem/Lean Dem,Moderate,30-49,Some College,1.9482010646480132
201801044240.0,A lot,Was made accidentally in a lab,Rep/Lean Rep,Liberal,18-29,Some College,0.6524335763245417
201801044293.0,Some,Came about naturally,Rep/Lean Rep,Conservative,50-64,Some College,1.7942131715217173
201801044331.0,Some,Not sure,Rep/Lean Rep,Conservative,50-64,College graduate+,1.0022432522592666
201801044339.0,Some,Was developed intentionally in a lab,Rep/Lean Rep,Very conservative,30-49,College graduate+,0.4425879654097782
201801044350.0,Some,Came about naturally,Rep/Lean Rep,Conservative,65+,Some College,0.501097021579651
201801044413.0,None at all,Came about naturally,Dem/Lean Dem,Liberal,65+,College graduate+,0.27472252543231557
201801044573.0,A lot,Came about naturally,Dem/Lean Dem,Very liberal,30-49,College graduate+,0.382698826113035
201801044577.0,Some,Not sure,Dem/Lean Dem,Conservative,50-64,H.S. graduate or less,2.2311468084784645
201801044585.0,None at all,Not sure,Dem/Lean Dem,Moderate,50-64,College graduate+,0.432203126966449
201801044590.0,Not much,Not sure,Dem/Lean Dem,Refused,30-49,H.S. graduate or less,1.9156438080544755
201801044693.0,Not much,Came about naturally,Dem/Lean Dem,Very liberal,50-64,College graduate+,0.2777265934065198
201801044707.0,A lot,Not sure,Dem/Lean Dem,Conservative,30-49,H.S. graduate or less,6.320681875074658
201801044777.0,Not much,Came about naturally,Dem/Lean Dem,Moderate,65+,Some College,0.6369270591179916
201801044778.0,A lot,Was developed intentionally in a lab,Rep/Lean Rep,Conservative,50-64,College graduate+,0.7146041181199958
201801044858.0,Not much,Came about naturally,Dem/Lean Dem,Liberal,30-49,College graduate+,0.4180960679535971
201801044861.0,None at all,Came about naturally,Dem/Lean Dem,Conservative,30-49,Some College,1.3510089088316894
201801044916.0,Not much,Came about naturally,Dem/Lean Dem,Very liberal,65+,College graduate+,0.27472252543231557
201801044917.0,None at all,Came about naturally,Dem/Lean Dem,Liberal,18-29,College graduate+,0.3418409734897001
201801044927.0,Some,Not sure,DK/Refused/No lean,Moderate,65+,College graduate+,0.3704080395795815
201801045109.0,Some,Was developed intentionally in a lab,Rep/Lean Rep,Conservative,30-49,Some College,1.8079893908072142
201801045216.0,None at all,Not sure,Rep/Lean Rep,Moderate,30-49,Some College,0.5284601392877283
201801045366.0,Some,Was developed intentionally in a lab,Dem/Lean Dem,Moderate,30-49,College graduate+,0.4180960679535971
201801045369.0,Not much,Was developed intentionally in a lab,Rep/Lean Rep,Conservative,50-64,College graduate+,0.4332216541457245
201801045374.0,A lot,Came about naturally,Dem/Lean Dem,Very liberal,30-49,College graduate+,0.2751798570797386
201801045415.0,Some,Not sure,Rep/Lean Rep,Moderate,50-64,Some College,0.3839780045403589
201801045451.0,Not much,Came about naturally,Rep/Lean Rep,Conservative,30-49,College graduate+,0.47683680314419524
201801045516.0,Some,Came about naturally,Dem/Lean Dem,Conservative,30-49,College graduate+,1.5764247079140141
201801045534.0,Some,Was made accidentally in a lab,Rep/Lean Rep,Conservative,18-29,College graduate+,0.8502565988373195
201801045581.0,Not much,Came about naturally,Dem/Lean Dem,Liberal,65+,Some College,0.3634281768019008
201801045661.0,Some,Came about naturally,Dem/Lean Dem,Liberal,30-49,Some College,0.38587293452644816
201801045776.0,Not much,Not sure,Rep/Lean Rep,Moderate,50-64,College graduate+,0.43730745252361874
201801045918.0,Some,Was developed intentionally in a lab,Rep/Lean Rep,Moderate,30-49,Some College,2.4399561511554095
201801046063.0,None at all,Was developed intentionally in a lab,Rep/Lean Rep,Very conservative,18-29,Some College,2.3578844832526547
201801046087.0,Some,Not sure,Dem/Lean Dem,Very liberal,50-64,College graduate+,0.30671569564867385
201801046152.0,Some,Came about naturally,Rep/Lean Rep,Conservative,65+,College graduate+,0.561078032636311
201801046154.0,Not much,Came about naturally,Dem/Lean Dem,Liberal,50-64,College graduate+,0.22454683147387652
201801046156.0,A lot,Was developed intentionally in a lab,Dem/Lean Dem,Liberal,30-49,College graduate+,1.3267034849910586
201801046174.0,Some,Came about naturally,Dem/Lean Dem,Moderate,30-49,College graduate+,0.9978673971854577
201801046176.0,A lot,Was developed intentionally in a lab,Dem/Lean Dem,Moderate,18-29,H.S. graduate or less,7.487621221765812
201801046194.0,Not much,Was made accidentally in a lab,Dem/Lean Dem,Moderate,50-64,Some College,0.7922043595817405
201801046279.0,Some,Was developed intentionally in a lab,Rep/Lean Rep,Very conservative,50-64,H.S. graduate or less,2.2549449323293933
201801046325.0,Some,Came about naturally,Dem/Lean Dem,Moderate,65+,College graduate+,0.89111140840927
201801046371.0,Some,Not sure,Rep/Lean Rep,Moderate,30-49,Some College,1.5394823515954972
201801046472.0,Some,Was developed intentionally in a lab,Dem/Lean Dem,Moderate,30-49,College graduate+,0.42591260776539785
201801046519.0,Some,Refused,Rep/Lean Rep,Conservative,50-64,H.S. graduate or less,2.0976586621060616
201801046534.0,Not much,Not sure,DK/Refused/No lean,Moderate,50-64,H.S. graduate or less,0.6460501035759899
201801046537.0,None at all,Came about naturally,Rep/Lean Rep,Conservative,50-64,College graduate+,0.25324416642659153
201801046746.0,Not much,Not sure,Dem/Lean Dem,Moderate,30-49,College graduate+,0.5451796338197534
201801046777.0,Not much,Came about naturally,Dem/Lean Dem,Liberal,30-49,College graduate+,0.9826081987560097
201801046811.0,Some,Was made accidentally in a lab,Dem/Lean Dem,Moderate,30-49,Some College,1.4279249287991758
201801046833.0,Not much,Was developed intentionally in a lab,Rep/Lean Rep,Conservative,18-29,Some College,3.2496476671259855
201801046869.0,None at all,Was developed intentionally in a lab,Dem/Lean Dem,Liberal,50-64,College graduate+,0.4785455387719261
201801046930.0,None at all,Not sure,Dem/Lean Dem,Moderate,30-49,Some College,1.498356021989869
201801046937.0,None at all,Not sure,Dem/Lean Dem,Moderate,65+,H.S. graduate or less,2.391956820100606
201801046965.0,Some,Was developed intentionally in a lab,Rep/Lean Rep,Conservative,30-49,College graduate+,0.3845194120995435
201801046970.0,Some,Was made accidentally in a lab,Rep/Lean Rep,Moderate,30-49,Some College,0.5653153382956108
201801046993.0,None at all,Came about naturally,Dem/Lean Dem,Liberal,65+,College graduate+,0.89111140840927
201801047050.0,A lot,Came about naturally,Dem/Lean Dem,Liberal,30-49,Some College,2.1620709396943054
201801047080.0,Some,Was developed intentionally in a lab,Rep/Lean Rep,Moderate,50-64,College graduate+,0.6323267760894709
201801047097.0,Some,Was developed intentionally in a lab,Rep/Lean Rep,Conservative,65+,College graduate+,0.36795486705771313
201801047132.0,Some,Came about naturally,Dem/Lean Dem,Moderate,30-49,College graduate+,0.5877643659225067
201801047142.0,None at all,Not sure,Dem/Lean Dem,Very liberal,65+,College graduate+,0.3758142367735296
201801047200.0,Not much,Not sure,Dem/Lean Dem,Liberal,18-29,Some College,1.6692807363498332
201801047223.0,Some,Was developed intentionally in a lab,Dem/Lean Dem,Very liberal,30-49,Some College,0.8305243609629369
201801047252.0,Not much,Not sure,Rep/Lean Rep,Conservative,50-64,H.S. graduate or less,2.0976586621060616
201801047312.0,None at all,Came about naturally,Rep/Lean Rep,Moderate,30-49,College graduate+,0.39277896836882886
201801047406.0,Some,Came about naturally,Rep/Lean Rep,Conservative,50-64,H.S. graduate or less,1.0651417950260027
201801047453.0,Some,Was developed intentionally in a lab,Dem/Lean Dem,Very conservative,30-49,H.S. graduate or less,1.3450538684125701
201801047460.0,A lot,Was made accidentally in a lab,Dem/Lean Dem,Liberal,30-49,Some College,0.7152250823497593
201801047560.0,A lot,Was developed intentionally in a lab,DK/Refused/No lean,Refused,30-49,Some College,1.2395973561859952
201801047570.0,Not much,Not sure,Dem/Lean Dem,Moderate,50-64,College graduate+,0.22454683147387652
201801047608.0,Not much,Not sure,Dem/Lean Dem,Moderate,50-64,College graduate+,0.27382809172388795
201801047656.0,Some,Came about naturally,Dem/Lean Dem,Liberal,18-29,College graduate+,0.38018748676162484
201801047766.0,None at all,Was made accidentally in a lab,Dem/Lean Dem,Moderate,50-64,College graduate+,0.8283685038877595
201801047779.0,Some,Not sure,DK/Refused/No lean,Very liberal,65+,H.S. graduate or less,2.315209357299923
201801047960.0,None at all,Not sure,Rep/Lean Rep,Conservative,50-64,H.S. graduate or less,6.079780483832779
201801047975.0,None at all,Was developed intentionally in a lab,Dem/Lean Dem,Moderate,50-64,H.S. graduate or less,2.603387928955537
201801047992.0,Some,Came about naturally,Dem/Lean Dem,Liberal,30-49,College graduate+,0.15716502822933442
201801048071.0,A lot,Not sure,Dem/Lean Dem,Moderate,30-49,H.S. graduate or less,7.487621221765812
201801048111.0,Not much,Not sure,Dem/Lean Dem,Moderate,50-64,Some College,1.9004998513821163
201801048123.0,None at all,Was developed intentionally in a lab,Dem/Lean Dem,Conservative,65+,Some College,1.317171525948081
201801048162.0,Some,Came about naturally,Rep/Lean Rep,Conservative,65+,College graduate+,0.24960377457431507
201801048193.0,Some,Was developed intentionally in a lab,Rep/Lean Rep,Moderate,50-64,H.S. graduate or less,0.6174234829835292
201801048403.0,None at all,Came about naturally,Dem/Lean Dem,Moderate,30-49,College graduate+,0.4986534067908098
201801048455.0,Some,Came about naturally,Dem/Lean Dem,Moderate,50-64,Some College,0.9339416590814312
201801048487.0,Not much,Not sure,Rep/Lean Rep,Moderate,50-64,H.S. graduate or less,1.3068146547559176
201801048506.0,Some,Was developed intentionally in a lab,Dem/Lean Dem,Very liberal,18-29,Some College,5.37480474474419
201801048507.0,None at all,Not sure,Dem/Lean Dem,Very conservative,30-49,H.S. graduate or less,2.195534863387114
201801048596.0,Not much,Came about naturally,Rep/Lean Rep,Conservative,65+,College graduate+,1.008594869048371
201801048612.0,Not much,Came about naturally,Rep/Lean Rep,Conservative,65+,H.S. graduate or less,2.570710827037535
201801048646.0,Not much,Not sure,Dem/Lean Dem,Moderate,50-64,H.S. graduate or less,0.9960331719756457
201801048648.0,Not much,Not sure,Rep/Lean Rep,Conservative,30-49,Some College,0.8468500026592618
201801048693.0,Some,Came about naturally,Dem/Lean Dem,Moderate,30-49,Some College,0.7232954701989478
201801048733.0,Not much,Not sure,Dem/Lean Dem,Moderate,30-49,College graduate+,1.018966593995638
201801048804.0,Not much,Not sure,Dem/Lean Dem,Conservative,30-49,Some College,0.506520167097606
201801048862.0,None at all,Was developed intentionally in a lab,DK/Refused/No lean,Moderate,50-64,H.S. graduate or less,3.8919518928763277
201801048872.0,None at all,Came about naturally,Rep/Lean Rep,Moderate,18-29,H.S. graduate or less,4.963539717862662
201801048936.0,Not much,Came about naturally,Dem/Lean Dem,Moderate,30-49,Some College,1.3585910334408409
201801048937.0,Some,Was developed intentionally in a lab,Dem/Lean Dem,Very liberal,30-49,College graduate+,0.4180960679535971
201801048954.0,Not much,Not sure,Dem/Lean Dem,Moderate,50-64,H.S. graduate or less,1.6509745947305468
201801048964.0,None at all,Not sure,Dem/Lean Dem,Conservative,50-64,Some College,0.8591909470633837
201801049059.0,None at all,Was developed intentionally in a lab,Rep/Lean Rep,Conservative,65+,Some College,0.884522665575274
201801049107.0,Not much,Came about naturally,Rep/Lean Rep,Conservative,30-49,Some College,1.1282641857783755
201801049162.0,Some,Not sure,Rep/Lean Rep,Moderate,30-49,College graduate+,0.41665982350098735
201801049205.0,None at all,Not sure,Dem/Lean Dem,Refused,30-49,College graduate+,0.17802330557996832
201801049229.0,Some,Refused,Dem/Lean Dem,Moderate,65+,College graduate+,1.0160139314179193
201801049370.0,Not much,Was developed intentionally in a lab,Dem/Lean Dem,Liberal,30-49,Some College,1.2008383858447433
201801049419.0,None at all,Came about naturally,Rep/Lean Rep,Conservative,30-49,College graduate+,1.1720302000931735
201801049501.0,A lot,Came about naturally,Rep/Lean Rep,Conservative,18-29,Some College,2.316988135057507
201801049658.0,Not much,Came about naturally,Dem/Lean Dem,Moderate,30-49,College graduate+,0.42591260776539785
201801049840.0,Not much,Not sure,Dem/Lean Dem,Moderate,50-64,Some College,0.3896642942071379
201801049850.0,None at all,Was developed intentionally in a lab,Dem/Lean Dem,Moderate,18-29,Some College,7.487621221765812
201801049903.0,None at all,Came about naturally,Dem/Lean Dem,Moderate,30-49,College graduate+,0.28330752853283125
201801049929.0,Some,Was made accidentally in a lab,Dem/Lean Dem,Moderate,30-49,College graduate+,0.6363659314577633
201801049992.0,Some,Came about naturally,Dem/Lean Dem,Moderate,65+,Some College,1.051752162400997
201801050145.0,Some,Came about naturally,Dem/Lean Dem,Moderate,30-49,College graduate+,0.4180960679535971
201801050303.0,None at all,Was developed intentionally in a lab,Rep/Lean Rep,Moderate,30-49,College graduate+,0.4049142550073311
201801050331.0,None at all,Not sure,Dem/Lean Dem,Moderate,65+,Some College,0.48050147343762967
201801050610.0,Some,Was developed intentionally in a lab,Dem/Lean Dem,Liberal,50-64,College graduate+,0.8894384086708548
201801050673.0,A lot,Was developed intentionally in a lab,Rep/Lean Rep,Conservative,50-64,College graduate+,0.7332315402427623
201801050721.0,None at all,Was developed intentionally in a lab,Rep/Lean Rep,Conservative,50-64,College graduate+,0.5588242427559511
201801050757.0,Not much,Was developed intentionally in a lab,Rep/Lean Rep,Very conservative,30-49,College graduate+,0.49322320491043264
201801050928.0,A lot,Was made accidentally in a lab,Rep/Lean Rep,Very conservative,30-49,Some College,1.576421307620977
201801051122.0,Some,Came about naturally,Dem/Lean Dem,Moderate,18-29,College graduate+,0.8904173234304539
201801051220.0,Some,Came about naturally,Dem/Lean Dem,Liberal,18-29,College graduate+,1.345954269444543
201801051240.0,Some,Not sure,Rep/Lean Rep,Moderate,18-29,College graduate+,1.5551366168123437
201801051365.0,Some,Not sure,Dem/Lean Dem,Moderate,50-64,H.S. graduate or less,1.9547117844297401
201801051368.0,None at all,Came about naturally,Rep/Lean Rep,Moderate,30-49,College graduate+,0.48531774933738253
201801051375.0,None at all,Not sure,Dem/Lean Dem,Moderate,65+,College graduate+,0.3467356404364183
201801051392.0,Some,Was developed intentionally in a lab,Rep/Lean Rep,Conservative,18-29,H.S. graduate or less,3.199208795777613
201801051528.0,Not much,Doesn’t really exist,Dem/Lean Dem,Conservative,18-29,College graduate+,1.7682908185807185
201801051537.0,None at all,Was developed intentionally in a lab,Dem/Lean Dem,Moderate,50-64,H.S. graduate or less,1.6509745947305468
201801051627.0,A lot,Was made accidentally in a lab,Rep/Lean Rep,Liberal,30-49,Some College,0.9089698211208473
201801051753.0,A lot,Came about naturally,Dem/Lean Dem,Conservative,50-64,Some College,0.3980135384686304
201801051852.0,Some,Was developed intentionally in a lab,Rep/Lean Rep,Liberal,30-49,College graduate+,0.7016812418258881
201801051886.0,Not much,Not sure,DK/Refused/No lean,Moderate,30-49,College graduate+,0.8638601672762968
201801051895.0,Some,Was developed intentionally in a lab,Dem/Lean Dem,Moderate,30-49,College graduate+,0.4180960679535971
201801051939.0,Not much,Was made accidentally in a lab,Dem/Lean Dem,Liberal,50-64,College graduate+,0.432203126966449
201801052005.0,None at all,Came about naturally,Dem/Lean Dem,Liberal,30-49,College graduate+,0.38018748676162484
201801052015.0,Not much,Not sure,Dem/Lean Dem,Liberal,65+,College graduate+,0.3758142367735296
201801052144.0,None at all,Came about naturally,Dem/Lean Dem,Conservative,30-49,H.S. graduate or less,2.195534863387114
201801052466.0,Not much,Was developed intentionally in a lab,Rep/Lean Rep,Very conservative,50-64,Some College,0.3613555868673831
201801052484.0,Not much,Not sure,DK/Refused/No lean,Refused,30-49,College graduate+,1.0141475086007665
201801052505.0,Not much,Not sure,Dem/Lean Dem,Liberal,30-49,College graduate+,0.37078449696298443
201801052674.0,Not much,Was developed intentionally in a lab,Dem/Lean Dem,Moderate,30-49,H.S. graduate or less,1.9681556598165202
201801052774.0,None at all,Came about naturally,Dem/Lean Dem,Moderate,65+,College graduate+,0.3889894681791227
201801052775.0,Not much,Came about naturally,Rep/Lean Rep,Moderate,30-49,College graduate+,0.5529516220670304
201801052786.0,None at all,Came about naturally,Dem/Lean Dem,Moderate,50-64,College graduate+,0.44254314303465775
201801052791.0,Some,Not sure,Rep/Lean Rep,Moderate,50-64,H.S. graduate or less,2.156150599071779
201801052867.0,Not much,Was made accidentally in a lab,Dem/Lean Dem,Moderate,65+,Some College,0.4550438158965828
201801052874.0,None at all,Came about naturally,Rep/Lean Rep,Conservative,50-64,H.S. graduate or less,7.487621221765812
201801052965.0,Not much,Came about naturally,Dem/Lean Dem,Very conservative,50-64,H.S. graduate or less,4.871820261763686
201801052974.0,None at all,Came about naturally,Dem/Lean Dem,Very liberal,18-29,H.S. graduate or less,0.8137627790792067
201801053000.0,Not much,Was developed intentionally in a lab,Dem/Lean Dem,Moderate,50-64,College graduate+,1.2605246460141788
201801053033.0,Some,Was made accidentally in a lab,Dem/Lean Dem,Moderate,30-49,Some College,0.796872836968013
201801053062.0,Not much,Came about naturally,Rep/Lean Rep,Conservative,50-64,Some College,2.458802360545112
201801053254.0,Not much,Not sure,Dem/Lean Dem,Moderate,50-64,College graduate+,0.2797776085886611
201801053283.0,A lot,Not sure,Rep/Lean Rep,Conservative,30-49,College graduate+,0.45329468060915645
201801053305.0,Some,Was developed intentionally in a lab,Dem/Lean Dem,Moderate,50-64,Some College,0.35515096567768617
201801053306.0,Not much,Came about naturally,Rep/Lean Rep,Conservative,50-64,H.S. graduate or less,0.8839541579935453
201801053369.0,Not much,Was developed intentionally in a lab,Dem/Lean Dem,Moderate,18-29,H.S. graduate or less,1.4118322985519633
201801053525.0,Not much,Not sure,Dem/Lean Dem,Moderate,30-49,Some College,1.126221350876464
201801053586.0,Not much,Not sure,Rep/Lean Rep,Moderate,65+,Some College,0.9510788484583393
201801053609.0,Some,Came about naturally,Dem/Lean Dem,Liberal,30-49,College graduate+,1.4201622708572814
201801053622.0,None at all,Not sure,Dem/Lean Dem,Very liberal,50-64,H.S. graduate or less,4.871820261763686
201801053644.0,Some,Was developed intentionally in a lab,Dem/Lean Dem,Liberal,30-49,H.S. graduate or less,5.145159685968946
201801053650.0,None at all,Came about naturally,Dem/Lean Dem,Liberal,18-29,College graduate+,0.2810777711996224
201801053670.0,Some,Came about naturally,Rep/Lean Rep,Conservative,50-64,Some College,0.36950318769698803
201801054001.0,Not much,Came about naturally,Dem/Lean Dem,Liberal,65+,College graduate+,0.28067968514975083
201801054003.0,Some,Came about naturally,Rep/Lean Rep,Moderate,50-64,College graduate+,0.22183468968626083
201801054058.0,Some,Came about naturally,Rep/Lean Rep,Conservative,30-49,Some College,0.5412839457475006
201801054072.0,Not much,Came about naturally,Dem/Lean Dem,Moderate,30-49,College graduate+,0.40224114742049477
201801054155.0,Some,Was developed intentionally in a lab,Dem/Lean Dem,Moderate,50-64,College graduate+,0.7391291283106977
201801054167.0,None at all,Came about naturally,Dem/Lean Dem,Very liberal,30-49,College graduate+,0.28551134438024695
201801054260.0,Not much,Came about naturally,Dem/Lean Dem,Conservative,30-49,College graduate+,0.4279831792151116
201801054294.0,None at all,Came about naturally,Dem/Lean Dem,Moderate,18-29,College graduate+,0.9002955197433008
201801054379.0,None at all,Not sure,Dem/Lean Dem,Moderate,30-49,College graduate+,0.44254314303465775
201801054430.0,Some,Not sure,Dem/Lean Dem,Liberal,65+,College graduate+,0.3889894681791227
201801054487.0,Not much,Came about naturally,Dem/Lean Dem,Moderate,65+,College graduate+,0.5028534845628456
201801054512.0,Not much,Came about naturally,DK/Refused/No lean,Moderate,50-64,College graduate+,1.0798850652752943
201801054518.0,None at all,Came about naturally,Dem/Lean Dem,Moderate,30-49,College graduate+,0.38916211978867576
201801054626.0,None at all,Came about naturally,Rep/Lean Rep,Very liberal,50-64,Some College,0.8581011787496315
201801054631.0,Refused,Was made accidentally in a lab,Rep/Lean Rep,Conservative,65+,College graduate+,0.22748396859865705
201801054651.0,Not much,Not sure,Dem/Lean Dem,Liberal,30-49,Some College,0.9041437654252064
201801054672.0,Not much,Came about naturally,Dem/Lean Dem,Liberal,30-49,H.S. graduate or less,2.1426264477009043
201801054679.0,Not much,Not sure,Dem/Lean Dem,Moderate,65+,Some College,0.3262649169600645
201801054801.0,Not much,Not sure,Dem/Lean Dem,Liberal,30-49,Some College,0.5366382232986273
201801054831.0,Not much,Was made accidentally in a lab,Dem/Lean Dem,Moderate,30-49,Some College,0.6306164536941762
201801054864.0,Not much,Was made accidentally in a lab,Dem/Lean Dem,Liberal,30-49,College graduate+,0.9130899765151743
201801054894.0,None at all,Not sure,Dem/Lean Dem,Moderate,18-29,H.S. graduate or less,1.5287799567873128
201801054931.0,Some,Doesn’t really exist,Dem/Lean Dem,Moderate,30-49,Some College,0.9330699806669147
201801054932.0,Some,Came about naturally,Dem/Lean Dem,Very liberal,65+,Some College,0.8026363947441462
201801054987.0,Some,Came about naturally,Dem/Lean Dem,Very liberal,18-29,Some College,2.758648464681644
201801054991.0,Some,Not sure,Dem/Lean Dem,Very liberal,30-49,College graduate+,0.28380231851871496
201801055010.0,Some,Came about naturally,Dem/Lean Dem,Moderate,30-49,College graduate+,0.9141624480566856
201801055016.0,Some,Was developed intentionally in a lab,Rep/Lean Rep,Conservative,50-64,H.S. graduate or less,1.606223359557186
201801055252.0,None at all,Came about naturally,Dem/Lean Dem,Moderate,30-49,College graduate+,0.43946478528296223
201801055263.0,None at all,Came about naturally,Dem/Lean Dem,Moderate,50-64,College graduate+,0.2758775113286061
201801055279.0,Not much,Was developed intentionally in a lab,Dem/Lean Dem,Liberal,50-64,College graduate+,0.38914967298306585
201801055283.0,Not much,Not sure,Dem/Lean Dem,Moderate,50-64,College graduate+,0.2797776085886611
201801055284.0,Not much,Was developed intentionally in a lab,Dem/Lean Dem,Moderate,30-49,College graduate+,0.9002955197433008
201801055311.0,Not much,Came about naturally,Rep/Lean Rep,Liberal,18-29,College graduate+,1.1674362439708543
201801055440.0,None at all,Not sure,Dem/Lean Dem,Moderate,50-64,Some College,0.8253843015894339
201801055477.0,Not much,Came about naturally,Dem/Lean Dem,Liberal,30-49,College graduate+,0.81485298012428
201801055488.0,None at all,Not sure,Dem/Lean Dem,Liberal,50-64,Some College,0.23906492073416338
201801055568.0,None at all,Was made accidentally in a lab,Rep/Lean Rep,Moderate,65+,College graduate+,0.3889894681791227
201801055579.0,None at all,Was developed intentionally in a lab,Dem/Lean Dem,Liberal,30-49,College graduate+,0.5589390652059906
201801055721.0,None at all,Came about naturally,Rep/Lean Rep,Conservative,65+,H.S. graduate or less,2.597207472836589
201801055913.0,None at all,Not sure,Dem/Lean Dem,Liberal,30-49,Some College,0.34334777888040935
201801056050.0,Not much,Came about naturally,Dem/Lean Dem,Liberal,50-64,College graduate+,0.6497631904730444
201801056052.0,Not much,Came about naturally,Dem/Lean Dem,Liberal,65+,Some College,0.37173644697875863
201801056069.0,Not much,Came about naturally,Rep/Lean Rep,Conservative,50-64,College graduate+,0.317264943657635
201801056118.0,Not much,Was developed intentionally in a lab,Dem/Lean Dem,Moderate,50-64,Some College,0.5370206919790735
201801056161.0,Not much,Came about naturally,Dem/Lean Dem,Very liberal,65+,College graduate+,0.3845657298168038
201801056183.0,Some,Came about naturally,Dem/Lean Dem,Liberal,18-29,College graduate+,0.2810777711996224
201801056193.0,Not much,Came about naturally,Dem/Lean Dem,Moderate,50-64,College graduate+,0.3688383177152402
201801056246.0,Some,Was developed intentionally in a lab,Rep/Lean Rep,Conservative,50-64,H.S. graduate or less,1.0939143818377044
201801056300.0,None at all,Came about naturally,Rep/Lean Rep,Conservative,50-64,College graduate+,0.6558288562051806
201801056333.0,None at all,Was developed intentionally in a lab,DK/Refused/No lean,Moderate,50-64,Some College,3.6157793863270697
201801056352.0,Some,Was developed intentionally in a lab,Rep/Lean Rep,Moderate,18-29,College graduate+,1.53583961317879
201801056358.0,None at all,Came about naturally,DK/Refused/No lean,Moderate,50-64,College graduate+,0.23078620749798037
201801056406.0,Not much,Came about naturally,Dem/Lean Dem,Liberal,30-49,H.S. graduate or less,1.8601843841840542
201801056428.0,Not much,Not sure,Dem/Lean Dem,Moderate,65+,College graduate+,0.6413499780877429
201801056440.0,Some,Came about naturally,Dem/Lean Dem,Liberal,50-64,Some College,0.32092636758000626
201801056461.0,Not much,Refused,Dem/Lean Dem,Moderate,50-64,Some College,0.7922043595817405
201801056491.0,Not much,Not sure,Dem/Lean Dem,Moderate,30-49,College graduate+,4.859946686597268
201801056570.0,Some,Came about naturally,Dem/Lean Dem,Very liberal,18-29,College graduate+,0.4572782227327717
201801056612.0,Not much,Came about naturally,Dem/Lean Dem,Moderate,50-64,College graduate+,0.2004393864240934
201801056738.0,None at all,Not sure,Dem/Lean Dem,Moderate,50-64,H.S. graduate or less,1.9241184001590614
201801057037.0,Some,Came about naturally,Rep/Lean Rep,Conservative,65+,College graduate+,0.2228900847276511
201801057052.0,Some,Not sure,Dem/Lean Dem,Liberal,65+,College graduate+,0.3758142367735296
201801057086.0,Some,Not sure,Dem/Lean Dem,Moderate,30-49,Some College,0.506520167097606
201801057183.0,Not much,Not sure,Rep/Lean Rep,Moderate,30-49,College graduate+,0.4942348595656328
201801057292.0,Some,Not sure,Dem/Lean Dem,Liberal,50-64,H.S. graduate or less,1.6509745947305468
201801057457.0,Some,Came about naturally,Rep/Lean Rep,Conservative,65+,College graduate+,0.47556299309100397
201801057572.0,Some,Not sure,Dem/Lean Dem,Conservative,30-49,College graduate+,0.4180960679535971
201801057695.0,Not much,Was developed intentionally in a lab,Rep/Lean Rep,Conservative,50-64,College graduate+,1.0055251636206195
201801057894.0,None at all,Came about naturally,Dem/Lean Dem,Moderate,30-49,College graduate+,2.1586827580643817
201801057928.0,Not much,Not sure,Dem/Lean Dem,Liberal,50-64,College graduate+,0.6233443946777021
201801057956.0,None at all,Was developed intentionally in a lab,Dem/Lean Dem,Moderate,18-29,Some College,4.292100094033955
201801057976.0,A lot,Was developed intentionally in a lab,Rep/Lean Rep,Very conservative,50-64,College graduate+,0.2894571578606051
201801058008.0,Not much,Not sure,Dem/Lean Dem,Liberal,50-64,College graduate+,0.2456463820773952
201801058036.0,Some,Came about naturally,Rep/Lean Rep,Conservative,65+,College graduate+,0.4280546019381889
201801058059.0,A lot,Not sure,Dem/Lean Dem,Moderate,65+,Some College,1.6348879634512594
201801058077.0,None at all,Came about naturally,Dem/Lean Dem,Liberal,30-49,College graduate+,0.2777265934065198
201801058091.0,Not much,Was developed intentionally in a lab,Dem/Lean Dem,Moderate,50-64,Some College,2.050809632507196
201801058144.0,None at all,Was developed intentionally in a lab,Rep/Lean Rep,Moderate,30-49,College graduate+,1.492516368238182
201801058184.0,None at all,Not sure,Dem/Lean Dem,Moderate,30-49,College graduate+,0.9676859204240472
201801058449.0,None at all,Came about naturally,Rep/Lean Rep,Very conservative,30-49,College graduate+,0.7291140261140074
201801058477.0,Not much,Came about naturally,Dem/Lean Dem,Liberal,65+,Some College,0.8449013133828984
201801058496.0,A lot,Was developed intentionally in a lab,Dem/Lean Dem,Moderate,30-49,College graduate+,1.0634860560096329
201801058578.0,None at all,Not sure,Dem/Lean Dem,Moderate,30-49,Some College,3.421663271776802
201801058620.0,Some,Came about naturally,Rep/Lean Rep,Conservative,65+,College graduate+,0.561078032636311
201801058653.0,Not much,Not sure,Dem/Lean Dem,Moderate,50-64,Some College,0.20076220188683644
201801058836.0,Some,Came about naturally,Rep/Lean Rep,Conservative,30-49,College graduate+,0.4332216541457245
201801058897.0,Not much,Came about naturally,Dem/Lean Dem,Very liberal,50-64,Some College,0.34730606684096804
201801058959.0,Some,Came about naturally,Dem/Lean Dem,Liberal,30-49,College graduate+,0.9826081987560097
201801058996.0,None at all,Refused,Rep/Lean Rep,Conservative,30-49,Some College,1.4581435124301134
201801059020.0,Some,Was developed intentionally in a lab,Rep/Lean Rep,Very conservative,18-29,H.S. graduate or less,1.5450133007356075
201801059207.0,Not much,Came about naturally,Rep/Lean Rep,Conservative,50-64,College graduate+,0.5699897433746057
201801059322.0,Not much,Came about naturally,Dem/Lean Dem,Very liberal,30-49,College graduate+,0.4572782227327717
201801059332.0,Some,Not sure,Dem/Lean Dem,Moderate,30-49,Some College,1.9482010646480132
201801059362.0,None at all,Came about naturally,Dem/Lean Dem,Moderate,30-49,Some College,0.4558545384493983
201801059378.0,Not much,Came about naturally,Dem/Lean Dem,Moderate,65+,College graduate+,0.5803723633964334
201801059406.0,Not much,Came about naturally,Dem/Lean Dem,Liberal,50-64,College graduate+,0.3206291340585848
201801059478.0,Not much,Came about naturally,Dem/Lean Dem,Moderate,65+,Some College,0.786642452208476
201801059544.0,Some,Came about naturally,Dem/Lean Dem,Moderate,50-64,Some College,0.6109061498076378
201801059595.0,A lot,Not sure,Rep/Lean Rep,Moderate,18-29,Some College,0.6450638612086985
201801059624.0,None at all,Was developed intentionally in a lab,Dem/Lean Dem,Moderate,30-49,Some College,2.618018484928518
201801059738.0,A lot,Was developed intentionally in a lab,Rep/Lean Rep,Very conservative,30-49,H.S. graduate or less,3.6426515288857035
201801059766.0,Some,Was developed intentionally in a lab,Dem/Lean Dem,Liberal,65+,College graduate+,0.43633082475709284
201801059880.0,Not much,Not sure,Dem/Lean Dem,Moderate,50-64,Some College,0.943100411842124
201801059975.0,Some,Came about naturally,Dem/Lean Dem,Moderate,65+,Some College,0.2813329211945452
201801060065.0,Not much,Not sure,Dem/Lean Dem,Moderate,65+,Some College,1.3155507473181811
201801060084.0,None at all,Came about naturally,Dem/Lean Dem,Liberal,50-64,College graduate+,0.3485661477843309
201801060183.0,Not much,Not sure,Dem/Lean Dem,Moderate,50-64,Some College,0.40242915045495276
201801060261.0,Some,Not sure,Dem/Lean Dem,Liberal,50-64,H.S. graduate or less,0.6805957896787221
201801060308.0,None at all,Came about naturally,Dem/Lean Dem,Very liberal,65+,College graduate+,0.4118632994549787
201801060335.0,Some,Came about naturally,Rep/Lean Rep,Very conservative,65+,Some College,0.5174617346639645
201801060363.0,None at all,Came about naturally,Dem/Lean Dem,Very liberal,30-49,Some College,0.9439618949334257
201801060415.0,Not much,Came about naturally,Dem/Lean Dem,Moderate,50-64,College graduate+,0.25977479373231127
201801060464.0,Not much,Came about naturally,Dem/Lean Dem,Moderate,50-64,Some College,0.4464912603781361
201801060511.0,A lot,Came about naturally,Rep/Lean Rep,Moderate,18-29,H.S. graduate or less,7.487621221765812
201801060526.0,Some,Came about naturally,Dem/Lean Dem,Very liberal,50-64,Some College,0.527770579490073
201801060539.0,None at all,Came about naturally,Dem/Lean Dem,Very liberal,18-29,Some College,0.9022565145891231
201801060563.0,Not much,Was developed intentionally in a lab,Rep/Lean Rep,Moderate,50-64,H.S. graduate or less,2.1070229827063605
201801060644.0,None at all,Came about naturally,Rep/Lean Rep,Conservative,50-64,Some College,2.0625358364994715
201801060760.0,Not much,Not sure,Dem/Lean Dem,Very liberal,30-49,Some College,2.6138711728797106
201801060775.0,Not much,Came about naturally,Dem/Lean Dem,Moderate,18-29,College graduate+,0.4985008756492245
201801060802.0,None at all,Not sure,Dem/Lean Dem,Very liberal,18-29,H.S. graduate or less,7.487621221765812
201801060810.0,Not much,Came about naturally,Dem/Lean Dem,Liberal,50-64,College graduate+,0.4720559893154756
201801060823.0,Not much,Was developed intentionally in a lab,Dem/Lean Dem,Moderate,50-64,College graduate+,0.2601583936831742
201801060845.0,Not much,Came about naturally,Dem/Lean Dem,Very liberal,30-49,College graduate+,2.083604472798661
201801060866.0,None at all,Came about naturally,Dem/Lean Dem,Liberal,30-49,College graduate+,0.5560577221339493
201801060898.0,None at all,Not sure,Rep/Lean Rep,Conservative,50-64,H.S. graduate or less,3.5158299698663593
201801060937.0,Some,Came about naturally,Dem/Lean Dem,Liberal,50-64,College graduate+,0.4720559893154756
201801060960.0,None at all,Came about naturally,Dem/Lean Dem,Liberal,50-64,College graduate+,0.5895379020250633
201801061021.0,Some,Was developed intentionally in a lab,Rep/Lean Rep,Moderate,30-49,College graduate+,1.5073684767231936
201801061056.0,Not much,Not sure,Dem/Lean Dem,Liberal,50-64,College graduate+,0.21372520590383698
201801061072.0,Not much,Came about naturally,Dem/Lean Dem,Very liberal,50-64,College graduate+,0.2601583936831742
201801061090.0,Not much,Came about naturally,Dem/Lean Dem,Liberal,18-29,College graduate+,1.717886348843294
201801061110.0,Some,Came about naturally,Dem/Lean Dem,Very liberal,30-49,College graduate+,1.443943758989095
201801061134.0,Some,Came about naturally,Dem/Lean Dem,Liberal,50-64,College graduate+,0.4720559893154756
201801061142.0,Not much,Not sure,Rep/Lean Rep,Conservative,18-29,College graduate+,3.025728154043677
201801061168.0,Some,Came about naturally,Dem/Lean Dem,Very liberal,18-29,College graduate+,2.6670199031709263
201801061302.0,Some,Was developed intentionally in a lab,Rep/Lean Rep,Conservative,50-64,College graduate+,0.7845618540474768
201801061322.0,Not much,Came about naturally,Dem/Lean Dem,Liberal,50-64,College graduate+,0.5895379020250633
201801061331.0,Not much,Came about naturally,Rep/Lean Rep,Conservative,50-64,Some College,1.7463160541368912
201801061344.0,Some,Came about naturally,Dem/Lean Dem,Liberal,18-29,Some College,2.7412869699605915
201801061360.0,Not much,Came about naturally,Rep/Lean Rep,Moderate,50-64,Some College,1.7463160541368912
201801061371.0,None at all,Came about naturally,Rep/Lean Rep,Moderate,18-29,College graduate+,0.6305265988690915
201801061463.0,Not much,Not sure,Dem/Lean Dem,Very liberal,65+,Some College,0.7280594116332648
201801061516.0,None at all,Was developed intentionally in a lab,Rep/Lean Rep,Very liberal,30-49,College graduate+,1.5679197030844492
201801061558.0,None at all,Came about naturally,Dem/Lean Dem,Moderate,50-64,College graduate+,0.4094636195140061
201801061613.0,Some,Came about naturally,Dem/Lean Dem,Liberal,50-64,College graduate+,0.4094636195140061
201801061623.0,Some,Came about naturally,Rep/Lean Rep,Moderate,50-64,College graduate+,1.5663991565020494
201801061633.0,Some,Came about naturally,Dem/Lean Dem,Moderate,50-64,Some College,1.2455794620972278
201801061713.0,Not much,Was made accidentally in a lab,Rep/Lean Rep,Very conservative,50-64,Some College,2.0625358364994715
201801061714.0,Not much,Was developed intentionally in a lab,Dem/Lean Dem,Liberal,18-29,H.S. graduate or less,5.039480040246173
201801061814.0,Some,Was developed intentionally in a lab,Rep/Lean Rep,Moderate,50-64,H.S. graduate or less,0.8576465308997767
201801061822.0,A lot,Not sure,Rep/Lean Rep,Conservative,50-64,H.S. graduate or less,2.953289635055832
201801061838.0,Not much,Came about naturally,Rep/Lean Rep,Conservative,50-64,Some College,1.1990814456641152
201801061880.0,Not much,Came about naturally,Dem/Lean Dem,Very liberal,50-64,College graduate+,0.44277834267665167
201801061904.0,Not much,Came about naturally,Dem/Lean Dem,Moderate,50-64,College graduate+,0.7265657571381617
201801061958.0,Not much,Came about naturally,Rep/Lean Rep,Conservative,50-64,Some College,1.1539904688397071
201801061985.0,Some,Came about naturally,Rep/Lean Rep,Conservative,30-49,Some College,2.112478131887691
201801061991.0,Some,Was developed intentionally in a lab,Rep/Lean Rep,Conservative,65+,Some College,0.884522665575274
201801062015.0,None at all,Came about naturally,Rep/Lean Rep,Liberal,50-64,College graduate+,0.7548912523228709
201801062051.0,Not much,Came about naturally,Rep/Lean Rep,Very conservative,65+,College graduate+,0.49840964031823126
201801062118.0,Some,Was developed intentionally in a lab,Dem/Lean Dem,Liberal,50-64,Some College,0.6933105294642256
201801062154.0,A lot,Came about naturally,Dem/Lean Dem,Very liberal,18-29,College graduate+,0.8287624205320122
201801062179.0,A lot,Came about naturally,Rep/Lean Rep,Liberal,18-29,Some College,7.487621221765812
201801062253.0,Some,Was developed intentionally in a lab,Rep/Lean Rep,Conservative,30-49,Some College,0.7223449849830279
201801062280.0,Some,Came about naturally,Rep/Lean Rep,Moderate,50-64,H.S. graduate or less,2.593102135089848
201801062297.0,Some,Came about naturally,Rep/Lean Rep,Conservative,50-64,H.S. graduate or less,3.8392122753081015
201801062327.0,Not much,Came about naturally,Dem/Lean Dem,Moderate,18-29,Some College,5.731940707713197
201801062333.0,None at all,Was developed intentionally in a lab,Rep/Lean Rep,Conservative,50-64,H.S. graduate or less,2.3756641630163644
201801062405.0,Not much,Was developed intentionally in a lab,Rep/Lean Rep,Conservative,50-64,College graduate+,0.5697442350927874
201801062420.0,Some,Came about naturally,Rep/Lean Rep,Moderate,50-64,Some College,1.831003149386308
201801062465.0,Some,Not sure,Rep/Lean Rep,Moderate,30-49,Some College,3.242614983587707
201801062476.0,None at all,Came about naturally,Dem/Lean Dem,Moderate,50-64,Some College,1.261589996699417
201801062486.0,None at all,Came about naturally,Dem/Lean Dem,Liberal,50-64,College graduate+,0.2601583936831742
201801062493.0,Not much,Came about naturally,Rep/Lean Rep,Conservative,50-64,College graduate+,0.5756836274746054
201801062510.0,A lot,Not sure,Rep/Lean Rep,Very conservative,50-64,College graduate+,0.5505080163677292
201801062517.0,Some,Was made accidentally in a lab,Dem/Lean Dem,Very liberal,18-29,College graduate+,0.6019191715444582
201801062543.0,Not much,Came about naturally,Dem/Lean Dem,Very liberal,18-29,College graduate+,1.443943758989095
201801062558.0,Not much,Came about naturally,Dem/Lean Dem,Very liberal,50-64,Some College,0.30186749854373124
201801062562.0,Not much,Came about naturally,Dem/Lean Dem,Liberal,50-64,College graduate+,0.2601583936831742
201801062571.0,Not much,Came about naturally,Dem/Lean Dem,Moderate,50-64,Some College,0.32050993300913605
201801062583.0,None at all,Came about naturally,Dem/Lean Dem,Moderate,50-64,College graduate+,0.5895379020250633
201801062596.0,Some,Came about naturally,Rep/Lean Rep,Conservative,18-29,H.S. graduate or less,4.186790979189985
201801062676.0,Some,Was developed intentionally in a lab,Rep/Lean Rep,Conservative,65+,College graduate+,0.4280546019381889
201801062729.0,Some,Not sure,Dem/Lean Dem,Moderate,50-64,Some College,0.5243895491899507
201801062813.0,Some,Was developed intentionally in a lab,Rep/Lean Rep,Conservative,30-49,College graduate+,1.1720302000931735
201801062847.0,Some,Came about naturally,Dem/Lean Dem,Moderate,50-64,College graduate+,0.20313757190989004
201801062870.0,Some,Was developed intentionally in a lab,Dem/Lean Dem,Conservative,30-49,Some College,0.7152250823497593
201801062889.0,Not much,Came about naturally,Dem/Lean Dem,Liberal,18-29,College graduate+,0.34249306525017154
201801062894.0,A lot,Came about naturally,Rep/Lean Rep,Very conservative,50-64,College graduate+,0.25324416642659153
201801062899.0,Not much,Came about naturally,Dem/Lean Dem,Moderate,18-29,College graduate+,1.2452802881656038
201801062921.0,None at all,Came about naturally,Rep/Lean Rep,Moderate,50-64,College graduate+,0.6764628907550827
201801062924.0,Some,Came about naturally,Dem/Lean Dem,Liberal,18-29,College graduate+,0.2751798570797386
201801062946.0,Some,Was developed intentionally in a lab,Rep/Lean Rep,Moderate,18-29,College graduate+,0.38018748676162484
201801062978.0,None at all,Came about naturally,Dem/Lean Dem,Liberal,50-64,H.S. graduate or less,2.7346463933089367
201801062998.0,Some,Was developed intentionally in a lab,Rep/Lean Rep,Conservative,50-64,College graduate+,0.2763450083576254
201801063000.0,Not much,Came about naturally,Dem/Lean Dem,Moderate,50-64,College graduate+,0.4437795191597112
201801063009.0,Some,Refused,Rep/Lean Rep,Conservative,50-64,Some College,0.3613555868673831
201801063036.0,Not much,Not sure,Rep/Lean Rep,Conservative,30-49,Some College,2.7377549251255617
201801063038.0,Some,Came about naturally,Rep/Lean Rep,Moderate,50-64,Some College,1.305512644292203
201801063104.0,Some,Came about naturally,Dem/Lean Dem,Liberal,50-64,College graduate+,0.5124097766360993
201801063110.0,None at all,Was developed intentionally in a lab,Rep/Lean Rep,Moderate,30-49,H.S. graduate or less,4.330188353497073
201801063118.0,None at all,Was developed intentionally in a lab,Rep/Lean Rep,Very conservative,50-64,College graduate+,0.438574982049602
201801063203.0,Not much,Came about naturally,Rep/Lean Rep,Moderate,50-64,College graduate+,0.9031943461567729
201801063225.0,None at all,Came about naturally,Dem/Lean Dem,Liberal,18-29,College graduate+,0.793993330820966
201801063264.0,Not much,Not sure,Dem/Lean Dem,Refused,50-64,Some College,0.23421344886813583
201801063274.0,Not much,Came about naturally,Dem/Lean Dem,Moderate,30-49,College graduate+,0.9243769995234397
201801063283.0,Not much,Was made accidentally in a lab,Rep/Lean Rep,Conservative,50-64,College graduate+,0.2173987388623741
201801063305.0,Some,Was made accidentally in a lab,Dem/Lean Dem,Moderate,30-49,College graduate+,1.411122995171278
201801063469.0,Some,Came about naturally,Rep/Lean Rep,Moderate,50-64,College graduate+,0.9031943461567729
201801063491.0,Some,Came about naturally,Rep/Lean Rep,Conservative,50-64,College graduate+,0.5703063293653231
201801063504.0,Not much,Not sure,Dem/Lean Dem,Moderate,18-29,Some College,5.076614403418413
201801063523.0,Some,Came about naturally,Rep/Lean Rep,Conservative,18-29,Some College,4.072425954514477
201801063677.0,Some,Not sure,Rep/Lean Rep,Very conservative,50-64,College graduate+,0.49322320491043264
201801063689.0,None at all,Came about naturally,Dem/Lean Dem,Moderate,50-64,College graduate+,0.43730745252361874
201801063759.0,Some,Came about naturally,DK/Refused/No lean,Refused,50-64,Refused,0.32366265390468857
201801063771.0,Not much,Came about naturally,Rep/Lean Rep,Conservative,30-49,Refused,0.9133871436163318
201801063894.0,Not much,Was developed intentionally in a lab,Rep/Lean Rep,Moderate,50-64,Some College,0.8418635952670893
201801064060.0,Not much,Came about naturally,Dem/Lean Dem,Liberal,18-29,College graduate+,0.9107029332599886
201801064106.0,Some,Came about naturally,Dem/Lean Dem,Moderate,50-64,College graduate+,0.5052504561221298
201801064116.0,A lot,Was developed intentionally in a lab,Rep/Lean Rep,Conservative,30-49,College graduate+,0.4332216541457245
201801064151.0,Some,Not sure,Rep/Lean Rep,Moderate,50-64,Some College,0.30806616468965486
201801064193.0,A lot,Not sure,Rep/Lean Rep,Conservative,18-29,H.S. graduate or less,7.487621221765812
201801064208.0,Not much,Came about naturally,Dem/Lean Dem,Liberal,18-29,College graduate+,0.8967863699262618
201801064352.0,None at all,Came about naturally,Dem/Lean Dem,Very liberal,50-64,Some College,0.32126188816548673
201801064471.0,Some,Came about naturally,Dem/Lean Dem,Liberal,50-64,College graduate+,0.43730745252361874
201801064526.0,Some,Not sure,DK/Refused/No lean,Moderate,18-29,H.S. graduate or less,7.487621221765812
201801064540.0,None at all,Came about naturally,Rep/Lean Rep,Conservative,50-64,College graduate+,0.25324416642659153
201801064631.0,None at all,Came about naturally,Rep/Lean Rep,Moderate,50-64,College graduate+,0.2763450083576254
201801064718.0,Not much,Not sure,Dem/Lean Dem,Conservative,50-64,H.S. graduate or less,3.71938150448936
201801064751.0,Some,Came about naturally,Rep/Lean Rep,Conservative,50-64,College graduate+,0.4186566779692976
201801064877.0,Not much,Not sure,Rep/Lean Rep,Very conservative,50-64,College graduate+,0.49322320491043264
201801064899.0,A lot,Was developed intentionally in a lab,Rep/Lean Rep,Conservative,30-49,Some College,0.5466726303848976
201801064913.0,Not much,Was developed intentionally in a lab,Dem/Lean Dem,Moderate,50-64,College graduate+,0.3845194120995435
201801064923.0,Not much,Was made accidentally in a lab,Rep/Lean Rep,Conservative,65+,College graduate+,0.4280546019381889
201801064955.0,Some,Not sure,Rep/Lean Rep,Moderate,18-29,Some College,1.647229908939355
201801064970.0,None at all,Came about naturally,Dem/Lean Dem,Liberal,65+,College graduate+,0.16658774135557186
201801065024.0,Some,Not sure,Rep/Lean Rep,Moderate,18-29,Some College,1.6152524557859116
201801065093.0,A lot,Not sure,Rep/Lean Rep,Very conservative,50-64,College graduate+,0.22609697056393155
201801065102.0,Not much,Not sure,Dem/Lean Dem,Conservative,50-64,College graduate+,0.3798125242241249
201801065123.0,Some,Came about naturally,Rep/Lean Rep,Conservative,18-29,Some College,1.3193505827450236
201801065223.0,None at all,Came about naturally,Rep/Lean Rep,Conservative,50-64,College graduate+,0.35624239794293705
201801065288.0,A lot,Was developed intentionally in a lab,Rep/Lean Rep,Very conservative,50-64,Some College,0.7401205959375058
201801065451.0,None at all,Came about naturally,Dem/Lean Dem,Moderate,30-49,Some College,1.183831581332689
201801065487.0,A lot,Not sure,Rep/Lean Rep,Conservative,50-64,H.S. graduate or less,0.6333914222170248
201801065510.0,Some,Was made accidentally in a lab,Dem/Lean Dem,Liberal,30-49,College graduate+,1.1674362439708543
201801065525.0,Not much,Not sure,Dem/Lean Dem,Moderate,50-64,H.S. graduate or less,2.489649378618837
201801065564.0,Some,Not sure,Rep/Lean Rep,Conservative,18-29,Some College,2.1073396722931026
201801065578.0,Some,Was developed intentionally in a lab,Rep/Lean Rep,Conservative,30-49,College graduate+,0.7478071489817713
201801065587.0,Some,Came about naturally,Rep/Lean Rep,Conservative,50-64,H.S. graduate or less,4.767168694018134
201801065593.0,Some,Came about naturally,Dem/Lean Dem,Very conservative,50-64,Some College,2.079175358803683
201801065596.0,Some,Came about naturally,Dem/Lean Dem,Very liberal,18-29,College graduate+,0.3502976747952842
201801065601.0,A lot,Was developed intentionally in a lab,Rep/Lean Rep,Conservative,30-49,H.S. graduate or less,0.571610436224334
201801065668.0,None at all,Not sure,Rep/Lean Rep,Moderate,18-29,H.S. graduate or less,0.8671768502880899
201801065708.0,Not much,Came about naturally,Dem/Lean Dem,Liberal,50-64,College graduate+,0.2071585362363679
201801065739.0,Some,Came about naturally,Rep/Lean Rep,Moderate,50-64,Some College,0.7795102589102465
201801065741.0,A lot,Was made accidentally in a lab,Rep/Lean Rep,Very conservative,50-64,College graduate+,0.2585335737324687
201801065890.0,None at all,Came about naturally,Rep/Lean Rep,Conservative,50-64,Some College,1.6142359645797266
201801065993.0,A lot,Came about naturally,Rep/Lean Rep,Conservative,50-64,College graduate+,0.5052899155170041
201801066027.0,None at all,Not sure,Dem/Lean Dem,Conservative,30-49,Some College,0.34334777888040935
201801066053.0,Not much,Came about naturally,Rep/Lean Rep,Moderate,50-64,College graduate+,0.23078620749798037
201801066109.0,Some,Came about naturally,Rep/Lean Rep,Conservative,30-49,Some College,2.6567970564230268
201801066221.0,Some,Was developed intentionally in a lab,Rep/Lean Rep,Moderate,30-49,Some College,1.614453784621492
201801066251.0,Some,Came about naturally,Rep/Lean Rep,Conservative,18-29,College graduate+,0.6199490608983385
201801066314.0,Some,Was developed intentionally in a lab,Rep/Lean Rep,Conservative,30-49,H.S. graduate or less,3.9719239479826847
201801066318.0,Some,Came about naturally,Dem/Lean Dem,Liberal,30-49,College graduate+,0.28380231851871496
201801066362.0,None at all,Came about naturally,Rep/Lean Rep,Moderate,30-49,H.S. graduate or less,1.2001510448240202
201801066373.0,None at all,Came about naturally,Dem/Lean Dem,Liberal,50-64,Some College,0.5376130265052781
201801066404.0,Some,Was developed intentionally in a lab,Rep/Lean Rep,Conservative,50-64,Some College,0.39327438242366014
201801066434.0,Some,Not sure,Rep/Lean Rep,Moderate,50-64,College graduate+,0.6939726277319093
201801066542.0,Some,Came about naturally,Dem/Lean Dem,Moderate,18-29,Some College,1.1960966106027462
201801066565.0,Not much,Came about naturally,DK/Refused/No lean,Moderate,50-64,College graduate+,0.5179961437773855
201801066594.0,Some,Was developed intentionally in a lab,Rep/Lean Rep,Moderate,50-64,College graduate+,1.062980061414255
201801066637.0,None at all,Came about naturally,Rep/Lean Rep,Moderate,50-64,College graduate+,0.5179961437773855
201801066642.0,Some,Came about naturally,Rep/Lean Rep,Moderate,18-29,Some College,1.6926495581975656
201801066673.0,Some,Not sure,Rep/Lean Rep,Moderate,65+,Some College,0.8609746214236171
201801066721.0,Some,Came about naturally,Dem/Lean Dem,Moderate,65+,Some College,0.8026363947441462
201801066764.0,Not much,Was developed intentionally in a lab,Dem/Lean Dem,Moderate,18-29,Some College,3.787005698645519
201801066773.0,Some,Not sure,Rep/Lean Rep,Moderate,50-64,H.S. graduate or less,2.1417703272054305
201801066779.0,Not much,Came about naturally,Dem/Lean Dem,Very liberal,18-29,Some College,1.1960966106027462
201801066821.0,None at all,Came about naturally,Dem/Lean Dem,Liberal,50-64,College graduate+,0.17178106716720398
201801066860.0,Not much,Was made accidentally in a lab,Rep/Lean Rep,Moderate,50-64,College graduate+,0.28251322956727914
201801066901.0,Not much,Came about naturally,Dem/Lean Dem,Liberal,18-29,College graduate+,0.9347030301888711
201801066904.0,Not much,Came about naturally,Rep/Lean Rep,Moderate,50-64,College graduate+,0.2710896352296035
201801066915.0,Some,Came about naturally,Rep/Lean Rep,Moderate,18-29,Some College,0.7858704403444411
201801066920.0,Some,Came about naturally,Rep/Lean Rep,Moderate,65+,College graduate+,0.4349346216352827
201801066924.0,Some,Doesn’t really exist,Dem/Lean Dem,Moderate,30-49,Some College,2.3422224512395715
201801066936.0,Not much,Came about naturally,Dem/Lean Dem,Very liberal,18-29,College graduate+,0.3173946588434713
201801066948.0,Some,Came about naturally,Rep/Lean Rep,Very conservative,50-64,Some College,0.9170947737879903
201801066975.0,Some,Was developed intentionally in a lab,Rep/Lean Rep,Conservative,50-64,H.S. graduate or less,1.230404759125422
201801066988.0,Some,Came about naturally,Dem/Lean Dem,Very liberal,65+,Some College,0.24959938197528644
201801067021.0,Some,Came about naturally,Dem/Lean Dem,Liberal,50-64,College graduate+,0.2071585362363679
201801067037.0,Some,Came about naturally,Dem/Lean Dem,Moderate,50-64,College graduate+,0.25641278876705387
201801067082.0,Some,Not sure,Rep/Lean Rep,Liberal,18-29,Some College,4.636295312873766
201801067185.0,Some,Came about naturally,Dem/Lean Dem,Moderate,30-49,College graduate+,0.7665845559019105
201801067191.0,Some,Came about naturally,DK/Refused/No lean,Moderate,50-64,Some College,0.34940072702146663
201801067209.0,None at all,Came about naturally,Rep/Lean Rep,Conservative,50-64,College graduate+,0.23078620749798037
201801067241.0,A lot,Came about naturally,Dem/Lean Dem,Moderate,18-29,College graduate+,0.4898943456222849
201801067288.0,Not much,Came about naturally,Dem/Lean Dem,Liberal,50-64,College graduate+,0.3436329601543161
201801067349.0,Some,Came about naturally,Rep/Lean Rep,Conservative,50-64,Some College,0.41319179509199855
201801067366.0,Some,Was made accidentally in a lab,Rep/Lean Rep,Conservative,18-29,College graduate+,0.9509895832275459
201801067412.0,None at all,Came about naturally,Dem/Lean Dem,Very liberal,18-29,College graduate+,0.6185743208781285
201801067429.0,Some,Was developed intentionally in a lab,Dem/Lean Dem,Liberal,18-29,Some College,1.655983192782695
201801067455.0,Some,Was developed intentionally in a lab,Rep/Lean Rep,Conservative,65+,College graduate+,0.4382791325939977
201801067478.0,Not much,Came about naturally,Rep/Lean Rep,Conservative,50-64,Some College,0.3348347985379153
201801067608.0,Not much,Not sure,Rep/Lean Rep,Moderate,30-49,Some College,1.3410488384611658
201801067655.0,A lot,Came about naturally,Rep/Lean Rep,Very conservative,50-64,Some College,0.5602191584980439
201801067784.0,A lot,Not sure,Rep/Lean Rep,Moderate,50-64,College graduate+,0.28251322956727914
201801067786.0,Not much,Came about naturally,Rep/Lean Rep,Conservative,30-49,Some College,1.3410488384611658
201801067788.0,Some,Came about naturally,Rep/Lean Rep,Conservative,18-29,College graduate+,0.4898943456222849
201801067793.0,None at all,Not sure,Dem/Lean Dem,Moderate,50-64,Some College,0.41142025632333457
201801067856.0,Not much,Came about naturally,Dem/Lean Dem,Moderate,18-29,College graduate+,0.5914753424167881
201801067880.0,A lot,Was developed intentionally in a lab,Rep/Lean Rep,Very conservative,30-49,College graduate+,0.3770680651345172
201801067912.0,Some,Came about naturally,Dem/Lean Dem,Very liberal,65+,College graduate+,0.22748396859865705
201801067930.0,Not much,Was developed intentionally in a lab,Rep/Lean Rep,Very conservative,50-64,College graduate+,0.2585335737324687
201801067990.0,None at all,Was made accidentally in a lab,Rep/Lean Rep,Conservative,50-64,College graduate+,0.2585335737324687
201801068005.0,Some,Not sure,Rep/Lean Rep,Very conservative,18-29,Some College,3.172427993899287
201801068009.0,A lot,Not sure,Dem/Lean Dem,Liberal,18-29,Some College,2.3929645077270103
201801068056.0,Some,Came about naturally,Dem/Lean Dem,Liberal,18-29,H.S. graduate or less,3.100967297802381
201801068069.0,None at all,Came about naturally,Dem/Lean Dem,Moderate,50-64,Some College,0.23906492073416338
201801068263.0,None at all,Was developed intentionally in a lab,Rep/Lean Rep,Moderate,18-29,Some College,1.7652936871613778
201801068270.0,Not much,Not sure,Dem/Lean Dem,Moderate,50-64,Some College,0.9281094596989943
201801068360.0,None at all,Came about naturally,Dem/Lean Dem,Liberal,50-64,College graduate+,0.4190332131081812
201801068366.0,Some,Not sure,Rep/Lean Rep,Moderate,30-49,Some College,0.5466726303848976
201801068450.0,Not much,Not sure,Rep/Lean Rep,Conservative,50-64,College graduate+,0.7648947332943645
201801068577.0,Some,Not sure,Dem/Lean Dem,Liberal,30-49,Some College,0.4681470215728077
201801068635.0,A lot,Came about naturally,Rep/Lean Rep,Very conservative,65+,Some College,1.1910849790118874
201801068636.0,Some,Came about naturally,Dem/Lean Dem,Liberal,18-29,Some College,3.9878938888660547
201801068669.0,Not much,Was developed intentionally in a lab,Dem/Lean Dem,Moderate,50-64,H.S. graduate or less,3.1627225566474912
201801068732.0,Some,Not sure,Rep/Lean Rep,Conservative,50-64,H.S. graduate or less,2.0976586621060616
201801068736.0,A lot,Was made accidentally in a lab,Rep/Lean Rep,Moderate,18-29,College graduate+,0.8496005380876587
201801068820.0,Not much,Came about naturally,Dem/Lean Dem,Moderate,30-49,H.S. graduate or less,6.015207539965396
201801068838.0,Some,Came about naturally,Dem/Lean Dem,Liberal,18-29,Some College,3.4954706116306458
201801069017.0,Some,Not sure,Rep/Lean Rep,Moderate,18-29,H.S. graduate or less,2.6759686019753453
201801069022.0,None at all,Came about naturally,Dem/Lean Dem,Liberal,65+,College graduate+,0.27472252543231557
201801069121.0,Some,Came about naturally,Dem/Lean Dem,Moderate,30-49,H.S. graduate or less,6.50915456080241
201801069122.0,Some,Not sure,Dem/Lean Dem,Conservative,65+,Some College,0.7246498337278419
201801069208.0,Not much,Not sure,Dem/Lean Dem,Liberal,30-49,H.S. graduate or less,5.409791746123207
201801069222.0,Some,Came about naturally,Rep/Lean Rep,Moderate,50-64,Some College,0.6516617445732911
201801069313.0,Not much,Came about naturally,Rep/Lean Rep,Liberal,50-64,College graduate+,0.3713983742887386
201801069434.0,Not much,Came about naturally,Dem/Lean Dem,Very liberal,18-29,Some College,0.5605856375113468
201801069441.0,Not much,Came about naturally,Rep/Lean Rep,Moderate,18-29,College graduate+,0.47812055176334556
201801069447.0,Not much,Came about naturally,Dem/Lean Dem,Moderate,50-64,College graduate+,0.3633893793375663
201801069511.0,Some,Came about naturally,Rep/Lean Rep,Conservative,50-64,H.S. graduate or less,0.8982950560160008
201801069540.0,Not much,Came about naturally,Rep/Lean Rep,Conservative,50-64,College graduate+,0.25324416642659153
201801069577.0,Some,Came about naturally,Rep/Lean Rep,Conservative,50-64,Some College,1.305512644292203
201801069656.0,None at all,Not sure,Dem/Lean Dem,Refused,50-64,Some College,2.6727420031976887
201801069682.0,A lot,Came about naturally,Dem/Lean Dem,Very liberal,18-29,H.S. graduate or less,6.501278698848068
201801069706.0,Some,Came about naturally,Rep/Lean Rep,Liberal,18-29,College graduate+,0.42287384417946255
201801069734.0,Some,Came about naturally,Rep/Lean Rep,Moderate,65+,College graduate+,0.6556272442174347
201801069769.0,Some,Not sure,Dem/Lean Dem,Very conservative,50-64,Some College,1.072225577851902
201801069783.0,Not much,Came about naturally,Dem/Lean Dem,Moderate,50-64,College graduate+,0.311355227513849
201801069803.0,Some,Came about naturally,Rep/Lean Rep,Moderate,18-29,Some College,7.255214895743514
201801069821.0,A lot,Came about naturally,Dem/Lean Dem,Very liberal,18-29,Some College,3.4095774209084118
201801069831.0,A lot,Came about naturally,Dem/Lean Dem,Liberal,18-29,College graduate+,0.38208000701856953
201801069883.0,Some,Came about naturally,Rep/Lean Rep,Moderate,50-64,College graduate+,0.3590578667638715
201801069894.0,None at all,Not sure,Dem/Lean Dem,Liberal,30-49,Some College,0.4314623007842509
201801069954.0,None at all,Was developed intentionally in a lab,Dem/Lean Dem,Moderate,50-64,H.S. graduate or less,7.1010718758599545
201801069991.0,Some,Came about naturally,Rep/Lean Rep,Conservative,30-49,College graduate+,0.5750624580553446
201801069995.0,Some,Not sure,Rep/Lean Rep,Conservative,50-64,Some College,0.6381563021785197
201801070062.0,None at all,Came about naturally,Rep/Lean Rep,Moderate,50-64,College graduate+,0.24948054396811553
201801070144.0,Not much,Came about naturally,Dem/Lean Dem,Liberal,65+,College graduate+,0.8965845966101694
201801070175.0,Some,Was developed intentionally in a lab,Rep/Lean Rep,Very liberal,30-49,H.S. graduate or less,2.5997306276581327
201801070178.0,None at all,Was developed intentionally in a lab,Dem/Lean Dem,Moderate,50-64,Some College,0.2692229282588516
201801070185.0,None at all,Not sure,Dem/Lean Dem,Liberal,18-29,H.S. graduate or less,3.0577759022625584
201801070194.0,Not much,Not sure,DK/Refused/No lean,Moderate,50-64,Some College,0.37227914890079805
201801070285.0,Not much,Not sure,Dem/Lean Dem,Moderate,50-64,College graduate+,0.4438946745073741
201801070376.0,Some,Not sure,Dem/Lean Dem,Moderate,30-49,Some College,0.9439618949334257
201801070404.0,Some,Came about naturally,Dem/Lean Dem,Moderate,50-64,College graduate+,0.3159883236298551
201801070416.0,Some,Came about naturally,Dem/Lean Dem,Liberal,18-29,Some College,2.6591363960621845
201801070419.0,Not much,Not sure,Rep/Lean Rep,Conservative,50-64,Some College,1.200326747936806
201801070459.0,Not much,Not sure,Dem/Lean Dem,Liberal,30-49,Some College,1.0721981166188104
201801070466.0,Some,Came about naturally,Dem/Lean Dem,Liberal,18-29,College graduate+,2.0136594954972606
201801070495.0,None at all,Came about naturally,Dem/Lean Dem,Liberal,50-64,H.S. graduate or less,2.5749531176797915
201801070547.0,Some,Came about naturally,Dem/Lean Dem,Liberal,50-64,College graduate+,0.2830640019530668
201801070549.0,None at all,Not sure,Rep/Lean Rep,Conservative,30-49,Some College,1.8569403658090273
201801070574.0,Some,Came about naturally,Dem/Lean Dem,Moderate,50-64,Some College,0.26548835537889454
201801070664.0,Not much,Was developed intentionally in a lab,Rep/Lean Rep,Conservative,65+,College graduate+,0.5803723633964334
201801070706.0,Not much,Was developed intentionally in a lab,Rep/Lean Rep,Conservative,50-64,Some College,1.8131701361525148
201801070745.0,None at all,Came about naturally,Dem/Lean Dem,Liberal,50-64,College graduate+,0.6466216080563957
201801070769.0,Some,Came about naturally,Dem/Lean Dem,Moderate,50-64,College graduate+,0.8122263819792181
201801070773.0,Not much,Came about naturally,Dem/Lean Dem,Liberal,50-64,College graduate+,0.41844765124830724
201801070839.0,None at all,Came about naturally,Dem/Lean Dem,Conservative,30-49,College graduate+,1.8569546463151247
201801070942.0,Not much,Was developed intentionally in a lab,Rep/Lean Rep,Very conservative,18-29,Some College,3.114928190296739
201801070979.0,Some,Came about naturally,Rep/Lean Rep,Conservative,65+,College graduate+,0.6556272442174347
201801070984.0,None at all,Not sure,Rep/Lean Rep,Conservative,50-64,College graduate+,0.5093639646895178
201801070996.0,Not much,Came about naturally,Dem/Lean Dem,Moderate,18-29,College graduate+,1.1849391429379008
201801071113.0,Not much,Came about naturally,Dem/Lean Dem,Liberal,65+,College graduate+,0.731697566812459
201801071141.0,Some,Came about naturally,Dem/Lean Dem,Moderate,65+,College graduate+,0.4118632994549787
201801071199.0,Some,Was developed intentionally in a lab,Rep/Lean Rep,Moderate,30-49,H.S. graduate or less,0.9744527246123151
201801071206.0,Some,Was developed intentionally in a lab,Dem/Lean Dem,Very conservative,50-64,H.S. graduate or less,1.5097641381602929
201801071258.0,Not much,Came about naturally,DK/Refused/No lean,Refused,50-64,Some College,2.719001781818083
201801071270.0,Not much,Came about naturally,Dem/Lean Dem,Very liberal,18-29,College graduate+,0.3173946588434713
201801071284.0,None at all,Came about naturally,Dem/Lean Dem,Liberal,50-64,College graduate+,0.2326032419849029
201801071289.0,Some,Came about naturally,Dem/Lean Dem,Very liberal,65+,Some College,0.36934720700493145
201801071384.0,None at all,Came about naturally,Dem/Lean Dem,Moderate,50-64,College graduate+,0.19190345833934808
201801071417.0,None at all,Came about naturally,Dem/Lean Dem,Liberal,18-29,College graduate+,0.6017944659976312
201801071436.0,Some,Came about naturally,Dem/Lean Dem,Liberal,18-29,Some College,0.9542141264023286
201801071437.0,Not much,Came about naturally,Dem/Lean Dem,Liberal,50-64,Some College,0.32280836041134475
201801071514.0,None at all,Not sure,Dem/Lean Dem,Liberal,65+,College graduate+,0.21076401771962838
201801071569.0,Some,Came about naturally,Dem/Lean Dem,Moderate,50-64,College graduate+,0.5756836274746054
201801071570.0,Not much,Not sure,Dem/Lean Dem,Moderate,18-29,Some College,1.856218713967939
201801071576.0,Not much,Not sure,Dem/Lean Dem,Moderate,50-64,Some College,0.6389560359646611
201801071600.0,Not much,Came about naturally,Dem/Lean Dem,Liberal,65+,College graduate+,0.21076401771962838
201801071658.0,A lot,Was developed intentionally in a lab,Rep/Lean Rep,Very conservative,65+,College graduate+,1.3459779805211984
201801071708.0,Not much,Came about naturally,Dem/Lean Dem,Moderate,30-49,College graduate+,0.5560577221339493
201801071740.0,A lot,Not sure,Dem/Lean Dem,Moderate,30-49,H.S. graduate or less,1.2464738348556292
201801071802.0,Some,Came about naturally,Dem/Lean Dem,Moderate,50-64,H.S. graduate or less,1.2556680471732384
201801071811.0,Not much,Was made accidentally in a lab,Dem/Lean Dem,Moderate,65+,College graduate+,0.49840964031823126
201801071852.0,Some,Came about naturally,Dem/Lean Dem,Moderate,18-29,H.S. graduate or less,7.487621221765812
201801071858.0,A lot,Came about naturally,Rep/Lean Rep,Conservative,30-49,College graduate+,1.50936871964961
201801071894.0,Not much,Was developed intentionally in a lab,Dem/Lean Dem,Conservative,30-49,Some College,7.487621221765812
201801071964.0,A lot,Refused,Dem/Lean Dem,Moderate,50-64,College graduate+,0.8393180069283974
201801071968.0,Some,Came about naturally,Rep/Lean Rep,Very conservative,65+,Some College,1.0409523878649471
201801072035.0,Not much,Came about naturally,Dem/Lean Dem,Liberal,65+,College graduate+,0.33123870823238416
201801072043.0,A lot,Came about naturally,Dem/Lean Dem,Moderate,30-49,College graduate+,0.5046752744340405
201801072056.0,Not much,Came about naturally,Dem/Lean Dem,Very liberal,50-64,Some College,0.44661595831531015
201801072110.0,None at all,Not sure,Dem/Lean Dem,Liberal,65+,Some College,0.3156760096714173
201801072201.0,Some,Came about naturally,Dem/Lean Dem,Liberal,65+,College graduate+,0.46454444474580187
201801072212.0,None at all,Came about naturally,Dem/Lean Dem,Moderate,65+,College graduate+,0.49840964031823126
201801072223.0,None at all,Came about naturally,Rep/Lean Rep,Conservative,65+,Some College,0.4395466327482392
201801072282.0,None at all,Came about naturally,Dem/Lean Dem,Very liberal,18-29,College graduate+,0.4132375995791776
201801072429.0,A lot,Came about naturally,Dem/Lean Dem,Moderate,65+,Some College,0.7280594116332648
201801072550.0,Some,Came about naturally,Rep/Lean Rep,Moderate,30-49,College graduate+,1.0963857569714308
201801072594.0,None at all,Came about naturally,Rep/Lean Rep,Moderate,50-64,College graduate+,0.7845618540474768
201801072663.0,Not much,Came about naturally,Rep/Lean Rep,Moderate,30-49,College graduate+,1.7218751980554643
201801072665.0,Not much,Was developed intentionally in a lab,Dem/Lean Dem,Liberal,65+,College graduate+,1.7192387896981913
201801072708.0,Not much,Came about naturally,Dem/Lean Dem,Liberal,30-49,College graduate+,0.4094636195140061
201801072729.0,Not much,Not sure,Dem/Lean Dem,Liberal,30-49,College graduate+,0.39618280167923603
201801072737.0,Not much,Came about naturally,Dem/Lean Dem,Moderate,30-49,College graduate+,0.564421767758407
201801072739.0,Not much,Came about naturally,Dem/Lean Dem,Moderate,30-49,Refused,0.9187661103460034
201801072978.0,Not much,Not sure,Dem/Lean Dem,Moderate,65+,College graduate+,0.21076401771962838
201801072979.0,Not much,Came about naturally,Dem/Lean Dem,Liberal,65+,College graduate+,0.46454444474580187
201801072983.0,None at all,Came about naturally,Dem/Lean Dem,Moderate,30-49,College graduate+,0.623273222186176
201801072994.0,None at all,Came about naturally,Dem/Lean Dem,Moderate,65+,College graduate+,0.4922906685250239
201801073024.0,None at all,Came about naturally,Dem/Lean Dem,Liberal,30-49,College graduate+,1.443943758989095
201801073107.0,Some,Came about naturally,Dem/Lean Dem,Liberal,30-49,College graduate+,0.8287624205320122
201801073137.0,None at all,Came about naturally,Dem/Lean Dem,Liberal,30-49,College graduate+,2.676020336109194
201801073163.0,Some,Was developed intentionally in a lab,Dem/Lean Dem,Liberal,18-29,College graduate+,0.3087111651605765
201801073192.0,Some,Came about naturally,Dem/Lean Dem,Very liberal,50-64,College graduate+,0.5986006925899936
201801073242.0,Not much,Came about naturally,Dem/Lean Dem,Conservative,30-49,College graduate+,1.4202546100630746
201801073245.0,None at all,Came about naturally,Dem/Lean Dem,Very liberal,18-29,Refused,0.9271575505111965
201801073254.0,Not much,Came about naturally,Dem/Lean Dem,Liberal,30-49,College graduate+,0.3680609800135317
201801073256.0,None at all,Was developed intentionally in a lab,Dem/Lean Dem,Moderate,30-49,College graduate+,1.5108157687322086
201801073355.0,None at all,Came about naturally,Dem/Lean Dem,Very liberal,65+,College graduate+,0.46454444474580187
201801073409.0,Not much,Came about naturally,Dem/Lean Dem,Moderate,50-64,Some College,0.44661595831531015
201801073423.0,Some,Came about naturally,Dem/Lean Dem,Liberal,30-49,College graduate+,0.5560577221339493
201801073436.0,Not much,Not sure,Dem/Lean Dem,Moderate,50-64,College graduate+,1.3821989314767666
201801073489.0,A lot,Was developed intentionally in a lab,Dem/Lean Dem,Liberal,18-29,H.S. graduate or less,2.6617542373913397
201801073544.0,Some,Came about naturally,Dem/Lean Dem,Moderate,50-64,Some College,0.6933105294642256
201801073604.0,Not much,Was developed intentionally in a lab,Dem/Lean Dem,Liberal,18-29,Some College,2.901925222073265
201801073635.0,Some,Came about naturally,Dem/Lean Dem,Moderate,65+,H.S. graduate or less,3.0385062858572724
201801073685.0,Some,Came about naturally,Dem/Lean Dem,Moderate,50-64,College graduate+,0.35516314946550476
201801073705.0,Not much,Came about naturally,Dem/Lean Dem,Very liberal,18-29,College graduate+,0.4985008756492245
201801073719.0,Not much,Was developed intentionally in a lab,Rep/Lean Rep,Very conservative,18-29,Some College,2.302765125131602
201801073727.0,Some,Came about naturally,Dem/Lean Dem,Liberal,30-49,College graduate+,1.0565457964925558
201801073730.0,Some,Not sure,Rep/Lean Rep,Conservative,50-64,College graduate+,0.3590266223903537
201801073742.0,Some,Came about naturally,Dem/Lean Dem,Moderate,18-29,College graduate+,0.8287624205320122
201801073745.0,Not much,Not sure,Dem/Lean Dem,Very liberal,18-29,Some College,2.2377745975209224
201801073787.0,Not much,Came about naturally,Dem/Lean Dem,Liberal,30-49,College graduate+,0.9009764727550814
201801073812.0,Not much,Came about naturally,Dem/Lean Dem,Moderate,30-49,College graduate+,0.5046752744340405
201801073819.0,Some,Came about naturally,Dem/Lean Dem,Liberal,50-64,Some College,0.7281871068970674
201801073850.0,A lot,Came about naturally,Dem/Lean Dem,Moderate,18-29,H.S. graduate or less,7.487621221765812
201801073865.0,Some,Not sure,Rep/Lean Rep,Moderate,50-64,College graduate+,0.2794078015644768
201801073873.0,Not much,Came about naturally,Dem/Lean Dem,Moderate,50-64,College graduate+,0.8276342122978289
201801073934.0,Some,Was developed intentionally in a lab,Dem/Lean Dem,Liberal,30-49,College graduate+,2.3423676481208697
201801073970.0,Some,Was developed intentionally in a lab,Dem/Lean Dem,Moderate,30-49,College graduate+,0.5756836274746054
201801074050.0,Not much,Came about naturally,Rep/Lean Rep,Moderate,65+,College graduate+,0.33601452973273005
201801074171.0,Some,Came about naturally,Dem/Lean Dem,Liberal,50-64,College graduate+,0.3604661726981481
201801074332.0,Not much,Came about naturally,Dem/Lean Dem,Moderate,30-49,H.S. graduate or less,0.9915887300358086
201801074456.0,Some,Came about naturally,Rep/Lean Rep,Moderate,50-64,College graduate+,0.9815117648794769
201801074535.0,Some,Was made accidentally in a lab,Dem/Lean Dem,Liberal,18-29,College graduate+,0.5929670707328212
201801074536.0,Not much,Came about naturally,Dem/Lean Dem,Liberal,18-29,College graduate+,1.2132583795451433
201801074624.0,Not much,Came about naturally,Dem/Lean Dem,Moderate,65+,Some College,0.4159413386662691
201801074678.0,Some,Not sure,Rep/Lean Rep,Very conservative,30-49,H.S. graduate or less,1.1245773782071746
201801074694.0,Not much,Came about naturally,Dem/Lean Dem,Moderate,65+,H.S. graduate or less,1.234305570793353
201801074774.0,A lot,Was developed intentionally in a lab,Rep/Lean Rep,Conservative,50-64,H.S. graduate or less,4.608752408049981
201801074829.0,Not much,Was developed intentionally in a lab,Rep/Lean Rep,Moderate,50-64,H.S. graduate or less,1.4226089841142828
201801074871.0,Not much,Came about naturally,Dem/Lean Dem,Moderate,30-49,College graduate+,0.3604661726981481
201801074876.0,Some,Came about naturally,Dem/Lean Dem,Liberal,65+,College graduate+,0.35631151696197294
201801075004.0,Some,Came about naturally,Rep/Lean Rep,Very conservative,50-64,College graduate+,0.438574982049602
201801075011.0,Not much,Came about naturally,Dem/Lean Dem,Liberal,65+,College graduate+,0.22715185013424252
201801075012.0,Some,Came about naturally,Dem/Lean Dem,Very liberal,65+,College graduate+,0.3861845373601605
201801075089.0,Not much,Not sure,DK/Refused/No lean,Moderate,18-29,College graduate+,0.4985008756492245
201801075091.0,Not much,Not sure,Dem/Lean Dem,Very liberal,50-64,College graduate+,0.5756836274746054
201801075175.0,Some,Came about naturally,Dem/Lean Dem,Liberal,50-64,College graduate+,0.3604661726981481
201801075224.0,Some,Came about naturally,Dem/Lean Dem,Moderate,65+,Some College,0.4460543749406909
201801075254.0,None at all,Was made accidentally in a lab,Rep/Lean Rep,Conservative,65+,College graduate+,0.322261998860181
201801075259.0,None at all,Came about naturally,Dem/Lean Dem,Liberal,50-64,College graduate+,1.114350689041537
201801075270.0,Refused,Came about naturally,Dem/Lean Dem,Very liberal,30-49,College graduate+,0.4985008756492245
201801075279.0,Not much,Not sure,Dem/Lean Dem,Very liberal,65+,College graduate+,0.35631151696197294
201801075331.0,A lot,Came about naturally,Rep/Lean Rep,Conservative,65+,College graduate+,1.008594869048371
201801075338.0,None at all,Not sure,DK/Refused/No lean,Conservative,50-64,Some College,1.7337975742034444
201801075339.0,Some,Came about naturally,Rep/Lean Rep,Conservative,65+,Some College,0.4395466327482392
201801075345.0,Not much,Was made accidentally in a lab,Rep/Lean Rep,Moderate,50-64,H.S. graduate or less,2.0948655953414
201801075436.0,Not much,Came about naturally,Dem/Lean Dem,Very liberal,18-29,College graduate+,0.3566962885931554
201801075501.0,Some,Was made accidentally in a lab,Rep/Lean Rep,Conservative,50-64,Some College,0.44661595831531015
201801075525.0,Not much,Not sure,Rep/Lean Rep,Moderate,65+,Some College,0.5593007414082611
201801075531.0,Not much,Not sure,DK/Refused/No lean,Moderate,50-64,College graduate+,0.8393180069283974
201801075534.0,Some,Came about naturally,Dem/Lean Dem,Very liberal,65+,College graduate+,0.5044924727822367
201801075543.0,Some,Not sure,Rep/Lean Rep,Moderate,50-64,Some College,0.7153199228672429
201801075613.0,Some,Not sure,Dem/Lean Dem,Moderate,50-64,College graduate+,0.8981305082519752
201801075634.0,Some,Came about naturally,Dem/Lean Dem,Moderate,50-64,College graduate+,0.9478044964521857
201801075650.0,Not much,Came about naturally,Rep/Lean Rep,Conservative,30-49,College graduate+,0.6281830345909123
201801075662.0,Not much,Came about naturally,Dem/Lean Dem,Refused,65+,College graduate+,0.3102736150023319
201801075681.0,Not much,Came about naturally,Dem/Lean Dem,Conservative,65+,College graduate+,0.8662433499081292
201801075754.0,Refused,Refused,Rep/Lean Rep,Conservative,50-64,Some College,2.2969174494608633
201801075769.0,Not much,Came about naturally,Dem/Lean Dem,Liberal,65+,College graduate+,0.37995031658406214
201801075826.0,None at all,Came about naturally,Dem/Lean Dem,Liberal,65+,Some College,0.24959938197528644
201801075883.0,None at all,Came about naturally,Dem/Lean Dem,Liberal,65+,Some College,1.8658321765556394
201801075887.0,Some,Not sure,Dem/Lean Dem,Liberal,30-49,Some College,2.4693564591371087
201801075912.0,Some,Not sure,Dem/Lean Dem,Moderate,50-64,Some College,0.45518808978161196
201801075946.0,Not much,Was made accidentally in a lab,Rep/Lean Rep,Moderate,30-49,College graduate+,0.4985008756492245
201801075948.0,None at all,Came about naturally,Rep/Lean Rep,Moderate,50-64,College graduate+,0.2794078015644768
201801075973.0,Not much,Came about naturally,Dem/Lean Dem,Very liberal,65+,College graduate+,0.49840964031823126
201801075984.0,Some,Came about naturally,Rep/Lean Rep,Moderate,30-49,College graduate+,1.1869519678673248
201801076049.0,Not much,Came about naturally,Dem/Lean Dem,Moderate,50-64,College graduate+,1.0326075754018684
201801076051.0,Not much,Came about naturally,Dem/Lean Dem,Moderate,50-64,Some College,0.8149049552646501
201801076125.0,Not much,Came about naturally,Dem/Lean Dem,Moderate,50-64,Some College,1.8561850483685445
201801076128.0,Some,Was developed intentionally in a lab,Rep/Lean Rep,Moderate,30-49,College graduate+,0.5318404683341534
201801076138.0,Not much,Came about naturally,Dem/Lean Dem,Liberal,50-64,College graduate+,0.568235401618726
201801076144.0,Not much,Came about naturally,Rep/Lean Rep,Very conservative,50-64,College graduate+,0.6504421327801689
201801076154.0,None at all,Not sure,DK/Refused/No lean,Moderate,50-64,Some College,0.5199813182293663
201801076155.0,Not much,Came about naturally,Rep/Lean Rep,Moderate,30-49,College graduate+,0.6281830345909123
201801076175.0,Not much,Came about naturally,Rep/Lean Rep,Conservative,65+,College graduate+,0.24960377457431507
201801076181.0,None at all,Came about naturally,Dem/Lean Dem,Liberal,30-49,College graduate+,0.39618280167923603
201801076190.0,Not much,Came about naturally,Dem/Lean Dem,Liberal,65+,College graduate+,0.21076401771962838
201801076285.0,None at all,Was developed intentionally in a lab,Dem/Lean Dem,Very liberal,30-49,H.S. graduate or less,1.6634774886230972
201801076294.0,A lot,Was developed intentionally in a lab,Rep/Lean Rep,Refused,30-49,H.S. graduate or less,6.4266905001131365
201801076321.0,Some,Came about naturally,Dem/Lean Dem,Liberal,65+,College graduate+,0.35631151696197294
201801076350.0,Some,Was developed intentionally in a lab,Dem/Lean Dem,Moderate,30-49,Some College,0.6389560359646611
201801076361.0,None at all,Came about naturally,Dem/Lean Dem,Liberal,50-64,College graduate+,0.21372520590383698
201801076365.0,Some,Came about naturally,Rep/Lean Rep,Conservative,50-64,Some College,1.1990814456641152
201801076374.0,Not much,Came about naturally,Dem/Lean Dem,Liberal,50-64,College graduate+,0.3604661726981481
201801076381.0,A lot,Was developed intentionally in a lab,Dem/Lean Dem,Conservative,30-49,College graduate+,2.2910564715680724
201801076385.0,None at all,Came about naturally,Dem/Lean Dem,Moderate,65+,College graduate+,0.28681393797046795
201801076403.0,None at all,Came about naturally,Dem/Lean Dem,Moderate,30-49,College graduate+,0.9951624194771868
201801076405.0,Not much,Came about naturally,Rep/Lean Rep,Moderate,50-64,College graduate+,0.3150121705907403
201801076421.0,None at all,Not sure,Dem/Lean Dem,Very liberal,30-49,College graduate+,4.832345930400507
201801076424.0,Not much,Came about naturally,Rep/Lean Rep,Moderate,50-64,H.S. graduate or less,3.098860592531083
201801076454.0,Some,Not sure,Dem/Lean Dem,Moderate,18-29,College graduate+,1.1869519678673248
201801076457.0,None at all,Came about naturally,Rep/Lean Rep,Conservative,30-49,College graduate+,0.6504421327801689
201801076501.0,Not much,Came about naturally,Dem/Lean Dem,Very liberal,30-49,College graduate+,0.21163227286552688
201801076561.0,Some,Came about naturally,Dem/Lean Dem,Moderate,18-29,College graduate+,0.9984182967299882
201801076563.0,Some,Came about naturally,Dem/Lean Dem,Moderate,65+,H.S. graduate or less,2.9913422677683332
201801076564.0,Some,Came about naturally,Dem/Lean Dem,Moderate,65+,College graduate+,0.7835937140637138
201801076714.0,Not much,Came about naturally,Dem/Lean Dem,Very liberal,50-64,Some College,1.0712336271848564
201801076757.0,A lot,Not sure,Rep/Lean Rep,Conservative,30-49,College graduate+,0.6504421327801689
201801076775.0,Not much,Came about naturally,Dem/Lean Dem,Liberal,65+,College graduate+,0.35631151696197294
201801076794.0,None at all,Came about naturally,Rep/Lean Rep,Conservative,50-64,College graduate+,0.6504421327801689
201801076847.0,None at all,Came about naturally,Dem/Lean Dem,Moderate,50-64,Some College,1.185094318141472
201801076947.0,Not much,Came about naturally,Rep/Lean Rep,Moderate,65+,Some College,1.3401147641644713
201801076984.0,A lot,Not sure,Rep/Lean Rep,Very conservative,65+,College graduate+,0.6276504556073149
201801077002.0,Not much,Not sure,Rep/Lean Rep,Liberal,50-64,College graduate+,0.2911490457684703
201801077014.0,None at all,Came about naturally,Dem/Lean Dem,Liberal,30-49,College graduate+,0.3680609800135317
201801077041.0,Not much,Came about naturally,Dem/Lean Dem,Liberal,65+,College graduate+,0.21076401771962838
201801077052.0,Not much,Came about naturally,Dem/Lean Dem,Very liberal,30-49,College graduate+,0.5158848355642376
201801077098.0,None at all,Not sure,Dem/Lean Dem,Moderate,50-64,College graduate+,0.3590266223903537
201801077111.0,Some,Came about naturally,Dem/Lean Dem,Liberal,65+,College graduate+,0.49840964031823126
201801077133.0,Not much,Was made accidentally in a lab,Rep/Lean Rep,Moderate,18-29,Some College,0.4493142700191653
201801077164.0,None at all,Not sure,Dem/Lean Dem,Moderate,50-64,H.S. graduate or less,1.4503823067684314
201801077234.0,Not much,Came about naturally,Dem/Lean Dem,Liberal,30-49,College graduate+,0.8598681241907115
201801077248.0,Some,Came about naturally,Dem/Lean Dem,Liberal,50-64,Some College,0.4849075735898682
201801077276.0,Some,Was developed intentionally in a lab,Rep/Lean Rep,Very conservative,30-49,College graduate+,0.6044722934748281
201801077284.0,Some,Was developed intentionally in a lab,Rep/Lean Rep,Conservative,30-49,Some College,0.6950655439825181
201801077294.0,None at all,Not sure,Rep/Lean Rep,Conservative,50-64,Some College,1.2221057231890924
201801077422.0,Some,Came about naturally,Rep/Lean Rep,Conservative,50-64,College graduate+,0.3271834868358548
201801077586.0,Some,Was developed intentionally in a lab,Dem/Lean Dem,Moderate,50-64,College graduate+,0.8393180069283974
201801077650.0,Some,Came about naturally,Dem/Lean Dem,Very liberal,50-64,College graduate+,0.4720559893154756
201801077699.0,Not much,Came about naturally,Dem/Lean Dem,Liberal,50-64,H.S. graduate or less,1.7164932762680674
201801077748.0,Some,Came about naturally,Dem/Lean Dem,Liberal,30-49,College graduate+,0.39618280167923603
201801077832.0,Some,Came about naturally,Dem/Lean Dem,Moderate,50-64,College graduate+,0.5046752744340405
201801077868.0,None at all,Came about naturally,Dem/Lean Dem,Liberal,65+,College graduate+,0.8292267917270667
201801077953.0,Not much,Came about naturally,DK/Refused/No lean,Moderate,50-64,College graduate+,0.3590266223903537
201801078151.0,Not much,Was developed intentionally in a lab,Rep/Lean Rep,Very conservative,65+,Some College,1.1787791609470277
201801078154.0,None at all,Was developed intentionally in a lab,Dem/Lean Dem,Moderate,50-64,H.S. graduate or less,1.2333890867241137
201801078198.0,Some,Not sure,Rep/Lean Rep,Very conservative,30-49,Some College,0.9495100887271253
201801078244.0,Not much,Not sure,Rep/Lean Rep,Conservative,30-49,College graduate+,1.0846681900746984
201801078289.0,Not much,Was developed intentionally in a lab,Dem/Lean Dem,Liberal,50-64,Some College,1.2037277314680808
201801078323.0,None at all,Came about naturally,Dem/Lean Dem,Liberal,65+,College graduate+,0.21076401771962838
201801078350.0,Not much,Came about naturally,Rep/Lean Rep,Very conservative,65+,H.S. graduate or less,1.1587133938555438
201801078390.0,A lot,Came about naturally,Rep/Lean Rep,Moderate,65+,H.S. graduate or less,4.005505496966676
201801078396.0,Some,Came about naturally,Dem/Lean Dem,Liberal,65+,College graduate+,0.46454444474580187
201801078553.0,None at all,Came about naturally,Dem/Lean Dem,Moderate,30-49,College graduate+,1.204549813731293
201801078690.0,Not much,Came about naturally,Rep/Lean Rep,Conservative,50-64,College graduate+,0.7548912523228709
201801078704.0,Some,Came about naturally,Dem/Lean Dem,Liberal,65+,Some College,0.4395466327482392
201801078773.0,Some,Was developed intentionally in a lab,Rep/Lean Rep,Moderate,50-64,H.S. graduate or less,0.6237250409636775
201801079059.0,Not much,Not sure,Dem/Lean Dem,Liberal,30-49,College graduate+,1.5006196867134383
201801079062.0,Not much,Came about naturally,Rep/Lean Rep,Conservative,50-64,College graduate+,0.3271834868358548
201801079121.0,Some,Was developed intentionally in a lab,Dem/Lean Dem,Very liberal,30-49,College graduate+,1.3547755937295465
201801079137.0,Not much,Came about naturally,Rep/Lean Rep,Conservative,65+,Some College,1.4046846332993161
201801079141.0,Some,Was made accidentally in a lab,Rep/Lean Rep,Very conservative,65+,Some College,0.49575414368839404
201801079157.0,Some,Came about naturally,Rep/Lean Rep,Conservative,50-64,H.S. graduate or less,0.8190050972563193
201801079278.0,None at all,Came about naturally,DK/Refused/No lean,Moderate,65+,Some College,0.4395466327482392
201801079322.0,Not much,Not sure,Rep/Lean Rep,Conservative,65+,H.S. graduate or less,3.454567688929445
201801079340.0,None at all,Came about naturally,Dem/Lean Dem,Moderate,65+,College graduate+,0.2843329658303863
201801079414.0,Not much,Came about naturally,Rep/Lean Rep,Moderate,50-64,Some College,0.47289741162903826
201801079435.0,Some,Was developed intentionally in a lab,Rep/Lean Rep,Moderate,50-64,College graduate+,0.3271834868358548
201801079502.0,None at all,Came about naturally,Dem/Lean Dem,Liberal,50-64,Some College,0.6933105294642256
201801079514.0,Not much,Came about naturally,Dem/Lean Dem,Liberal,65+,College graduate+,0.35631151696197294
201801079611.0,Some,Was made accidentally in a lab,Rep/Lean Rep,Moderate,65+,Some College,1.4046846332993161
201801079662.0,Not much,Came about naturally,Dem/Lean Dem,Moderate,65+,College graduate+,0.31249892586061895
201801079675.0,Some,Not sure,Dem/Lean Dem,Moderate,30-49,Some College,0.6911591139838653
201801079688.0,None at all,Came about naturally,Dem/Lean Dem,Very liberal,18-29,College graduate+,0.19318494577229675
201801079728.0,Not much,Came about naturally,Dem/Lean Dem,Liberal,65+,H.S. graduate or less,3.044912618603031
201801079775.0,Some,Came about naturally,Rep/Lean Rep,Moderate,65+,College graduate+,0.2228900847276511
201801079787.0,None at all,Was developed intentionally in a lab,Dem/Lean Dem,Very liberal,18-29,College graduate+,0.8287624205320122
201801079895.0,Some,Came about naturally,Dem/Lean Dem,Very liberal,65+,Some College,0.4395466327482392
201801079900.0,Not much,Not sure,Rep/Lean Rep,Conservative,30-49,Some College,1.406532678642433
201801079917.0,Not much,Came about naturally,Dem/Lean Dem,Very conservative,50-64,College graduate+,0.2952924555058369
201801079968.0,Some,Was made accidentally in a lab,Rep/Lean Rep,Very conservative,65+,H.S. graduate or less,1.3756634201385982
201801080037.0,Not much,Came about naturally,Dem/Lean Dem,Liberal,65+,Some College,0.9779979339620597
201801080062.0,None at all,Came about naturally,Dem/Lean Dem,Very liberal,65+,College graduate+,0.21076401771962838
201801080084.0,Not much,Came about naturally,Dem/Lean Dem,Very liberal,65+,College graduate+,0.21076401771962838
201801080085.0,Some,Came about naturally,Rep/Lean Rep,Conservative,65+,College graduate+,0.28681393797046795
201801080110.0,Some,Not sure,Dem/Lean Dem,Very liberal,65+,College graduate+,0.28681393797046795
201801080146.0,Some,Was developed intentionally in a lab,Rep/Lean Rep,Conservative,30-49,Some College,2.9653484548674522
201801080258.0,Not much,Came about naturally,Rep/Lean Rep,Moderate,30-49,H.S. graduate or less,1.9357481537520014
201801080307.0,A lot,Was developed intentionally in a lab,Rep/Lean Rep,Moderate,50-64,Some College,1.252492648163948
201801080347.0,None at all,Came about naturally,Dem/Lean Dem,Moderate,50-64,College graduate+,0.3604661726981481
201801080380.0,None at all,Came about naturally,Dem/Lean Dem,Liberal,50-64,College graduate+,0.5895379020250633
201801080531.0,Not much,Came about naturally,Dem/Lean Dem,Very liberal,65+,College graduate+,0.46454444474580187
201801080542.0,Some,Came about naturally,Rep/Lean Rep,Conservative,65+,Some College,1.1787791609470277
201801080556.0,Not much,Came about naturally,Dem/Lean Dem,Moderate,30-49,College graduate+,0.6002419640274912
201801080559.0,Not much,Was developed intentionally in a lab,Dem/Lean Dem,Conservative,30-49,College graduate+,0.7781530913611127
201801080718.0,Some,Came about naturally,Dem/Lean Dem,Liberal,18-29,College graduate+,0.5459425965914381
201801080769.0,Not much,Came about naturally,Rep/Lean Rep,Conservative,65+,College graduate+,1.1338177594841978
201801080871.0,Some,Came about naturally,Dem/Lean Dem,Very liberal,18-29,College graduate+,0.4473873381643575
201801080959.0,Not much,Not sure,Dem/Lean Dem,Liberal,30-49,College graduate+,1.6734226736365534
201801080969.0,A lot,Came about naturally,Dem/Lean Dem,Liberal,30-49,College graduate+,1.463516869218307
201801081003.0,Some,Came about naturally,Dem/Lean Dem,Very liberal,30-49,College graduate+,0.39618280167923603
201801081020.0,Not much,Came about naturally,Dem/Lean Dem,Liberal,30-49,College graduate+,0.39618280167923603
201801081022.0,None at all,Not sure,Dem/Lean Dem,Very liberal,65+,College graduate+,0.46454444474580187
201801081041.0,A lot,Came about naturally,Rep/Lean Rep,Conservative,18-29,College graduate+,1.231786196531388
201801081122.0,Not much,Came about naturally,Dem/Lean Dem,Very liberal,65+,College graduate+,0.8292267917270667
201801081135.0,Not much,Came about naturally,Dem/Lean Dem,Moderate,50-64,College graduate+,0.5046752744340405
201801081137.0,Some,Came about naturally,Dem/Lean Dem,Liberal,30-49,College graduate+,0.8287624205320122
201801081202.0,Not much,Came about naturally,Dem/Lean Dem,Liberal,18-29,College graduate+,0.8552506882821901
201801081253.0,None at all,Came about naturally,Dem/Lean Dem,Liberal,30-49,College graduate+,0.3604661726981481
201801081269.0,Some,Came about naturally,Dem/Lean Dem,Liberal,30-49,College graduate+,2.1456600833953736
201801081389.0,Not much,Was developed intentionally in a lab,DK/Refused/No lean,Liberal,30-49,College graduate+,0.559811548462356
201801081476.0,Some,Not sure,Dem/Lean Dem,Liberal,65+,Some College,0.9779979339620597
201801081843.0,Not much,Came about naturally,Dem/Lean Dem,Liberal,50-64,College graduate+,2.6750567046567917
201801081908.0,None at all,Not sure,Dem/Lean Dem,Liberal,50-64,Some College,0.30186749854373124
201801081910.0,Not much,Came about naturally,Rep/Lean Rep,Moderate,50-64,Some College,1.058831702952206
201801081949.0,None at all,Came about naturally,Dem/Lean Dem,Liberal,50-64,College graduate+,0.4094636195140061
201801082007.0,None at all,Came about naturally,Dem/Lean Dem,Very liberal,65+,College graduate+,0.35631151696197294
201801082040.0,None at all,Refused,Dem/Lean Dem,Liberal,65+,College graduate+,0.21076401771962838
201801082102.0,Some,Was developed intentionally in a lab,Rep/Lean Rep,Conservative,65+,College graduate+,0.7424264215846899
201801082109.0,None at all,Came about naturally,Dem/Lean Dem,Very liberal,30-49,College graduate+,0.8598681241907115
201801082123.0,None at all,Not sure,Dem/Lean Dem,Moderate,65+,Some College,0.4460543749406909
201801082187.0,Some,Not sure,Rep/Lean Rep,Conservative,30-49,College graduate+,0.5697442350927874
201801082227.0,Some,Not sure,Dem/Lean Dem,Moderate,50-64,College graduate+,0.8393180069283974
201801082360.0,Some,Came about naturally,Dem/Lean Dem,Moderate,50-64,College graduate+,0.5046752744340405
201801082397.0,None at all,Came about naturally,Dem/Lean Dem,Moderate,50-64,College graduate+,0.2608297739508409
201801082597.0,Not much,Came about naturally,Dem/Lean Dem,Very liberal,18-29,College graduate+,0.8287624205320122
201801082624.0,Some,Not sure,Dem/Lean Dem,Very liberal,30-49,College graduate+,0.8287624205320122
201801082627.0,Not much,Was made accidentally in a lab,Rep/Lean Rep,Moderate,65+,H.S. graduate or less,4.125482050732067
201801082868.0,Some,Came about naturally,Dem/Lean Dem,Liberal,65+,College graduate+,0.46454444474580187
201801082941.0,Some,Came about naturally,Dem/Lean Dem,Liberal,30-49,College graduate+,0.39618280167923603
201801083071.0,Not much,Was developed intentionally in a lab,Dem/Lean Dem,Liberal,18-29,Some College,5.731940707713197
201801083195.0,None at all,Came about naturally,Dem/Lean Dem,Very liberal,30-49,College graduate+,1.07471899824056
201801083246.0,None at all,Came about naturally,Dem/Lean Dem,Liberal,30-49,College graduate+,0.6093099714833934
201801083252.0,Not much,Came about naturally,Dem/Lean Dem,Very liberal,30-49,College graduate+,0.8287624205320122
201801083276.0,Some,Came about naturally,Rep/Lean Rep,Very conservative,50-64,College graduate+,0.622700932114278
201801083296.0,Not much,Came about naturally,Dem/Lean Dem,Liberal,65+,College graduate+,0.31284884528338275
201801083305.0,Some,Came about naturally,Dem/Lean Dem,Very liberal,65+,Some College,1.057041978215693
201801083419.0,Some,Came about naturally,Dem/Lean Dem,Moderate,18-29,Some College,3.2050853028576047
201801083599.0,Some,Came about naturally,Dem/Lean Dem,Moderate,65+,College graduate+,0.28681393797046795
201801083748.0,Not much,Came about naturally,Dem/Lean Dem,Liberal,65+,College graduate+,0.46454444474580187
201801083766.0,Not much,Came about naturally,Dem/Lean Dem,Liberal,30-49,Some College,0.43822262183571187
201801083830.0,Some,Came about naturally,Dem/Lean Dem,Very liberal,50-64,College graduate+,0.4094636195140061
201801083964.0,None at all,Came about naturally,Dem/Lean Dem,Conservative,50-64,H.S. graduate or less,2.027762505118257
201801083973.0,Some,Was developed intentionally in a lab,Rep/Lean Rep,Conservative,50-64,Some College,1.1990814456641152
201801084067.0,Not much,Not sure,Rep/Lean Rep,Moderate,30-49,College graduate+,1.3319522555940575
201801084120.0,Not much,Came about naturally,Dem/Lean Dem,Liberal,50-64,College graduate+,0.5895379020250633
201801084160.0,Not much,Came about naturally,Dem/Lean Dem,Moderate,50-64,Some College,0.19868505459770897
201801084182.0,None at all,Was made accidentally in a lab,DK/Refused/No lean,Moderate,50-64,Some College,0.9902662396522154
201801084200.0,Some,Came about naturally,Rep/Lean Rep,Conservative,65+,College graduate+,0.27528040554863553
201801084211.0,Some,Came about naturally,Dem/Lean Dem,Liberal,65+,College graduate+,0.46454444474580187
201801084249.0,None at all,Came about naturally,Dem/Lean Dem,Liberal,18-29,College graduate+,0.3566962885931554
201801084308.0,Some,Not sure,Rep/Lean Rep,Very conservative,30-49,College graduate+,0.5046752744340405
201801084317.0,None at all,Came about naturally,Rep/Lean Rep,Moderate,50-64,Some College,0.7485789293081199
201801084345.0,Some,Was made accidentally in a lab,Rep/Lean Rep,Conservative,50-64,Some College,0.6389560359646611
201801084359.0,Not much,Came about naturally,Dem/Lean Dem,Moderate,50-64,College graduate+,0.4720559893154756
201801084445.0,Not much,Came about naturally,Rep/Lean Rep,Moderate,65+,College graduate+,0.7771280601127617
201801084531.0,Some,Came about naturally,Dem/Lean Dem,Moderate,65+,H.S. graduate or less,0.8474203542828977
201801084547.0,A lot,Came about naturally,Rep/Lean Rep,Conservative,30-49,College graduate+,0.6281830345909123
201801084555.0,Not much,Came about naturally,Rep/Lean Rep,Moderate,65+,College graduate+,0.49840964031823126
201801084571.0,Not much,Came about naturally,Dem/Lean Dem,Moderate,30-49,College graduate+,0.3680609800135317
201801084578.0,Not much,Came about naturally,Dem/Lean Dem,Very liberal,50-64,College graduate+,0.6862468353352078
201801084590.0,Not much,Came about naturally,Rep/Lean Rep,Moderate,30-49,College graduate+,1.3971229480264995
201801084596.0,Some,Came about naturally,Dem/Lean Dem,Moderate,18-29,Some College,2.262494124429989
201801084705.0,Some,Was made accidentally in a lab,Rep/Lean Rep,Moderate,30-49,Some College,0.7949549275407819
201801084711.0,None at all,Not sure,Dem/Lean Dem,Conservative,30-49,Some College,2.4047175832380114
201801084739.0,None at all,Came about naturally,Rep/Lean Rep,Conservative,30-49,H.S. graduate or less,1.7086703639829552
201801084822.0,Some,Not sure,Dem/Lean Dem,Moderate,65+,College graduate+,0.49840964031823126
201801084825.0,Not much,Not sure,Dem/Lean Dem,Very liberal,30-49,College graduate+,0.5560577221339493
201801084834.0,Not much,Came about naturally,Dem/Lean Dem,Moderate,65+,College graduate+,0.35631151696197294
201801084844.0,None at all,Not sure,Dem/Lean Dem,Very liberal,18-29,College graduate+,3.254074060298723
201801084871.0,Not much,Came about naturally,Dem/Lean Dem,Very liberal,50-64,College graduate+,0.4094636195140061
201801084899.0,Not much,Not sure,Dem/Lean Dem,Very conservative,18-29,H.S. graduate or less,7.487621221765812
201801084998.0,Not much,Was developed intentionally in a lab,DK/Refused/No lean,Moderate,50-64,College graduate+,0.3590266223903537
201801085032.0,Some,Was developed intentionally in a lab,Rep/Lean Rep,Very conservative,65+,Some College,1.0409523878649471
201801085041.0,Not much,Not sure,Dem/Lean Dem,Very liberal,65+,College graduate+,0.5044924727822367
201801085098.0,Some,Was developed intentionally in a lab,Dem/Lean Dem,Very liberal,50-64,College graduate+,0.4035297139437975
201801085112.0,Not much,Came about naturally,Dem/Lean Dem,Very liberal,65+,College graduate+,0.35631151696197294
201801085261.0,None at all,Came about naturally,Rep/Lean Rep,Moderate,30-49,College graduate+,1.5663991565020494
201801085279.0,Not much,Not sure,Rep/Lean Rep,Moderate,50-64,College graduate+,0.622700932114278
201801085292.0,Not much,Came about naturally,Dem/Lean Dem,Moderate,50-64,Some College,0.6389560359646611
201801085303.0,Some,Not sure,Dem/Lean Dem,Very liberal,30-49,College graduate+,0.8598681241907115
201801085349.0,Some,Came about naturally,Dem/Lean Dem,Moderate,65+,College graduate+,0.3806157073320202
201801085360.0,Some,Came about naturally,Dem/Lean Dem,Liberal,65+,Some College,0.4447388129668545
201801085369.0,Not much,Came about naturally,Dem/Lean Dem,Moderate,50-64,Some College,0.4849075735898682
201801085370.0,A lot,Came about naturally,Rep/Lean Rep,Conservative,30-49,College graduate+,0.7403787588829088
201801085379.0,Some,Was developed intentionally in a lab,Rep/Lean Rep,Conservative,50-64,Some College,1.2221057231890924
201801085394.0,Not much,Came about naturally,Dem/Lean Dem,Liberal,50-64,College graduate+,0.38920217152115405
201801085401.0,Some,Not sure,Rep/Lean Rep,Conservative,65+,College graduate+,0.7145672720788504
201801085439.0,None at all,Not sure,DK/Refused/No lean,Moderate,30-49,College graduate+,0.5560577221339493
201801085444.0,Not much,Came about naturally,Dem/Lean Dem,Liberal,65+,College graduate+,0.28681393797046795
201801085477.0,Some,Came about naturally,Dem/Lean Dem,Very liberal,30-49,College graduate+,0.3904571732970239
201801085478.0,None at all,Not sure,Rep/Lean Rep,Conservative,65+,College graduate+,0.28681393797046795
201801085554.0,Some,Came about naturally,Dem/Lean Dem,Moderate,30-49,College graduate+,0.3680609800135317
201801085559.0,Not much,Came about naturally,Dem/Lean Dem,Liberal,30-49,College graduate+,0.9281622945839936
201801085678.0,Not much,Was developed intentionally in a lab,Dem/Lean Dem,Very liberal,30-49,College graduate+,0.3566962885931554
201801085683.0,None at all,Came about naturally,Dem/Lean Dem,Moderate,30-49,Some College,0.5315478311932043
201801085687.0,Not much,Not sure,Dem/Lean Dem,Liberal,30-49,College graduate+,0.4473873381643575
201801085726.0,Not much,Came about naturally,Dem/Lean Dem,Very liberal,65+,College graduate+,0.49840964031823126
201801085731.0,Some,Was made accidentally in a lab,Rep/Lean Rep,Moderate,50-64,H.S. graduate or less,2.0948655953414
201801085832.0,Some,Was developed intentionally in a lab,Rep/Lean Rep,Refused,65+,College graduate+,0.5414927161496371
201801085837.0,None at all,Was developed intentionally in a lab,Dem/Lean Dem,Conservative,50-64,H.S. graduate or less,2.0948655953414
201801085850.0,Not much,Was developed intentionally in a lab,Rep/Lean Rep,Moderate,30-49,H.S. graduate or less,4.229583481827317
201801085914.0,None at all,Came about naturally,Dem/Lean Dem,Liberal,65+,College graduate+,0.8292267917270667
201801085928.0,None at all,Came about naturally,Dem/Lean Dem,Moderate,65+,College graduate+,0.6567529151301014
201801085969.0,A lot,Was developed intentionally in a lab,Rep/Lean Rep,Liberal,30-49,H.S. graduate or less,1.2051646930875668
201801086018.0,Not much,Came about naturally,Rep/Lean Rep,Conservative,65+,Some College,1.7365392743060761
201801086110.0,None at all,Came about naturally,Rep/Lean Rep,Very conservative,50-64,College graduate+,0.6677306377059066
201801086112.0,Some,Was developed intentionally in a lab,Rep/Lean Rep,Conservative,30-49,Some College,3.7346937794699673
201801086133.0,Not much,Came about naturally,Dem/Lean Dem,Very liberal,65+,College graduate+,0.35631151696197294
201801086138.0,Some,Was made accidentally in a lab,Dem/Lean Dem,Refused,18-29,Some College,1.9749539273220902
201801086141.0,Not much,Came about naturally,Dem/Lean Dem,Moderate,65+,Some College,0.7280594116332648
201801086151.0,None at all,Came about naturally,Dem/Lean Dem,Very liberal,65+,Some College,0.9779979339620597
201801086169.0,Some,Came about naturally,Rep/Lean Rep,Very conservative,50-64,College graduate+,0.8393180069283974
201801086209.0,Some,Not sure,Rep/Lean Rep,Moderate,65+,Some College,0.49575414368839404
201801086213.0,Not much,Came about naturally,Dem/Lean Dem,Liberal,65+,College graduate+,0.35631151696197294
201801086234.0,None at all,Came about naturally,Dem/Lean Dem,Liberal,50-64,College graduate+,0.5895379020250633
201801086256.0,Not much,Came about naturally,Rep/Lean Rep,Conservative,65+,College graduate+,0.6116394543741769
201801086316.0,Not much,Not sure,Rep/Lean Rep,Conservative,65+,Some College,1.4046846332993161
201801086329.0,Some,Was made accidentally in a lab,Rep/Lean Rep,Moderate,18-29,H.S. graduate or less,7.061247370897335
201801086385.0,Not much,Not sure,Rep/Lean Rep,Moderate,30-49,College graduate+,1.0846681900746984
201801086388.0,Some,Was developed intentionally in a lab,Rep/Lean Rep,Conservative,65+,College graduate+,0.8994276113977334
201801086389.0,Not much,Was developed intentionally in a lab,Rep/Lean Rep,Moderate,50-64,H.S. graduate or less,0.8576465308997767
201801086391.0,Not much,Was developed intentionally in a lab,Dem/Lean Dem,Liberal,65+,College graduate+,0.8292267917270667
201801086397.0,A lot,Came about naturally,Rep/Lean Rep,Moderate,50-64,College graduate+,0.2911490457684703
201801086499.0,Not much,Came about naturally,Dem/Lean Dem,Moderate,30-49,College graduate+,1.3526781776109724
201801086518.0,None at all,Was developed intentionally in a lab,Dem/Lean Dem,Moderate,18-29,College graduate+,0.5459425965914381
201801086555.0,None at all,Came about naturally,Dem/Lean Dem,Moderate,50-64,H.S. graduate or less,3.098860592531083
201801086568.0,Not much,Came about naturally,Dem/Lean Dem,Very liberal,65+,College graduate+,0.3512111722909017
201801086665.0,Not much,Not sure,Dem/Lean Dem,Moderate,65+,Some College,2.9637896694508865
201801086686.0,Some,Doesn’t really exist,Dem/Lean Dem,Liberal,30-49,Some College,1.3292711805677415
201801086766.0,Some,Came about naturally,Rep/Lean Rep,Very conservative,65+,Some College,0.4207792446971104
201801086774.0,Not much,Came about naturally,Rep/Lean Rep,Moderate,65+,College graduate+,1.1338177594841978
201801086812.0,None at all,Came about naturally,Dem/Lean Dem,Moderate,65+,College graduate+,0.28681393797046795
201801086824.0,Some,Came about naturally,Dem/Lean Dem,Liberal,30-49,Some College,2.2377745975209224
201801086883.0,A lot,Came about naturally,Rep/Lean Rep,Very conservative,50-64,Some College,0.4640268133422485
201801086922.0,Not much,Came about naturally,Dem/Lean Dem,Moderate,65+,College graduate+,0.28681393797046795
201801086937.0,Some,Not sure,Rep/Lean Rep,Moderate,50-64,H.S. graduate or less,4.028568259111063
201801087089.0,Not much,Came about naturally,DK/Refused/No lean,Conservative,65+,College graduate+,0.28681393797046795
201801087103.0,Not much,Came about naturally,Dem/Lean Dem,Conservative,18-29,College graduate+,1.7461150836744435
201801087112.0,None at all,Not sure,Dem/Lean Dem,Refused,50-64,H.S. graduate or less,3.1015292043212574
201801087113.0,Not much,Came about naturally,Dem/Lean Dem,Very liberal,30-49,College graduate+,0.5843603612357219
201801087117.0,Not much,Not sure,Rep/Lean Rep,Moderate,65+,Some College,1.5919655775568944
201801087181.0,None at all,Was developed intentionally in a lab,Rep/Lean Rep,Conservative,30-49,Some College,0.7861309119369801
201801087244.0,A lot,Came about naturally,Dem/Lean Dem,Liberal,30-49,College graduate+,0.7522274859589355
201801087253.0,Not much,Came about naturally,Rep/Lean Rep,Conservative,65+,College graduate+,0.297668319431043
201801087258.0,Some,Came about naturally,Dem/Lean Dem,Liberal,30-49,College graduate+,0.9281622945839936
201801087268.0,Some,Not sure,Rep/Lean Rep,Very conservative,30-49,College graduate+,0.9963545478303728
201801087310.0,Not much,Came about naturally,Dem/Lean Dem,Very liberal,30-49,College graduate+,1.2332079407391399
201801087334.0,Not much,Came about naturally,Dem/Lean Dem,Liberal,50-64,Some College,0.45518808978161196
201801087415.0,Some,Was developed intentionally in a lab,Rep/Lean Rep,Very conservative,65+,College graduate+,0.28681393797046795
201801087452.0,A lot,Was developed intentionally in a lab,Rep/Lean Rep,Very conservative,30-49,Some College,0.7223449849830279
201801087456.0,None at all,Was developed intentionally in a lab,Dem/Lean Dem,Moderate,30-49,Some College,2.9331624912156653
201801087478.0,Some,Was made accidentally in a lab,Rep/Lean Rep,Conservative,50-64,College graduate+,0.40425405977070034
201801087498.0,Not much,Not sure,Rep/Lean Rep,Conservative,50-64,College graduate+,0.34404288291430585
201801087528.0,Some,Was made accidentally in a lab,Dem/Lean Dem,Liberal,30-49,College graduate+,0.39618280167923603
201801087677.0,None at all,Was developed intentionally in a lab,Rep/Lean Rep,Conservative,50-64,H.S. graduate or less,3.6890859927900777
201801087698.0,None at all,Was developed intentionally in a lab,Dem/Lean Dem,Moderate,50-64,H.S. graduate or less,2.620558683249326
201801087733.0,Some,Came about naturally,Dem/Lean Dem,Liberal,50-64,College graduate+,0.8981305082519752
201801087734.0,None at all,Not sure,Rep/Lean Rep,Very conservative,65+,H.S. graduate or less,1.1587133938555438
201801087743.0,Not much,Came about naturally,Dem/Lean Dem,Moderate,50-64,Some College,0.6933105294642256
201801087746.0,Not much,Not sure,Rep/Lean Rep,Conservative,50-64,College graduate+,0.3271834868358548
201801087949.0,None at all,Was developed intentionally in a lab,Rep/Lean Rep,Conservative,65+,Some College,1.1787791609470277
201801088015.0,Not much,Came about naturally,Dem/Lean Dem,Moderate,65+,College graduate+,1.6879669519631801
201801088018.0,A lot,Came about naturally,Dem/Lean Dem,Very liberal,30-49,College graduate+,1.0565457964925558
201801088031.0,Not much,Came about naturally,Rep/Lean Rep,Moderate,65+,Some College,0.49575414368839404
201801088040.0,None at all,Came about naturally,Dem/Lean Dem,Very liberal,30-49,College graduate+,0.8287624205320122
201801088055.0,Some,Not sure,Rep/Lean Rep,Moderate,30-49,College graduate+,1.3319522555940575
201801088076.0,Not much,Came about naturally,Dem/Lean Dem,Liberal,18-29,H.S. graduate or less,0.6964672468797082
201801088145.0,Not much,Was developed intentionally in a lab,Rep/Lean Rep,Very conservative,30-49,College graduate+,0.5824593735021553
201801088161.0,Not much,Came about naturally,Rep/Lean Rep,Moderate,30-49,College graduate+,1.5583715512006335
201801088242.0,Some,Not sure,Dem/Lean Dem,Moderate,65+,Some College,0.475306874760771
201801088259.0,Not much,Came about naturally,Dem/Lean Dem,Liberal,65+,College graduate+,0.3861845373601605
201801088308.0,Some,Not sure,Rep/Lean Rep,Very conservative,50-64,College graduate+,0.40425405977070034
201801088312.0,Not much,Was developed intentionally in a lab,Dem/Lean Dem,Moderate,50-64,College graduate+,0.3604661726981481
201801088313.0,A lot,Came about naturally,Rep/Lean Rep,Conservative,50-64,College graduate+,0.6504421327801689
201801088334.0,Some,Was developed intentionally in a lab,Rep/Lean Rep,Very conservative,30-49,Some College,0.6974213634031035
201801088353.0,Not much,Not sure,Rep/Lean Rep,Moderate,50-64,College graduate+,0.6504421327801689
201801088377.0,Some,Was developed intentionally in a lab,Rep/Lean Rep,Moderate,30-49,College graduate+,0.6281830345909123
201801088381.0,None at all,Came about naturally,Dem/Lean Dem,Moderate,50-64,H.S. graduate or less,3.098860592531083
201801088407.0,Not much,Came about naturally,Rep/Lean Rep,Conservative,50-64,Some College,2.1046987420154695
201801088412.0,Not much,Came about naturally,Rep/Lean Rep,Moderate,65+,College graduate+,0.322261998860181
201801088441.0,None at all,Came about naturally,Dem/Lean Dem,Moderate,65+,College graduate+,0.3861845373601605
201801088480.0,Not much,Not sure,Rep/Lean Rep,Moderate,30-49,College graduate+,0.6832289693915174
201801088483.0,A lot,Was developed intentionally in a lab,Rep/Lean Rep,Conservative,30-49,College graduate+,1.7086118556211731
201801088536.0,Some,Was made accidentally in a lab,Rep/Lean Rep,Conservative,50-64,Some College,1.1990814456641152
201801088555.0,None at all,Came about naturally,Dem/Lean Dem,Refused,65+,H.S. graduate or less,2.065381622560378
201801088582.0,Some,Not sure,Rep/Lean Rep,Conservative,65+,Some College,1.5919655775568944
201801088584.0,Some,Not sure,Dem/Lean Dem,Liberal,65+,H.S. graduate or less,0.8474203542828977
201801088623.0,Some,Was developed intentionally in a lab,Rep/Lean Rep,Very conservative,65+,H.S. graduate or less,2.570494307108691
201801088644.0,Some,Came about naturally,Rep/Lean Rep,Conservative,50-64,College graduate+,0.40425405977070034
201801088675.0,Some,Came about naturally,Rep/Lean Rep,Conservative,50-64,Some College,1.1212153128452926
201801088729.0,Not much,Came about naturally,Rep/Lean Rep,Conservative,65+,College graduate+,0.322261998860181
201801088752.0,Some,Was developed intentionally in a lab,Rep/Lean Rep,Very liberal,30-49,Some College,2.6138711728797106
201801088861.0,None at all,Was developed intentionally in a lab,Rep/Lean Rep,Moderate,30-49,College graduate+,0.6259331873910983
201801088897.0,Not much,Came about naturally,Dem/Lean Dem,Very liberal,30-49,College graduate+,0.3680609800135317
201801088968.0,A lot,Was developed intentionally in a lab,Rep/Lean Rep,Conservative,50-64,Some College,0.47289741162903826
201801088987.0,Not much,Was developed intentionally in a lab,Rep/Lean Rep,Conservative,30-49,College graduate+,0.5628115061981547
201801089028.0,None at all,Not sure,Rep/Lean Rep,Conservative,50-64,H.S. graduate or less,2.8152329070778515
201801089069.0,Not much,Was developed intentionally in a lab,Rep/Lean Rep,Conservative,50-64,H.S. graduate or less,2.3756641630163644
201801089109.0,None at all,Came about naturally,Rep/Lean Rep,Conservative,50-64,College graduate+,0.35433678602470764
201801089125.0,Not much,Came about naturally,Dem/Lean Dem,Liberal,30-49,Some College,1.8191108840825092
201801089129.0,None at all,Came about naturally,Dem/Lean Dem,Moderate,30-49,College graduate+,0.39618280167923603
201801089177.0,Not much,Came about naturally,Rep/Lean Rep,Conservative,30-49,Some College,2.296998478413675
201801089245.0,None at all,Came about naturally,Rep/Lean Rep,Liberal,65+,College graduate+,0.322261998860181
201801089287.0,Some,Came about naturally,Dem/Lean Dem,Liberal,65+,College graduate+,0.35631151696197294
201801089291.0,None at all,Came about naturally,Rep/Lean Rep,Conservative,50-64,College graduate+,0.2911490457684703
201801089317.0,None at all,Came about naturally,Dem/Lean Dem,Liberal,50-64,Some College,0.4531027960611419
201801089332.0,Not much,Not sure,Rep/Lean Rep,Very conservative,50-64,College graduate+,0.40425405977070034
201801089336.0,Not much,Came about naturally,Dem/Lean Dem,Moderate,65+,College graduate+,0.8292267917270667
201801089400.0,Not much,Came about naturally,Rep/Lean Rep,Conservative,65+,H.S. graduate or less,5.401282009616393
201801089418.0,Not much,Came about naturally,Rep/Lean Rep,Conservative,30-49,Some College,1.3292711805677415
201801089467.0,A lot,Came about naturally,Rep/Lean Rep,Moderate,50-64,Some College,0.547322345103347
201801089527.0,Some,Came about naturally,Rep/Lean Rep,Moderate,50-64,H.S. graduate or less,4.204654057322078
201801089539.0,None at all,Not sure,Dem/Lean Dem,Liberal,30-49,College graduate+,0.3566962885931554
201801089614.0,A lot,Not sure,Rep/Lean Rep,Moderate,30-49,Some College,2.122943707465507
201801089620.0,Some,Came about naturally,Dem/Lean Dem,Moderate,50-64,H.S. graduate or less,0.8576465308997767
201801089668.0,Some,Not sure,DK/Refused/No lean,Refused,18-29,H.S. graduate or less,4.302007663579142
201801089703.0,Some,Not sure,Rep/Lean Rep,Moderate,65+,College graduate+,1.3459779805211984
201801089737.0,None at all,Came about naturally,Rep/Lean Rep,Moderate,65+,College graduate+,0.27528040554863553
201801089792.0,None at all,Was developed intentionally in a lab,Rep/Lean Rep,Conservative,65+,H.S. graduate or less,3.454567688929445
201801089861.0,Some,Was developed intentionally in a lab,Rep/Lean Rep,Refused,50-64,Some College,0.49413653769269544
201801089882.0,Not much,Came about naturally,Dem/Lean Dem,Liberal,30-49,College graduate+,0.6093099714833934
201801089896.0,None at all,Was developed intentionally in a lab,Rep/Lean Rep,Very conservative,18-29,H.S. graduate or less,5.056281097806327
201801089901.0,Not much,Came about naturally,Dem/Lean Dem,Moderate,50-64,H.S. graduate or less,0.8576465308997767
201801089914.0,Some,Not sure,Rep/Lean Rep,Conservative,18-29,Some College,3.242614983587707
201801089999.0,Not much,Not sure,Rep/Lean Rep,Conservative,65+,College graduate+,0.5626525845257144
201801090006.0,Some,Not sure,Rep/Lean Rep,Conservative,65+,College graduate+,1.3459779805211984
201801090017.0,Not much,Came about naturally,Rep/Lean Rep,Conservative,30-49,Some College,1.8191108840825092
201801090052.0,Some,Came about naturally,Dem/Lean Dem,Liberal,65+,Some College,0.7280594116332648
201801090083.0,Not much,Not sure,Dem/Lean Dem,Liberal,65+,H.S. graduate or less,6.065508572934568
201801090088.0,Some,Came about naturally,Dem/Lean Dem,Moderate,65+,College graduate+,0.21076401771962838
201801090128.0,None at all,Not sure,Rep/Lean Rep,Conservative,30-49,College graduate+,0.5697442350927874
201801090158.0,A lot,Came about naturally,Rep/Lean Rep,Conservative,30-49,H.S. graduate or less,2.683656802141176
201801090175.0,Some,Was developed intentionally in a lab,DK/Refused/No lean,Moderate,30-49,Some College,0.8337974768967847
201801090232.0,None at all,Refused,Rep/Lean Rep,Moderate,30-49,College graduate+,0.6832289693915174
201801090369.0,Some,Came about naturally,DK/Refused/No lean,Moderate,65+,College graduate+,0.28681393797046795
201801090389.0,Not much,Came about naturally,Dem/Lean Dem,Liberal,65+,College graduate+,0.46454444474580187
201801090430.0,Not much,Not sure,Dem/Lean Dem,Liberal,65+,College graduate+,0.8292267917270667
201801090447.0,Some,Came about naturally,Dem/Lean Dem,Liberal,65+,College graduate+,0.21076401771962838
201801090455.0,Not much,Came about naturally,Dem/Lean Dem,Moderate,50-64,College graduate+,0.2601583936831742
201801090459.0,None at all,Not sure,Rep/Lean Rep,Conservative,65+,Some College,1.5919655775568944
201801090464.0,Some,Not sure,Rep/Lean Rep,Conservative,65+,H.S. graduate or less,1.3756634201385982
201801090470.0,Some,Was developed intentionally in a lab,Rep/Lean Rep,Conservative,50-64,Some College,0.5037805583145222
201801090487.0,None at all,Was developed intentionally in a lab,Rep/Lean Rep,Conservative,50-64,Some College,1.1212153128452926
201801090526.0,Not much,Came about naturally,Dem/Lean Dem,Liberal,50-64,College graduate+,0.21372520590383698
201801090649.0,Not much,Came about naturally,Rep/Lean Rep,Conservative,65+,Some College,0.49575414368839404
201801090653.0,None at all,Was developed intentionally in a lab,Dem/Lean Dem,Moderate,50-64,Some College,0.30186749854373124
201801090658.0,Some,Came about naturally,Rep/Lean Rep,Conservative,30-49,Some College,1.856218713967939
201801090728.0,None at all,Came about naturally,Rep/Lean Rep,Conservative,50-64,H.S. graduate or less,0.7016002549644776
201801090739.0,Not much,Came about naturally,Rep/Lean Rep,Moderate,50-64,College graduate+,0.2794078015644768
201801090744.0,None at all,Came about naturally,Dem/Lean Dem,Conservative,50-64,College graduate+,0.2999978318603293
201801090819.0,Some,Was developed intentionally in a lab,Rep/Lean Rep,Moderate,65+,Some College,1.8242452437055823
201801090951.0,Some,Came about naturally,Dem/Lean Dem,Moderate,30-49,Some College,2.3104039785125274
201801090957.0,Not much,Came about naturally,Dem/Lean Dem,Liberal,50-64,Some College,0.30186749854373124
201801090969.0,Some,Not sure,Rep/Lean Rep,Conservative,65+,College graduate+,0.5626525845257144
201801090974.0,Some,Was made accidentally in a lab,Rep/Lean Rep,Moderate,65+,H.S. graduate or less,3.393854488483933
201801091043.0,A lot,Was made accidentally in a lab,Dem/Lean Dem,Moderate,50-64,Some College,1.680449542366591
201801091075.0,Some,Came about naturally,Dem/Lean Dem,Liberal,65+,College graduate+,0.46454444474580187
201801091088.0,Some,Came about naturally,Dem/Lean Dem,Moderate,50-64,College graduate+,0.5895379020250633
201801091114.0,Not much,Came about naturally,Rep/Lean Rep,Moderate,30-49,College graduate+,1.204549813731293
201801091158.0,Not much,Came about naturally,Dem/Lean Dem,Moderate,65+,Some College,0.5848902857750223
201801091180.0,Some,Not sure,Dem/Lean Dem,Liberal,65+,H.S. graduate or less,2.033478687859746
201801091183.0,Not much,Came about naturally,Dem/Lean Dem,Very liberal,30-49,College graduate+,0.5158848355642376
201801091219.0,Not much,Was made accidentally in a lab,Dem/Lean Dem,Liberal,30-49,Some College,0.44648451659989813
201801091236.0,None at all,Came about naturally,Dem/Lean Dem,Very liberal,65+,College graduate+,0.7619016702989779
201801091280.0,None at all,Not sure,Rep/Lean Rep,Moderate,30-49,College graduate+,0.5560577221339493
201801091301.0,None at all,Came about naturally,Dem/Lean Dem,Very liberal,65+,College graduate+,0.731697566812459
201801091303.0,None at all,Came about naturally,Dem/Lean Dem,Liberal,65+,Some College,0.319101043048415
201801091326.0,Some,Was made accidentally in a lab,Rep/Lean Rep,Liberal,65+,H.S. graduate or less,3.454567688929445
201801091411.0,Not much,Not sure,Dem/Lean Dem,Conservative,50-64,Some College,0.7291765674822388
201801091455.0,None at all,Was developed intentionally in a lab,Rep/Lean Rep,Conservative,50-64,Some College,0.5037805583145222
201801091508.0,Some,Was developed intentionally in a lab,Dem/Lean Dem,Moderate,30-49,College graduate+,3.3358358599525917
201801091598.0,Some,Came about naturally,Dem/Lean Dem,Conservative,50-64,College graduate+,0.3590266223903537
201801091606.0,Not much,Not sure,Dem/Lean Dem,Moderate,30-49,College graduate+,0.39618280167923603
201801091611.0,Not much,Came about naturally,Rep/Lean Rep,Moderate,50-64,College graduate+,0.40425405977070034
201801091662.0,Not much,Came about naturally,Dem/Lean Dem,Moderate,65+,Some College,0.3156760096714173
201801091672.0,Some,Came about naturally,Dem/Lean Dem,Liberal,30-49,College graduate+,0.5756836274746054
201801091688.0,Not much,Not sure,Dem/Lean Dem,Moderate,50-64,College graduate+,0.3604661726981481
201801091715.0,Some,Came about naturally,Dem/Lean Dem,Liberal,30-49,College graduate+,0.4094636195140061
201801091796.0,None at all,Not sure,Rep/Lean Rep,Conservative,65+,Some College,1.1787791609470277
201801091799.0,Some,Was developed intentionally in a lab,Dem/Lean Dem,Moderate,30-49,Some College,0.7467833017610841
201801091859.0,Some,Came about naturally,Dem/Lean Dem,Very liberal,30-49,College graduate+,0.3566962885931554
201801091896.0,None at all,Not sure,Dem/Lean Dem,Liberal,30-49,College graduate+,0.8287624205320122
201801091910.0,Some,Came about naturally,Dem/Lean Dem,Liberal,65+,College graduate+,0.35631151696197294
201801091936.0,Not much,Came about naturally,Rep/Lean Rep,Conservative,18-29,Some College,1.755857929670225
201801092022.0,Some,Was made accidentally in a lab,Rep/Lean Rep,Moderate,18-29,H.S. graduate or less,7.487621221765812
201801092104.0,Some,Came about naturally,Dem/Lean Dem,Liberal,50-64,Some College,0.31597104873337184
201801092149.0,Some,Was developed intentionally in a lab,Rep/Lean Rep,Moderate,50-64,Some College,2.0625358364994715
201801092225.0,Some,Came about naturally,Rep/Lean Rep,Moderate,30-49,College graduate+,0.5046752744340405
201801092298.0,Not much,Came about naturally,Dem/Lean Dem,Moderate,30-49,College graduate+,0.6305265988690915
201801092342.0,None at all,Came about naturally,Dem/Lean Dem,Very liberal,65+,College graduate+,0.47688348787371654
201801092344.0,None at all,Came about naturally,Dem/Lean Dem,Moderate,50-64,College graduate+,0.2911490457684703
201801092502.0,A lot,Came about naturally,DK/Refused/No lean,Moderate,50-64,H.S. graduate or less,2.0948655953414
201801092510.0,Not much,Was developed intentionally in a lab,Rep/Lean Rep,Moderate,30-49,H.S. graduate or less,1.9015233835569354
201801092650.0,Some,Was developed intentionally in a lab,Rep/Lean Rep,Conservative,50-64,Some College,1.1212153128452926
201801092658.0,Some,Not sure,Dem/Lean Dem,Liberal,50-64,Some College,0.527770579490073
201801092688.0,Not much,Came about naturally,Dem/Lean Dem,Moderate,50-64,College graduate+,0.6677306377059066
201801092710.0,Not much,Not sure,Dem/Lean Dem,Moderate,30-49,H.S. graduate or less,2.3658896200352877
201801092735.0,None at all,Came about naturally,Dem/Lean Dem,Moderate,30-49,College graduate+,0.3627763737137497
201801092755.0,None at all,Came about naturally,Rep/Lean Rep,Conservative,50-64,College graduate+,0.3271834868358548
201801093067.0,None at all,Not sure,Dem/Lean Dem,Moderate,30-49,Some College,1.2008383858447433
201801093083.0,None at all,Came about naturally,Dem/Lean Dem,Moderate,65+,Some College,0.5501445714967962
201801093090.0,None at all,Came about naturally,Dem/Lean Dem,Moderate,50-64,College graduate+,0.16877671577660544
201801093148.0,None at all,Came about naturally,Dem/Lean Dem,Moderate,18-29,College graduate+,0.5770305486536121
201801093182.0,Some,Was developed intentionally in a lab,Rep/Lean Rep,Moderate,18-29,College graduate+,0.5396260725904269
201801093183.0,Some,Came about naturally,Dem/Lean Dem,Liberal,65+,College graduate+,0.4153908519265988
201801093197.0,Not much,Came about naturally,Rep/Lean Rep,Conservative,18-29,College graduate+,0.428374542510978
201801093257.0,Not much,Came about naturally,Dem/Lean Dem,Liberal,30-49,College graduate+,0.3396990366655271
201801093263.0,Not much,Came about naturally,Dem/Lean Dem,Liberal,65+,College graduate+,0.45703708997047293
201801093293.0,None at all,Came about naturally,Dem/Lean Dem,Very liberal,18-29,College graduate+,0.2751798570797386
201801093319.0,Not much,Not sure,Rep/Lean Rep,Conservative,65+,College graduate+,0.24960377457431507
201801093355.0,Not much,Not sure,Dem/Lean Dem,Moderate,30-49,Some College,1.5028944959809403
201801093361.0,None at all,Came about naturally,Dem/Lean Dem,Very liberal,18-29,College graduate+,1.7454521085682082
201801093397.0,A lot,Not sure,Dem/Lean Dem,Liberal,30-49,College graduate+,0.6055179104706293
201801093401.0,Some,Not sure,Rep/Lean Rep,Conservative,18-29,College graduate+,0.5396260725904269
201801093431.0,Not much,Was made accidentally in a lab,Dem/Lean Dem,Moderate,50-64,College graduate+,0.2600408214827492
201801093434.0,Not much,Came about naturally,Dem/Lean Dem,Liberal,50-64,College graduate+,0.2310810495763379
201801093484.0,Not much,Came about naturally,Rep/Lean Rep,Conservative,30-49,College graduate+,1.046334170243871
201801093552.0,Not much,Came about naturally,Dem/Lean Dem,Moderate,30-49,College graduate+,1.1365794785927765
201801093576.0,Not much,Came about naturally,Dem/Lean Dem,Moderate,18-29,Some College,4.258459267609126
201801093593.0,Some,Was developed intentionally in a lab,Rep/Lean Rep,Conservative,50-64,College graduate+,0.3102954082448866
201801093598.0,Some,Came about naturally,Dem/Lean Dem,Moderate,65+,College graduate+,0.27472252543231557
201801093601.0,A lot,Came about naturally,Rep/Lean Rep,Very conservative,65+,College graduate+,0.2228900847276511
201801093622.0,Not much,Not sure,Dem/Lean Dem,Liberal,50-64,College graduate+,0.36032953440962434
201801093634.0,Some,Not sure,Rep/Lean Rep,Very conservative,65+,Some College,1.1910849790118874
201801093641.0,Some,Not sure,Rep/Lean Rep,Moderate,18-29,College graduate+,1.7990405657503719
201801093712.0,Not much,Came about naturally,Dem/Lean Dem,Very liberal,30-49,College graduate+,0.7908922412908626
201801093715.0,Not much,Came about naturally,Dem/Lean Dem,Liberal,65+,College graduate+,0.22594596413367077
201801093717.0,Some,Came about naturally,Dem/Lean Dem,Very liberal,30-49,College graduate+,0.30446087487465623
201801093721.0,Some,Came about naturally,Dem/Lean Dem,Moderate,50-64,College graduate+,0.2331326614312156
201801093783.0,None at all,Came about naturally,Rep/Lean Rep,Conservative,65+,Some College,1.1193832867199365
201801093790.0,Not much,Not sure,Rep/Lean Rep,Conservative,50-64,College graduate+,0.38061041999135203
201801093849.0,Some,Came about naturally,Dem/Lean Dem,Very liberal,30-49,College graduate+,0.8904173234304539
201801093874.0,Some,Not sure,Dem/Lean Dem,Liberal,65+,College graduate+,0.62526829337726
201801093878.0,Not much,Was developed intentionally in a lab,Rep/Lean Rep,Moderate,50-64,College graduate+,0.5332771675780409
201801093909.0,None at all,Came about naturally,Dem/Lean Dem,Liberal,18-29,College graduate+,1.5298977711549253
201801093934.0,None at all,Came about naturally,Dem/Lean Dem,Very liberal,18-29,College graduate+,0.2751798570797386
201801093936.0,Some,Came about naturally,Dem/Lean Dem,Liberal,30-49,College graduate+,0.380234298379985
201801093973.0,Some,Not sure,Rep/Lean Rep,Moderate,30-49,College graduate+,0.38018748676162484
201801094011.0,Some,Came about naturally,Dem/Lean Dem,Moderate,50-64,College graduate+,0.44732242553576856
201801094035.0,Not much,Came about naturally,Dem/Lean Dem,Liberal,30-49,College graduate+,0.47812055176334556
201801094075.0,Not much,Came about naturally,Dem/Lean Dem,Very liberal,18-29,Some College,1.0827942815847853
201801094076.0,None at all,Came about naturally,Dem/Lean Dem,Moderate,65+,College graduate+,0.62526829337726
201801094086.0,Some,Came about naturally,Dem/Lean Dem,Very liberal,65+,College graduate+,0.35631151696197294
201801094094.0,Some,Came about naturally,Dem/Lean Dem,Very liberal,65+,College graduate+,0.16658774135557186
201801094114.0,None at all,Not sure,Dem/Lean Dem,Very liberal,30-49,College graduate+,0.314211276057715
201801094116.0,Some,Came about naturally,Rep/Lean Rep,Moderate,30-49,College graduate+,0.6022545565321562
201801094164.0,Not much,Came about naturally,Rep/Lean Rep,Conservative,50-64,College graduate+,0.3102954082448866
201801094238.0,Some,Came about naturally,Dem/Lean Dem,Liberal,50-64,College graduate+,0.20313757190989004
201801094244.0,Not much,Came about naturally,Dem/Lean Dem,Moderate,30-49,College graduate+,0.30446087487465623
201801094266.0,A lot,Not sure,Dem/Lean Dem,Moderate,50-64,Some College,0.5243895491899507
201801094282.0,Some,Came about naturally,Dem/Lean Dem,Moderate,65+,College graduate+,0.2228900847276511
201801094319.0,Some,Came about naturally,Dem/Lean Dem,Very liberal,65+,College graduate+,0.62526829337726
201801094331.0,Not much,Came about naturally,Dem/Lean Dem,Liberal,18-29,College graduate+,0.5300122778479703
201801094332.0,Refused,Came about naturally,DK/Refused/No lean,Conservative,65+,College graduate+,0.29471018228384904
201801094419.0,None at all,Came about naturally,Dem/Lean Dem,Very liberal,65+,College graduate+,0.37995031658406214
201801094471.0,Not much,Came about naturally,Dem/Lean Dem,Moderate,50-64,College graduate+,0.44732242553576856
201801094481.0,Some,Was made accidentally in a lab,Rep/Lean Rep,Conservative,65+,College graduate+,0.49712288330504906
201801094495.0,Some,Came about naturally,Dem/Lean Dem,Moderate,30-49,Some College,0.44808885104580304
201801094501.0,Some,Came about naturally,Dem/Lean Dem,Liberal,65+,College graduate+,0.27472252543231557
201801094520.0,Not much,Came about naturally,Rep/Lean Rep,Conservative,65+,College graduate+,0.8081393154054434
201801094556.0,None at all,Came about naturally,Dem/Lean Dem,Conservative,65+,College graduate+,0.49712288330504906
201801094567.0,Some,Came about naturally,Dem/Lean Dem,Very liberal,50-64,Some College,0.23421344886813583
201801094633.0,Some,Was developed intentionally in a lab,Rep/Lean Rep,Conservative,50-64,H.S. graduate or less,1.7713725283206923
201801094645.0,Not much,Not sure,Rep/Lean Rep,Very conservative,65+,H.S. graduate or less,2.2666759986802476
201801094724.0,Not much,Came about naturally,Dem/Lean Dem,Very liberal,30-49,College graduate+,0.2751798570797386
201801094729.0,Some,Was developed intentionally in a lab,Rep/Lean Rep,Conservative,65+,College graduate+,0.561078032636311
201801094731.0,Not much,Came about naturally,Rep/Lean Rep,Moderate,50-64,Some College,0.4843338704683956
201801094759.0,None at all,Came about naturally,Dem/Lean Dem,Liberal,50-64,College graduate+,0.44732242553576856
201801094769.0,None at all,Came about naturally,Dem/Lean Dem,Moderate,65+,College graduate+,0.27472252543231557
201801094794.0,A lot,Was developed intentionally in a lab,Rep/Lean Rep,Conservative,50-64,Some College,0.38424198482774236
201801094795.0,None at all,Came about naturally,Dem/Lean Dem,Moderate,65+,College graduate+,0.27472252543231557
201801094797.0,Some,Was developed intentionally in a lab,Rep/Lean Rep,Moderate,50-64,College graduate+,0.43730745252361874
201801094824.0,None at all,Came about naturally,Rep/Lean Rep,Moderate,18-29,College graduate+,0.7509918771676068
201801094905.0,Not much,Came about naturally,Dem/Lean Dem,Very liberal,18-29,College graduate+,0.34249306525017154
201801094918.0,Some,Came about naturally,Dem/Lean Dem,Very liberal,30-49,College graduate+,0.793993330820966
201801094940.0,Not much,Came about naturally,Dem/Lean Dem,Very liberal,30-49,College graduate+,0.30446087487465623
201801094959.0,Not much,Came about naturally,Dem/Lean Dem,Liberal,50-64,H.S. graduate or less,4.051213088028532
201801094964.0,Some,Came about naturally,Dem/Lean Dem,Liberal,50-64,College graduate+,0.314211276057715
201801094968.0,Some,Was developed intentionally in a lab,Dem/Lean Dem,Moderate,50-64,College graduate+,0.2004393864240934
201801094972.0,Some,Came about naturally,Rep/Lean Rep,Conservative,65+,H.S. graduate or less,4.5537273654622785
201801094988.0,Some,Came about naturally,Dem/Lean Dem,Very liberal,50-64,College graduate+,0.20313757190989004
201801094991.0,Not much,Came about naturally,Dem/Lean Dem,Liberal,18-29,College graduate+,0.8193265910458019
201801095051.0,Not much,Came about naturally,Dem/Lean Dem,Very liberal,50-64,College graduate+,0.2738586613097844
201801095148.0,Some,Came about naturally,Dem/Lean Dem,Very liberal,30-49,College graduate+,0.6987776758675408
201801095220.0,Not much,Came about naturally,Dem/Lean Dem,Moderate,18-29,College graduate+,0.4417102446780824
201801095244.0,Some,Came about naturally,Dem/Lean Dem,Moderate,30-49,College graduate+,0.633411034135302
201801095401.0,Not much,Came about naturally,Dem/Lean Dem,Liberal,65+,Some College,0.3664627353145702
201801095412.0,Not much,Not sure,Dem/Lean Dem,Moderate,65+,College graduate+,0.27472252543231557
201801095420.0,Not much,Came about naturally,Dem/Lean Dem,Very liberal,65+,College graduate+,0.37995031658406214
201801095429.0,A lot,Was developed intentionally in a lab,Rep/Lean Rep,Conservative,30-49,H.S. graduate or less,1.9329175407804213
201801095468.0,Some,Came about naturally,Dem/Lean Dem,Liberal,30-49,College graduate+,0.6987776758675408
201801095492.0,Some,Not sure,Dem/Lean Dem,Liberal,18-29,College graduate+,3.0119723974463777
201801095647.0,Not much,Came about naturally,Rep/Lean Rep,Very conservative,30-49,College graduate+,1.4802550177937126
201801095672.0,Some,Was developed intentionally in a lab,Rep/Lean Rep,Conservative,65+,College graduate+,0.24960377457431507
201801095731.0,Some,Came about naturally,Dem/Lean Dem,Liberal,50-64,Some College,0.23421344886813583
201801095739.0,None at all,Came about naturally,Dem/Lean Dem,Moderate,65+,H.S. graduate or less,1.5414388702001378
201801095845.0,Not much,Came about naturally,Dem/Lean Dem,Moderate,18-29,College graduate+,0.8904173234304539
201801095863.0,A lot,Was developed intentionally in a lab,Rep/Lean Rep,Conservative,30-49,College graduate+,0.39277896836882886
201801095881.0,None at all,Came about naturally,Dem/Lean Dem,Moderate,50-64,College graduate+,0.22609697056393155
201801095960.0,Some,Came about naturally,Rep/Lean Rep,Conservative,50-64,College graduate+,0.49322320491043264
201801095965.0,Some,Came about naturally,Dem/Lean Dem,Liberal,50-64,College graduate+,0.20313757190989004
201801095990.0,Some,Came about naturally,Dem/Lean Dem,Liberal,65+,College graduate+,0.18930857569764087
201801096010.0,Not much,Came about naturally,Dem/Lean Dem,Liberal,50-64,College graduate+,0.20313757190989004
201801096113.0,Some,Came about naturally,Dem/Lean Dem,Very liberal,50-64,College graduate+,0.36032953440962434
201801096135.0,A lot,Came about naturally,Rep/Lean Rep,Moderate,30-49,College graduate+,1.3063849125820703
201801096144.0,Not much,Came about naturally,Dem/Lean Dem,Liberal,18-29,College graduate+,0.2751798570797386
201801096183.0,Some,Came about naturally,Dem/Lean Dem,Moderate,30-49,College graduate+,0.2777265934065198
201801096185.0,Not much,Was developed intentionally in a lab,Rep/Lean Rep,Moderate,30-49,Some College,1.8209574432193443
201801096210.0,A lot,Came about naturally,Dem/Lean Dem,Very liberal,30-49,College graduate+,0.4785455387719261
201801096219.0,None at all,Came about naturally,Dem/Lean Dem,Very liberal,18-29,College graduate+,0.6251091466737874
201801096225.0,Some,Came about naturally,Dem/Lean Dem,Liberal,30-49,College graduate+,0.9774004536899118
201801096255.0,Not much,Came about naturally,Dem/Lean Dem,Liberal,50-64,College graduate+,0.16661739638938972
201801096342.0,Not much,Came about naturally,Dem/Lean Dem,Liberal,18-29,College graduate+,0.8991686477792322
201801096421.0,Not much,Was developed intentionally in a lab,Dem/Lean Dem,Liberal,30-49,Some College,1.498356021989869
201801096443.0,Not much,Came about naturally,Dem/Lean Dem,Liberal,65+,College graduate+,0.3032593982077596
201801096461.0,Some,Came about naturally,Dem/Lean Dem,Moderate,50-64,College graduate+,0.4088828430690871
201801096498.0,Not much,Came about naturally,Dem/Lean Dem,Moderate,30-49,College graduate+,0.30446087487465623
201801096566.0,Not much,Came about naturally,Rep/Lean Rep,Moderate,65+,H.S. graduate or less,2.570710827037535
201801096577.0,Some,Not sure,Dem/Lean Dem,Moderate,50-64,College graduate+,0.5052504561221298
201801096605.0,Not much,Was developed intentionally in a lab,Dem/Lean Dem,Moderate,65+,College graduate+,0.3758142367735296
201801096640.0,Not much,Came about naturally,Dem/Lean Dem,Moderate,30-49,College graduate+,0.27935207310063875
201801096656.0,Not much,Came about naturally,Dem/Lean Dem,Liberal,18-29,College graduate+,0.2751798570797386
201801096779.0,Not much,Not sure,Dem/Lean Dem,Moderate,65+,Some College,0.24445445253421863
201801096790.0,Some,Not sure,Dem/Lean Dem,Moderate,50-64,Some College,0.341413577213554
201801096812.0,Some,Came about naturally,Rep/Lean Rep,Conservative,30-49,College graduate+,0.5661227411802606
201801096814.0,Not much,Was made accidentally in a lab,Rep/Lean Rep,Conservative,65+,Some College,1.1910849790118874
201801096826.0,None at all,Came about naturally,Rep/Lean Rep,Moderate,65+,College graduate+,0.49712288330504906
201801096890.0,Some,Came about naturally,Dem/Lean Dem,Very liberal,65+,College graduate+,0.7247346499381029
201801096907.0,Some,Not sure,Rep/Lean Rep,Conservative,50-64,Some College,0.8642001941651632
201801096942.0,Not much,Came about naturally,Dem/Lean Dem,Liberal,30-49,College graduate+,0.30446087487465623
201801096946.0,Not much,Came about naturally,Dem/Lean Dem,Moderate,30-49,College graduate+,0.9031943461567729
201801097019.0,Some,Was developed intentionally in a lab,Rep/Lean Rep,Conservative,30-49,College graduate+,0.5396260725904269
201801097031.0,Not much,Came about naturally,Dem/Lean Dem,Moderate,65+,College graduate+,0.27472252543231557
201801097056.0,Some,Was developed intentionally in a lab,Rep/Lean Rep,Conservative,30-49,Some College,0.5466726303848976
201801097061.0,Some,Was made accidentally in a lab,Rep/Lean Rep,Refused,50-64,College graduate+,0.2652446483400635
201801097200.0,Not much,Came about naturally,Dem/Lean Dem,Liberal,65+,College graduate+,0.16658774135557186
201801097225.0,Not much,Came about naturally,Rep/Lean Rep,Conservative,65+,Some College,1.1910849790118874
201801097410.0,Not much,Came about naturally,Dem/Lean Dem,Very liberal,50-64,College graduate+,0.20313757190989004
201801097471.0,A lot,Was developed intentionally in a lab,Rep/Lean Rep,Moderate,30-49,Some College,0.5780707162050099
201801097512.0,None at all,Was developed intentionally in a lab,Rep/Lean Rep,Very conservative,50-64,College graduate+,0.4332216541457245
201801097664.0,Not much,Came about naturally,Dem/Lean Dem,Moderate,65+,College graduate+,0.3758142367735296
201801097696.0,Some,Came about naturally,Dem/Lean Dem,Liberal,65+,Some College,0.24445445253421863
201801097762.0,Not much,Came about naturally,Dem/Lean Dem,Liberal,50-64,College graduate+,0.16877671577660544
201801097823.0,Some,Was developed intentionally in a lab,Dem/Lean Dem,Liberal,30-49,Some College,0.6152502978544058
201801097889.0,Not much,Was developed intentionally in a lab,Dem/Lean Dem,Moderate,50-64,Some College,0.3992781586503931
201801097960.0,Not much,Came about naturally,Dem/Lean Dem,Liberal,30-49,College graduate+,0.30017368087428214
201801098111.0,None at all,Not sure,Rep/Lean Rep,Moderate,30-49,H.S. graduate or less,2.02045199011931
201801098142.0,Some,Was developed intentionally in a lab,Rep/Lean Rep,Conservative,50-64,College graduate+,0.22609697056393155
201801098177.0,None at all,Not sure,Rep/Lean Rep,Conservative,30-49,College graduate+,1.1298918298575997
201801098248.0,A lot,Was developed intentionally in a lab,Rep/Lean Rep,Moderate,50-64,College graduate+,0.8683208200135372
201801098348.0,Some,Came about naturally,Dem/Lean Dem,Moderate,30-49,Some College,0.4843338704683956
201801098368.0,Some,Came about naturally,Rep/Lean Rep,Conservative,65+,Some College,0.8670946193872194
201801098386.0,None at all,Was developed intentionally in a lab,Rep/Lean Rep,Conservative,30-49,Some College,1.2583642828873354
201801098389.0,None at all,Came about naturally,Dem/Lean Dem,Moderate,65+,College graduate+,0.37995031658406214
201801098427.0,Not much,Came about naturally,Dem/Lean Dem,Moderate,65+,College graduate+,0.2228900847276511
201801098431.0,Some,Was made accidentally in a lab,Rep/Lean Rep,Conservative,30-49,College graduate+,1.7896632920237299
201801098583.0,Some,Not sure,Dem/Lean Dem,Very liberal,30-49,Some College,0.5408101704070682
201801098607.0,Some,Came about naturally,Dem/Lean Dem,Liberal,30-49,College graduate+,0.4722859644167171
201801098620.0,Some,Was developed intentionally in a lab,Rep/Lean Rep,Moderate,30-49,H.S. graduate or less,1.5116549106996995
201801098667.0,None at all,Not sure,Rep/Lean Rep,Moderate,65+,H.S. graduate or less,2.570710827037535
201801098759.0,Some,Came about naturally,Rep/Lean Rep,Moderate,30-49,College graduate+,1.2389349045295637
201801098825.0,Not much,Was developed intentionally in a lab,Dem/Lean Dem,Moderate,30-49,Some College,0.7765488718720859
201801098831.0,Not much,Came about naturally,Dem/Lean Dem,Very liberal,50-64,College graduate+,0.724054467760679
201801098949.0,Not much,Not sure,Rep/Lean Rep,Moderate,50-64,Some College,0.40642522397669273
201801098967.0,None at all,Came about naturally,Dem/Lean Dem,Liberal,65+,Some College,0.31458425377032845
201801099086.0,Not much,Came about naturally,Dem/Lean Dem,Very liberal,30-49,College graduate+,0.2777265934065198
201801099103.0,A lot,Was developed intentionally in a lab,Rep/Lean Rep,Conservative,18-29,H.S. graduate or less,1.7965092572227719
201801099130.0,Not much,Was made accidentally in a lab,Dem/Lean Dem,Conservative,50-64,Some College,0.8642001941651632
201801099200.0,Some,Came about naturally,Dem/Lean Dem,Very conservative,30-49,H.S. graduate or less,2.077958539432668
201801099213.0,Not much,Came about naturally,Dem/Lean Dem,Very liberal,50-64,Some College,0.5598037618536549
201801099252.0,Not much,Not sure,Dem/Lean Dem,Very liberal,30-49,H.S. graduate or less,3.142634452922935
201801099255.0,A lot,Not sure,Dem/Lean Dem,Moderate,30-49,College graduate+,0.7820290159816554
201801099366.0,Some,Came about naturally,Rep/Lean Rep,Conservative,30-49,College graduate+,0.5108922439410989
201801099471.0,Not much,Was developed intentionally in a lab,Rep/Lean Rep,Conservative,50-64,Some College,0.38424198482774236
201801099535.0,None at all,Was developed intentionally in a lab,Dem/Lean Dem,Liberal,18-29,College graduate+,0.37619669203349937
201801099541.0,Not much,Came about naturally,Dem/Lean Dem,Moderate,50-64,H.S. graduate or less,2.4340012763169137
201801099599.0,Some,Came about naturally,Dem/Lean Dem,Very liberal,18-29,College graduate+,0.6157933677461086
201801099611.0,Some,Not sure,Rep/Lean Rep,Conservative,50-64,College graduate+,0.2763450083576254
201801099674.0,None at all,Not sure,Rep/Lean Rep,Very conservative,50-64,H.S. graduate or less,1.7713725283206923
201801099717.0,Not much,Came about naturally,Rep/Lean Rep,Very conservative,50-64,College graduate+,0.5703063293653231
201801099726.0,Not much,Came about naturally,Rep/Lean Rep,Conservative,65+,College graduate+,0.24960377457431507
201801099840.0,None at all,Was made accidentally in a lab,Rep/Lean Rep,Moderate,30-49,Some College,1.2583642828873354
201801099842.0,Not much,Came about naturally,Dem/Lean Dem,Moderate,50-64,College graduate+,0.22609697056393155
201801099899.0,Some,Came about naturally,Dem/Lean Dem,Very liberal,65+,College graduate+,0.5749938770349752
201801099911.0,None at all,Came about naturally,Rep/Lean Rep,Very conservative,65+,Some College,1.0039170545609695
201801099917.0,A lot,Was developed intentionally in a lab,Rep/Lean Rep,Very conservative,30-49,Some College,0.5466726303848976
201801099940.0,Not much,Came about naturally,Dem/Lean Dem,Moderate,30-49,H.S. graduate or less,3.093837438877161
201801100004.0,Not much,Came about naturally,Dem/Lean Dem,Moderate,50-64,College graduate+,0.3713983742887386
201801100007.0,Not much,Came about naturally,Dem/Lean Dem,Liberal,50-64,College graduate+,0.07844521463098372
201801100013.0,A lot,Not sure,Dem/Lean Dem,Very liberal,18-29,Some College,2.1620709396943054
201801100036.0,Some,Came about naturally,Dem/Lean Dem,Moderate,50-64,College graduate+,0.20313757190989004
201801100064.0,Not much,Not sure,Rep/Lean Rep,Conservative,50-64,College graduate+,0.4332216541457245
201801100122.0,Some,Not sure,Dem/Lean Dem,Moderate,50-64,College graduate+,0.6534441281110653
201801100141.0,None at all,Not sure,Rep/Lean Rep,Conservative,30-49,Some College,0.5780707162050099
201801100159.0,Not much,Was developed intentionally in a lab,Rep/Lean Rep,Very liberal,30-49,College graduate+,0.8193265910458019
201801100184.0,Not much,Came about naturally,Dem/Lean Dem,Moderate,65+,College graduate+,0.3496937122757643
201801100194.0,Some,Came about naturally,Dem/Lean Dem,Liberal,65+,College graduate+,0.16658774135557186
201801100220.0,Not much,Was made accidentally in a lab,Dem/Lean Dem,Liberal,30-49,College graduate+,0.30446087487465623
201801100415.0,Not much,Not sure,Dem/Lean Dem,Liberal,30-49,College graduate+,0.4180960679535971
201801100421.0,None at all,Was developed intentionally in a lab,Dem/Lean Dem,Moderate,65+,H.S. graduate or less,0.6389160479491697
201801100510.0,Not much,Was developed intentionally in a lab,Rep/Lean Rep,Conservative,50-64,Some College,1.5394823515954972
201801100547.0,Not much,Came about naturally,Dem/Lean Dem,Moderate,30-49,College graduate+,0.2751798570797386
201801100569.0,A lot,Not sure,Dem/Lean Dem,Conservative,18-29,College graduate+,0.8193265910458019
201801100580.0,Not much,Was made accidentally in a lab,Rep/Lean Rep,Conservative,65+,H.S. graduate or less,1.047177274393529
201801100584.0,Not much,Came about naturally,Dem/Lean Dem,Liberal,50-64,College graduate+,0.20313757190989004
201801100642.0,Some,Came about naturally,Dem/Lean Dem,Moderate,50-64,College graduate+,0.20313757190989004
201801100679.0,Not much,Came about naturally,Dem/Lean Dem,Liberal,30-49,College graduate+,0.4572782227327717
201801100716.0,Not much,Came about naturally,Dem/Lean Dem,Very liberal,18-29,College graduate+,1.3017549357682767
201801100725.0,Not much,Came about naturally,Dem/Lean Dem,Liberal,65+,College graduate+,0.27472252543231557
201801100770.0,None at all,Came about naturally,Dem/Lean Dem,Moderate,30-49,College graduate+,0.28330752853283125
201801100787.0,Some,Was developed intentionally in a lab,Dem/Lean Dem,Conservative,30-49,Some College,1.1824937000776186
201801100867.0,Some,Came about naturally,Dem/Lean Dem,Liberal,18-29,College graduate+,0.3857494942004419
201801100884.0,Not much,Came about naturally,Rep/Lean Rep,Conservative,65+,College graduate+,0.2541918555187609
201801100924.0,A lot,Not sure,Rep/Lean Rep,Very conservative,65+,Some College,0.37830171774990956
201801100986.0,Not much,Not sure,Dem/Lean Dem,Moderate,30-49,College graduate+,0.8671086007003816
201801101054.0,Not much,Was developed intentionally in a lab,Dem/Lean Dem,Moderate,65+,Some College,0.8538348857100817
201801101066.0,Some,Was developed intentionally in a lab,Rep/Lean Rep,Moderate,30-49,Some College,0.6253667918804708
201801101137.0,None at all,Doesn’t really exist,Dem/Lean Dem,Moderate,50-64,Some College,0.34730606684096804
201801101149.0,Some,Came about naturally,Dem/Lean Dem,Moderate,30-49,College graduate+,0.314211276057715
201801101234.0,Not much,Came about naturally,Rep/Lean Rep,Conservative,50-64,Some College,1.342290997434142
201801101253.0,Some,Came about naturally,Dem/Lean Dem,Moderate,50-64,College graduate+,0.2777265934065198
201801101262.0,Not much,Came about naturally,Dem/Lean Dem,Moderate,50-64,Some College,0.30806616468965486
201801101268.0,A lot,Was developed intentionally in a lab,Dem/Lean Dem,Liberal,30-49,College graduate+,3.0270819930650323
201801101272.0,Some,Came about naturally,Rep/Lean Rep,Conservative,18-29,College graduate+,0.428374542510978
201801101296.0,Not much,Came about naturally,Rep/Lean Rep,Conservative,30-49,College graduate+,0.6642222485019401
201801101377.0,Not much,Not sure,Rep/Lean Rep,Moderate,50-64,Some College,0.6912632732068239
201801101406.0,Not much,Came about naturally,Rep/Lean Rep,Very conservative,65+,H.S. graduate or less,2.9485803692638397
201801101515.0,Not much,Came about naturally,Dem/Lean Dem,Moderate,65+,College graduate+,0.37995031658406214
201801101567.0,Not much,Not sure,Dem/Lean Dem,Moderate,30-49,College graduate+,0.4180960679535971
201801101594.0,None at all,Came about naturally,Dem/Lean Dem,Conservative,30-49,College graduate+,0.7415547761882485
201801101683.0,Not much,Not sure,Rep/Lean Rep,Moderate,50-64,College graduate+,0.3845194120995435
201801101691.0,Some,Was developed intentionally in a lab,Dem/Lean Dem,Moderate,30-49,H.S. graduate or less,0.5187684935459126
201801101692.0,Some,Not sure,Dem/Lean Dem,Moderate,30-49,College graduate+,0.6363659314577633
201801101757.0,Not much,Came about naturally,Dem/Lean Dem,Liberal,30-49,College graduate+,0.15590545424186367
201801101765.0,Some,Was developed intentionally in a lab,Rep/Lean Rep,Moderate,30-49,College graduate+,0.39277896836882886
201801101846.0,None at all,Was developed intentionally in a lab,Dem/Lean Dem,Liberal,30-49,College graduate+,1.118834669846571
201801101902.0,None at all,Came about naturally,Rep/Lean Rep,Conservative,65+,College graduate+,0.561078032636311
201801101976.0,Not much,Came about naturally,Dem/Lean Dem,Conservative,50-64,Some College,0.3992781586503931
201801101984.0,None at all,Not sure,Dem/Lean Dem,Conservative,65+,Some College,0.8449013133828984
201801102001.0,Some,Came about naturally,Rep/Lean Rep,Conservative,50-64,Some College,0.9236432712949221
201801102031.0,Not much,Came about naturally,Dem/Lean Dem,Liberal,30-49,College graduate+,0.30446087487465623
201801102090.0,Some,Came about naturally,Dem/Lean Dem,Very liberal,18-29,College graduate+,0.5525152350105343
201801102237.0,Some,Not sure,Rep/Lean Rep,Conservative,65+,College graduate+,0.2597920219128353
201801102241.0,Some,Not sure,Dem/Lean Dem,Moderate,50-64,Some College,0.5238903056203935
201801102250.0,Some,Came about naturally,Rep/Lean Rep,Conservative,65+,H.S. graduate or less,0.8694822631615768
201801102257.0,Not much,Came about naturally,Dem/Lean Dem,Very liberal,50-64,College graduate+,0.9031943461567729
201801102280.0,Some,Was developed intentionally in a lab,Rep/Lean Rep,Conservative,30-49,Some College,2.7787097653486317
201801102332.0,Not much,Came about naturally,Dem/Lean Dem,Moderate,65+,College graduate+,0.27472252543231557
201801102344.0,Some,Came about naturally,Dem/Lean Dem,Moderate,65+,College graduate+,0.16658774135557186
201801102358.0,Some,Came about naturally,Dem/Lean Dem,Moderate,65+,College graduate+,0.27472252543231557
201801102431.0,Some,Not sure,Dem/Lean Dem,Very conservative,30-49,Some College,1.386462084790581
201801102503.0,A lot,Came about naturally,Dem/Lean Dem,Moderate,30-49,College graduate+,0.6146699765130671
201801102510.0,A lot,Was developed intentionally in a lab,Dem/Lean Dem,Moderate,50-64,College graduate+,0.3080801759344907
201801102512.0,Some,Came about naturally,Rep/Lean Rep,Conservative,65+,Some College,0.37830171774990956
201801102513.0,None at all,Came about naturally,Dem/Lean Dem,Moderate,65+,Some College,0.24445445253421863
201801102518.0,None at all,Not sure,DK/Refused/No lean,Conservative,30-49,College graduate+,1.0034741230434032
201801102526.0,Some,Came about naturally,Rep/Lean Rep,Conservative,30-49,Some College,1.2903987484583337
201801102549.0,Not much,Not sure,Rep/Lean Rep,Moderate,30-49,College graduate+,1.0078609602169846
201801102597.0,Not much,Not sure,Dem/Lean Dem,Liberal,50-64,College graduate+,0.20313757190989004
201801102794.0,Some,Was developed intentionally in a lab,Rep/Lean Rep,Conservative,50-64,Some College,0.4158737830836477
201801102873.0,Some,Came about naturally,Dem/Lean Dem,Liberal,65+,College graduate+,0.31464766480580686
201801102980.0,A lot,Not sure,Rep/Lean Rep,Very conservative,65+,H.S. graduate or less,2.570710827037535
201801102991.0,Some,Came about naturally,Rep/Lean Rep,Conservative,50-64,College graduate+,0.35624239794293705
201801103006.0,Not much,Came about naturally,Dem/Lean Dem,Liberal,50-64,College graduate+,0.44732242553576856
201801103057.0,None at all,Not sure,Dem/Lean Dem,Liberal,50-64,Some College,0.5243895491899507
201801103068.0,None at all,Came about naturally,Rep/Lean Rep,Very conservative,65+,College graduate+,0.24960377457431507
201801103074.0,Not much,Not sure,Rep/Lean Rep,Conservative,65+,Some College,0.501097021579651
201801103085.0,Not much,Came about naturally,Dem/Lean Dem,Liberal,65+,College graduate+,0.2228900847276511
201801103099.0,Not much,Not sure,Dem/Lean Dem,Moderate,65+,College graduate+,0.3547698801388691
201801103119.0,Not much,Not sure,Dem/Lean Dem,Very liberal,30-49,College graduate+,0.30446087487465623
201801103145.0,Not much,Came about naturally,Dem/Lean Dem,Liberal,30-49,College graduate+,0.30017368087428214
201801103163.0,Not much,Came about naturally,Dem/Lean Dem,Liberal,65+,College graduate+,0.2228900847276511
201801103253.0,Not much,Not sure,Dem/Lean Dem,Liberal,50-64,H.S. graduate or less,2.3428914200479443
201801103272.0,A lot,Came about naturally,Dem/Lean Dem,Moderate,30-49,College graduate+,1.0634860560096329
201801103279.0,Not much,Came about naturally,Dem/Lean Dem,Moderate,50-64,Some College,2.1187351395166374
201801103342.0,Not much,Was developed intentionally in a lab,Dem/Lean Dem,Moderate,30-49,Some College,1.3585910334408409
201801103493.0,None at all,Not sure,Rep/Lean Rep,Moderate,18-29,Some College,2.327801351507167
201801103553.0,Some,Not sure,Rep/Lean Rep,Conservative,65+,Some College,0.37830171774990956
201801103606.0,Some,Was developed intentionally in a lab,Rep/Lean Rep,Conservative,65+,College graduate+,0.24960377457431507
201801103705.0,Some,Not sure,Rep/Lean Rep,Moderate,30-49,College graduate+,0.2922353583379589
201801103759.0,Not much,Came about naturally,Rep/Lean Rep,Conservative,30-49,College graduate+,0.47683680314419524
201801103783.0,Some,Was developed intentionally in a lab,Rep/Lean Rep,Moderate,65+,Some College,1.0039170545609695
201801103867.0,Not much,Came about naturally,Rep/Lean Rep,Conservative,50-64,Some College,0.32126188816548673
201801103929.0,Not much,Came about naturally,Dem/Lean Dem,Liberal,18-29,College graduate+,0.2751798570797386
201801103989.0,Not much,Not sure,Dem/Lean Dem,Moderate,30-49,H.S. graduate or less,3.145426562061012
201801104013.0,None at all,Was made accidentally in a lab,Rep/Lean Rep,Conservative,18-29,H.S. graduate or less,5.501755593151117
201801104051.0,Some,Came about naturally,Rep/Lean Rep,Conservative,65+,College graduate+,0.2228900847276511
201801104273.0,None at all,Came about naturally,Dem/Lean Dem,Very liberal,50-64,College graduate+,0.20313757190989004
201801104283.0,Some,Not sure,Rep/Lean Rep,Conservative,65+,College graduate+,0.6771200102197139
201801104323.0,Some,Was developed intentionally in a lab,Rep/Lean Rep,Very conservative,30-49,Some College,2.7377549251255617
201801104345.0,A lot,Was developed intentionally in a lab,Rep/Lean Rep,Conservative,50-64,H.S. graduate or less,2.0527557795976064
201801104346.0,Some,Came about naturally,Dem/Lean Dem,Moderate,30-49,College graduate+,0.27935207310063875
201801104363.0,None at all,Not sure,Dem/Lean Dem,Moderate,30-49,H.S. graduate or less,7.487621221765812
201801104411.0,A lot,Came about naturally,Rep/Lean Rep,Moderate,50-64,Some College,0.7951416387260912
201801104433.0,None at all,Not sure,Dem/Lean Dem,Moderate,30-49,Some College,0.40474227314663325
201801104456.0,Not much,Was developed intentionally in a lab,Rep/Lean Rep,Very conservative,50-64,Some College,0.8995567972103815
201801104457.0,A lot,Not sure,Rep/Lean Rep,Very conservative,18-29,Some College,1.5712467102289942
201801104493.0,Not much,Came about naturally,Dem/Lean Dem,Liberal,30-49,Some College,0.3357649151793398
201801104534.0,Some,Not sure,Dem/Lean Dem,Liberal,65+,College graduate+,0.27472252543231557
201801104574.0,Some,Came about naturally,Rep/Lean Rep,Moderate,30-49,College graduate+,0.49822932735516384
201801104597.0,A lot,Was developed intentionally in a lab,Rep/Lean Rep,Conservative,65+,College graduate+,0.2228900847276511
201801104606.0,Not much,Came about naturally,Rep/Lean Rep,Conservative,65+,College graduate+,0.5749938770349752
201801104608.0,Not much,Not sure,Rep/Lean Rep,Very conservative,65+,Some College,1.386406470085338
201801104654.0,Not much,Came about naturally,Dem/Lean Dem,Moderate,50-64,College graduate+,0.2763450083576254
201801104772.0,Some,Came about naturally,Dem/Lean Dem,Moderate,50-64,College graduate+,0.6323267760894709
201801104788.0,Some,Not sure,Rep/Lean Rep,Moderate,30-49,Some College,0.4843338704683956
201801104821.0,Some,Not sure,Dem/Lean Dem,Moderate,50-64,College graduate+,0.22454683147387652
201801104845.0,Not much,Came about naturally,Dem/Lean Dem,Liberal,50-64,College graduate+,0.16877671577660544
201801104901.0,Some,Not sure,DK/Refused/No lean,Moderate,30-49,H.S. graduate or less,3.2672063521616086
201801105005.0,Not much,Came about naturally,Dem/Lean Dem,Moderate,50-64,Some College,1.2310844563713128
201801105017.0,Some,Came about naturally,Rep/Lean Rep,Conservative,30-49,College graduate+,0.47683680314419524
201801105046.0,Not much,Came about naturally,Dem/Lean Dem,Liberal,50-64,College graduate+,0.16877671577660544
201801105054.0,Some,Came about naturally,Dem/Lean Dem,Very liberal,18-29,Some College,1.6435896765329
201801105120.0,None at all,Not sure,Dem/Lean Dem,Very conservative,30-49,Some College,0.6245574243653139
201801105125.0,Not much,Was developed intentionally in a lab,Rep/Lean Rep,Moderate,30-49,College graduate+,0.43730745252361874
201801105246.0,Not much,Refused,Dem/Lean Dem,Liberal,65+,College graduate+,0.27472252543231557
201801105264.0,Not much,Came about naturally,Dem/Lean Dem,Very liberal,65+,College graduate+,0.27472252543231557
201801105271.0,Some,Came about naturally,Dem/Lean Dem,Moderate,30-49,College graduate+,0.8904173234304539
201801105329.0,Some,Came about naturally,Dem/Lean Dem,Liberal,30-49,College graduate+,0.314211276057715
201801105354.0,A lot,Came about naturally,Rep/Lean Rep,Conservative,30-49,Some College,0.6530390263592843
201801105376.0,Not much,Was developed intentionally in a lab,Dem/Lean Dem,Liberal,30-49,College graduate+,0.4180960679535971
201801105381.0,Not much,Not sure,Dem/Lean Dem,Moderate,65+,College graduate+,0.705245550418901
201801105505.0,Not much,Came about naturally,Dem/Lean Dem,Liberal,65+,College graduate+,0.37995031658406214
201801105609.0,None at all,Came about naturally,Rep/Lean Rep,Conservative,65+,College graduate+,0.561078032636311
201801105659.0,Some,Was developed intentionally in a lab,Rep/Lean Rep,Moderate,50-64,College graduate+,0.4190332131081812
201801105672.0,Some,Came about naturally,Dem/Lean Dem,Moderate,30-49,College graduate+,0.432203126966449
201801105695.0,Not much,Came about naturally,Rep/Lean Rep,Conservative,65+,College graduate+,0.36400315984732107
201801105720.0,Not much,Not sure,Dem/Lean Dem,Moderate,50-64,College graduate+,0.314211276057715
201801105777.0,None at all,Not sure,Rep/Lean Rep,Moderate,65+,College graduate+,0.2228900847276511
201801105804.0,Not much,Came about naturally,Rep/Lean Rep,Moderate,65+,College graduate+,0.2228900847276511
201801105814.0,None at all,Was developed intentionally in a lab,Dem/Lean Dem,Refused,50-64,College graduate+,0.28025255397597815
201801105815.0,Some,Came about naturally,Rep/Lean Rep,Moderate,50-64,Some College,0.4843338704683956
201801105864.0,None at all,Was made accidentally in a lab,Dem/Lean Dem,Very liberal,50-64,H.S. graduate or less,2.4340012763169137
201801105891.0,Not much,Came about naturally,Rep/Lean Rep,Moderate,65+,College graduate+,0.5867859463034331
201801105905.0,None at all,Came about naturally,Dem/Lean Dem,Liberal,50-64,College graduate+,0.20313757190989004
201801105932.0,A lot,Was developed intentionally in a lab,Rep/Lean Rep,Very conservative,30-49,College graduate+,0.4332216541457245
201801106036.0,Some,Came about naturally,Rep/Lean Rep,Conservative,50-64,Some College,1.5394823515954972
201801106067.0,Some,Not sure,Dem/Lean Dem,Liberal,30-49,College graduate+,1.6167942263979755
201801106085.0,Some,Came about naturally,Dem/Lean Dem,Liberal,30-49,College graduate+,0.9243769995234397
201801106112.0,A lot,Was developed intentionally in a lab,Rep/Lean Rep,Conservative,50-64,H.S. graduate or less,3.5948446173166486
201801106117.0,None at all,Came about naturally,Dem/Lean Dem,Liberal,50-64,College graduate+,0.20313757190989004
201801106247.0,A lot,Came about naturally,Rep/Lean Rep,Conservative,65+,College graduate+,0.47556299309100397
201801106249.0,Some,Was developed intentionally in a lab,Dem/Lean Dem,Moderate,65+,College graduate+,0.7793646960669712
201801106300.0,None at all,Not sure,Dem/Lean Dem,Moderate,18-29,College graduate+,2.5918365662697482
201801106365.0,Some,Not sure,Rep/Lean Rep,Very conservative,30-49,Some College,0.5283179923594749
201801106366.0,Some,Was developed intentionally in a lab,Rep/Lean Rep,Conservative,30-49,Some College,1.2960998120194531
201801106434.0,None at all,Came about naturally,Dem/Lean Dem,Moderate,50-64,College graduate+,0.20313757190989004
201801106438.0,None at all,Not sure,Rep/Lean Rep,Conservative,65+,College graduate+,0.24960377457431507
201801106440.0,Not much,Was developed intentionally in a lab,DK/Refused/No lean,Moderate,30-49,Some College,0.5780707162050099
201801106445.0,None at all,Came about naturally,Dem/Lean Dem,Liberal,65+,College graduate+,0.16658774135557186
201801106490.0,A lot,Came about naturally,Dem/Lean Dem,Moderate,50-64,Some College,0.9339416590814312
201801106555.0,Not much,Was developed intentionally in a lab,Dem/Lean Dem,Moderate,50-64,H.S. graduate or less,2.9083224679527246
201801106565.0,None at all,Came about naturally,Rep/Lean Rep,Moderate,30-49,College graduate+,0.47812055176334556
201801106569.0,Not much,Was developed intentionally in a lab,Rep/Lean Rep,Conservative,30-49,College graduate+,0.7291140261140074
201801106624.0,Some,Was made accidentally in a lab,Dem/Lean Dem,Conservative,30-49,H.S. graduate or less,1.3520849332045037
201801106657.0,Not much,Refused,Rep/Lean Rep,Moderate,65+,College graduate+,1.008594869048371
201801106685.0,Some,Came about naturally,Dem/Lean Dem,Liberal,50-64,College graduate+,0.16877671577660544
201801106695.0,A lot,Came about naturally,Rep/Lean Rep,Conservative,50-64,College graduate+,0.3102954082448866
201801106701.0,Some,Came about naturally,Dem/Lean Dem,Very liberal,50-64,Some College,0.5797383525727224
201801106728.0,Not much,Came about naturally,Dem/Lean Dem,Moderate,65+,College graduate+,0.1644627506853584
201801106731.0,Not much,Came about naturally,Rep/Lean Rep,Liberal,50-64,Some College,0.5653153382956108
201801106737.0,Some,Came about naturally,Dem/Lean Dem,Moderate,65+,H.S. graduate or less,1.5414388702001378
201801106820.0,Some,Came about naturally,Dem/Lean Dem,Very liberal,50-64,Some College,0.23421344886813583
201801106827.0,Not much,Came about naturally,Dem/Lean Dem,Very liberal,30-49,College graduate+,0.30017368087428214
201801106829.0,Some,Came about naturally,Rep/Lean Rep,Moderate,65+,College graduate+,0.21434573153990272
201801107018.0,Not much,Came about naturally,Rep/Lean Rep,Conservative,50-64,College graduate+,0.8671086007003816
201801107026.0,None at all,Came about naturally,Rep/Lean Rep,Conservative,50-64,College graduate+,0.8292390040780198
201801107038.0,Not much,Was developed intentionally in a lab,Rep/Lean Rep,Conservative,50-64,College graduate+,0.5703063293653231
201801107059.0,None at all,Not sure,Rep/Lean Rep,Conservative,50-64,College graduate+,0.25324416642659153
201801107104.0,Some,Came about naturally,Dem/Lean Dem,Moderate,50-64,College graduate+,1.0336939510552412
201801107151.0,None at all,Not sure,Dem/Lean Dem,Moderate,30-49,College graduate+,0.9826081987560097
201801107152.0,None at all,Came about naturally,Rep/Lean Rep,Conservative,50-64,H.S. graduate or less,5.0982429923302695
201801107182.0,Some,Was developed intentionally in a lab,Rep/Lean Rep,Very conservative,50-64,College graduate+,0.4431943764313535
201801107243.0,Not much,Came about naturally,Dem/Lean Dem,Very liberal,18-29,College graduate+,0.5770305486536121
201801107256.0,Not much,Not sure,Rep/Lean Rep,Conservative,18-29,College graduate+,0.7939909868129011
201801107447.0,Some,Came about naturally,Rep/Lean Rep,Moderate,30-49,College graduate+,0.43730745252361874
201801107508.0,Some,Not sure,Rep/Lean Rep,Conservative,50-64,Some College,0.8995567972103815
201801107545.0,Some,Was developed intentionally in a lab,Rep/Lean Rep,Very conservative,50-64,College graduate+,0.3845194120995435
201801107599.0,Some,Came about naturally,Rep/Lean Rep,Conservative,30-49,College graduate+,0.39277896836882886
201801107651.0,Some,Came about naturally,Rep/Lean Rep,Conservative,65+,Some College,0.37830171774990956
201801107668.0,None at all,Not sure,Dem/Lean Dem,Moderate,30-49,H.S. graduate or less,1.883411629761067
201801107722.0,Not much,Came about naturally,Rep/Lean Rep,Moderate,30-49,Some College,1.9482010646480132
201801107826.0,Some,Came about naturally,Dem/Lean Dem,Conservative,30-49,College graduate+,0.3845194120995435
201801107852.0,Some,Not sure,Rep/Lean Rep,Conservative,50-64,Some College,0.8995567972103815
201801107856.0,Not much,Not sure,Dem/Lean Dem,Moderate,65+,Some College,0.319101043048415
201801107887.0,Some,Was developed intentionally in a lab,Rep/Lean Rep,Conservative,65+,H.S. graduate or less,2.570710827037535
201801107942.0,Some,Came about naturally,DK/Refused/No lean,Moderate,50-64,Some College,1.285429104171465
201801107958.0,None at all,Not sure,Dem/Lean Dem,Moderate,65+,H.S. graduate or less,3.172494302951543
201801107972.0,Some,Came about naturally,Dem/Lean Dem,Very liberal,30-49,College graduate+,0.30446087487465623
201801107993.0,Not much,Not sure,Rep/Lean Rep,Moderate,30-49,College graduate+,1.1720302000931735
201801108000.0,Not much,Not sure,Dem/Lean Dem,Moderate,50-64,H.S. graduate or less,1.6509745947305468
201801108131.0,None at all,Not sure,Rep/Lean Rep,Moderate,18-29,H.S. graduate or less,7.487621221765812
201801108141.0,None at all,Not sure,Rep/Lean Rep,Conservative,65+,College graduate+,1.5569834972458005
201801108172.0,Some,Came about naturally,Rep/Lean Rep,Conservative,50-64,Some College,0.38424198482774236
201801108207.0,None at all,Came about naturally,Rep/Lean Rep,Moderate,30-49,H.S. graduate or less,3.145426562061012
201801108225.0,None at all,Came about naturally,Dem/Lean Dem,Moderate,65+,Some College,0.44421746604418666
201801108258.0,Some,Came about naturally,Dem/Lean Dem,Moderate,50-64,Some College,0.3830107624756435
201801108274.0,Some,Came about naturally,Dem/Lean Dem,Very liberal,50-64,Some College,0.2673447876745888
201801108290.0,Some,Came about naturally,Dem/Lean Dem,Moderate,65+,Some College,0.546649781026213
201801108320.0,Some,Was made accidentally in a lab,Rep/Lean Rep,Moderate,30-49,College graduate+,0.5525152350105343
201801108331.0,None at all,Not sure,Dem/Lean Dem,Moderate,65+,College graduate+,0.25225265122541796
201801108351.0,Not much,Not sure,Rep/Lean Rep,Very conservative,65+,Some College,1.051752162400997
201801108372.0,Not much,Not sure,Rep/Lean Rep,Conservative,50-64,College graduate+,0.2919348885538775
201801108393.0,A lot,Not sure,Rep/Lean Rep,Conservative,50-64,Some College,1.5394823515954972
201801108412.0,None at all,Not sure,DK/Refused/No lean,Very liberal,50-64,H.S. graduate or less,0.940954731885984
201801108425.0,Some,Came about naturally,Dem/Lean Dem,Moderate,18-29,College graduate+,0.793993330820966
201801108559.0,Some,Came about naturally,Dem/Lean Dem,Moderate,65+,Some College,0.319101043048415
201801108582.0,A lot,Was made accidentally in a lab,Rep/Lean Rep,Conservative,50-64,H.S. graduate or less,1.7713725283206923
201801108660.0,Some,Was developed intentionally in a lab,Rep/Lean Rep,Conservative,18-29,College graduate+,0.5396260725904269
201801108723.0,Some,Was developed intentionally in a lab,Rep/Lean Rep,Conservative,65+,College graduate+,0.4280546019381889
201801108728.0,Some,Came about naturally,Dem/Lean Dem,Liberal,65+,Some College,0.44421746604418666
201801108733.0,Some,Was made accidentally in a lab,Rep/Lean Rep,Conservative,18-29,Some College,2.752056681198248
201801108752.0,Not much,Came about naturally,Dem/Lean Dem,Moderate,50-64,College graduate+,0.3845194120995435
201801108790.0,A lot,Came about naturally,Rep/Lean Rep,Conservative,65+,College graduate+,0.24960377457431507
201801108823.0,None at all,Not sure,Rep/Lean Rep,Conservative,65+,Some College,1.0279385382716288
201801108828.0,A lot,Came about naturally,Rep/Lean Rep,Very conservative,65+,College graduate+,1.008594869048371
201801108853.0,Some,Came about naturally,Dem/Lean Dem,Moderate,65+,Some College,0.44421746604418666
201801108859.0,Not much,Came about naturally,Dem/Lean Dem,Liberal,65+,College graduate+,0.37995031658406214
201801108879.0,Not much,Came about naturally,Rep/Lean Rep,Moderate,65+,College graduate+,0.89111140840927
201801108904.0,None at all,Came about naturally,Dem/Lean Dem,Liberal,65+,College graduate+,0.16658774135557186
201801108920.0,None at all,Came about naturally,Dem/Lean Dem,Very liberal,50-64,College graduate+,0.16661739638938972
201801108927.0,Some,Came about naturally,Rep/Lean Rep,Conservative,65+,College graduate+,0.24960377457431507
201801109000.0,Not much,Was made accidentally in a lab,Dem/Lean Dem,Very liberal,30-49,H.S. graduate or less,1.2576520713759227
201801109036.0,Not much,Was developed intentionally in a lab,Dem/Lean Dem,Moderate,30-49,Some College,1.2008383858447433
201801109130.0,Not much,Came about naturally,Dem/Lean Dem,Very liberal,30-49,College graduate+,0.6987776758675408
201801109154.0,Some,Came about naturally,Rep/Lean Rep,Conservative,50-64,College graduate+,0.2763450083576254
201801109253.0,None at all,Came about naturally,Dem/Lean Dem,Moderate,30-49,College graduate+,0.3845194120995435
201801109342.0,None at all,Came about naturally,Rep/Lean Rep,Conservative,50-64,Some College,0.8418635952670893
201801109386.0,Some,Came about naturally,Dem/Lean Dem,Liberal,18-29,H.S. graduate or less,2.3170672683990072
201801109459.0,None at all,Came about naturally,Dem/Lean Dem,Very liberal,50-64,H.S. graduate or less,3.019825252085458
201801109484.0,Not much,Not sure,Dem/Lean Dem,Refused,50-64,College graduate+,0.2310810495763379
201801109602.0,Some,Was developed intentionally in a lab,Rep/Lean Rep,Moderate,30-49,H.S. graduate or less,4.100061504003779
201801109613.0,Not much,Was developed intentionally in a lab,Rep/Lean Rep,Very conservative,50-64,College graduate+,0.2296501287287304
201801109734.0,None at all,Came about naturally,Dem/Lean Dem,Liberal,18-29,Some College,0.5605856375113468
201801109743.0,Not much,Not sure,Dem/Lean Dem,Moderate,50-64,Some College,0.8043307922533215
201801109782.0,Some,Came about naturally,Rep/Lean Rep,Conservative,65+,H.S. graduate or less,0.8832291468333584
201801109787.0,Some,Was developed intentionally in a lab,Rep/Lean Rep,Moderate,30-49,Some College,0.8013190400203496
201801109808.0,Some,Came about naturally,Rep/Lean Rep,Conservative,50-64,Some College,0.5466726303848976
201801109849.0,Some,Was developed intentionally in a lab,Rep/Lean Rep,Refused,50-64,H.S. graduate or less,7.487621221765812
201801109869.0,Not much,Came about naturally,Rep/Lean Rep,Moderate,50-64,College graduate+,0.7146041181199958
201801109873.0,Some,Not sure,Rep/Lean Rep,Conservative,30-49,H.S. graduate or less,3.1140725413096098
201801109875.0,A lot,Came about naturally,Rep/Lean Rep,Moderate,65+,College graduate+,0.561078032636311
201801109882.0,None at all,Came about naturally,Rep/Lean Rep,Conservative,30-49,College graduate+,0.428374542510978
201801109900.0,Not much,Came about naturally,Rep/Lean Rep,Conservative,30-49,Some College,1.5394823515954972
201801109922.0,Some,Came about naturally,Dem/Lean Dem,Moderate,65+,Some College,0.7246498337278419
201801109935.0,None at all,Not sure,Rep/Lean Rep,Conservative,50-64,College graduate+,0.7146041181199958
201801110054.0,Some,Was developed intentionally in a lab,Rep/Lean Rep,Very conservative,65+,College graduate+,0.4280546019381889
201801110109.0,Not much,Was developed intentionally in a lab,Rep/Lean Rep,Refused,65+,H.S. graduate or less,2.6018036659834465
201801110141.0,Some,Came about naturally,Dem/Lean Dem,Liberal,65+,College graduate+,0.37995031658406214
201801110143.0,Not much,Was made accidentally in a lab,Rep/Lean Rep,Moderate,50-64,Some College,0.4843338704683956
201801110176.0,Not much,Came about naturally,Rep/Lean Rep,Conservative,50-64,H.S. graduate or less,1.7713725283206923
201801110190.0,None at all,Not sure,Rep/Lean Rep,Moderate,65+,College graduate+,0.89111140840927
201801110201.0,Not much,Came about naturally,Dem/Lean Dem,Conservative,65+,Some College,0.319101043048415
201801110206.0,Not much,Came about naturally,Rep/Lean Rep,Conservative,30-49,Some College,1.305512644292203
201801110279.0,None at all,Came about naturally,Dem/Lean Dem,Moderate,30-49,College graduate+,0.24893406825118905
201801110309.0,Not much,Came about naturally,Dem/Lean Dem,Liberal,50-64,College graduate+,0.22609697056393155
201801110315.0,A lot,Came about naturally,Rep/Lean Rep,Conservative,65+,College graduate+,0.561078032636311
201801110358.0,Not much,Came about naturally,Dem/Lean Dem,Moderate,30-49,Some College,1.3911318839631788
201801110391.0,Some,Was developed intentionally in a lab,Rep/Lean Rep,Conservative,65+,Some College,0.884522665575274
201801110439.0,Not much,Not sure,Dem/Lean Dem,Very liberal,18-29,Some College,1.6692807363498332
201801110451.0,A lot,Came about naturally,Dem/Lean Dem,Liberal,50-64,College graduate+,0.4190332131081812
201801110490.0,Not much,Not sure,Dem/Lean Dem,Moderate,50-64,College graduate+,0.16877671577660544
201801110512.0,None at all,Came about naturally,Dem/Lean Dem,Very liberal,50-64,College graduate+,0.36032953440962434
201801110515.0,Some,Came about naturally,Dem/Lean Dem,Liberal,30-49,Some College,0.37710119807367465
201801110573.0,Not much,Was developed intentionally in a lab,Rep/Lean Rep,Conservative,30-49,Some College,0.3194432242729176
201801110602.0,Not much,Was developed intentionally in a lab,Rep/Lean Rep,Very conservative,65+,College graduate+,0.5947157903784182
201801110641.0,Not much,Was developed intentionally in a lab,Dem/Lean Dem,Moderate,65+,Some College,1.3625876030702775
201801110663.0,Not much,Came about naturally,Dem/Lean Dem,Moderate,30-49,Some College,0.19270597055699
201801110681.0,Some,Came about naturally,Dem/Lean Dem,Liberal,30-49,College graduate+,0.30446087487465623
201801110692.0,Not much,Came about naturally,Dem/Lean Dem,Very liberal,30-49,College graduate+,0.28330752853283125
201801110718.0,Not much,Was developed intentionally in a lab,Rep/Lean Rep,Conservative,65+,Some College,0.501097021579651
201801110728.0,Not much,Came about naturally,Rep/Lean Rep,Moderate,50-64,College graduate+,1.6363375925637078
201801110785.0,Not much,Not sure,Rep/Lean Rep,Conservative,30-49,College graduate+,0.3845194120995435
201801110817.0,Not much,Not sure,Dem/Lean Dem,Liberal,65+,Some College,0.319101043048415
201801110880.0,Not much,Was developed intentionally in a lab,Dem/Lean Dem,Liberal,18-29,H.S. graduate or less,3.005063574459675
201801110901.0,Not much,Was developed intentionally in a lab,Rep/Lean Rep,Very liberal,50-64,Some College,0.23102791415822446
201801110904.0,Not much,Came about naturally,Dem/Lean Dem,Moderate,65+,H.S. graduate or less,1.5177526977870623
201801110935.0,Not much,Came about naturally,Dem/Lean Dem,Moderate,30-49,College graduate+,0.4228550525127948
201801110936.0,Some,Was developed intentionally in a lab,Rep/Lean Rep,Moderate,65+,College graduate+,0.36565741788705275
201801110958.0,Some,Came about naturally,Rep/Lean Rep,Very conservative,65+,Some College,0.884522665575274
201801111010.0,Some,Came about naturally,Dem/Lean Dem,Liberal,65+,Some College,0.7356999594242559
201801111023.0,Some,Was developed intentionally in a lab,Dem/Lean Dem,Moderate,30-49,College graduate+,0.4120267835152428
201801111029.0,None at all,Refused,Rep/Lean Rep,Moderate,65+,College graduate+,0.4280546019381889
201801111037.0,None at all,Came about naturally,Dem/Lean Dem,Liberal,65+,H.S. graduate or less,1.5414388702001378
201801111043.0,None at all,Was developed intentionally in a lab,Rep/Lean Rep,Conservative,65+,College graduate+,1.008594869048371
201801111056.0,Not much,Came about naturally,Dem/Lean Dem,Liberal,50-64,College graduate+,0.3551661769493011
201801111099.0,A lot,Came about naturally,Rep/Lean Rep,Moderate,30-49,College graduate+,0.12979201322265413
201801111294.0,None at all,Came about naturally,Dem/Lean Dem,Liberal,65+,College graduate+,0.31464766480580686
201801111333.0,A lot,Was developed intentionally in a lab,Rep/Lean Rep,Very conservative,65+,H.S. graduate or less,2.1609375037906613
201801111533.0,Some,Came about naturally,Dem/Lean Dem,Moderate,30-49,College graduate+,0.15394798915246105
201801111581.0,Some,Came about naturally,Dem/Lean Dem,Liberal,50-64,H.S. graduate or less,1.5950894553287576
201801111739.0,Some,Came about naturally,Dem/Lean Dem,Liberal,18-29,College graduate+,0.9052126034099909
201801111789.0,Not much,Not sure,Dem/Lean Dem,Moderate,30-49,College graduate+,3.740588821304264
201801111988.0,None at all,Came about naturally,Dem/Lean Dem,Moderate,50-64,College graduate+,0.314211276057715
201801112078.0,Not much,Was developed intentionally in a lab,Rep/Lean Rep,Conservative,65+,Some College,0.501097021579651
201801112121.0,None at all,Came about naturally,Rep/Lean Rep,Very conservative,50-64,College graduate+,0.25324416642659153
201801112131.0,Not much,Not sure,Dem/Lean Dem,Moderate,50-64,College graduate+,0.6323267760894709
201801112137.0,Some,Was developed intentionally in a lab,Rep/Lean Rep,Conservative,65+,College graduate+,0.37995031658406214
201801112144.0,Not much,Came about naturally,Dem/Lean Dem,Moderate,30-49,College graduate+,0.30446087487465623
201801112160.0,Some,Not sure,Dem/Lean Dem,Liberal,50-64,College graduate+,0.44732242553576856
201801112192.0,Not much,Came about naturally,Rep/Lean Rep,Conservative,65+,College graduate+,2.8653601988334803
201801112228.0,Not much,Came about naturally,Rep/Lean Rep,Conservative,65+,College graduate+,0.24960377457431507
201801112261.0,A lot,Came about naturally,Rep/Lean Rep,Conservative,50-64,College graduate+,0.3102954082448866
201801112268.0,Not much,Came about naturally,Dem/Lean Dem,Liberal,65+,College graduate+,0.16658774135557186
201801112336.0,A lot,Was developed intentionally in a lab,Rep/Lean Rep,Conservative,50-64,College graduate+,0.8623601428315959
201801112366.0,Some,Was made accidentally in a lab,Rep/Lean Rep,Conservative,30-49,Some College,1.5394823515954972
201801112446.0,Not much,Not sure,Rep/Lean Rep,Moderate,50-64,Some College,0.7110432417955321
201801112468.0,Some,Not sure,Dem/Lean Dem,Moderate,50-64,College graduate+,0.5128050191233812
201801112524.0,Not much,Not sure,Dem/Lean Dem,Liberal,65+,Some College,0.7356999594242559
201801112554.0,Not much,Not sure,Rep/Lean Rep,Moderate,65+,College graduate+,0.47556299309100397
201801112631.0,Not much,Came about naturally,Dem/Lean Dem,Liberal,65+,College graduate+,0.3547698801388691
201801112674.0,A lot,Was developed intentionally in a lab,Rep/Lean Rep,Conservative,50-64,Some College,0.8995567972103815
201801112709.0,Not much,Came about naturally,Rep/Lean Rep,Moderate,65+,College graduate+,0.24960377457431507
201801112768.0,Some,Came about naturally,Rep/Lean Rep,Very conservative,65+,College graduate+,0.24960377457431507
201801112772.0,Some,Came about naturally,Rep/Lean Rep,Conservative,65+,College graduate+,0.2228900847276511
201801112819.0,Some,Was developed intentionally in a lab,Rep/Lean Rep,Moderate,50-64,H.S. graduate or less,2.0976586621060616
201801112822.0,Some,Refused,Rep/Lean Rep,Moderate,50-64,Some College,0.7443398931841675
201801112859.0,Not much,Came about naturally,Dem/Lean Dem,Moderate,50-64,College graduate+,0.6323267760894709
201801112870.0,Some,Not sure,Rep/Lean Rep,Moderate,50-64,Some College,0.484553323170196
201801112921.0,Not much,Came about naturally,Rep/Lean Rep,Moderate,65+,H.S. graduate or less,2.5261792149779696
201801112960.0,Some,Came about naturally,Dem/Lean Dem,Liberal,30-49,Some College,0.9847869154089509
201801112989.0,Not much,Came about naturally,Dem/Lean Dem,Moderate,50-64,College graduate+,0.44732242553576856
201801112998.0,Not much,Came about naturally,Dem/Lean Dem,Moderate,65+,College graduate+,0.27472252543231557
201801113022.0,Some,Was made accidentally in a lab,Rep/Lean Rep,Moderate,65+,College graduate+,0.3240327483106298
201801113025.0,Not much,Came about naturally,Dem/Lean Dem,Liberal,30-49,College graduate+,0.30446087487465623
201801113026.0,Some,Not sure,DK/Refused/No lean,Conservative,50-64,College graduate+,0.7063234920821762
201801113097.0,A lot,Came about naturally,Rep/Lean Rep,Conservative,65+,College graduate+,0.561078032636311
201801113129.0,Some,Came about naturally,Dem/Lean Dem,Liberal,18-29,College graduate+,0.5234933969946561
201801113156.0,Some,Not sure,Dem/Lean Dem,Moderate,18-29,College graduate+,0.6363659314577633
201801113220.0,Some,Not sure,Dem/Lean Dem,Liberal,50-64,Some College,1.2455794620972278
201801113265.0,None at all,Came about naturally,Dem/Lean Dem,Very liberal,50-64,Some College,1.5162034848508545
201801113305.0,None at all,Came about naturally,Rep/Lean Rep,Moderate,50-64,Some College,0.32126188816548673
201801113333.0,Not much,Came about naturally,Dem/Lean Dem,Moderate,50-64,College graduate+,0.16877671577660544
201801113338.0,Some,Came about naturally,Dem/Lean Dem,Liberal,65+,Some College,0.5501445714967962
201801113340.0,Some,Came about naturally,Dem/Lean Dem,Very liberal,50-64,College graduate+,0.2763450083576254
201801113373.0,Not much,Came about naturally,Dem/Lean Dem,Liberal,50-64,College graduate+,0.44732242553576856
201801113413.0,Not much,Not sure,Dem/Lean Dem,Liberal,65+,College graduate+,0.3758142367735296
201801113416.0,Not much,Came about naturally,DK/Refused/No lean,Moderate,30-49,College graduate+,0.43730745252361874
201801113512.0,Some,Came about naturally,Rep/Lean Rep,Very conservative,65+,Some College,0.884522665575274
201801113650.0,Not much,Not sure,Dem/Lean Dem,Moderate,50-64,H.S. graduate or less,1.9547117844297401
201801113717.0,Some,Was developed intentionally in a lab,Rep/Lean Rep,Very conservative,18-29,H.S. graduate or less,7.487621221765812
201801113796.0,A lot,Was made accidentally in a lab,DK/Refused/No lean,Refused,65+,Some College,1.051752162400997
201801113814.0,Some,Was made accidentally in a lab,Rep/Lean Rep,Conservative,50-64,Some College,0.3613555868673831
201801113846.0,None at all,Came about naturally,Dem/Lean Dem,Moderate,18-29,H.S. graduate or less,7.487621221765812
201801113848.0,Not much,Came about naturally,Dem/Lean Dem,Moderate,65+,Some College,0.7356999594242559
201801113955.0,Not much,Was developed intentionally in a lab,Rep/Lean Rep,Moderate,30-49,College graduate+,0.49322320491043264
201801113994.0,Not much,Not sure,Rep/Lean Rep,Conservative,50-64,College graduate+,1.0222931702598899
201801114079.0,Some,Was developed intentionally in a lab,Rep/Lean Rep,Conservative,65+,College graduate+,0.24960377457431507
201801114107.0,Not much,Was developed intentionally in a lab,Rep/Lean Rep,Conservative,65+,College graduate+,0.24960377457431507
201801114130.0,Not much,Not sure,Rep/Lean Rep,Conservative,65+,Some College,0.501097021579651
201801114147.0,None at all,Not sure,Rep/Lean Rep,Conservative,65+,Some College,0.884522665575274
201801114161.0,Not much,Not sure,Rep/Lean Rep,Conservative,65+,Some College,0.394880055103082
201801114272.0,Some,Came about naturally,Dem/Lean Dem,Moderate,65+,College graduate+,0.49712288330504906
201801114336.0,Some,Was developed intentionally in a lab,Rep/Lean Rep,Conservative,65+,Some College,0.37830171774990956
201801114398.0,Some,Not sure,Dem/Lean Dem,Liberal,50-64,College graduate+,0.22609697056393155
201801114419.0,Not much,Came about naturally,Dem/Lean Dem,Moderate,50-64,College graduate+,0.20313757190989004
201801114430.0,Some,Came about naturally,Dem/Lean Dem,Moderate,50-64,Some College,0.9456104635015993
201801114459.0,None at all,Not sure,DK/Refused/No lean,Refused,30-49,H.S. graduate or less,1.27652655306443
201801114465.0,None at all,Not sure,Rep/Lean Rep,Very conservative,50-64,Some College,0.8995567972103815
201801114502.0,Some,Came about naturally,Rep/Lean Rep,Very conservative,65+,College graduate+,0.7675682841949363
201801114506.0,Not much,Came about naturally,Rep/Lean Rep,Very conservative,50-64,Some College,0.341413577213554
201801114509.0,Some,Came about naturally,Dem/Lean Dem,Moderate,30-49,College graduate+,0.2327822425764576
201801114518.0,Some,Came about naturally,Rep/Lean Rep,Moderate,50-64,College graduate+,0.2652446483400635
201801114555.0,Some,Was developed intentionally in a lab,Rep/Lean Rep,Moderate,30-49,College graduate+,0.5603756349355388
201801114712.0,Some,Came about naturally,Rep/Lean Rep,Moderate,50-64,College graduate+,0.7146041181199958
201801114716.0,Some,Came about naturally,Rep/Lean Rep,Moderate,50-64,Some College,0.8418635952670893
201801114758.0,None at all,Not sure,Dem/Lean Dem,Moderate,50-64,Some College,0.5166533111309927
201801114814.0,Some,Came about naturally,Dem/Lean Dem,Moderate,50-64,Some College,0.7443398931841675
201801114897.0,A lot,Was developed intentionally in a lab,Rep/Lean Rep,Moderate,30-49,Some College,1.2583642828873354
201801114898.0,A lot,Came about naturally,Dem/Lean Dem,Moderate,18-29,H.S. graduate or less,0.8056676665011017
201801114941.0,Some,Came about naturally,Rep/Lean Rep,Moderate,65+,College graduate+,0.24960377457431507
201801114991.0,Not much,Not sure,Rep/Lean Rep,Conservative,65+,Some College,0.37830171774990956
201801114996.0,Some,Not sure,Rep/Lean Rep,Moderate,65+,Some College,0.3584763361882881
201801115014.0,A lot,Not sure,Dem/Lean Dem,Moderate,30-49,Some College,1.386462084790581
201801115059.0,Not much,Came about naturally,Rep/Lean Rep,Conservative,50-64,College graduate+,0.9879368024541728
201801115108.0,None at all,Came about naturally,Rep/Lean Rep,Very liberal,50-64,H.S. graduate or less,2.6160887910586395
201801115241.0,Some,Was developed intentionally in a lab,Rep/Lean Rep,Conservative,30-49,Some College,2.0226991293955217
201801115299.0,A lot,Was developed intentionally in a lab,Rep/Lean Rep,Conservative,65+,Some College,0.37830171774990956
201801115315.0,None at all,Came about naturally,Dem/Lean Dem,Liberal,18-29,College graduate+,0.3026931314870141
201801115317.0,Not much,Not sure,Rep/Lean Rep,Moderate,18-29,Some College,1.324154237266769
201801115354.0,A lot,Was developed intentionally in a lab,Rep/Lean Rep,Very conservative,50-64,H.S. graduate or less,0.7613765252301912
201801115360.0,None at all,Came about naturally,Dem/Lean Dem,Liberal,65+,College graduate+,0.49069271065710957
201801115363.0,Some,Came about naturally,Dem/Lean Dem,Liberal,30-49,College graduate+,0.6478401858027472
201801115378.0,Some,Was developed intentionally in a lab,Dem/Lean Dem,Moderate,30-49,Some College,2.5435286095415277
201801115494.0,A lot,Was developed intentionally in a lab,Rep/Lean Rep,Very conservative,50-64,College graduate+,0.5703063293653231
201801115525.0,Not much,Was developed intentionally in a lab,Rep/Lean Rep,Moderate,50-64,College graduate+,0.6534441281110653
201801115588.0,Not much,Was developed intentionally in a lab,Rep/Lean Rep,Moderate,30-49,College graduate+,0.47683680314419524
201801115595.0,Some,Came about naturally,Dem/Lean Dem,Liberal,65+,College graduate+,0.49712288330504906
201801115699.0,A lot,Was developed intentionally in a lab,Rep/Lean Rep,Conservative,30-49,Some College,1.576421307620977
201801115757.0,Some,Not sure,Rep/Lean Rep,Conservative,30-49,College graduate+,0.47683680314419524
201801115836.0,A lot,Came about naturally,Rep/Lean Rep,Conservative,50-64,College graduate+,0.5703063293653231
201801115845.0,Not much,Was developed intentionally in a lab,Dem/Lean Dem,Very conservative,30-49,Some College,1.802244751336584
201801115846.0,Some,Was developed intentionally in a lab,Dem/Lean Dem,Liberal,50-64,Some College,0.9646575894483881
201801115862.0,Some,Not sure,Rep/Lean Rep,Moderate,50-64,H.S. graduate or less,0.940954731885984
201801115912.0,Not much,Not sure,Rep/Lean Rep,Moderate,30-49,Some College,0.9399424799159988
201801115919.0,None at all,Came about naturally,Dem/Lean Dem,Liberal,18-29,College graduate+,0.6251091466737874
201801115933.0,Some,Came about naturally,Rep/Lean Rep,Liberal,30-49,Some College,0.5283179923594749
201801116029.0,None at all,Came about naturally,Dem/Lean Dem,Moderate,30-49,College graduate+,0.3845194120995435
201801116103.0,Not much,Came about naturally,Dem/Lean Dem,Very liberal,30-49,College graduate+,0.2751798570797386
201801116112.0,Some,Came about naturally,Dem/Lean Dem,Very liberal,65+,College graduate+,0.49712288330504906
201801116153.0,Some,Not sure,Rep/Lean Rep,Conservative,50-64,College graduate+,0.25324416642659153
201801116156.0,None at all,Was developed intentionally in a lab,Dem/Lean Dem,Liberal,30-49,College graduate+,1.118834669846571
201801116192.0,None at all,Came about naturally,Dem/Lean Dem,Liberal,50-64,College graduate+,0.6233443946777021
201801116217.0,Some,Not sure,Dem/Lean Dem,Liberal,65+,Some College,0.319101043048415
201801116259.0,A lot,Was developed intentionally in a lab,DK/Refused/No lean,Moderate,50-64,Some College,0.5599100280357893
201801116351.0,Some,Was developed intentionally in a lab,Rep/Lean Rep,Very conservative,30-49,College graduate+,0.49990168150911135
201801116416.0,Some,Not sure,Dem/Lean Dem,Liberal,30-49,Some College,1.5779808470789718
201801116438.0,Not much,Not sure,Rep/Lean Rep,Conservative,50-64,College graduate+,0.7594977318668467
201801116475.0,A lot,Was developed intentionally in a lab,Rep/Lean Rep,Conservative,50-64,H.S. graduate or less,1.4545043220393281
201801116483.0,Not much,Was developed intentionally in a lab,Rep/Lean Rep,Very conservative,50-64,H.S. graduate or less,1.6158252921195402
201801116493.0,Some,Not sure,Rep/Lean Rep,Conservative,65+,College graduate+,0.561078032636311
201801116548.0,Not much,Came about naturally,Rep/Lean Rep,Conservative,65+,College graduate+,0.4280546019381889
201801116570.0,A lot,Not sure,Rep/Lean Rep,Conservative,30-49,College graduate+,1.1365794785927765
201801116588.0,Not much,Was developed intentionally in a lab,Rep/Lean Rep,Conservative,50-64,H.S. graduate or less,1.0651417950260027
201801116597.0,None at all,Came about naturally,Dem/Lean Dem,Liberal,30-49,College graduate+,0.6478401858027472
201801116632.0,Not much,Came about naturally,Dem/Lean Dem,Liberal,18-29,College graduate+,0.2751798570797386
201801116673.0,Some,Came about naturally,Rep/Lean Rep,Moderate,30-49,Some College,1.386462084790581
201801116731.0,Some,Not sure,DK/Refused/No lean,Conservative,50-64,Some College,0.32126188816548673
201801116875.0,Not much,Not sure,Rep/Lean Rep,Conservative,30-49,Some College,1.1282641857783755
201801116917.0,None at all,Came about naturally,DK/Refused/No lean,Moderate,18-29,H.S. graduate or less,2.3183410423288016
201801116935.0,Some,Was made accidentally in a lab,Rep/Lean Rep,Moderate,30-49,College graduate+,0.5808942144907899
201801116953.0,Some,Came about naturally,Rep/Lean Rep,Conservative,30-49,Some College,0.5283179923594749
201801116962.0,None at all,Not sure,Dem/Lean Dem,Moderate,30-49,College graduate+,0.6086047110122643
201801116975.0,Not much,Not sure,Rep/Lean Rep,Moderate,30-49,College graduate+,2.5707734168286844
201801116995.0,A lot,Was developed intentionally in a lab,Rep/Lean Rep,Conservative,65+,Some College,0.37830171774990956
201801117006.0,Not much,Doesn’t really exist,Dem/Lean Dem,Very liberal,30-49,College graduate+,0.48208886617164703
201801117071.0,Some,Not sure,Rep/Lean Rep,Conservative,30-49,Some College,0.6524335763245417
201801117083.0,A lot,Came about naturally,Rep/Lean Rep,Moderate,30-49,College graduate+,0.6889533948717473
201801117089.0,None at all,Came about naturally,Rep/Lean Rep,Moderate,50-64,College graduate+,0.5703063293653231
201801117121.0,Some,Was developed intentionally in a lab,Rep/Lean Rep,Conservative,30-49,H.S. graduate or less,0.9650594456105943
201801117136.0,None at all,Came about naturally,Dem/Lean Dem,Very liberal,30-49,College graduate+,0.9243769995234397
201801117150.0,None at all,Came about naturally,Dem/Lean Dem,Moderate,30-49,College graduate+,1.0191191074960264
201801117181.0,Some,Came about naturally,Rep/Lean Rep,Moderate,30-49,Some College,0.9304223129805705
201801117240.0,Not much,Not sure,Dem/Lean Dem,Moderate,50-64,College graduate+,0.22609697056393155
201801117241.0,Some,Came about naturally,Rep/Lean Rep,Conservative,65+,H.S. graduate or less,1.198860790020904
201801117271.0,Not much,Came about naturally,Rep/Lean Rep,Moderate,50-64,College graduate+,0.4190332131081812
201801117280.0,Not much,Not sure,Rep/Lean Rep,Moderate,30-49,H.S. graduate or less,0.8311042520802329
201801117364.0,Some,Was developed intentionally in a lab,Rep/Lean Rep,Very conservative,65+,Some College,0.5658333316647365
201801117373.0,A lot,Came about naturally,Rep/Lean Rep,Conservative,30-49,College graduate+,0.23269649977200246
201801117443.0,Not much,Came about naturally,Rep/Lean Rep,Conservative,30-49,Some College,1.576421307620977
201801117516.0,None at all,Was developed intentionally in a lab,Dem/Lean Dem,Moderate,30-49,College graduate+,1.018966593995638
201801117520.0,Some,Was made accidentally in a lab,Dem/Lean Dem,Moderate,18-29,Some College,1.2398308334218613
201801117554.0,None at all,Was developed intentionally in a lab,Rep/Lean Rep,Refused,65+,College graduate+,0.6653273264106445
201801117555.0,Some,Was developed intentionally in a lab,Rep/Lean Rep,Conservative,30-49,College graduate+,0.428374542510978
201801117618.0,None at all,Came about naturally,Dem/Lean Dem,Liberal,30-49,College graduate+,0.5451123637479264
201801117672.0,Not much,Came about naturally,Dem/Lean Dem,Moderate,30-49,College graduate+,0.9031943461567729
201801117754.0,None at all,Came about naturally,Dem/Lean Dem,Liberal,30-49,College graduate+,0.9031943461567729
201801117780.0,Some,Was developed intentionally in a lab,Rep/Lean Rep,Conservative,50-64,College graduate+,0.35624239794293705
201801117791.0,Some,Was developed intentionally in a lab,Rep/Lean Rep,Very conservative,65+,College graduate+,0.4280546019381889
201801117801.0,Some,Came about naturally,Dem/Lean Dem,Conservative,30-49,College graduate+,0.43730745252361874
201801117805.0,Not much,Came about naturally,Dem/Lean Dem,Moderate,65+,College graduate+,0.2228900847276511
201801117867.0,None at all,Came about naturally,Dem/Lean Dem,Liberal,50-64,College graduate+,0.724054467760679
201801117927.0,None at all,Came about naturally,Dem/Lean Dem,Moderate,65+,Some College,0.319101043048415
201801118037.0,None at all,Came about naturally,Dem/Lean Dem,Moderate,50-64,College graduate+,0.30671569564867385
201801118083.0,Some,Came about naturally,Dem/Lean Dem,Moderate,50-64,Some College,0.8048402022902474
201801118097.0,Not much,Came about naturally,DK/Refused/No lean,Moderate,50-64,Some College,1.1524970983839782
201801118120.0,Some,Came about naturally,Dem/Lean Dem,Moderate,65+,Some College,1.051752162400997
201801118212.0,None at all,Not sure,Rep/Lean Rep,Moderate,30-49,Some College,0.8013190400203496
201801118301.0,Not much,Came about naturally,Rep/Lean Rep,Moderate,65+,College graduate+,0.37995031658406214
201801118302.0,Some,Came about naturally,Dem/Lean Dem,Moderate,30-49,College graduate+,0.30446087487465623
201801118319.0,Not much,Not sure,Dem/Lean Dem,Liberal,50-64,College graduate+,0.6103396148913426
201801118320.0,Not much,Came about naturally,Dem/Lean Dem,Liberal,30-49,College graduate+,0.2751798570797386
201801118341.0,None at all,Was made accidentally in a lab,Rep/Lean Rep,Very conservative,50-64,H.S. graduate or less,1.5628073399382383
201801118346.0,Some,Came about naturally,Rep/Lean Rep,Moderate,18-29,College graduate+,1.0078609602169846
201801118503.0,Some,Not sure,Dem/Lean Dem,Moderate,30-49,College graduate+,0.30017368087428214
201801118506.0,Some,Not sure,Rep/Lean Rep,Very conservative,50-64,College graduate+,0.3845194120995435
201801118540.0,Some,Was developed intentionally in a lab,Rep/Lean Rep,Conservative,65+,College graduate+,1.5569834972458005
201801118555.0,Some,Was developed intentionally in a lab,Rep/Lean Rep,Moderate,50-64,Some College,0.8995567972103815
201801118579.0,Some,Came about naturally,Rep/Lean Rep,Conservative,65+,H.S. graduate or less,4.5537273654622785
201801118611.0,Not much,Came about naturally,Rep/Lean Rep,Conservative,65+,Some College,1.1910849790118874
201801118633.0,None at all,Came about naturally,Dem/Lean Dem,Moderate,50-64,Some College,0.6475340901285824
201801118642.0,None at all,Not sure,Rep/Lean Rep,Moderate,50-64,Some College,1.5090049140109942
201801118718.0,Some,Was developed intentionally in a lab,Dem/Lean Dem,Liberal,18-29,Some College,1.9787697526623902
201801118748.0,Refused,Not sure,DK/Refused/No lean,Refused,18-29,H.S. graduate or less,4.750799993009802
201801118776.0,None at all,Not sure,Rep/Lean Rep,Conservative,30-49,College graduate+,0.39277896836882886
201801118836.0,Not much,Came about naturally,Dem/Lean Dem,Moderate,50-64,College graduate+,0.2763450083576254
201801118856.0,Some,Was developed intentionally in a lab,Dem/Lean Dem,Very liberal,50-64,College graduate+,0.380234298379985
201801118982.0,Not much,Came about naturally,Rep/Lean Rep,Moderate,65+,College graduate+,0.37995031658406214
201801119053.0,A lot,Came about naturally,Rep/Lean Rep,Conservative,30-49,College graduate+,0.4332216541457245
201801119088.0,Not much,Was made accidentally in a lab,Rep/Lean Rep,Moderate,65+,Some College,1.2236983771797731
201801119093.0,Some,Came about naturally,Rep/Lean Rep,Conservative,65+,Some College,2.9220451670312704
201801119142.0,Some,Was developed intentionally in a lab,Rep/Lean Rep,Very conservative,30-49,College graduate+,0.4332216541457245
201801119163.0,Some,Came about naturally,Rep/Lean Rep,Conservative,30-49,College graduate+,0.4425879654097782
201801119198.0,Some,Came about naturally,Rep/Lean Rep,Conservative,65+,College graduate+,0.24960377457431507
201801119202.0,None at all,Was developed intentionally in a lab,Dem/Lean Dem,Moderate,30-49,Some College,1.3510089088316894
201801119234.0,Some,Was developed intentionally in a lab,Rep/Lean Rep,Conservative,50-64,College graduate+,0.25324416642659153
201801119283.0,Not much,Was developed intentionally in a lab,Rep/Lean Rep,Conservative,30-49,Some College,0.5653153382956108
201801119294.0,Some,Came about naturally,DK/Refused/No lean,Moderate,18-29,College graduate+,0.7509918771676068
201801119302.0,Some,Came about naturally,Rep/Lean Rep,Conservative,50-64,Some College,0.6324314438059461
201801119337.0,None at all,Came about naturally,Rep/Lean Rep,Moderate,50-64,H.S. graduate or less,5.328367752664267
201801119346.0,Not much,Came about naturally,Rep/Lean Rep,Very conservative,65+,Some College,0.37830171774990956
201801119453.0,Some,Came about naturally,Rep/Lean Rep,Conservative,30-49,Some College,1.1282641857783755
201801119562.0,Some,Came about naturally,Rep/Lean Rep,Very conservative,30-49,College graduate+,0.49322320491043264
201801119678.0,Not much,Came about naturally,Dem/Lean Dem,Moderate,50-64,College graduate+,0.6323267760894709
201801119693.0,Not much,Not sure,DK/Refused/No lean,Moderate,65+,College graduate+,0.7732252106083403
201801119704.0,Some,Was developed intentionally in a lab,Dem/Lean Dem,Moderate,30-49,Some College,0.4990641666489917
201801119732.0,A lot,Not sure,Rep/Lean Rep,Conservative,30-49,H.S. graduate or less,0.9650594456105943
201801119741.0,Some,Was developed intentionally in a lab,Rep/Lean Rep,Conservative,50-64,H.S. graduate or less,1.7713725283206923
201801119884.0,None at all,Not sure,Rep/Lean Rep,Conservative,30-49,College graduate+,0.47683680314419524
201801119939.0,Some,Came about naturally,Rep/Lean Rep,Moderate,30-49,College graduate+,0.47812055176334556
201801119943.0,A lot,Came about naturally,Dem/Lean Dem,Conservative,30-49,College graduate+,0.4180960679535971
201801119950.0,Not much,Came about naturally,Rep/Lean Rep,Conservative,50-64,College graduate+,0.5703063293653231
201801119954.0,Some,Came about naturally,Dem/Lean Dem,Moderate,50-64,Some College,2.246335527650254
201801120037.0,None at all,Was developed intentionally in a lab,Rep/Lean Rep,Conservative,50-64,College graduate+,0.25794712633305605
201801120038.0,Not much,Was developed intentionally in a lab,Rep/Lean Rep,Moderate,18-29,H.S. graduate or less,3.7096415489323085
201801120040.0,None at all,Came about naturally,Rep/Lean Rep,Very conservative,18-29,College graduate+,0.7291140261140074
201801120082.0,None at all,Came about naturally,Rep/Lean Rep,Conservative,50-64,College graduate+,0.6018194639967295
201801120249.0,A lot,Was developed intentionally in a lab,Rep/Lean Rep,Moderate,18-29,College graduate+,2.0551982613987874
201801120260.0,None at all,Not sure,DK/Refused/No lean,Moderate,65+,College graduate+,0.7138564883371006
201801120319.0,None at all,Was developed intentionally in a lab,Dem/Lean Dem,Moderate,50-64,Some College,0.32126188816548673
201801120334.0,A lot,Was developed intentionally in a lab,Dem/Lean Dem,Moderate,30-49,H.S. graduate or less,3.5266483248234684
201801120406.0,Not much,Not sure,Rep/Lean Rep,Conservative,30-49,College graduate+,1.314801702479861
201801120524.0,Some,Came about naturally,Rep/Lean Rep,Conservative,65+,Some College,0.4356961570922263
201801120578.0,None at all,Not sure,DK/Refused/No lean,Moderate,30-49,H.S. graduate or less,3.673140500411221
201801120593.0,Some,Not sure,Rep/Lean Rep,Very conservative,50-64,Some College,0.3762441152521182
201801120596.0,A lot,Came about naturally,Rep/Lean Rep,Moderate,65+,College graduate+,0.5749938770349752
201801120625.0,Not much,Was made accidentally in a lab,Dem/Lean Dem,Moderate,30-49,Some College,1.4499327799067887
201801120659.0,Some,Not sure,Dem/Lean Dem,Conservative,30-49,College graduate+,0.30017368087428214
201801120804.0,Not much,Not sure,DK/Refused/No lean,Conservative,50-64,College graduate+,0.3167673393401277
201801120820.0,Not much,Came about naturally,Rep/Lean Rep,Moderate,18-29,H.S. graduate or less,7.487621221765812
201801120843.0,Some,Was developed intentionally in a lab,Rep/Lean Rep,Moderate,30-49,Some College,1.2856380003641126
201801120846.0,Not much,Was developed intentionally in a lab,Dem/Lean Dem,Moderate,50-64,Some College,2.266937581411302
201801120960.0,None at all,Came about naturally,Dem/Lean Dem,Very liberal,50-64,College graduate+,0.20313757190989004
201801120973.0,Some,Was developed intentionally in a lab,Rep/Lean Rep,Moderate,30-49,College graduate+,0.49822932735516384
201801121063.0,Not much,Not sure,Dem/Lean Dem,Moderate,30-49,H.S. graduate or less,5.236186281223187
201801121065.0,Not much,Came about naturally,Dem/Lean Dem,Liberal,30-49,Some College,0.38587293452644816
201801121112.0,None at all,Came about naturally,Rep/Lean Rep,Moderate,18-29,Some College,1.5712467102289942
201801121301.0,A lot,Came about naturally,Rep/Lean Rep,Conservative,50-64,College graduate+,0.7004556537260406
201801121303.0,Not much,Not sure,Rep/Lean Rep,Moderate,50-64,H.S. graduate or less,4.330188353497073
201801121322.0,Some,Came about naturally,Dem/Lean Dem,Moderate,30-49,College graduate+,0.4528849456984122
201801121404.0,Not much,Came about naturally,Dem/Lean Dem,Very liberal,30-49,College graduate+,0.8904173234304539
201801121419.0,None at all,Not sure,Dem/Lean Dem,Conservative,50-64,College graduate+,0.22609697056393155
201801121425.0,Some,Not sure,Rep/Lean Rep,Very conservative,65+,Some College,0.884522665575274
201801121461.0,Some,Not sure,Dem/Lean Dem,Liberal,30-49,Some College,0.3357649151793398
201801121465.0,Some,Not sure,Dem/Lean Dem,Very liberal,30-49,Some College,0.9678179640434295
201801121478.0,None at all,Came about naturally,Rep/Lean Rep,Conservative,65+,College graduate+,0.24960377457431507
201801121531.0,None at all,Not sure,Dem/Lean Dem,Very liberal,65+,Some College,0.8449013133828984
201801121584.0,Not much,Was developed intentionally in a lab,Rep/Lean Rep,Conservative,65+,College graduate+,1.008594869048371
201801121632.0,Not much,Was developed intentionally in a lab,Rep/Lean Rep,Conservative,50-64,H.S. graduate or less,3.019825252085458
201801121641.0,None at all,Was made accidentally in a lab,Rep/Lean Rep,Moderate,65+,H.S. graduate or less,1.0307855536974793
201801121705.0,Some,Came about naturally,Rep/Lean Rep,Very conservative,18-29,College graduate+,0.8496005380876587
201801121752.0,A lot,Not sure,Rep/Lean Rep,Conservative,65+,Some College,0.7819014839104875
201801121817.0,Not much,Came about naturally,Dem/Lean Dem,Moderate,18-29,College graduate+,0.793993330820966
201801121845.0,Some,Came about naturally,Dem/Lean Dem,Moderate,65+,College graduate+,0.38550854532836265
201801121872.0,Not much,Came about naturally,Dem/Lean Dem,Liberal,30-49,College graduate+,0.6987776758675408
201801121880.0,None at all,Came about naturally,Dem/Lean Dem,Liberal,65+,Some College,0.5501445714967962
201801122051.0,None at all,Came about naturally,Dem/Lean Dem,Moderate,30-49,Some College,0.5258288874416164
201801122068.0,Some,Not sure,Dem/Lean Dem,Very liberal,50-64,College graduate+,0.2310810495763379
201801122091.0,A lot,Came about naturally,Dem/Lean Dem,Liberal,30-49,College graduate+,0.30446087487465623
201801122167.0,Some,Was made accidentally in a lab,Dem/Lean Dem,Liberal,65+,Some College,0.3361813927087328
201801122174.0,Some,Came about naturally,Dem/Lean Dem,Moderate,65+,Some College,0.8449013133828984
201801122200.0,None at all,Was developed intentionally in a lab,Dem/Lean Dem,Moderate,30-49,Some College,0.9653672239999761
201801122257.0,None at all,Was made accidentally in a lab,Rep/Lean Rep,Very conservative,18-29,Some College,1.8311250135576709
201801122366.0,Not much,Came about naturally,Rep/Lean Rep,Moderate,50-64,H.S. graduate or less,2.0656123852247297
201801122698.0,None at all,Came about naturally,Rep/Lean Rep,Conservative,50-64,H.S. graduate or less,1.4257618950628557
201801122769.0,Not much,Came about naturally,Dem/Lean Dem,Moderate,65+,H.S. graduate or less,0.7517458421470514
201801122896.0,Not much,Came about naturally,Dem/Lean Dem,Very liberal,30-49,Some College,1.125585525584135
201801122968.0,Some,Not sure,DK/Refused/No lean,Moderate,30-49,H.S. graduate or less,3.145426562061012
201801122980.0,Some,Came about naturally,Rep/Lean Rep,Conservative,30-49,H.S. graduate or less,2.02045199011931
201801123002.0,Not much,Came about naturally,Rep/Lean Rep,Moderate,18-29,College graduate+,0.38018748676162484
201801123004.0,Some,Was developed intentionally in a lab,Dem/Lean Dem,Very liberal,50-64,College graduate+,0.36032953440962434
201801123037.0,Not much,Came about naturally,Rep/Lean Rep,Conservative,50-64,Some College,0.5598037618536549
201801123052.0,Not much,Came about naturally,Rep/Lean Rep,Conservative,50-64,Some College,0.44265066071332193
201801123081.0,Not much,Came about naturally,Dem/Lean Dem,Moderate,50-64,H.S. graduate or less,1.0854015486572484
201801123084.0,Some,Was developed intentionally in a lab,Rep/Lean Rep,Conservative,50-64,H.S. graduate or less,1.7713725283206923
201801123094.0,None at all,Was developed intentionally in a lab,Rep/Lean Rep,Conservative,50-64,H.S. graduate or less,2.6160887910586395
201801123100.0,Some,Came about naturally,Dem/Lean Dem,Moderate,18-29,H.S. graduate or less,3.7360020025270297
201801123205.0,Some,Came about naturally,Dem/Lean Dem,Conservative,30-49,College graduate+,0.42041447654605013
201801123280.0,Not much,Came about naturally,Dem/Lean Dem,Moderate,65+,College graduate+,0.5096297870859479
201801123312.0,Not much,Was developed intentionally in a lab,Rep/Lean Rep,Very conservative,50-64,College graduate+,0.2585335737324687
201801123316.0,Not much,Came about naturally,Rep/Lean Rep,Conservative,65+,College graduate+,0.2547848262475639
201801123324.0,Not much,Came about naturally,Rep/Lean Rep,Very conservative,65+,College graduate+,0.575242611489201
201801123335.0,Some,Not sure,Dem/Lean Dem,Liberal,50-64,College graduate+,0.17178106716720398
201801123361.0,Not much,Not sure,Rep/Lean Rep,Conservative,50-64,College graduate+,0.5847421512663893
201801123391.0,Not much,Came about naturally,Dem/Lean Dem,Liberal,50-64,College graduate+,0.2071585362363679
201801123395.0,Some,Came about naturally,Dem/Lean Dem,Moderate,50-64,Some College,0.32866482350734133
201801123400.0,Some,Came about naturally,Dem/Lean Dem,Liberal,50-64,Some College,0.6026490092767565
201801123500.0,Some,Came about naturally,Rep/Lean Rep,Conservative,50-64,H.S. graduate or less,1.820633528726152
201801123531.0,Not much,Came about naturally,Dem/Lean Dem,Moderate,50-64,College graduate+,0.6487897855714696
201801123592.0,None at all,Not sure,Rep/Lean Rep,Conservative,50-64,Some College,1.3960308353009139
201801123676.0,Not much,Was developed intentionally in a lab,Rep/Lean Rep,Very conservative,50-64,Some College,1.183831581332689
201801123709.0,A lot,Refused,Rep/Lean Rep,Conservative,30-49,Some College,0.5602191584980439
201801123762.0,None at all,Came about naturally,Rep/Lean Rep,Moderate,65+,College graduate+,0.2547848262475639
201801123791.0,None at all,Came about naturally,Rep/Lean Rep,Moderate,30-49,College graduate+,0.5589390652059906
201801123794.0,Some,Came about naturally,Dem/Lean Dem,Liberal,65+,College graduate+,0.27676544102224854
201801123819.0,Not much,Came about naturally,Dem/Lean Dem,Liberal,18-29,College graduate+,1.0464662873397272
201801123822.0,Some,Came about naturally,Dem/Lean Dem,Very liberal,18-29,College graduate+,0.3502976747952842
201801123832.0,Not much,Came about naturally,Dem/Lean Dem,Moderate,18-29,College graduate+,1.1674362439708543
201801123844.0,Not much,Came about naturally,Dem/Lean Dem,Very liberal,30-49,College graduate+,0.3111994945422469
201801123858.0,Not much,Came about naturally,Dem/Lean Dem,Moderate,50-64,H.S. graduate or less,1.114896958342298
201801123945.0,Some,Came about naturally,Dem/Lean Dem,Very liberal,30-49,College graduate+,0.2810777711996224
201801123946.0,None at all,Came about naturally,Dem/Lean Dem,Liberal,65+,College graduate+,0.5096297870859479
201801123959.0,Some,Came about naturally,Dem/Lean Dem,Very liberal,30-49,College graduate+,2.902156766651526
201801123969.0,Not much,Came about naturally,Dem/Lean Dem,Moderate,30-49,College graduate+,0.49720424864504476
201801123978.0,Not much,Was developed intentionally in a lab,Dem/Lean Dem,Moderate,65+,College graduate+,0.28067968514975083
201801123990.0,Some,Was developed intentionally in a lab,Rep/Lean Rep,Very conservative,30-49,College graduate+,1.034780089621249
201801124020.0,Some,Was developed intentionally in a lab,Rep/Lean Rep,Conservative,30-49,College graduate+,0.48838265962000493
201801124078.0,Not much,Refused,Dem/Lean Dem,Very liberal,18-29,College graduate+,1.1104031436931456
201801124115.0,Some,Came about naturally,Rep/Lean Rep,Very conservative,50-64,College graduate+,0.5847421512663893
201801124135.0,Not much,Came about naturally,Dem/Lean Dem,Liberal,30-49,College graduate+,0.2810777711996224
201801124206.0,None at all,Not sure,Rep/Lean Rep,Conservative,50-64,College graduate+,0.28771949819047704
201801124313.0,Not much,Came about naturally,Rep/Lean Rep,Conservative,30-49,Some College,0.6698218590489466
201801124320.0,None at all,Not sure,Rep/Lean Rep,Very conservative,65+,College graduate+,0.4382791325939977
201801124321.0,Not much,Not sure,Rep/Lean Rep,Conservative,30-49,Some College,1.6890329844761816
201801124344.0,Some,Not sure,Dem/Lean Dem,Moderate,30-49,Some College,0.8222884982986902
201801124369.0,Some,Came about naturally,Dem/Lean Dem,Moderate,30-49,College graduate+,0.4898943456222849
201801124399.0,Not much,Was made accidentally in a lab,Rep/Lean Rep,Conservative,65+,College graduate+,0.38345230170072775
201801124406.0,Some,Was developed intentionally in a lab,Rep/Lean Rep,Conservative,50-64,Some College,0.5602191584980439
201801124418.0,Not much,Came about naturally,Dem/Lean Dem,Moderate,50-64,Some College,0.34940072702146663
201801124421.0,Not much,Not sure,Dem/Lean Dem,Liberal,30-49,Some College,0.22043858319758824
201801124449.0,Not much,Came about naturally,Dem/Lean Dem,Moderate,30-49,Some College,2.8724462327826634
201801124456.0,Not much,Came about naturally,Rep/Lean Rep,Conservative,30-49,H.S. graduate or less,1.0086832610847583
201801124516.0,Not much,Not sure,Dem/Lean Dem,Moderate,18-29,College graduate+,0.2810777711996224
201801124553.0,Some,Not sure,Rep/Lean Rep,Conservative,65+,College graduate+,0.22748396859865705
201801124587.0,A lot,Came about naturally,Dem/Lean Dem,Very liberal,65+,Some College,0.6231202865257653
201801124869.0,Some,Came about naturally,Dem/Lean Dem,Moderate,50-64,College graduate+,0.32127104808653617
201801124870.0,A lot,Was developed intentionally in a lab,Rep/Lean Rep,Conservative,50-64,H.S. graduate or less,1.820633528726152
201801124941.0,Not much,Came about naturally,Rep/Lean Rep,Moderate,30-49,Some College,1.614453784621492
201801124980.0,Not much,Came about naturally,Rep/Lean Rep,Moderate,50-64,Some College,0.36972463518470505
201801125020.0,Some,Came about naturally,Dem/Lean Dem,Moderate,65+,Some College,0.3216357798181609
201801125026.0,Some,Not sure,DK/Refused/No lean,Refused,50-64,College graduate+,0.380170380024944
201801125039.0,Some,Was made accidentally in a lab,Rep/Lean Rep,Very conservative,65+,College graduate+,0.575242611489201
201801125095.0,Some,Came about naturally,Dem/Lean Dem,Liberal,18-29,College graduate+,0.3502976747952842
201801125107.0,Not much,Came about naturally,Dem/Lean Dem,Moderate,65+,Some College,2.126340329731511
201801125110.0,Not much,Came about naturally,Dem/Lean Dem,Moderate,50-64,Some College,0.32866482350734133
201801125137.0,Not much,Was developed intentionally in a lab,Dem/Lean Dem,Liberal,30-49,Some College,0.9125867271245296
201801125163.0,Not much,Not sure,Rep/Lean Rep,Conservative,65+,Some College,0.8526529082655703
201801125171.0,Some,Came about naturally,Rep/Lean Rep,Conservative,50-64,College graduate+,1.3429710234179655
201801125177.0,Some,Came about naturally,Dem/Lean Dem,Moderate,18-29,College graduate+,1.4201622708572814
201801125187.0,None at all,Came about naturally,Dem/Lean Dem,Moderate,50-64,H.S. graduate or less,0.46825503079723735
201801125236.0,Not much,Came about naturally,Dem/Lean Dem,Liberal,65+,Some College,0.4550438158965828
201801125260.0,Some,Came about naturally,Dem/Lean Dem,Liberal,30-49,College graduate+,0.6646330744876657
201801125269.0,None at all,Came about naturally,Dem/Lean Dem,Liberal,65+,College graduate+,0.6413499780877429
201801125303.0,Not much,Was developed intentionally in a lab,DK/Refused/No lean,Moderate,65+,College graduate+,0.3889894681791227
201801125418.0,Not much,Came about naturally,Dem/Lean Dem,Liberal,50-64,College graduate+,0.17178106716720398
201801125499.0,Not much,Came about naturally,Dem/Lean Dem,Moderate,30-49,College graduate+,0.40224114742049477
201801125563.0,Not much,Came about naturally,Rep/Lean Rep,Moderate,30-49,Some College,2.0024602579672965
201801125623.0,Some,Was developed intentionally in a lab,Dem/Lean Dem,Moderate,30-49,College graduate+,1.6200036349889901
201801125653.0,A lot,Was developed intentionally in a lab,Rep/Lean Rep,Conservative,30-49,Some College,0.4963018322198967
201801125673.0,Not much,Not sure,Dem/Lean Dem,Moderate,18-29,College graduate+,3.3088894289985484
201801125679.0,Not much,Was made accidentally in a lab,Rep/Lean Rep,Very conservative,30-49,College graduate+,0.4736494019847704
201801125691.0,Not much,Came about naturally,Rep/Lean Rep,Moderate,30-49,College graduate+,0.6856655935931276
201801125694.0,Not much,Was made accidentally in a lab,Dem/Lean Dem,Moderate,65+,Some College,0.34401409466837796
201801125732.0,Some,Was made accidentally in a lab,Dem/Lean Dem,Liberal,18-29,College graduate+,1.438310085597176
201801125755.0,Not much,Not sure,Dem/Lean Dem,Moderate,65+,College graduate+,0.28067968514975083
201801125775.0,Some,Not sure,Rep/Lean Rep,Conservative,50-64,Some College,0.36972463518470505
201801125779.0,Some,Was made accidentally in a lab,Rep/Lean Rep,Very conservative,30-49,College graduate+,1.0497631008656692
201801125784.0,Not much,Not sure,Rep/Lean Rep,Moderate,65+,H.S. graduate or less,4.600199919495283
201801125924.0,None at all,Came about naturally,Dem/Lean Dem,Liberal,18-29,College graduate+,0.5914753424167881
201801125972.0,None at all,Came about naturally,Dem/Lean Dem,Moderate,65+,College graduate+,0.16735527355858154
201801126040.0,Not much,Came about naturally,Rep/Lean Rep,Conservative,65+,H.S. graduate or less,2.597207472836589
201801126045.0,Not much,Came about naturally,Dem/Lean Dem,Moderate,30-49,H.S. graduate or less,2.265868291821818
201801126057.0,Some,Not sure,Rep/Lean Rep,Conservative,50-64,Some College,0.5602191584980439
201801126072.0,Not much,Came about naturally,Dem/Lean Dem,Liberal,65+,College graduate+,0.31271147845065
201801126096.0,Not much,Not sure,Rep/Lean Rep,Conservative,50-64,H.S. graduate or less,3.5233653040761554
201801126119.0,Some,Was developed intentionally in a lab,Rep/Lean Rep,Very conservative,50-64,H.S. graduate or less,4.620269541464509
201801126200.0,Some,Came about naturally,Dem/Lean Dem,Very liberal,65+,H.S. graduate or less,0.9646847023292036
201801126253.0,None at all,Came about naturally,Rep/Lean Rep,Conservative,65+,College graduate+,0.2547848262475639
201801126255.0,Not much,Came about naturally,Dem/Lean Dem,Moderate,65+,Some College,0.5641129158775838
201801126265.0,Some,Came about naturally,Dem/Lean Dem,Moderate,50-64,Some College,0.3546357207259163
201801126282.0,Some,Not sure,Rep/Lean Rep,Conservative,30-49,College graduate+,0.43852322301175767
201801126294.0,Not much,Came about naturally,Dem/Lean Dem,Liberal,65+,College graduate+,0.31271147845065
201801126295.0,A lot,Not sure,Dem/Lean Dem,Moderate,30-49,Some College,0.3834256451059939
201801126340.0,Some,Was developed intentionally in a lab,Rep/Lean Rep,Very conservative,65+,College graduate+,0.6451089907681807
201801126383.0,Not much,Came about naturally,Dem/Lean Dem,Liberal,30-49,College graduate+,0.3502976747952842
201801126387.0,Some,Was developed intentionally in a lab,Dem/Lean Dem,Moderate,30-49,H.S. graduate or less,3.234437705805705
201801126440.0,Some,Was made accidentally in a lab,Dem/Lean Dem,Moderate,65+,College graduate+,0.3889894681791227
201801126450.0,Not much,Came about naturally,Rep/Lean Rep,Moderate,65+,College graduate+,0.3889894681791227
201801126542.0,A lot,Was developed intentionally in a lab,Rep/Lean Rep,Very conservative,30-49,Some College,1.7811342515861763
201801126554.0,Not much,Was developed intentionally in a lab,Rep/Lean Rep,Conservative,65+,H.S. graduate or less,3.070494386273677
201801126633.0,Some,Came about naturally,Dem/Lean Dem,Liberal,65+,College graduate+,0.16952634911363323
201801126656.0,Some,Not sure,Rep/Lean Rep,Moderate,30-49,H.S. graduate or less,1.4756307380530587
201801126710.0,Some,Not sure,Dem/Lean Dem,Moderate,30-49,H.S. graduate or less,3.289731942304772
201801126729.0,Not much,Came about naturally,Rep/Lean Rep,Conservative,50-64,Some College,0.8641334764779848
201801126740.0,None at all,Came about naturally,Rep/Lean Rep,Conservative,50-64,H.S. graduate or less,0.6333914222170248
201801126774.0,Not much,Came about naturally,Dem/Lean Dem,Moderate,30-49,Some College,0.8222884982986902
201801126816.0,Some,Was developed intentionally in a lab,Rep/Lean Rep,Moderate,50-64,H.S. graduate or less,0.6333914222170248
201801126835.0,Not much,Came about naturally,Dem/Lean Dem,Moderate,65+,Some College,1.0801815152345056
201801126867.0,None at all,Was made accidentally in a lab,Rep/Lean Rep,Conservative,30-49,H.S. graduate or less,7.487621221765812
201801126915.0,Some,Was developed intentionally in a lab,Dem/Lean Dem,Liberal,30-49,College graduate+,0.3111994945422469
201801126967.0,Some,Came about naturally,Rep/Lean Rep,Conservative,65+,Some College,0.4880056538769871
201801126987.0,Not much,Was developed intentionally in a lab,Rep/Lean Rep,Conservative,65+,College graduate+,0.4382791325939977
201801126994.0,Not much,Came about naturally,Dem/Lean Dem,Moderate,50-64,College graduate+,0.32127104808653617
201801127054.0,Not much,Came about naturally,Dem/Lean Dem,Very liberal,65+,College graduate+,0.187283354724434
201801127136.0,Not much,Not sure,Rep/Lean Rep,Conservative,65+,College graduate+,0.5096297870859479
201801127144.0,A lot,Not sure,Rep/Lean Rep,Conservative,30-49,College graduate+,0.45329468060915645
201801127312.0,None at all,Came about naturally,Dem/Lean Dem,Moderate,30-49,College graduate+,0.32127104808653617
201801127331.0,A lot,Was developed intentionally in a lab,Rep/Lean Rep,Conservative,50-64,Some College,1.581955598686701
201801127407.0,Not much,Came about naturally,Rep/Lean Rep,Conservative,50-64,Some College,1.1146800688893468
201801127482.0,Some,Came about naturally,Rep/Lean Rep,Conservative,65+,Some College,0.4328651419033417
201801127484.0,None at all,Came about naturally,Dem/Lean Dem,Liberal,30-49,College graduate+,0.2810777711996224
201801127552.0,A lot,Came about naturally,Rep/Lean Rep,Moderate,50-64,College graduate+,0.2338051854229209
201801127577.0,Not much,Came about naturally,Dem/Lean Dem,Moderate,65+,H.S. graduate or less,0.6553237667306561
201801127589.0,None at all,Came about naturally,Dem/Lean Dem,Moderate,65+,H.S. graduate or less,0.66509065733805
201801127603.0,None at all,Came about naturally,Dem/Lean Dem,Liberal,65+,H.S. graduate or less,1.611241201767035
201801127614.0,None at all,Came about naturally,Dem/Lean Dem,Moderate,30-49,College graduate+,0.40224114742049477
201801127712.0,None at all,Not sure,Rep/Lean Rep,Conservative,30-49,Some College,0.6689972545416402
201801127720.0,A lot,Came about naturally,Rep/Lean Rep,Conservative,50-64,Some College,0.36972463518470505
201801127729.0,Some,Was made accidentally in a lab,Rep/Lean Rep,Conservative,65+,College graduate+,0.2547848262475639
201801127744.0,A lot,Doesn’t really exist,Rep/Lean Rep,Conservative,65+,College graduate+,0.2547848262475639
201801127773.0,Some,Came about naturally,Rep/Lean Rep,Moderate,65+,College graduate+,0.21869081012990108
201801127787.0,None at all,Came about naturally,Dem/Lean Dem,Liberal,30-49,College graduate+,0.7429620077879978
201801127789.0,Some,Came about naturally,Rep/Lean Rep,Conservative,50-64,College graduate+,0.23078620749798037
201801127849.0,A lot,Was developed intentionally in a lab,Rep/Lean Rep,Moderate,30-49,College graduate+,0.38916211978867576
201801128066.0,Some,Was developed intentionally in a lab,Rep/Lean Rep,Conservative,30-49,H.S. graduate or less,2.4290811887086647
201801128101.0,Not much,Came about naturally,Dem/Lean Dem,Liberal,30-49,College graduate+,0.3111994945422469
201801128145.0,Some,Came about naturally,Dem/Lean Dem,Moderate,50-64,College graduate+,0.41219602426552054
201801128173.0,A lot,Was developed intentionally in a lab,Rep/Lean Rep,Moderate,50-64,Some College,0.7026900828111055
201801128195.0,None at all,Was developed intentionally in a lab,Rep/Lean Rep,Very conservative,65+,College graduate+,0.49055018860334315
201801128214.0,Some,Not sure,Rep/Lean Rep,Moderate,65+,College graduate+,0.24276362999014295
201801128243.0,Not much,Not sure,Dem/Lean Dem,Liberal,50-64,College graduate+,0.32127104808653617
201801128293.0,Not much,Not sure,DK/Refused/No lean,Refused,50-64,College graduate+,0.6487897855714696
201801128297.0,None at all,Came about naturally,Rep/Lean Rep,Conservative,65+,College graduate+,0.2547848262475639
201801128299.0,Some,Came about naturally,Rep/Lean Rep,Moderate,30-49,College graduate+,0.48838265962000493
201801128311.0,Some,Came about naturally,Rep/Lean Rep,Conservative,30-49,College graduate+,0.5103981184031777
201801128347.0,Some,Was developed intentionally in a lab,Rep/Lean Rep,Liberal,30-49,College graduate+,0.43306038470855224
201801128400.0,Some,Came about naturally,Rep/Lean Rep,Conservative,65+,College graduate+,0.2547848262475639
201801128455.0,None at all,Came about naturally,Rep/Lean Rep,Refused,18-29,College graduate+,0.38916211978867576
201801128487.0,Some,Was developed intentionally in a lab,Rep/Lean Rep,Conservative,30-49,Some College,2.508517888866663
201801128488.0,Some,Was made accidentally in a lab,Rep/Lean Rep,Conservative,65+,Some College,1.0309534842338075
201801128508.0,None at all,Came about naturally,Rep/Lean Rep,Moderate,30-49,College graduate+,0.40224114742049477
201801128534.0,Not much,Not sure,Rep/Lean Rep,Very conservative,30-49,College graduate+,0.860764992287787
201801128591.0,Not much,Not sure,Rep/Lean Rep,Moderate,30-49,College graduate+,1.1603493752788807
201801128592.0,Not much,Came about naturally,Dem/Lean Dem,Liberal,30-49,College graduate+,0.49720424864504476
201801128636.0,Some,Was developed intentionally in a lab,Rep/Lean Rep,Conservative,50-64,H.S. graduate or less,0.7492719236954615
201801128681.0,Some,Was developed intentionally in a lab,Rep/Lean Rep,Very conservative,50-64,College graduate+,0.443633134753424
201801128690.0,None at all,Came about naturally,Rep/Lean Rep,Conservative,30-49,College graduate+,0.5052899155170041
201801128698.0,Some,Was developed intentionally in a lab,Rep/Lean Rep,Conservative,18-29,College graduate+,2.324596906076559
201801128708.0,Some,Came about naturally,Rep/Lean Rep,Very conservative,65+,Some College,0.4550438158965828
201801128745.0,Not much,Was developed intentionally in a lab,DK/Refused/No lean,Moderate,30-49,H.S. graduate or less,4.952551874703245
201801128755.0,None at all,Came about naturally,Dem/Lean Dem,Moderate,30-49,College graduate+,0.9492407304989569
201801128813.0,Not much,Came about naturally,Dem/Lean Dem,Liberal,50-64,College graduate+,0.20313757190989004
201801128832.0,Not much,Not sure,Rep/Lean Rep,Conservative,30-49,Some College,0.9305684644288875
201801128840.0,Not much,Came about naturally,Rep/Lean Rep,Conservative,30-49,H.S. graduate or less,3.812333359508802
201801128842.0,A lot,Was made accidentally in a lab,Rep/Lean Rep,Conservative,50-64,H.S. graduate or less,1.3033582909061034
201801128855.0,None at all,Was developed intentionally in a lab,DK/Refused/No lean,Refused,30-49,College graduate+,1.0412089130915154
201801128871.0,Not much,Came about naturally,Dem/Lean Dem,Liberal,50-64,College graduate+,0.2071585362363679
201801128943.0,Not much,Not sure,Dem/Lean Dem,Moderate,50-64,College graduate+,0.23078620749798037
201801128986.0,Some,Was developed intentionally in a lab,Rep/Lean Rep,Conservative,65+,College graduate+,1.0356267595331767
201801129021.0,Not much,Not sure,Rep/Lean Rep,Conservative,65+,College graduate+,0.2547848262475639
201801129097.0,None at all,Not sure,Rep/Lean Rep,Conservative,30-49,College graduate+,1.203761671008503
201801129165.0,Some,Was developed intentionally in a lab,Dem/Lean Dem,Moderate,18-29,H.S. graduate or less,1.4318739593543934
201801129194.0,Some,Came about naturally,Dem/Lean Dem,Liberal,65+,Some College,0.754905525400222
201801129203.0,A lot,Was made accidentally in a lab,Dem/Lean Dem,Moderate,18-29,Some College,1.4327864027023745
201801129250.0,Not much,Was developed intentionally in a lab,Rep/Lean Rep,Conservative,65+,H.S. graduate or less,2.643223817515233
201801129328.0,None at all,Not sure,Dem/Lean Dem,Moderate,30-49,College graduate+,1.046294796384659
201801129369.0,Some,Was developed intentionally in a lab,Rep/Lean Rep,Moderate,30-49,H.S. graduate or less,0.8929056999290612
201801129397.0,Some,Came about naturally,Rep/Lean Rep,Moderate,18-29,College graduate+,0.6614056498829151
201801129431.0,None at all,Not sure,Rep/Lean Rep,Conservative,65+,H.S. graduate or less,2.3305678998545267
201801129454.0,A lot,Was developed intentionally in a lab,Rep/Lean Rep,Conservative,50-64,H.S. graduate or less,3.118114000929865
201801129483.0,None at all,Not sure,Dem/Lean Dem,Moderate,30-49,College graduate+,1.5718530250465967
201801129597.0,Not much,Came about naturally,Dem/Lean Dem,Liberal,30-49,College graduate+,0.2810777711996224
201801129769.0,Some,Came about naturally,Dem/Lean Dem,Moderate,50-64,College graduate+,0.23078620749798037
201801129772.0,Some,Was developed intentionally in a lab,Rep/Lean Rep,Moderate,30-49,College graduate+,3.53258637654353
201801129799.0,Not much,Came about naturally,Dem/Lean Dem,Moderate,30-49,Some College,0.5797383525727224
201801129817.0,Not much,Not sure,Rep/Lean Rep,Conservative,30-49,H.S. graduate or less,3.1055369099783583
201801129869.0,None at all,Came about naturally,Rep/Lean Rep,Moderate,50-64,Some College,0.8162643363776078
201801129918.0,Not much,Not sure,Dem/Lean Dem,Moderate,65+,College graduate+,0.9149533884833876
201801129928.0,Some,Was developed intentionally in a lab,Rep/Lean Rep,Conservative,30-49,H.S. graduate or less,3.609872703228039
201801129966.0,Some,Came about naturally,Rep/Lean Rep,Conservative,65+,Some College,0.575259486340905
201801129970.0,None at all,Not sure,Dem/Lean Dem,Moderate,30-49,H.S. graduate or less,6.176699818466386
201801129989.0,Not much,Not sure,Dem/Lean Dem,Liberal,30-49,H.S. graduate or less,0.5958454386147132
201801130086.0,Not much,Came about naturally,Rep/Lean Rep,Moderate,50-64,H.S. graduate or less,2.689926015543676
201801130106.0,Some,Came about naturally,Rep/Lean Rep,Refused,65+,H.S. graduate or less,0.8926241593253346
201801130116.0,A lot,Was developed intentionally in a lab,Rep/Lean Rep,Very conservative,50-64,Some College,0.3348347985379153
201801130149.0,A lot,Was developed intentionally in a lab,Dem/Lean Dem,Moderate,18-29,Some College,0.9801928317456722
201801130231.0,None at all,Came about naturally,Rep/Lean Rep,Conservative,30-49,College graduate+,0.9516271335057835
201801130255.0,Some,Was developed intentionally in a lab,Rep/Lean Rep,Conservative,50-64,Some College,1.0381035229087074
201801130260.0,Some,Not sure,Rep/Lean Rep,Moderate,30-49,College graduate+,1.2096613898604403
201801130285.0,Not much,Was made accidentally in a lab,Rep/Lean Rep,Very conservative,50-64,College graduate+,0.25641278876705387
201801130345.0,Not much,Came about naturally,Dem/Lean Dem,Liberal,65+,College graduate+,0.7197094004069272
201801130368.0,Some,Was developed intentionally in a lab,Rep/Lean Rep,Conservative,50-64,College graduate+,1.1805806152909564
201801130434.0,A lot,Came about naturally,Dem/Lean Dem,Very liberal,30-49,College graduate+,0.3502976747952842
201801130446.0,Not much,Came about naturally,Dem/Lean Dem,Liberal,30-49,College graduate+,0.5219845504220996
201801130449.0,Not much,Refused,DK/Refused/No lean,Conservative,65+,Some College,0.48479190520194154
201801130472.0,Some,Came about naturally,Dem/Lean Dem,Very liberal,30-49,College graduate+,0.2338051854229209
201801130484.0,None at all,Came about naturally,Dem/Lean Dem,Liberal,65+,College graduate+,0.30829489388612097
201801130521.0,Some,Was developed intentionally in a lab,Dem/Lean Dem,Very liberal,65+,Some College,0.4550438158965828
201801130743.0,Not much,Came about naturally,Dem/Lean Dem,Moderate,50-64,Some College,0.5376130265052781
201801130758.0,A lot,Was made accidentally in a lab,Rep/Lean Rep,Conservative,30-49,Some College,2.9851640753243873
201801130771.0,Not much,Not sure,Dem/Lean Dem,Liberal,50-64,College graduate+,0.4583816007988759
201801130776.0,Not much,Not sure,Dem/Lean Dem,Liberal,18-29,College graduate+,1.1104031436931456
201801130789.0,Not much,Not sure,Rep/Lean Rep,Conservative,50-64,Some College,0.39327438242366014
201801130851.0,Not much,Came about naturally,Dem/Lean Dem,Very liberal,18-29,College graduate+,0.5325200972531944
201801130854.0,None at all,Came about naturally,Rep/Lean Rep,Conservative,50-64,Some College,0.39327438242366014
201801130874.0,A lot,Not sure,Rep/Lean Rep,Conservative,65+,Some College,0.5133480775464817
201801130881.0,A lot,Was developed intentionally in a lab,Rep/Lean Rep,Moderate,30-49,College graduate+,0.5529516220670304
201801130969.0,Some,Came about naturally,Dem/Lean Dem,Very liberal,50-64,College graduate+,0.20439729174672286
201801130986.0,Not much,Came about naturally,Rep/Lean Rep,Conservative,50-64,Some College,0.9235033507368926
201801131013.0,None at all,Not sure,Dem/Lean Dem,Very liberal,30-49,College graduate+,0.43306038470855224
201801131028.0,Some,Not sure,DK/Refused/No lean,Conservative,65+,College graduate+,0.21869081012990108
201801131043.0,Some,Came about naturally,Rep/Lean Rep,Conservative,65+,H.S. graduate or less,1.0754240813451807
201801131051.0,Not much,Not sure,Dem/Lean Dem,Liberal,30-49,College graduate+,0.3111994945422469
201801131058.0,Not much,Not sure,Dem/Lean Dem,Liberal,30-49,Some College,0.796872836968013
201801131065.0,A lot,Not sure,Rep/Lean Rep,Conservative,65+,College graduate+,0.2547848262475639
201801131100.0,None at all,Came about naturally,Rep/Lean Rep,Very conservative,30-49,H.S. graduate or less,0.8671768502880899
201801131108.0,None at all,Came about naturally,Dem/Lean Dem,Very liberal,65+,College graduate+,0.22748396859865705
201801131180.0,None at all,Came about naturally,Dem/Lean Dem,Liberal,50-64,Some College,0.5376130265052781
201801131211.0,Some,Came about naturally,Rep/Lean Rep,Conservative,65+,H.S. graduate or less,1.0754240813451807
201801131244.0,Some,Came about naturally,Rep/Lean Rep,Conservative,50-64,Some College,0.39327438242366014
201801131259.0,A lot,Was developed intentionally in a lab,Rep/Lean Rep,Conservative,65+,Some College,0.7665325256192568
201801131272.0,None at all,Not sure,Rep/Lean Rep,Moderate,30-49,Some College,0.47960497153976916
201801131295.0,None at all,Came about naturally,Dem/Lean Dem,Liberal,30-49,College graduate+,0.3111994945422469
201801131359.0,Some,Came about naturally,Dem/Lean Dem,Very liberal,30-49,College graduate+,0.716909226004613
201801131445.0,Some,Came about naturally,Dem/Lean Dem,Moderate,65+,College graduate+,0.5096297870859479
201801131457.0,Not much,Came about naturally,Dem/Lean Dem,Liberal,65+,Some College,3.0787471499056474
201801131489.0,None at all,Came about naturally,Dem/Lean Dem,Moderate,30-49,College graduate+,0.39372221398309404
201801131512.0,None at all,Came about naturally,Dem/Lean Dem,Very liberal,65+,College graduate+,0.28067968514975083
201801131520.0,Not much,Came about naturally,Dem/Lean Dem,Moderate,18-29,College graduate+,0.38916211978867576
201801131522.0,None at all,Came about naturally,Dem/Lean Dem,Liberal,65+,College graduate+,0.28067968514975083
201801131584.0,Some,Came about naturally,Rep/Lean Rep,Conservative,30-49,Some College,0.5667607849176505
201801131660.0,Refused,Came about naturally,Dem/Lean Dem,Moderate,30-49,College graduate+,0.6614056498829151
201801131668.0,None at all,Was developed intentionally in a lab,Rep/Lean Rep,Conservative,65+,College graduate+,0.4215658145546958
201801131689.0,Some,Was made accidentally in a lab,Rep/Lean Rep,Moderate,30-49,College graduate+,1.203761671008503
201801131690.0,Some,Was developed intentionally in a lab,Rep/Lean Rep,Moderate,65+,Some College,0.908028761407938
201801131764.0,Some,Came about naturally,Rep/Lean Rep,Moderate,50-64,College graduate+,1.6291163722750743
201801131775.0,None at all,Came about naturally,Rep/Lean Rep,Moderate,50-64,College graduate+,0.23078620749798037
201801131916.0,None at all,Came about naturally,Rep/Lean Rep,Moderate,65+,College graduate+,0.3889894681791227
201801131979.0,Some,Not sure,Dem/Lean Dem,Liberal,30-49,H.S. graduate or less,1.9350588487526132
201801132055.0,Not much,Was developed intentionally in a lab,Rep/Lean Rep,Conservative,65+,College graduate+,0.4382791325939977
201801132091.0,None at all,Was made accidentally in a lab,Rep/Lean Rep,Moderate,50-64,Some College,1.581955598686701
201801132129.0,Some,Not sure,Dem/Lean Dem,Very liberal,30-49,Some College,0.5928847924621904
201801132137.0,Not much,Came about naturally,Dem/Lean Dem,Very liberal,18-29,College graduate+,0.2798568665244916
201801132162.0,Refused,Refused,DK/Refused/No lean,Refused,30-49,Some College,0.8222884982986902
201801132256.0,Some,Was developed intentionally in a lab,Dem/Lean Dem,Conservative,30-49,College graduate+,0.44254314303465775
201801132283.0,None at all,Came about naturally,Rep/Lean Rep,Very conservative,65+,Some College,0.5133480775464817
201801132315.0,Some,Came about naturally,Rep/Lean Rep,Moderate,50-64,College graduate+,0.317264943657635
201801132327.0,Some,Was developed intentionally in a lab,Rep/Lean Rep,Moderate,50-64,College graduate+,0.23078620749798037
201801132409.0,Not much,Came about naturally,Rep/Lean Rep,Conservative,30-49,College graduate+,1.0745282953850213
201801132437.0,Some,Was developed intentionally in a lab,Rep/Lean Rep,Conservative,50-64,College graduate+,0.733262000002952
201801132497.0,Some,Was developed intentionally in a lab,Rep/Lean Rep,Conservative,30-49,College graduate+,0.40224114742049477
201801132569.0,Some,Was made accidentally in a lab,Dem/Lean Dem,Liberal,18-29,Some College,2.9805565980920834
201801132584.0,A lot,Was made accidentally in a lab,Dem/Lean Dem,Refused,30-49,Refused,2.0805520829389517
201801132591.0,None at all,Came about naturally,Dem/Lean Dem,Moderate,50-64,College graduate+,0.5179961437773855
201801132614.0,Not much,Not sure,Dem/Lean Dem,Moderate,50-64,College graduate+,0.32127104808653617
201801132627.0,Some,Came about naturally,Dem/Lean Dem,Very liberal,30-49,College graduate+,0.6210674198826621
201801132663.0,None at all,Was made accidentally in a lab,Rep/Lean Rep,Conservative,50-64,College graduate+,0.34604512036819884
201801132821.0,Some,Came about naturally,Dem/Lean Dem,Moderate,30-49,Some College,0.5797383525727224
201801132871.0,Not much,Came about naturally,Rep/Lean Rep,Conservative,65+,Some College,0.3297058488385204
201801132881.0,None at all,Came about naturally,Rep/Lean Rep,Moderate,30-49,Some College,2.008014054409338
201801132888.0,Not much,Was made accidentally in a lab,Dem/Lean Dem,Moderate,30-49,Some College,1.417777684064416
201801133013.0,Not much,Came about naturally,Dem/Lean Dem,Liberal,65+,College graduate+,0.3631146217736896
201801133073.0,Not much,Came about naturally,Dem/Lean Dem,Liberal,65+,College graduate+,0.28067968514975083
201801133136.0,Some,Came about naturally,Rep/Lean Rep,Conservative,65+,Some College,0.4328651419033417
201801133149.0,None at all,Came about naturally,Rep/Lean Rep,Conservative,65+,H.S. graduate or less,2.9787276198826382
201801133272.0,None at all,Came about naturally,Rep/Lean Rep,Moderate,50-64,H.S. graduate or less,2.0504723917299423
201801133311.0,Not much,Not sure,Rep/Lean Rep,Conservative,30-49,H.S. graduate or less,0.9745330803003808
201801133329.0,Not much,Not sure,Rep/Lean Rep,Moderate,65+,College graduate+,2.042684002985212
201801133359.0,Some,Came about naturally,Rep/Lean Rep,Moderate,50-64,College graduate+,0.28251322956727914
201801133366.0,Not much,Came about naturally,Dem/Lean Dem,Liberal,30-49,College graduate+,0.6497631904730444
201801133370.0,Some,Came about naturally,Dem/Lean Dem,Very liberal,50-64,College graduate+,0.32127104808653617
201801133376.0,None at all,Came about naturally,Dem/Lean Dem,Moderate,50-64,College graduate+,0.28251322956727914
201801133564.0,Some,Not sure,Rep/Lean Rep,Very conservative,65+,Some College,1.2233230930744419
201801133570.0,None at all,Not sure,Rep/Lean Rep,Conservative,65+,Some College,0.5133480775464817
201801133605.0,None at all,Came about naturally,Dem/Lean Dem,Liberal,30-49,College graduate+,0.43306038470855224
201801133641.0,None at all,Not sure,Dem/Lean Dem,Liberal,50-64,Some College,0.8260301390730759
201801133651.0,Some,Came about naturally,Dem/Lean Dem,Liberal,30-49,College graduate+,0.4738646559048941
201801133662.0,A lot,Came about naturally,Dem/Lean Dem,Very liberal,65+,College graduate+,0.16952634911363323
201801133697.0,Not much,Not sure,Rep/Lean Rep,Moderate,30-49,Some College,4.131298770519695
201801133702.0,Not much,Came about naturally,Rep/Lean Rep,Conservative,50-64,College graduate+,0.733262000002952
201801133729.0,A lot,Was made accidentally in a lab,Rep/Lean Rep,Conservative,50-64,Some College,2.3790982554463516
201801133736.0,Some,Came about naturally,Rep/Lean Rep,Conservative,50-64,College graduate+,0.8923890910383466
201801133769.0,Not much,Came about naturally,Dem/Lean Dem,Conservative,30-49,College graduate+,0.39372221398309404
201801133790.0,Some,Came about naturally,Dem/Lean Dem,Liberal,30-49,College graduate+,0.3471495087894716
201801133878.0,Not much,Came about naturally,Dem/Lean Dem,Liberal,65+,College graduate+,0.31271147845065
201801133980.0,None at all,Not sure,Dem/Lean Dem,Moderate,50-64,Some College,0.5376130265052781
201801134079.0,Not much,Came about naturally,Dem/Lean Dem,Moderate,50-64,H.S. graduate or less,5.829967127835804
201801134198.0,Some,Came about naturally,Dem/Lean Dem,Liberal,65+,College graduate+,0.16952634911363323
201801134238.0,A lot,Came about naturally,Rep/Lean Rep,Very conservative,50-64,College graduate+,1.0497631008656692
201801134242.0,Some,Not sure,Dem/Lean Dem,Moderate,30-49,College graduate+,0.43306038470855224
201801134270.0,A lot,Came about naturally,Dem/Lean Dem,Moderate,30-49,College graduate+,0.7429620077879978
201801134315.0,Some,Came about naturally,Rep/Lean Rep,Conservative,50-64,College graduate+,0.25641278876705387
201801134328.0,Some,Came about naturally,Rep/Lean Rep,Very conservative,65+,Some College,1.2233230930744419
201801134353.0,Some,Was developed intentionally in a lab,Rep/Lean Rep,Conservative,50-64,Some College,0.5797383525727224
201801134373.0,Not much,Came about naturally,Dem/Lean Dem,Very liberal,30-49,College graduate+,0.6411083318180221
201801134391.0,Some,Was developed intentionally in a lab,Dem/Lean Dem,Very liberal,18-29,College graduate+,0.5431373050695132
201801134499.0,Some,Not sure,Dem/Lean Dem,Liberal,65+,Some College,0.27764055836658447
201801134506.0,Some,Came about naturally,Rep/Lean Rep,Conservative,50-64,Some College,0.5602191584980439
201801134529.0,None at all,Was made accidentally in a lab,Rep/Lean Rep,Very conservative,65+,College graduate+,0.4382791325939977
201801134550.0,Not much,Came about naturally,Dem/Lean Dem,Liberal,30-49,College graduate+,0.2810777711996224
201801134589.0,Not much,Came about naturally,Dem/Lean Dem,Liberal,30-49,College graduate+,0.2810777711996224
201801134607.0,Some,Came about naturally,Dem/Lean Dem,Liberal,50-64,College graduate+,0.28380231851871496
201801134732.0,Not much,Came about naturally,Dem/Lean Dem,Liberal,65+,College graduate+,0.7197094004069272
201801134758.0,Not much,Not sure,Rep/Lean Rep,Conservative,65+,Some College,0.384183716390733
201801134770.0,Some,Not sure,Dem/Lean Dem,Liberal,50-64,College graduate+,0.3147847981571407
201801134774.0,Some,Was developed intentionally in a lab,Rep/Lean Rep,Very conservative,50-64,Some College,0.9711073967945258
201801134808.0,Not much,Came about naturally,Dem/Lean Dem,Liberal,50-64,College graduate+,0.35338085287239346
201801134823.0,Not much,Was developed intentionally in a lab,Dem/Lean Dem,Moderate,65+,College graduate+,0.17187781118867126
201801134826.0,Some,Came about naturally,Dem/Lean Dem,Liberal,65+,College graduate+,0.2526863107453245
201801134865.0,A lot,Was developed intentionally in a lab,Rep/Lean Rep,Conservative,65+,Some College,0.384183716390733
201801134876.0,None at all,Not sure,Rep/Lean Rep,Moderate,30-49,H.S. graduate or less,1.6040995162293021
201801134953.0,None at all,Came about naturally,Dem/Lean Dem,Conservative,50-64,College graduate+,0.35338085287239346
201801135014.0,Not much,Was developed intentionally in a lab,Rep/Lean Rep,Conservative,65+,Some College,0.5094717751536996
201801135019.0,Not much,Came about naturally,Rep/Lean Rep,Conservative,50-64,College graduate+,0.68622149718408
201801135033.0,Not much,Came about naturally,Dem/Lean Dem,Liberal,50-64,College graduate+,0.22975004021807646
201801135059.0,A lot,Not sure,Dem/Lean Dem,Liberal,50-64,H.S. graduate or less,1.6394084608042891
201801135074.0,Not much,Came about naturally,Dem/Lean Dem,Liberal,50-64,College graduate+,0.4583816007988759
201801135091.0,Some,Came about naturally,Rep/Lean Rep,Moderate,50-64,College graduate+,0.5179961437773855
201801135095.0,Some,Not sure,Dem/Lean Dem,Moderate,18-29,College graduate+,2.0430240471928713
201801135133.0,None at all,Came about naturally,Dem/Lean Dem,Moderate,65+,College graduate+,0.5096297870859479
201801135294.0,Not much,Came about naturally,Dem/Lean Dem,Conservative,65+,College graduate+,0.3889894681791227
201801135306.0,None at all,Came about naturally,Dem/Lean Dem,Liberal,50-64,College graduate+,0.4583816007988759
201801135363.0,Some,Came about naturally,Rep/Lean Rep,Moderate,18-29,College graduate+,0.7478071489817713
201801135382.0,A lot,Was made accidentally in a lab,Dem/Lean Dem,Moderate,30-49,H.S. graduate or less,3.2276457681365223
201801135394.0,Not much,Came about naturally,Dem/Lean Dem,Moderate,65+,H.S. graduate or less,2.3305678998545267
201801135444.0,Not much,Was developed intentionally in a lab,Dem/Lean Dem,Moderate,50-64,College graduate+,0.16957463186685914
201801135447.0,A lot,Came about naturally,Dem/Lean Dem,Liberal,50-64,H.S. graduate or less,0.5502513264612743
201801135454.0,None at all,Was made accidentally in a lab,Rep/Lean Rep,Moderate,50-64,College graduate+,0.2914983628884342
201801135458.0,Not much,Not sure,Dem/Lean Dem,Liberal,50-64,College graduate+,0.2071585362363679
201801135487.0,Some,Not sure,DK/Refused/No lean,Very conservative,65+,H.S. graduate or less,1.068058543525633
201801135489.0,Not much,Came about naturally,Dem/Lean Dem,Moderate,65+,Some College,0.5094717751536996
201801135503.0,Some,Came about naturally,Rep/Lean Rep,Moderate,65+,H.S. graduate or less,1.1903010315166591
201801135548.0,Not much,Came about naturally,Dem/Lean Dem,Liberal,50-64,College graduate+,0.3147847981571407
201801135572.0,Not much,Was developed intentionally in a lab,Rep/Lean Rep,Conservative,50-64,Some College,0.4397665373684089
201801135585.0,None at all,Was developed intentionally in a lab,Rep/Lean Rep,Moderate,30-49,College graduate+,0.39372221398309404
201801135588.0,Not much,Not sure,Rep/Lean Rep,Very conservative,65+,College graduate+,1.0356267595331767
201801135716.0,Some,Was made accidentally in a lab,Rep/Lean Rep,Moderate,30-49,College graduate+,0.5661673809534152
201801135769.0,A lot,Not sure,Rep/Lean Rep,Moderate,30-49,College graduate+,0.5661673809534152
201801135772.0,Not much,Came about naturally,Rep/Lean Rep,Conservative,30-49,College graduate+,0.5074960834296296
201801135801.0,Some,Not sure,Rep/Lean Rep,Moderate,50-64,College graduate+,0.8234272975736463
201801135824.0,Some,Was made accidentally in a lab,Dem/Lean Dem,Moderate,50-64,College graduate+,3.6970120335809034
201801135855.0,Not much,Not sure,Rep/Lean Rep,Moderate,65+,College graduate+,0.2547848262475639
201801135882.0,Not much,Not sure,Rep/Lean Rep,Moderate,18-29,College graduate+,0.4908234251051806
201801135910.0,None at all,Came about naturally,Dem/Lean Dem,Moderate,65+,College graduate+,0.27676544102224854
201801135919.0,Not much,Not sure,Dem/Lean Dem,Liberal,18-29,Some College,0.9383283944948191
201801136027.0,Not much,Came about naturally,Dem/Lean Dem,Liberal,50-64,College graduate+,0.32127104808653617
201801136029.0,None at all,Not sure,Dem/Lean Dem,Moderate,50-64,College graduate+,0.3167202275798836
201801136032.0,Some,Came about naturally,Dem/Lean Dem,Moderate,18-29,College graduate+,0.7546160576533024
201801136039.0,Some,Was developed intentionally in a lab,Dem/Lean Dem,Conservative,30-49,H.S. graduate or less,1.2979283494708507
201801136041.0,Not much,Came about naturally,Rep/Lean Rep,Very conservative,65+,H.S. graduate or less,1.0754240813451807
201801136048.0,A lot,Not sure,Dem/Lean Dem,Moderate,18-29,Some College,5.3043996824116135
201801136050.0,Not much,Came about naturally,Dem/Lean Dem,Very liberal,30-49,College graduate+,0.3502976747952842
201801136143.0,None at all,Came about naturally,Dem/Lean Dem,Moderate,50-64,College graduate+,0.20439729174672286
201801136313.0,Not much,Was developed intentionally in a lab,Dem/Lean Dem,Liberal,30-49,College graduate+,0.3471495087894716
201801136367.0,Not much,Came about naturally,Dem/Lean Dem,Very liberal,18-29,College graduate+,0.3452916425491792
201801136394.0,Some,Was developed intentionally in a lab,Rep/Lean Rep,Very conservative,50-64,College graduate+,0.2585335737324687
201801136423.0,Some,Came about naturally,Rep/Lean Rep,Very conservative,65+,College graduate+,0.2547848262475639
201801136438.0,None at all,Came about naturally,Dem/Lean Dem,Moderate,65+,College graduate+,0.9149533884833876
201801136497.0,A lot,Was developed intentionally in a lab,Rep/Lean Rep,Conservative,50-64,College graduate+,0.47926180087750364
201801136559.0,None at all,Came about naturally,Rep/Lean Rep,Very conservative,50-64,H.S. graduate or less,3.031429007628597
201801136561.0,Not much,Not sure,Rep/Lean Rep,Very conservative,50-64,Some College,0.32866482350734133
201801136565.0,Not much,Not sure,Dem/Lean Dem,Moderate,50-64,H.S. graduate or less,0.4613991255450251
201801136584.0,Some,Not sure,Rep/Lean Rep,Conservative,30-49,College graduate+,0.3727826479053984
201801136593.0,A lot,Came about naturally,Rep/Lean Rep,Conservative,30-49,College graduate+,0.7396898540460517
201801136622.0,Some,Was made accidentally in a lab,Rep/Lean Rep,Moderate,30-49,College graduate+,0.41459716437402655
201801136625.0,Not much,Came about naturally,Dem/Lean Dem,Moderate,50-64,H.S. graduate or less,1.114896958342298
201801136631.0,Not much,Came about naturally,Rep/Lean Rep,Conservative,65+,H.S. graduate or less,0.950043510258741
201801136759.0,Some,Came about naturally,Dem/Lean Dem,Liberal,65+,Some College,0.3262649169600645
201801136783.0,Some,Came about naturally,Rep/Lean Rep,Conservative,50-64,College graduate+,0.3539956754611129
201801136838.0,Some,Came about naturally,Dem/Lean Dem,Liberal,65+,College graduate+,1.0284589434331395
201801136854.0,None at all,Not sure,Rep/Lean Rep,Conservative,50-64,Some College,0.5602191584980439
201801136872.0,Some,Came about naturally,Dem/Lean Dem,Very liberal,30-49,Some College,1.424553182506527
201801136924.0,Not much,Was developed intentionally in a lab,Rep/Lean Rep,Conservative,50-64,Some College,0.36972463518470505
201801136947.0,Not much,Not sure,Rep/Lean Rep,Moderate,65+,H.S. graduate or less,2.643223817515233
201801136967.0,Not much,Came about naturally,Rep/Lean Rep,Conservative,30-49,Some College,1.1584544260037455
201801137033.0,Not much,Came about naturally,Dem/Lean Dem,Liberal,18-29,College graduate+,0.38916211978867576
201801137039.0,Not much,Came about naturally,Dem/Lean Dem,Moderate,30-49,College graduate+,0.5219845504220996
201801137059.0,None at all,Came about naturally,Dem/Lean Dem,Moderate,50-64,College graduate+,0.6497631904730444
201801137129.0,None at all,Came about naturally,Dem/Lean Dem,Moderate,30-49,College graduate+,0.32127104808653617
201801137153.0,Some,Was developed intentionally in a lab,Dem/Lean Dem,Very liberal,30-49,College graduate+,1.046294796384659
201801137173.0,Some,Was made accidentally in a lab,Dem/Lean Dem,Liberal,30-49,College graduate+,0.2810777711996224
201801137192.0,Some,Not sure,Dem/Lean Dem,Liberal,50-64,College graduate+,0.32127104808653617
201801137306.0,None at all,Came about naturally,Rep/Lean Rep,Moderate,50-64,College graduate+,0.5052899155170041
201801137386.0,None at all,Not sure,Dem/Lean Dem,Moderate,65+,College graduate+,0.28067968514975083
201801137404.0,Some,Was made accidentally in a lab,Rep/Lean Rep,Conservative,50-64,College graduate+,0.2585335737324687
201801137415.0,Some,Came about naturally,Dem/Lean Dem,Liberal,50-64,College graduate+,0.4583816007988759
201801137449.0,Some,Came about naturally,Rep/Lean Rep,Liberal,50-64,Some College,0.9235033507368926
201801137461.0,Some,Not sure,Rep/Lean Rep,Conservative,65+,H.S. graduate or less,2.597207472836589
201801137479.0,None at all,Came about naturally,Dem/Lean Dem,Very liberal,50-64,College graduate+,0.4188775200266754
201801137484.0,Not much,Came about naturally,Rep/Lean Rep,Conservative,18-29,Some College,3.1153184727994763
201801137499.0,Not much,Came about naturally,Rep/Lean Rep,Moderate,65+,College graduate+,0.22748396859865705
201801137504.0,Not much,Came about naturally,Rep/Lean Rep,Moderate,18-29,Some College,1.1414594379564793
201801137505.0,Some,Came about naturally,Dem/Lean Dem,Liberal,65+,H.S. graduate or less,0.6553237667306561
201801137507.0,None at all,Came about naturally,Dem/Lean Dem,Moderate,50-64,Some College,0.8162643363776078
201801137523.0,Not much,Came about naturally,Dem/Lean Dem,Liberal,50-64,College graduate+,0.28251322956727914
201801137536.0,Not much,Came about naturally,Dem/Lean Dem,Moderate,30-49,College graduate+,0.31315881887524266
201801137555.0,Not much,Came about naturally,Dem/Lean Dem,Moderate,18-29,College graduate+,0.3452916425491792
201801137573.0,Some,Was developed intentionally in a lab,Dem/Lean Dem,Conservative,30-49,College graduate+,0.40224114742049477
201801137582.0,Some,Came about naturally,Dem/Lean Dem,Liberal,65+,College graduate+,0.16952634911363323
201801137595.0,Not much,Was made accidentally in a lab,Rep/Lean Rep,Conservative,50-64,H.S. graduate or less,0.7492719236954615
201801137604.0,Not much,Came about naturally,Dem/Lean Dem,Very liberal,18-29,College graduate+,1.2990391879597527
201801137614.0,Not much,Came about naturally,Dem/Lean Dem,Liberal,30-49,College graduate+,1.2456358937385918
201801137617.0,Not much,Came about naturally,Dem/Lean Dem,Liberal,65+,College graduate+,0.16952634911363323
201801137624.0,Some,Came about naturally,Dem/Lean Dem,Liberal,30-49,College graduate+,0.6411083318180221
201801137625.0,None at all,Came about naturally,Dem/Lean Dem,Very liberal,50-64,College graduate+,0.28251322956727914
201801137637.0,Not much,Came about naturally,Dem/Lean Dem,Very liberal,50-64,College graduate+,0.2071585362363679
201801137638.0,None at all,Came about naturally,Dem/Lean Dem,Very liberal,65+,College graduate+,0.27676544102224854
201801137659.0,Some,Came about naturally,Dem/Lean Dem,Liberal,30-49,College graduate+,0.5219845504220996
201801137667.0,A lot,Was made accidentally in a lab,Dem/Lean Dem,Liberal,65+,College graduate+,0.28067968514975083
201801137694.0,Some,Came about naturally,Dem/Lean Dem,Moderate,65+,College graduate+,0.9149533884833876
201801137699.0,Some,Came about naturally,Dem/Lean Dem,Moderate,18-29,Some College,1.1960966106027462
201801137705.0,Some,Came about naturally,Dem/Lean Dem,Liberal,18-29,College graduate+,1.473405869244004
201801137710.0,None at all,Came about naturally,Dem/Lean Dem,Moderate,65+,College graduate+,0.3889894681791227
201801137731.0,None at all,Came about naturally,Rep/Lean Rep,Moderate,30-49,Some College,1.4295403210379065
201801137746.0,Some,Came about naturally,Dem/Lean Dem,Conservative,50-64,Some College,0.8319935521098791
201801137756.0,Some,Came about naturally,Dem/Lean Dem,Conservative,65+,College graduate+,0.5710731993955889
201801137759.0,None at all,Came about naturally,Dem/Lean Dem,Moderate,50-64,College graduate+,0.5132420070135103
201801137846.0,Some,Came about naturally,Dem/Lean Dem,Moderate,65+,Some College,1.1593574500827928
201801137893.0,Some,Came about naturally,Dem/Lean Dem,Liberal,50-64,Some College,0.23906492073416338
201801137915.0,Some,Came about naturally,Dem/Lean Dem,Liberal,50-64,College graduate+,0.4583816007988759
201801137958.0,A lot,Was developed intentionally in a lab,Rep/Lean Rep,Very conservative,50-64,Some College,0.9235033507368926
201801137967.0,Not much,Not sure,Rep/Lean Rep,Moderate,30-49,College graduate+,0.4402761042842609
201801137978.0,Not much,Came about naturally,Dem/Lean Dem,Moderate,65+,H.S. graduate or less,2.289953474420717
201801138000.0,Not much,Came about naturally,Dem/Lean Dem,Moderate,50-64,Some College,0.36686288095416536
201801138015.0,Not much,Came about naturally,Rep/Lean Rep,Very conservative,65+,College graduate+,0.22748396859865705
201801138029.0,Not much,Not sure,DK/Refused/No lean,Refused,30-49,H.S. graduate or less,1.8314994669523272
201801138058.0,Not much,Came about naturally,Dem/Lean Dem,Liberal,50-64,College graduate+,0.32127104808653617
201801138062.0,None at all,Came about naturally,Rep/Lean Rep,Liberal,30-49,Some College,1.4295403210379065
201801138081.0,Not much,Came about naturally,Rep/Lean Rep,Moderate,30-49,College graduate+,1.1523331840381876
201801138120.0,None at all,Came about naturally,Dem/Lean Dem,Liberal,65+,College graduate+,0.16735527355858154
201801138129.0,A lot,Was developed intentionally in a lab,Rep/Lean Rep,Moderate,50-64,H.S. graduate or less,3.215360497959496
201801138148.0,Not much,Came about naturally,Dem/Lean Dem,Moderate,65+,College graduate+,0.9149533884833876
201801138172.0,A lot,Came about naturally,Rep/Lean Rep,Conservative,30-49,College graduate+,0.40224114742049477
201801138203.0,A lot,Was developed intentionally in a lab,Rep/Lean Rep,Moderate,30-49,College graduate+,3.265696750885457
201801138208.0,Some,Came about naturally,Rep/Lean Rep,Very conservative,65+,Some College,0.3297058488385204
201801138304.0,None at all,Came about naturally,Dem/Lean Dem,Liberal,65+,H.S. graduate or less,1.7834801511114189
201801138339.0,Some,Came about naturally,Dem/Lean Dem,Very liberal,18-29,College graduate+,0.43512759902138115
201801138340.0,Some,Came about naturally,Dem/Lean Dem,Moderate,30-49,Some College,0.3834256451059939
201801138350.0,Some,Was developed intentionally in a lab,Rep/Lean Rep,Moderate,30-49,College graduate+,1.305368438268752
201801138389.0,None at all,Came about naturally,Dem/Lean Dem,Liberal,30-49,College graduate+,0.49189107537364923
201801138416.0,Not much,Came about naturally,Rep/Lean Rep,Refused,65+,College graduate+,0.2526863107453245
201801138494.0,Some,Came about naturally,Dem/Lean Dem,Liberal,65+,Some College,0.3262649169600645
201801138505.0,Refused,Refused,Rep/Lean Rep,Conservative,50-64,College graduate+,0.6487897855714696
201801138520.0,Some,Was developed intentionally in a lab,Rep/Lean Rep,Very conservative,18-29,College graduate+,1.1674362439708543
201801138553.0,Some,Came about naturally,Dem/Lean Dem,Liberal,65+,College graduate+,0.16952634911363323
201801138584.0,Some,Refused,Dem/Lean Dem,Liberal,50-64,Some College,0.3546357207259163
201801138601.0,Some,Came about naturally,Rep/Lean Rep,Conservative,30-49,College graduate+,0.7752636397248374
201801138634.0,A lot,Was developed intentionally in a lab,Rep/Lean Rep,Moderate,65+,College graduate+,1.8015379355786936
201801138642.0,Not much,Was developed intentionally in a lab,Rep/Lean Rep,Conservative,65+,Some College,0.5791428258595545
201801138663.0,Not much,Came about naturally,Dem/Lean Dem,Moderate,30-49,College graduate+,0.5966040314687725
201801138719.0,Not much,Was made accidentally in a lab,Dem/Lean Dem,Moderate,65+,Some College,0.384183716390733
201801138739.0,Not much,Came about naturally,Rep/Lean Rep,Conservative,30-49,College graduate+,2.0356064985680167
201801138757.0,Some,Not sure,Rep/Lean Rep,Conservative,50-64,H.S. graduate or less,0.9224251282134858
201801138806.0,None at all,Was developed intentionally in a lab,Rep/Lean Rep,Moderate,65+,College graduate+,0.6016991206958003
201801138834.0,Some,Not sure,Dem/Lean Dem,Moderate,30-49,College graduate+,0.9492407304989569
201801138860.0,Some,Was made accidentally in a lab,Rep/Lean Rep,Conservative,30-49,Some College,3.6942256319108795
201801138862.0,Not much,Not sure,Rep/Lean Rep,Conservative,50-64,H.S. graduate or less,2.4016332345282247
201801138876.0,Refused,Refused,Rep/Lean Rep,Liberal,30-49,Some College,1.581955598686701
201801138890.0,Some,Came about naturally,Rep/Lean Rep,Conservative,30-49,College graduate+,1.034780089621249
201801138909.0,None at all,Came about naturally,Dem/Lean Dem,Moderate,50-64,College graduate+,0.6497631904730444
201801138919.0,Not much,Not sure,Rep/Lean Rep,Refused,50-64,H.S. graduate or less,1.820633528726152
201801138932.0,Some,Came about naturally,Rep/Lean Rep,Conservative,18-29,Some College,1.3550898826917086
201801138942.0,Not much,Came about naturally,Rep/Lean Rep,Conservative,65+,College graduate+,0.5096297870859479
201801138989.0,Some,Came about naturally,Rep/Lean Rep,Conservative,50-64,Some College,0.8641334764779848
201801139000.0,Not much,Came about naturally,Dem/Lean Dem,Moderate,65+,College graduate+,0.22748396859865705
201801139015.0,Not much,Was developed intentionally in a lab,Dem/Lean Dem,Moderate,30-49,Some College,1.924005634295641
201801139028.0,Some,Came about naturally,Rep/Lean Rep,Moderate,30-49,Some College,0.5412839457475006
201801139036.0,None at all,Not sure,Dem/Lean Dem,Liberal,65+,College graduate+,0.31271147845065
201801139108.0,None at all,Came about naturally,Dem/Lean Dem,Very liberal,30-49,Some College,0.9787817098680329
201801139157.0,Some,Came about naturally,Dem/Lean Dem,Liberal,50-64,College graduate+,0.31623603484293245
201801139164.0,Not much,Came about naturally,Dem/Lean Dem,Liberal,50-64,College graduate+,0.18982775376809147
201801139196.0,Not much,Came about naturally,Rep/Lean Rep,Moderate,50-64,Some College,0.5602191584980439
201801139200.0,Not much,Came about naturally,Rep/Lean Rep,Moderate,18-29,College graduate+,0.6614056498829151
201801139212.0,None at all,Not sure,Rep/Lean Rep,Conservative,65+,Some College,1.0206410809223907
201801139216.0,Some,Came about naturally,DK/Refused/No lean,Moderate,50-64,Some College,2.8292643622000115
201801139222.0,Some,Was made accidentally in a lab,Rep/Lean Rep,Moderate,30-49,Some College,1.4295403210379065
201801139233.0,None at all,Came about naturally,Dem/Lean Dem,Moderate,50-64,Some College,0.32866482350734133
201801139251.0,None at all,Came about naturally,Dem/Lean Dem,Very liberal,30-49,Some College,0.6971732299773025
201801139253.0,None at all,Came about naturally,Dem/Lean Dem,Moderate,65+,College graduate+,0.16952634911363323
201801139276.0,Some,Came about naturally,Dem/Lean Dem,Liberal,65+,College graduate+,0.6413499780877429
201801139279.0,A lot,Came about naturally,Dem/Lean Dem,Liberal,50-64,College graduate+,0.3688383177152402
201801139291.0,Not much,Not sure,Dem/Lean Dem,Liberal,30-49,College graduate+,0.40224114742049477
201801139292.0,Some,Was developed intentionally in a lab,Dem/Lean Dem,Very liberal,30-49,Some College,0.47960497153976916
201801139306.0,Some,Not sure,Dem/Lean Dem,Liberal,50-64,College graduate+,0.17178106716720398
201801139310.0,Some,Came about naturally,Dem/Lean Dem,Very liberal,50-64,College graduate+,0.28380231851871496
201801139337.0,Some,Not sure,Dem/Lean Dem,Liberal,30-49,Some College,1.715543403393568
201801139359.0,Not much,Came about naturally,Dem/Lean Dem,Moderate,50-64,College graduate+,0.363541520772333
201801139408.0,None at all,Came about naturally,Dem/Lean Dem,Very liberal,30-49,Some College,0.9125867271245296
201801139412.0,Not much,Not sure,Rep/Lean Rep,Conservative,65+,College graduate+,2.945844829210193
201801139470.0,Not much,Came about naturally,Rep/Lean Rep,Conservative,65+,College graduate+,0.2652697478557843
201801139500.0,Not much,Came about naturally,Dem/Lean Dem,Liberal,65+,College graduate+,0.6413499780877429
201801139501.0,Not much,Not sure,Rep/Lean Rep,Conservative,50-64,College graduate+,0.443633134753424
201801139510.0,Some,Came about naturally,Dem/Lean Dem,Moderate,50-64,College graduate+,0.4479702720005671
201801139513.0,Some,Came about naturally,Dem/Lean Dem,Liberal,65+,Some College,0.3262649169600645
201801139533.0,Some,Came about naturally,Dem/Lean Dem,Moderate,30-49,Some College,1.1296211137362808
201801139543.0,Some,Came about naturally,Dem/Lean Dem,Liberal,30-49,College graduate+,0.32127104808653617
201801139624.0,Some,Came about naturally,Rep/Lean Rep,Conservative,50-64,Some College,2.079175358803683
201801139640.0,Not much,Came about naturally,Rep/Lean Rep,Conservative,30-49,College graduate+,0.48838265962000493
201801139642.0,Not much,Not sure,Rep/Lean Rep,Conservative,65+,Some College,0.38715864645441284
201801139651.0,None at all,Came about naturally,Dem/Lean Dem,Liberal,18-29,Some College,2.4515745361832977
201801139666.0,Some,Came about naturally,Dem/Lean Dem,Liberal,18-29,College graduate+,0.3502976747952842
201801139669.0,Some,Came about naturally,Rep/Lean Rep,Very conservative,65+,College graduate+,0.575242611489201
201801139694.0,Not much,Came about naturally,DK/Refused/No lean,Moderate,30-49,College graduate+,0.7396898540460517
201801139696.0,None at all,Came about naturally,Rep/Lean Rep,Conservative,50-64,College graduate+,0.380170380024944
201801139704.0,Some,Not sure,Rep/Lean Rep,Conservative,30-49,Some College,1.581955598686701
201801139725.0,Some,Came about naturally,Dem/Lean Dem,Liberal,30-49,College graduate+,0.716909226004613
201801139746.0,Not much,Came about naturally,Dem/Lean Dem,Conservative,30-49,College graduate+,0.41459716437402655
201801139768.0,Not much,Came about naturally,Rep/Lean Rep,Conservative,65+,H.S. graduate or less,1.058379843963569
201801139773.0,A lot,Not sure,Dem/Lean Dem,Very liberal,30-49,College graduate+,0.9202967447884747
201801139799.0,None at all,Not sure,Rep/Lean Rep,Moderate,65+,College graduate+,0.4382791325939977
201801139819.0,Not much,Came about naturally,Rep/Lean Rep,Conservative,30-49,College graduate+,0.43306038470855224
201801139864.0,Some,Not sure,Dem/Lean Dem,Liberal,30-49,College graduate+,0.6524172149575772
201801139874.0,Some,Came about naturally,Dem/Lean Dem,Liberal,65+,College graduate+,0.28067968514975083
201801139977.0,Some,Not sure,Rep/Lean Rep,Very conservative,18-29,Some College,0.6689972545416402
201801139979.0,Some,Not sure,Dem/Lean Dem,Moderate,65+,Some College,1.0801815152345056
201801139991.0,Not much,Came about naturally,Dem/Lean Dem,Very liberal,50-64,H.S. graduate or less,0.46825503079723735
201801140035.0,Not much,Came about naturally,Dem/Lean Dem,Liberal,30-49,H.S. graduate or less,1.2578763074636667
201801140040.0,Some,Came about naturally,Rep/Lean Rep,Conservative,65+,College graduate+,0.4382791325939977
201801140044.0,None at all,Came about naturally,Dem/Lean Dem,Liberal,30-49,College graduate+,0.3452916425491792
201801140059.0,Some,Came about naturally,Dem/Lean Dem,Liberal,30-49,Some College,0.41142025632333457
201801140070.0,Not much,Came about naturally,Dem/Lean Dem,Very liberal,30-49,Some College,0.991174419452866
201801140115.0,None at all,Came about naturally,Dem/Lean Dem,Liberal,30-49,College graduate+,0.28380231851871496
201801140140.0,None at all,Came about naturally,Dem/Lean Dem,Moderate,50-64,Some College,0.23906492073416338
201801140167.0,Not much,Came about naturally,Rep/Lean Rep,Moderate,18-29,College graduate+,2.0497974662504586
201801140176.0,Some,Came about naturally,Dem/Lean Dem,Liberal,30-49,College graduate+,0.3111994945422469
201801140179.0,Not much,Came about naturally,Dem/Lean Dem,Moderate,18-29,Some College,1.655983192782695
201801140190.0,Not much,Not sure,Dem/Lean Dem,Liberal,50-64,College graduate+,0.2071585362363679
201801140191.0,None at all,Came about naturally,Dem/Lean Dem,Moderate,50-64,College graduate+,0.6497631904730444
201801140198.0,Some,Was developed intentionally in a lab,Rep/Lean Rep,Moderate,18-29,College graduate+,1.519616799213832
201801140200.0,Some,Refused,Dem/Lean Dem,Liberal,30-49,College graduate+,0.3111994945422469
201801140203.0,Not much,Was made accidentally in a lab,Rep/Lean Rep,Moderate,18-29,College graduate+,0.8408496489035225
201801140222.0,Not much,Came about naturally,Dem/Lean Dem,Liberal,50-64,College graduate+,0.32127104808653617
201801140287.0,Not much,Came about naturally,Dem/Lean Dem,Very liberal,50-64,College graduate+,0.2071585362363679
201801140297.0,Some,Was developed intentionally in a lab,Rep/Lean Rep,Conservative,50-64,College graduate+,0.317264943657635
201801140322.0,Not much,Came about naturally,Dem/Lean Dem,Liberal,30-49,College graduate+,0.6646330744876657
201801140393.0,Some,Came about naturally,Dem/Lean Dem,Liberal,18-29,College graduate+,0.4898943456222849
201801140404.0,None at all,Not sure,Dem/Lean Dem,Moderate,50-64,College graduate+,0.2071585362363679
201801140424.0,Some,Came about naturally,Dem/Lean Dem,Liberal,30-49,College graduate+,1.1862834443669668
201801140425.0,None at all,Came about naturally,Rep/Lean Rep,Conservative,65+,College graduate+,0.2547848262475639
201801140442.0,Some,Came about naturally,Dem/Lean Dem,Liberal,50-64,College graduate+,0.2071585362363679
201801140445.0,Not much,Not sure,Dem/Lean Dem,Very liberal,30-49,College graduate+,0.7429620077879978
201801140512.0,Some,Came about naturally,Rep/Lean Rep,Conservative,30-49,College graduate+,1.0745282953850213
201801140536.0,Not much,Came about naturally,Rep/Lean Rep,Very conservative,50-64,H.S. graduate or less,1.820633528726152
201801140601.0,A lot,Was developed intentionally in a lab,Rep/Lean Rep,Conservative,50-64,College graduate+,2.0714975193871563
201801140622.0,Not much,Came about naturally,Rep/Lean Rep,Very conservative,18-29,Some College,1.3693953518780997
201801140658.0,None at all,Came about naturally,Rep/Lean Rep,Conservative,50-64,Some College,0.8641334764779848
201801140679.0,Some,Came about naturally,Dem/Lean Dem,Moderate,30-49,College graduate+,0.39372221398309404
201801140717.0,None at all,Came about naturally,Rep/Lean Rep,Moderate,65+,Some College,0.40421973279901374
201801140730.0,Not much,Came about naturally,Dem/Lean Dem,Liberal,18-29,College graduate+,0.7823554786302487
201801140744.0,Some,Came about naturally,Rep/Lean Rep,Very conservative,30-49,College graduate+,0.49659288356165515
201801140773.0,Some,Came about naturally,Dem/Lean Dem,Very liberal,65+,College graduate+,0.5324121783949853
201801140843.0,Not much,Not sure,DK/Refused/No lean,Conservative,65+,College graduate+,0.3889894681791227
201801140850.0,Some,Not sure,Rep/Lean Rep,Moderate,30-49,H.S. graduate or less,7.476258939643807
201801140858.0,None at all,Came about naturally,Dem/Lean Dem,Very liberal,65+,College graduate+,0.31271147845065
201801140868.0,Some,Came about naturally,Dem/Lean Dem,Moderate,50-64,College graduate+,0.3688383177152402
201801140880.0,Not much,Was developed intentionally in a lab,Rep/Lean Rep,Very conservative,30-49,Some College,0.6650214034224953
201801140918.0,Not much,Came about naturally,Dem/Lean Dem,Moderate,50-64,College graduate+,0.2080075068756525
201801140972.0,None at all,Not sure,Rep/Lean Rep,Moderate,50-64,College graduate+,0.8610278233622646
201801140992.0,Some,Came about naturally,Dem/Lean Dem,Moderate,65+,H.S. graduate or less,1.7862239688837598
201801141010.0,Not much,Was developed intentionally in a lab,Rep/Lean Rep,Very conservative,18-29,College graduate+,2.0401995293442323
201801141046.0,Some,Was developed intentionally in a lab,Dem/Lean Dem,Moderate,50-64,College graduate+,0.20439729174672286
201801141072.0,Not much,Came about naturally,Dem/Lean Dem,Moderate,30-49,College graduate+,0.7194346944047033
201801141107.0,None at all,Came about naturally,Dem/Lean Dem,Liberal,30-49,College graduate+,0.3471495087894716
201801141132.0,Some,Not sure,Dem/Lean Dem,Moderate,50-64,Some College,0.9929529833699282
201801141152.0,Not much,Came about naturally,Rep/Lean Rep,Moderate,30-49,Some College,2.508517888866663
201801141168.0,Some,Not sure,Dem/Lean Dem,Moderate,30-49,Some College,2.8724462327826634
201801141176.0,Some,Came about naturally,Dem/Lean Dem,Very liberal,50-64,Some College,0.5993213746539554
201801141273.0,Not much,Came about naturally,Rep/Lean Rep,Moderate,30-49,Some College,0.5560288880000401
201801141321.0,Some,Not sure,Rep/Lean Rep,Conservative,30-49,Some College,1.4544674958054413
201801141330.0,Some,Came about naturally,Dem/Lean Dem,Liberal,65+,College graduate+,0.3496937122757643
201801141362.0,Some,Not sure,Rep/Lean Rep,Conservative,65+,Some College,1.0692211527818647
201801141391.0,Not much,Came about naturally,Rep/Lean Rep,Moderate,30-49,College graduate+,0.4498898237124893
201801141398.0,Some,Not sure,Dem/Lean Dem,Moderate,50-64,College graduate+,0.32127104808653617
201801141400.0,None at all,Came about naturally,Rep/Lean Rep,Very conservative,30-49,College graduate+,0.6484031010142857
201801141536.0,Not much,Came about naturally,Dem/Lean Dem,Moderate,50-64,Some College,0.34940072702146663
201801141668.0,Not much,Not sure,Rep/Lean Rep,Moderate,50-64,H.S. graduate or less,1.820633528726152
201801141679.0,A lot,Not sure,Rep/Lean Rep,Conservative,30-49,Some College,1.1584544260037455
201801141701.0,A lot,Not sure,Rep/Lean Rep,Moderate,65+,H.S. graduate or less,6.305731729434844
201801141704.0,Some,Came about naturally,Dem/Lean Dem,Liberal,65+,College graduate+,0.3579075870209189
201801141713.0,Some,Was developed intentionally in a lab,Dem/Lean Dem,Moderate,50-64,Some College,0.9281094596989943
201801141779.0,Some,Came about naturally,Rep/Lean Rep,Conservative,50-64,H.S. graduate or less,2.371694340761707
201801141843.0,Some,Came about naturally,Rep/Lean Rep,Very conservative,50-64,College graduate+,0.5052899155170041
201801141958.0,Some,Came about naturally,Rep/Lean Rep,Conservative,30-49,Some College,0.5797383525727224
201801141990.0,Some,Was developed intentionally in a lab,DK/Refused/No lean,Refused,30-49,Some College,1.424553182506527
201801142007.0,Some,Was developed intentionally in a lab,Rep/Lean Rep,Moderate,30-49,Some College,0.6650214034224953
201801142113.0,A lot,Was developed intentionally in a lab,Rep/Lean Rep,Conservative,65+,H.S. graduate or less,2.9805375087964263
201801142154.0,A lot,Was developed intentionally in a lab,Rep/Lean Rep,Conservative,18-29,Some College,0.6749516413982599
201801142163.0,Not much,Not sure,DK/Refused/No lean,Liberal,50-64,Some College,1.5248373970023459
201801142213.0,Some,Not sure,Rep/Lean Rep,Conservative,30-49,H.S. graduate or less,4.145183502889632
201801142230.0,Not much,Came about naturally,Rep/Lean Rep,Very conservative,50-64,Some College,1.7283396673649651
201801142254.0,Some,Came about naturally,DK/Refused/No lean,Moderate,18-29,College graduate+,1.6473950894769585
201801142263.0,None at all,Came about naturally,Dem/Lean Dem,Liberal,30-49,College graduate+,0.9301084800067383
201801142271.0,Some,Came about naturally,Rep/Lean Rep,Very conservative,50-64,Some College,0.7794761043829509
201801142285.0,Some,Came about naturally,Rep/Lean Rep,Conservative,65+,Some College,1.5229875486787634
201801142289.0,Some,Came about naturally,Rep/Lean Rep,Conservative,30-49,College graduate+,3.45986275422649
201801142302.0,None at all,Was developed intentionally in a lab,Rep/Lean Rep,Very conservative,65+,Some College,0.6305772863135886
201801142304.0,Not much,Came about naturally,Dem/Lean Dem,Conservative,65+,H.S. graduate or less,1.2747133594907694
201801142370.0,Some,Came about naturally,Rep/Lean Rep,Conservative,50-64,College graduate+,0.6138061789225171
201801142379.0,Some,Came about naturally,Dem/Lean Dem,Moderate,18-29,College graduate+,0.3044970938813066
201801142403.0,Some,Was developed intentionally in a lab,Dem/Lean Dem,Very liberal,18-29,Some College,5.9985019826191595
201801142415.0,None at all,Came about naturally,Rep/Lean Rep,Conservative,50-64,College graduate+,0.8373718248326366
201801142507.0,None at all,Was made accidentally in a lab,Dem/Lean Dem,Moderate,65+,College graduate+,0.8965845966101694
201801142516.0,Some,Came about naturally,Rep/Lean Rep,Moderate,30-49,College graduate+,0.46349146503934086
201801142528.0,Some,Came about naturally,Rep/Lean Rep,Conservative,65+,College graduate+,1.0356267595331767
201801142545.0,None at all,Not sure,Dem/Lean Dem,Very liberal,30-49,Some College,0.991174419452866
201801142679.0,Some,Came about naturally,Dem/Lean Dem,Very liberal,30-49,College graduate+,1.6200036349889901
201801142704.0,None at all,Came about naturally,Dem/Lean Dem,Liberal,18-29,H.S. graduate or less,3.2070753072677456
201801142739.0,Not much,Came about naturally,Dem/Lean Dem,Liberal,65+,College graduate+,0.6413499780877429
201801142748.0,Not much,Was developed intentionally in a lab,Rep/Lean Rep,Conservative,50-64,Some College,1.581955598686701
201801142772.0,None at all,Refused,Dem/Lean Dem,Liberal,30-49,College graduate+,0.2798391035141685
201801142774.0,None at all,Came about naturally,Dem/Lean Dem,Moderate,30-49,College graduate+,0.40224114742049477
201801142786.0,Some,Came about naturally,Dem/Lean Dem,Liberal,18-29,College graduate+,1.7935175293235328
201801142815.0,A lot,Was developed intentionally in a lab,Rep/Lean Rep,Conservative,65+,College graduate+,0.9930367456803333
201801142831.0,Some,Came about naturally,Rep/Lean Rep,Moderate,65+,College graduate+,0.22748396859865705
201801142861.0,Some,Was developed intentionally in a lab,Rep/Lean Rep,Conservative,50-64,College graduate+,0.48397699713820885
201801142863.0,Not much,Came about naturally,Dem/Lean Dem,Liberal,50-64,College graduate+,0.5179961437773855
201801142948.0,Some,Came about naturally,Dem/Lean Dem,Liberal,18-29,College graduate+,1.4507866282734339
201801142968.0,Some,Was developed intentionally in a lab,Rep/Lean Rep,Moderate,50-64,College graduate+,1.062980061414255
201801142972.0,Not much,Was developed intentionally in a lab,Rep/Lean Rep,Conservative,50-64,Some College,0.6549057641279313
201801142976.0,Not much,Not sure,Dem/Lean Dem,Liberal,18-29,College graduate+,0.2810777711996224
201801142995.0,Not much,Came about naturally,Dem/Lean Dem,Moderate,30-49,College graduate+,0.716909226004613
201801143018.0,Not much,Was developed intentionally in a lab,Dem/Lean Dem,Moderate,30-49,Some College,1.2596513659358068
201801143030.0,Not much,Was developed intentionally in a lab,Dem/Lean Dem,Moderate,50-64,College graduate+,0.28251322956727914
201801143036.0,Not much,Came about naturally,Rep/Lean Rep,Conservative,30-49,H.S. graduate or less,1.3621112929350294
201801143040.0,Not much,Came about naturally,Dem/Lean Dem,Liberal,65+,Some College,0.8026363947441462
201801143041.0,Not much,Was developed intentionally in a lab,Rep/Lean Rep,Very conservative,50-64,H.S. graduate or less,4.767168694018134
201801143061.0,Some,Not sure,Rep/Lean Rep,Moderate,65+,College graduate+,1.085005113839696
201801143113.0,Not much,Came about naturally,Dem/Lean Dem,Moderate,65+,College graduate+,1.646763993191495
201801143130.0,Some,Not sure,Rep/Lean Rep,Conservative,50-64,Some College,0.36972463518470505
201801143238.0,Some,Not sure,Dem/Lean Dem,Liberal,30-49,Some College,0.47960497153976916
201801143242.0,None at all,Not sure,Rep/Lean Rep,Very conservative,50-64,H.S. graduate or less,1.14626279809585
201801143248.0,Not much,Came about naturally,Rep/Lean Rep,Conservative,65+,College graduate+,0.575242611489201
201801143311.0,Some,Was developed intentionally in a lab,Rep/Lean Rep,Moderate,30-49,Some College,2.481600531327603
201801143391.0,Not much,Not sure,Rep/Lean Rep,Conservative,65+,Some College,1.0801815152345056
201801143393.0,A lot,Was developed intentionally in a lab,Dem/Lean Dem,Liberal,30-49,H.S. graduate or less,0.5315894117001987
201801143477.0,Not much,Not sure,Dem/Lean Dem,Moderate,30-49,Some College,1.7140361794040442
201801143494.0,Some,Was developed intentionally in a lab,DK/Refused/No lean,Refused,30-49,Some College,0.4963018322198967
201801143518.0,Not much,Came about naturally,Dem/Lean Dem,Moderate,18-29,College graduate+,0.2810777711996224
201801143582.0,Some,Came about naturally,Dem/Lean Dem,Moderate,30-49,College graduate+,0.43306038470855224
201801143600.0,Not much,Came about naturally,Rep/Lean Rep,Conservative,50-64,College graduate+,0.443633134753424
201801143602.0,None at all,Came about naturally,Dem/Lean Dem,Liberal,65+,College graduate+,0.3889894681791227
201801143611.0,None at all,Came about naturally,Rep/Lean Rep,Moderate,18-29,College graduate+,0.5529516220670304
201801143637.0,None at all,Came about naturally,Rep/Lean Rep,Moderate,50-64,Some College,0.9235033507368926
201801143639.0,None at all,Came about naturally,Dem/Lean Dem,Moderate,65+,Some College,0.754905525400222
201801143651.0,Some,Not sure,DK/Refused/No lean,Very liberal,30-49,College graduate+,2.160016759798024
201801143685.0,Not much,Came about naturally,Dem/Lean Dem,Very liberal,30-49,College graduate+,0.3111994945422469
201801143732.0,Not much,Was developed intentionally in a lab,Rep/Lean Rep,Conservative,30-49,College graduate+,1.1603493752788807
201801143800.0,Some,Came about naturally,Dem/Lean Dem,Liberal,30-49,Some College,0.41424562788308056
201801143873.0,None at all,Not sure,Rep/Lean Rep,Conservative,18-29,H.S. graduate or less,4.5028884621184115
201801143877.0,A lot,Was developed intentionally in a lab,Rep/Lean Rep,Moderate,30-49,College graduate+,0.9492407304989569
201801143900.0,Some,Came about naturally,Dem/Lean Dem,Liberal,50-64,College graduate+,0.32127104808653617
201801143961.0,Some,Came about naturally,Dem/Lean Dem,Moderate,30-49,College graduate+,1.1674362439708543
201801143997.0,None at all,Was developed intentionally in a lab,Dem/Lean Dem,Moderate,30-49,College graduate+,0.48208886617164703
201801144006.0,None at all,Not sure,Rep/Lean Rep,Conservative,65+,H.S. graduate or less,4.8275455334270285
201801144063.0,A lot,Came about naturally,Rep/Lean Rep,Moderate,65+,College graduate+,0.2547848262475639
201801144075.0,Not much,Came about naturally,Rep/Lean Rep,Conservative,65+,Some College,0.908028761407938
201801144164.0,A lot,Came about naturally,Dem/Lean Dem,Liberal,50-64,College graduate+,0.2071585362363679
201801144173.0,Some,Came about naturally,Dem/Lean Dem,Liberal,30-49,Some College,1.4295403210379065
201801144194.0,Not much,Not sure,Dem/Lean Dem,Moderate,30-49,College graduate+,0.42175883958689064
201801144206.0,None at all,Came about naturally,Dem/Lean Dem,Conservative,30-49,College graduate+,1.0794206058778177
201801144213.0,Some,Came about naturally,Dem/Lean Dem,Moderate,18-29,H.S. graduate or less,3.518254472850859
201801144281.0,A lot,Not sure,Rep/Lean Rep,Conservative,65+,College graduate+,0.3889894681791227
201801144329.0,Not much,Came about naturally,Dem/Lean Dem,Liberal,65+,Some College,0.3262649169600645
201801144345.0,Not much,Not sure,Dem/Lean Dem,Liberal,50-64,Some College,0.34940072702146663
201801144377.0,None at all,Came about naturally,Dem/Lean Dem,Liberal,50-64,Some College,1.6998482596375892
201801144386.0,A lot,Was developed intentionally in a lab,Dem/Lean Dem,Conservative,50-64,Some College,0.3988525117055063
201801144410.0,Some,Not sure,Rep/Lean Rep,Very conservative,30-49,Some College,1.3636218457320424
201801144434.0,Some,Came about naturally,Dem/Lean Dem,Moderate,65+,College graduate+,0.16952634911363323
201801144442.0,A lot,Was developed intentionally in a lab,Rep/Lean Rep,Moderate,50-64,Some College,0.36972463518470505
201801144449.0,Some,Not sure,Rep/Lean Rep,Very conservative,65+,College graduate+,0.3889894681791227
201801144467.0,None at all,Came about naturally,Dem/Lean Dem,Conservative,65+,College graduate+,0.22748396859865705
201801144500.0,Not much,Was made accidentally in a lab,Rep/Lean Rep,Conservative,18-29,College graduate+,1.9481182560695294
201801144526.0,Not much,Came about naturally,Dem/Lean Dem,Very liberal,50-64,College graduate+,0.23396789123623468
201801144569.0,Not much,Came about naturally,Dem/Lean Dem,Liberal,50-64,College graduate+,0.2071585362363679
201801144579.0,None at all,Came about naturally,Dem/Lean Dem,Liberal,18-29,College graduate+,0.6725070139154015
201801144618.0,Some,Not sure,Dem/Lean Dem,Moderate,18-29,Some College,5.91012824324363
201801144660.0,Some,Came about naturally,Dem/Lean Dem,Liberal,65+,College graduate+,0.28067968514975083
201801144709.0,Not much,Came about naturally,Dem/Lean Dem,Very liberal,30-49,College graduate+,1.042119354572606
201801144720.0,None at all,Came about naturally,Dem/Lean Dem,Liberal,50-64,Some College,0.639448048547818
201801144788.0,A lot,Came about naturally,Dem/Lean Dem,Moderate,30-49,College graduate+,0.2810777711996224
201801144797.0,Some,Came about naturally,Dem/Lean Dem,Liberal,50-64,H.S. graduate or less,1.6394084608042891
201801144844.0,Some,Came about naturally,Dem/Lean Dem,Liberal,18-29,College graduate+,1.0357163071552447
201801144937.0,Not much,Came about naturally,Dem/Lean Dem,Very liberal,30-49,College graduate+,0.716909226004613
201801144944.0,Some,Came about naturally,Dem/Lean Dem,Liberal,30-49,College graduate+,0.7429620077879978
201801145037.0,None at all,Came about naturally,Dem/Lean Dem,Liberal,30-49,College graduate+,0.43306038470855224
201801145066.0,Some,Came about naturally,Dem/Lean Dem,Liberal,18-29,College graduate+,0.6411083318180221
201801145138.0,None at all,Came about naturally,Dem/Lean Dem,Very liberal,50-64,College graduate+,0.2511368135994725
201801145171.0,Some,Came about naturally,Rep/Lean Rep,Moderate,18-29,Some College,6.903418026770809
201801145194.0,Not much,Came about naturally,Dem/Lean Dem,Very liberal,50-64,College graduate+,0.23782448980283571
201801145196.0,None at all,Came about naturally,Dem/Lean Dem,Liberal,65+,College graduate+,0.3631146217736896
201801145256.0,Some,Not sure,Dem/Lean Dem,Moderate,30-49,Some College,0.46392551216380484
201801145285.0,Some,Came about naturally,Dem/Lean Dem,Liberal,30-49,College graduate+,1.4995574908851375
201801145291.0,Some,Was developed intentionally in a lab,Rep/Lean Rep,Conservative,50-64,Some College,0.8162643363776078
201801145347.0,Not much,Came about naturally,Dem/Lean Dem,Liberal,65+,College graduate+,0.16952634911363323
201801145367.0,None at all,Came about naturally,Dem/Lean Dem,Very liberal,65+,College graduate+,0.28067968514975083
201801145384.0,Not much,Came about naturally,Dem/Lean Dem,Liberal,18-29,College graduate+,1.7990405657503719
201801145389.0,Not much,Came about naturally,Dem/Lean Dem,Very liberal,50-64,College graduate+,0.6497631904730444
201801145436.0,None at all,Came about naturally,Rep/Lean Rep,Conservative,65+,College graduate+,1.0356267595331767
201801145458.0,Not much,Not sure,Dem/Lean Dem,Moderate,30-49,College graduate+,0.38916211978867576
201801145466.0,Some,Was developed intentionally in a lab,Dem/Lean Dem,Moderate,18-29,H.S. graduate or less,1.9681556598165202
201801145481.0,Some,Came about naturally,Dem/Lean Dem,Moderate,50-64,College graduate+,0.7429620077879978
201801145557.0,Not much,Not sure,Rep/Lean Rep,Moderate,50-64,Some College,1.0381035229087074
201801145582.0,Some,Came about naturally,Dem/Lean Dem,Moderate,65+,Some College,0.8478493076158408
201801145670.0,Some,Was made accidentally in a lab,Dem/Lean Dem,Liberal,30-49,Some College,0.34334777888040935
201801145696.0,Not much,Came about naturally,Dem/Lean Dem,Liberal,30-49,College graduate+,1.1674362439708543
201801145735.0,Some,Came about naturally,Rep/Lean Rep,Conservative,50-64,College graduate+,0.3770680651345172
201801145791.0,None at all,Came about naturally,Rep/Lean Rep,Conservative,65+,Some College,0.5133480775464817
201801145796.0,None at all,Came about naturally,Rep/Lean Rep,Moderate,30-49,College graduate+,0.5052899155170041
201801145812.0,None at all,Came about naturally,Dem/Lean Dem,Moderate,65+,Some College,0.3262649169600645
201801145815.0,A lot,Came about naturally,Rep/Lean Rep,Moderate,50-64,College graduate+,0.317264943657635
201801145861.0,Some,Came about naturally,Rep/Lean Rep,Moderate,30-49,Some College,0.6650214034224953
201801145932.0,Some,Came about naturally,Dem/Lean Dem,Moderate,65+,Some College,0.3262649169600645
201801145969.0,Not much,Not sure,Dem/Lean Dem,Moderate,30-49,College graduate+,0.2810777711996224
201801145987.0,None at all,Was developed intentionally in a lab,Dem/Lean Dem,Liberal,65+,Some College,0.5641129158775838
201801146168.0,Some,Was developed intentionally in a lab,Rep/Lean Rep,Moderate,65+,H.S. graduate or less,0.950043510258741
201801146204.0,Not much,Not sure,Rep/Lean Rep,Moderate,50-64,College graduate+,0.6199647318361876
201801146226.0,Not much,Not sure,Dem/Lean Dem,Liberal,65+,College graduate+,0.9149533884833876
201801146258.0,Not much,Came about naturally,Dem/Lean Dem,Liberal,18-29,College graduate+,0.3502976747952842
201801146272.0,Some,Came about naturally,Dem/Lean Dem,Moderate,18-29,H.S. graduate or less,3.157267695824883
201801146276.0,Some,Came about naturally,Dem/Lean Dem,Moderate,30-49,College graduate+,0.43306038470855224
201801146395.0,Some,Came about naturally,Rep/Lean Rep,Moderate,50-64,College graduate+,0.22183468968626083
201801146402.0,Some,Came about naturally,Rep/Lean Rep,Very conservative,50-64,Some College,0.36972463518470505
201801146425.0,Some,Came about naturally,Rep/Lean Rep,Conservative,65+,College graduate+,0.22748396859865705
201801146431.0,Some,Came about naturally,Dem/Lean Dem,Very liberal,30-49,College graduate+,0.32127104808653617
201801146651.0,None at all,Not sure,DK/Refused/No lean,Moderate,30-49,H.S. graduate or less,3.234437705805705
201801146661.0,None at all,Not sure,DK/Refused/No lean,Moderate,50-64,Some College,0.32866482350734133
201801146743.0,Some,Came about naturally,Rep/Lean Rep,Moderate,50-64,H.S. graduate or less,2.0504723917299423
201801146851.0,Not much,Not sure,Dem/Lean Dem,Moderate,30-49,College graduate+,0.3471495087894716
201801146853.0,A lot,Was developed intentionally in a lab,Rep/Lean Rep,Conservative,50-64,Some College,0.5560288880000401
201801146904.0,A lot,Was developed intentionally in a lab,Rep/Lean Rep,Conservative,50-64,H.S. graduate or less,1.5318866825906976
201801147025.0,Not much,Came about naturally,Rep/Lean Rep,Conservative,50-64,College graduate+,0.36936685443082573
201801147065.0,Some,Came about naturally,Dem/Lean Dem,Moderate,30-49,H.S. graduate or less,3.5864079061689185
201801147166.0,Some,Was developed intentionally in a lab,Rep/Lean Rep,Conservative,30-49,College graduate+,1.0745282953850213
201801147207.0,Some,Not sure,Dem/Lean Dem,Conservative,50-64,College graduate+,0.6939726277319093
201801147240.0,Some,Came about naturally,Rep/Lean Rep,Conservative,50-64,College graduate+,0.380170380024944
201801147256.0,None at all,Came about naturally,Dem/Lean Dem,Moderate,30-49,College graduate+,0.3111994945422469
201801147269.0,Not much,Was made accidentally in a lab,Rep/Lean Rep,Conservative,18-29,College graduate+,0.9490587999602927
201801147286.0,Some,Came about naturally,Dem/Lean Dem,Liberal,30-49,College graduate+,0.6646330744876657
201801147292.0,Not much,Came about naturally,Rep/Lean Rep,Conservative,65+,H.S. graduate or less,5.376738410560439
201801147325.0,Not much,Was developed intentionally in a lab,Rep/Lean Rep,Conservative,30-49,College graduate+,1.1603493752788807
201801147352.0,Not much,Was developed intentionally in a lab,Dem/Lean Dem,Moderate,65+,H.S. graduate or less,0.9349476995973716
201801147358.0,None at all,Came about naturally,Rep/Lean Rep,Conservative,65+,College graduate+,0.22748396859865705
201801147397.0,Not much,Not sure,Dem/Lean Dem,Moderate,65+,College graduate+,0.22748396859865705
201801147411.0,Not much,Was made accidentally in a lab,Dem/Lean Dem,Moderate,18-29,H.S. graduate or less,6.746906489413124
201801147426.0,Not much,Not sure,Dem/Lean Dem,Liberal,65+,Some College,1.0801815152345056
201801147463.0,Some,Not sure,Rep/Lean Rep,Conservative,50-64,College graduate+,0.317264943657635
201801147493.0,Not much,Was developed intentionally in a lab,Dem/Lean Dem,Moderate,30-49,College graduate+,0.9141624480566856
201801147527.0,Not much,Came about naturally,Dem/Lean Dem,Liberal,18-29,College graduate+,0.5431373050695132
201801147532.0,Not much,Came about naturally,Rep/Lean Rep,Moderate,65+,College graduate+,0.24419348511701788
201801147539.0,Not much,Not sure,Dem/Lean Dem,Moderate,65+,College graduate+,0.3790222868308797
201801147551.0,None at all,Came about naturally,Dem/Lean Dem,Liberal,30-49,College graduate+,0.5325200972531944
201801147567.0,Not much,Was developed intentionally in a lab,Dem/Lean Dem,Moderate,65+,Some College,0.37173644697875863
201801147572.0,None at all,Came about naturally,Dem/Lean Dem,Moderate,50-64,College graduate+,0.17178106716720398
201801147704.0,A lot,Came about naturally,Rep/Lean Rep,Conservative,65+,Some College,0.908028761407938
201801147739.0,Some,Not sure,Rep/Lean Rep,Very conservative,65+,H.S. graduate or less,2.3305678998545267
201801147764.0,Not much,Not sure,Rep/Lean Rep,Conservative,50-64,Some College,0.8641334764779848
201801147801.0,Some,Came about naturally,Dem/Lean Dem,Liberal,30-49,College graduate+,0.28380231851871496
201801147864.0,A lot,Not sure,Dem/Lean Dem,Moderate,50-64,College graduate+,0.39372221398309404
201801147996.0,Some,Was made accidentally in a lab,Rep/Lean Rep,Conservative,65+,Some College,0.908028761407938
201801148011.0,Some,Came about naturally,Dem/Lean Dem,Very liberal,30-49,Some College,0.34334777888040935
201801148031.0,Some,Was developed intentionally in a lab,Rep/Lean Rep,Conservative,30-49,College graduate+,1.3224395974745655
201801148033.0,Some,Came about naturally,Dem/Lean Dem,Moderate,65+,Some College,0.4550438158965828
201801148038.0,Not much,Came about naturally,Dem/Lean Dem,Liberal,30-49,College graduate+,0.2798391035141685
201801148041.0,A lot,Came about naturally,Dem/Lean Dem,Moderate,50-64,College graduate+,0.4479702720005671
201801148076.0,Not much,Not sure,Rep/Lean Rep,Moderate,50-64,College graduate+,0.5179961437773855
201801148100.0,Some,Was developed intentionally in a lab,Dem/Lean Dem,Moderate,50-64,Some College,0.36265643993437113
201801148103.0,Some,Not sure,Rep/Lean Rep,Conservative,50-64,Some College,0.7297198329885695
201801148106.0,Not much,Came about naturally,Rep/Lean Rep,Moderate,65+,Some College,1.2149090516559669
201801148185.0,Not much,Came about naturally,Rep/Lean Rep,Conservative,30-49,Some College,1.8178020251725928
201801148195.0,Some,Was developed intentionally in a lab,Rep/Lean Rep,Conservative,50-64,College graduate+,0.3147847981571407
201801148228.0,Some,Was made accidentally in a lab,Rep/Lean Rep,Conservative,30-49,Some College,1.6199953132144274
201801148364.0,Not much,Not sure,Rep/Lean Rep,Conservative,30-49,College graduate+,1.1603493752788807
201801148386.0,Some,Not sure,Rep/Lean Rep,Conservative,30-49,College graduate+,0.38916211978867576
201801148476.0,A lot,Not sure,Rep/Lean Rep,Very conservative,30-49,College graduate+,0.7478071489817713
201801148615.0,None at all,Not sure,DK/Refused/No lean,Refused,30-49,H.S. graduate or less,6.213815757358914
201801148621.0,Some,Not sure,Rep/Lean Rep,Conservative,65+,Some College,0.575259486340905
201801148647.0,Not much,Came about naturally,Dem/Lean Dem,Very liberal,30-49,College graduate+,1.3519052195132042
201801148662.0,Some,Came about naturally,Dem/Lean Dem,Very liberal,18-29,College graduate+,0.8385541927394977
201801148665.0,A lot,Came about naturally,DK/Refused/No lean,Moderate,18-29,College graduate+,0.6614056498829151
201801148684.0,Some,Came about naturally,Rep/Lean Rep,Conservative,50-64,College graduate+,0.317264943657635
201801148733.0,Some,Came about naturally,Dem/Lean Dem,Liberal,30-49,College graduate+,0.81485298012428
201801148773.0,Not much,Not sure,Dem/Lean Dem,Moderate,50-64,College graduate+,0.4583816007988759
201801148783.0,A lot,Came about naturally,Dem/Lean Dem,Moderate,18-29,Some College,0.42287012549290554
201801148846.0,Not much,Not sure,Rep/Lean Rep,Conservative,65+,College graduate+,0.4382791325939977
201801148918.0,A lot,Came about naturally,Rep/Lean Rep,Moderate,50-64,Some College,0.9811012773816719
201801148928.0,Refused,Not sure,Rep/Lean Rep,Very conservative,65+,College graduate+,0.2547848262475639
201801148930.0,Some,Came about naturally,Dem/Lean Dem,Liberal,30-49,College graduate+,0.28956493189991084
201801148960.0,Not much,Not sure,Dem/Lean Dem,Moderate,18-29,Some College,5.888411570938069
201801149020.0,Some,Was made accidentally in a lab,Rep/Lean Rep,Very conservative,65+,Some College,0.8609746214236171
201801149023.0,Some,Was developed intentionally in a lab,Dem/Lean Dem,Liberal,65+,Some College,0.35892685356658605
201801149143.0,Not much,Was made accidentally in a lab,Rep/Lean Rep,Conservative,50-64,College graduate+,1.1805806152909564
201801149167.0,Some,Was developed intentionally in a lab,DK/Refused/No lean,Refused,18-29,H.S. graduate or less,6.38193191584751
201801149188.0,Some,Doesn’t really exist,Dem/Lean Dem,Moderate,30-49,College graduate+,0.40224114742049477
201801149199.0,Some,Came about naturally,Rep/Lean Rep,Conservative,30-49,College graduate+,0.5052899155170041
201801149200.0,Some,Was developed intentionally in a lab,Rep/Lean Rep,Very conservative,30-49,H.S. graduate or less,1.4591843289777324
201801149204.0,Not much,Not sure,Rep/Lean Rep,Moderate,50-64,College graduate+,0.2710896352296035
201801149273.0,None at all,Came about naturally,Dem/Lean Dem,Moderate,30-49,College graduate+,0.2066848499836244
201801149303.0,None at all,Was developed intentionally in a lab,Rep/Lean Rep,Moderate,65+,Some College,0.908028761407938
201801149311.0,Some,Not sure,Rep/Lean Rep,Conservative,30-49,Some College,0.6698218590489466
201801149390.0,Some,Came about naturally,Rep/Lean Rep,Conservative,30-49,College graduate+,0.43512759902138115
201801149467.0,Some,Not sure,Rep/Lean Rep,Very conservative,65+,Some College,1.3764313898138845
201801149496.0,Some,Not sure,Rep/Lean Rep,Conservative,30-49,Some College,1.276352523116428
201801149552.0,Not much,Came about naturally,Dem/Lean Dem,Moderate,50-64,College graduate+,0.4402761042842609
201801149559.0,Not much,Came about naturally,Rep/Lean Rep,Moderate,65+,College graduate+,0.24276362999014295
201801149580.0,Some,Not sure,Rep/Lean Rep,Moderate,30-49,Some College,0.592058595272731
201801149581.0,Some,Not sure,Rep/Lean Rep,Moderate,50-64,College graduate+,0.5805143085338328
201801149610.0,Not much,Came about naturally,Dem/Lean Dem,Moderate,30-49,College graduate+,0.43306038470855224
201801149616.0,A lot,Came about naturally,Rep/Lean Rep,Refused,50-64,College graduate+,0.22183468968626083
201801149630.0,Some,Was developed intentionally in a lab,DK/Refused/No lean,Moderate,65+,H.S. graduate or less,3.0990480052334455
201801149688.0,Some,Came about naturally,Dem/Lean Dem,Moderate,50-64,Some College,0.5936854627429907
201801149691.0,Not much,Came about naturally,Dem/Lean Dem,Liberal,30-49,Some College,1.1144658119483115
201801149708.0,A lot,Not sure,Rep/Lean Rep,Very conservative,50-64,Some College,0.9235033507368926
201801149780.0,Some,Not sure,Rep/Lean Rep,Refused,65+,H.S. graduate or less,1.853728290985366
201801149796.0,Some,Was developed intentionally in a lab,Rep/Lean Rep,Very conservative,50-64,College graduate+,0.23078620749798037
201801149881.0,Not much,Came about naturally,Dem/Lean Dem,Moderate,30-49,College graduate+,0.39372221398309404
201801149928.0,None at all,Was developed intentionally in a lab,DK/Refused/No lean,Moderate,65+,Some College,1.0801815152345056
201801149935.0,A lot,Came about naturally,Dem/Lean Dem,Very liberal,30-49,College graduate+,0.9141624480566856
201801149954.0,Some,Came about naturally,Dem/Lean Dem,Liberal,65+,Some College,0.754905525400222
201801149970.0,None at all,Came about naturally,Dem/Lean Dem,Moderate,50-64,College graduate+,0.28251322956727914
201801150001.0,A lot,Was developed intentionally in a lab,Rep/Lean Rep,Very conservative,65+,Some College,0.7665325256192568
201801150074.0,None at all,Was made accidentally in a lab,Dem/Lean Dem,Liberal,65+,College graduate+,0.5096297870859479
201801150088.0,Some,Not sure,Rep/Lean Rep,Conservative,65+,College graduate+,0.575242611489201
201801150144.0,Not much,Came about naturally,Rep/Lean Rep,Conservative,50-64,College graduate+,0.317264943657635
201801150222.0,Some,Not sure,Dem/Lean Dem,Moderate,50-64,College graduate+,0.32127104808653617
201801150277.0,A lot,Came about naturally,Dem/Lean Dem,Liberal,30-49,Some College,0.34334777888040935
201801150324.0,Not much,Came about naturally,Rep/Lean Rep,Conservative,65+,Some College,0.5133480775464817
201801150341.0,Some,Not sure,Rep/Lean Rep,Moderate,30-49,Some College,0.5859181553113543
201801150530.0,Some,Was developed intentionally in a lab,Rep/Lean Rep,Conservative,30-49,College graduate+,0.48838265962000493
201801150534.0,Some,Not sure,Rep/Lean Rep,Moderate,30-49,Some College,1.424553182506527
201801150540.0,A lot,Was developed intentionally in a lab,Rep/Lean Rep,Conservative,65+,College graduate+,0.2547848262475639
201801150554.0,None at all,Not sure,Dem/Lean Dem,Moderate,65+,H.S. graduate or less,1.5840329905034913
201801150614.0,None at all,Came about naturally,Dem/Lean Dem,Liberal,50-64,College graduate+,0.4583816007988759
201801150723.0,None at all,Came about naturally,Dem/Lean Dem,Liberal,50-64,College graduate+,0.2071585362363679
201801150743.0,Some,Was developed intentionally in a lab,Dem/Lean Dem,Very liberal,30-49,H.S. graduate or less,4.610000697194773
201801150777.0,Not much,Came about naturally,Dem/Lean Dem,Liberal,65+,College graduate+,0.6413499780877429
201801150799.0,Some,Was developed intentionally in a lab,Dem/Lean Dem,Moderate,30-49,H.S. graduate or less,1.0080915894817246
201801150805.0,A lot,Was developed intentionally in a lab,Rep/Lean Rep,Conservative,65+,Some College,0.4328651419033417
201801150834.0,Some,Came about naturally,Dem/Lean Dem,Liberal,30-49,College graduate+,0.32273937982036643
201801150850.0,Not much,Not sure,Rep/Lean Rep,Very conservative,65+,College graduate+,0.42868148095376146
201801150851.0,None at all,Not sure,Dem/Lean Dem,Moderate,30-49,College graduate+,0.7459847177093418
201801150873.0,Refused,Came about naturally,Rep/Lean Rep,Conservative,30-49,College graduate+,0.5470871760054028
201801150898.0,A lot,Came about naturally,Rep/Lean Rep,Very conservative,30-49,Some College,0.6355416450590479
201801150939.0,Not much,Not sure,Rep/Lean Rep,Moderate,65+,Some College,0.575259486340905
201801151003.0,Some,Came about naturally,Rep/Lean Rep,Conservative,50-64,College graduate+,0.2585335737324687
201801151012.0,Some,Was developed intentionally in a lab,Dem/Lean Dem,Moderate,50-64,College graduate+,0.38777637483749106
201801151067.0,Some,Came about naturally,Rep/Lean Rep,Conservative,65+,College graduate+,0.22748396859865705
201801151084.0,Some,Was developed intentionally in a lab,Rep/Lean Rep,Conservative,18-29,College graduate+,0.8385541927394977
201801151111.0,Some,Came about naturally,Rep/Lean Rep,Moderate,30-49,College graduate+,2.998503422705845
201801151120.0,None at all,Came about naturally,Dem/Lean Dem,Moderate,65+,College graduate+,0.3889894681791227
201801151121.0,Some,Was developed intentionally in a lab,Rep/Lean Rep,Conservative,50-64,Some College,0.39327438242366014
201801151154.0,Some,Came about naturally,Rep/Lean Rep,Moderate,50-64,College graduate+,0.22183468968626083
201801151178.0,None at all,Came about naturally,Dem/Lean Dem,Very liberal,18-29,Some College,1.2254207957246006
201801151181.0,Some,Came about naturally,Dem/Lean Dem,Moderate,30-49,College graduate+,0.4546122231385924
201801151205.0,Some,Was developed intentionally in a lab,Rep/Lean Rep,Conservative,18-29,College graduate+,1.279439606374768
201801151212.0,Some,Came about naturally,Dem/Lean Dem,Conservative,65+,College graduate+,0.9149533884833876
201801151219.0,A lot,Was made accidentally in a lab,Rep/Lean Rep,Conservative,65+,College graduate+,0.2547848262475639
201801151268.0,None at all,Came about naturally,Dem/Lean Dem,Refused,30-49,College graduate+,1.1674362439708543
201801151281.0,Not much,Came about naturally,Dem/Lean Dem,Moderate,65+,College graduate+,0.22748396859865705
201801151301.0,Some,Came about naturally,Dem/Lean Dem,Liberal,30-49,College graduate+,0.6411083318180221
201801151313.0,A lot,Was developed intentionally in a lab,Rep/Lean Rep,Moderate,30-49,Some College,0.8222884982986902
201801151376.0,Not much,Not sure,Rep/Lean Rep,Conservative,50-64,College graduate+,0.3147847981571407
201801151447.0,Not much,Not sure,Dem/Lean Dem,Moderate,65+,H.S. graduate or less,1.5840329905034913
201801151470.0,A lot,Not sure,Dem/Lean Dem,Liberal,65+,Some College,0.3262649169600645
201801151499.0,Some,Came about naturally,Dem/Lean Dem,Moderate,50-64,College graduate+,1.062980061414255
201801151530.0,Not much,Was developed intentionally in a lab,Rep/Lean Rep,Moderate,30-49,Some College,3.172427993899287
201801151561.0,A lot,Not sure,Rep/Lean Rep,Conservative,50-64,Some College,0.9170947737879903
201801151574.0,None at all,Not sure,Rep/Lean Rep,Conservative,65+,College graduate+,1.1646273795174495
201801151662.0,Some,Came about naturally,Dem/Lean Dem,Moderate,30-49,College graduate+,0.3471495087894716
201801151666.0,None at all,Was developed intentionally in a lab,Rep/Lean Rep,Moderate,30-49,Some College,3.207042431330185
201801151687.0,None at all,Came about naturally,Rep/Lean Rep,Moderate,50-64,Some College,0.6216846399863039
201801151801.0,Some,Came about naturally,Dem/Lean Dem,Very liberal,30-49,College graduate+,0.28330752853283125
201801151824.0,A lot,Not sure,Rep/Lean Rep,Moderate,50-64,College graduate+,0.43730745252361874
201801151839.0,Some,Was developed intentionally in a lab,Rep/Lean Rep,Very conservative,30-49,Some College,1.5394823515954972
201801151843.0,Not much,Not sure,Dem/Lean Dem,Moderate,65+,Some College,0.7356999594242559
201801151852.0,Not much,Was developed intentionally in a lab,Rep/Lean Rep,Conservative,50-64,H.S. graduate or less,0.7302318265900904
201801151854.0,Some,Came about naturally,Rep/Lean Rep,Moderate,65+,College graduate+,0.2228900847276511
201801151900.0,A lot,Not sure,Dem/Lean Dem,Liberal,18-29,College graduate+,0.5234933969946561
201801151935.0,A lot,Not sure,Rep/Lean Rep,Moderate,30-49,Some College,0.5283179923594749
201801152012.0,A lot,Came about naturally,Dem/Lean Dem,Very liberal,18-29,Some College,2.099811303386269
201801152117.0,Some,Came about naturally,Rep/Lean Rep,Conservative,50-64,College graduate+,0.3102954082448866
201801152181.0,Not much,Came about naturally,Dem/Lean Dem,Liberal,50-64,College graduate+,0.36032953440962434
201801152266.0,Some,Was developed intentionally in a lab,Rep/Lean Rep,Liberal,30-49,Some College,0.5283179923594749
201801152285.0,Not much,Came about naturally,Rep/Lean Rep,Conservative,65+,College graduate+,1.008594869048371
201801152382.0,Some,Came about naturally,Dem/Lean Dem,Moderate,18-29,Some College,1.7177590003870802
201801152401.0,Some,Came about naturally,Rep/Lean Rep,Conservative,30-49,College graduate+,0.43730745252361874
201801152450.0,Some,Not sure,Rep/Lean Rep,Conservative,30-49,H.S. graduate or less,1.4201745214322814
201801152701.0,Some,Was developed intentionally in a lab,Dem/Lean Dem,Liberal,30-49,Some College,0.3357649151793398
201801152746.0,Some,Was made accidentally in a lab,Rep/Lean Rep,Conservative,30-49,Some College,0.4843338704683956
201801152767.0,Some,Not sure,Rep/Lean Rep,Conservative,30-49,H.S. graduate or less,0.7137944212009235
201801152812.0,Not much,Not sure,DK/Refused/No lean,Moderate,65+,College graduate+,0.49712288330504906
201801152828.0,Some,Was developed intentionally in a lab,Rep/Lean Rep,Very conservative,50-64,H.S. graduate or less,1.2688321938275844
201801152898.0,Not much,Came about naturally,Rep/Lean Rep,Moderate,18-29,Some College,1.3193505827450236
201801152901.0,Not much,Was developed intentionally in a lab,Dem/Lean Dem,Liberal,18-29,College graduate+,3.175813139216809
201801153001.0,Some,Was developed intentionally in a lab,Dem/Lean Dem,Moderate,30-49,H.S. graduate or less,1.9547117844297401
201801153007.0,Some,Came about naturally,Rep/Lean Rep,Very conservative,65+,College graduate+,0.24960377457431507
201801153031.0,Some,Was developed intentionally in a lab,Dem/Lean Dem,Moderate,30-49,College graduate+,0.230468446528519
201801153062.0,Some,Came about naturally,Rep/Lean Rep,Moderate,30-49,College graduate+,0.7382877370202725
201801153142.0,Some,Came about naturally,Dem/Lean Dem,Moderate,65+,College graduate+,0.22140366395124494
201801153161.0,Not much,Was developed intentionally in a lab,DK/Refused/No lean,Moderate,50-64,Some College,0.34234695065832116
201801153187.0,Not much,Came about naturally,Dem/Lean Dem,Moderate,50-64,H.S. graduate or less,2.0841810624291925
201801153196.0,Some,Came about naturally,Dem/Lean Dem,Very liberal,30-49,College graduate+,0.6478401858027472
201801153243.0,Some,Came about naturally,Dem/Lean Dem,Moderate,65+,College graduate+,0.2541918555187609
201801153273.0,A lot,Not sure,Rep/Lean Rep,Very conservative,65+,College graduate+,0.24960377457431507
201801153304.0,None at all,Came about naturally,Rep/Lean Rep,Conservative,65+,College graduate+,0.561078032636311
201801153311.0,Not much,Not sure,Rep/Lean Rep,Moderate,50-64,H.S. graduate or less,7.487621221765812
201801153331.0,Some,Was made accidentally in a lab,Dem/Lean Dem,Moderate,30-49,College graduate+,0.43730745252361874
201801153349.0,Some,Came about naturally,Rep/Lean Rep,Moderate,30-49,H.S. graduate or less,0.8526244297659678
201801153428.0,Some,Came about naturally,Dem/Lean Dem,Moderate,30-49,College graduate+,0.4921817942421262
201801153470.0,Not much,Came about naturally,Dem/Lean Dem,Liberal,50-64,Some College,0.39280648572927046
201801153485.0,Not much,Not sure,Rep/Lean Rep,Very conservative,65+,Some College,0.5128964632978182
201801153586.0,Some,Came about naturally,Dem/Lean Dem,Moderate,65+,Some College,0.319101043048415
201801153631.0,Not much,Not sure,Dem/Lean Dem,Moderate,50-64,College graduate+,0.724054467760679
201801153637.0,A lot,Came about naturally,Rep/Lean Rep,Very conservative,50-64,College graduate+,0.25324416642659153
201801153646.0,Not much,Not sure,Rep/Lean Rep,Moderate,30-49,H.S. graduate or less,1.6848906387436429
201801153651.0,Some,Was developed intentionally in a lab,Rep/Lean Rep,Conservative,30-49,College graduate+,1.1720302000931735
201801153699.0,None at all,Came about naturally,Dem/Lean Dem,Liberal,30-49,College graduate+,0.30446087487465623
201801153749.0,None at all,Was developed intentionally in a lab,Rep/Lean Rep,Moderate,30-49,College graduate+,0.43730745252361874
201801153762.0,None at all,Came about naturally,Rep/Lean Rep,Moderate,50-64,College graduate+,0.22609697056393155
201801153828.0,Not much,Came about naturally,Dem/Lean Dem,Liberal,30-49,College graduate+,0.2751798570797386
201801153845.0,Some,Doesn’t really exist,Dem/Lean Dem,Moderate,30-49,Some College,0.5238903056203935
201801153920.0,None at all,Came about naturally,Rep/Lean Rep,Moderate,30-49,College graduate+,0.8904173234304539
201801153965.0,Some,Came about naturally,Rep/Lean Rep,Conservative,50-64,College graduate+,0.25324416642659153
201801154057.0,None at all,Was developed intentionally in a lab,Rep/Lean Rep,Conservative,65+,College graduate+,1.4054453931384514
201801154159.0,A lot,Was developed intentionally in a lab,Dem/Lean Dem,Conservative,30-49,Some College,0.6768994259191763
201801154171.0,None at all,Came about naturally,Rep/Lean Rep,Conservative,65+,Some College,0.5791428258595545
201801154214.0,None at all,Not sure,Dem/Lean Dem,Moderate,65+,H.S. graduate or less,0.7517458421470514
201801154215.0,Some,Came about naturally,Dem/Lean Dem,Liberal,50-64,College graduate+,0.2310810495763379
201801154253.0,None at all,Was developed intentionally in a lab,Rep/Lean Rep,Conservative,50-64,Some College,0.36922901833667676
201801154320.0,Not much,Came about naturally,Dem/Lean Dem,Liberal,30-49,Some College,1.9482010646480132
201801154339.0,Not much,Not sure,Rep/Lean Rep,Conservative,50-64,College graduate+,0.22609697056393155
201801154385.0,Not much,Was developed intentionally in a lab,Dem/Lean Dem,Liberal,65+,College graduate+,0.2228900847276511
201801154412.0,Some,Not sure,DK/Refused/No lean,Moderate,30-49,Some College,2.449731248702513
201801154475.0,None at all,Came about naturally,Rep/Lean Rep,Very conservative,30-49,College graduate+,0.5699897433746057
201801154608.0,A lot,Not sure,Rep/Lean Rep,Very conservative,50-64,Some College,1.310638338371165
201801154609.0,Not much,Was made accidentally in a lab,Dem/Lean Dem,Moderate,18-29,College graduate+,0.7175318133678394
201801154667.0,Not much,Came about naturally,Rep/Lean Rep,Conservative,30-49,College graduate+,0.7209835244243992
201801154702.0,Not much,Came about naturally,Dem/Lean Dem,Liberal,65+,College graduate+,0.27472252543231557
201801154724.0,Some,Came about naturally,Dem/Lean Dem,Liberal,18-29,College graduate+,0.2923250122335258
201801154731.0,Some,Was developed intentionally in a lab,Rep/Lean Rep,Moderate,65+,H.S. graduate or less,2.227363980183724
201801154733.0,Some,Came about naturally,Dem/Lean Dem,Moderate,30-49,College graduate+,0.28330752853283125
201801154746.0,Not much,Came about naturally,Rep/Lean Rep,Moderate,30-49,College graduate+,0.4049142550073311
201801154754.0,A lot,Came about naturally,Rep/Lean Rep,Very conservative,50-64,Some College,0.5466726303848976
201801154810.0,A lot,Not sure,Dem/Lean Dem,Moderate,30-49,Some College,0.2840284281765804
201801154866.0,None at all,Not sure,Rep/Lean Rep,Conservative,50-64,H.S. graduate or less,1.000516378437501
201801154918.0,Not much,Came about naturally,Dem/Lean Dem,Very liberal,18-29,College graduate+,0.2751798570797386
201801154997.0,Some,Was developed intentionally in a lab,Rep/Lean Rep,Moderate,18-29,College graduate+,0.7291140261140074
201801155064.0,Not much,Came about naturally,Rep/Lean Rep,Very conservative,30-49,Some College,0.7592366417250932
201801155103.0,Some,Was made accidentally in a lab,Dem/Lean Dem,Liberal,30-49,College graduate+,0.633411034135302
201801155181.0,Some,Came about naturally,Dem/Lean Dem,Moderate,65+,College graduate+,0.16658774135557186
201801155232.0,Some,Was developed intentionally in a lab,Rep/Lean Rep,Moderate,30-49,Some College,2.6408537774995002
201801155235.0,Not much,Came about naturally,Dem/Lean Dem,Liberal,50-64,Some College,1.305777736121926
201801155356.0,None at all,Came about naturally,Rep/Lean Rep,Conservative,65+,H.S. graduate or less,2.928743948406112
201801155358.0,None at all,Came about naturally,Dem/Lean Dem,Moderate,65+,Some College,0.3664627353145702
201801155368.0,Some,Was developed intentionally in a lab,Rep/Lean Rep,Very conservative,65+,College graduate+,0.24419348511701788
201801155374.0,A lot,Came about naturally,Rep/Lean Rep,Moderate,30-49,Some College,1.8208371958585399
201801155519.0,A lot,Came about naturally,Rep/Lean Rep,Conservative,50-64,College graduate+,1.0264178344167643
201801155588.0,A lot,Came about naturally,Rep/Lean Rep,Very conservative,50-64,College graduate+,0.3102954082448866
201801155599.0,A lot,Came about naturally,Dem/Lean Dem,Liberal,65+,College graduate+,0.27472252543231557
201801155641.0,Not much,Not sure,Dem/Lean Dem,Conservative,65+,College graduate+,0.31464766480580686
201801155650.0,Not much,Came about naturally,Dem/Lean Dem,Moderate,30-49,College graduate+,1.3229033783191992
201801155654.0,None at all,Came about naturally,Dem/Lean Dem,Moderate,65+,College graduate+,0.16658774135557186
201801155739.0,None at all,Not sure,Rep/Lean Rep,Moderate,30-49,College graduate+,2.940135492982252
201801155746.0,Not much,Came about naturally,Rep/Lean Rep,Conservative,50-64,College graduate+,0.22609697056393155
201801155874.0,Not much,Came about naturally,Rep/Lean Rep,Very conservative,50-64,Some College,1.1110270430172904
201801155899.0,Not much,Was developed intentionally in a lab,Rep/Lean Rep,Conservative,50-64,H.S. graduate or less,4.001691399638918
201801155909.0,Some,Was developed intentionally in a lab,Dem/Lean Dem,Liberal,18-29,Some College,0.9653672239999761
201801156026.0,Some,Was developed intentionally in a lab,Rep/Lean Rep,Liberal,30-49,Some College,0.9304223129805705
201801156072.0,None at all,Came about naturally,Dem/Lean Dem,Very liberal,30-49,College graduate+,0.7512204473138162
201801156141.0,None at all,Came about naturally,Rep/Lean Rep,Moderate,50-64,Some College,1.1442721738578914
201801156169.0,Not much,Was developed intentionally in a lab,Rep/Lean Rep,Very conservative,30-49,Some College,1.7887410078580028
201801156312.0,Not much,Came about naturally,Rep/Lean Rep,Conservative,30-49,Some College,1.2583642828873354
201801156332.0,Some,Came about naturally,Dem/Lean Dem,Liberal,30-49,Some College,1.1109533106050542
201801156349.0,Some,Came about naturally,Dem/Lean Dem,Moderate,18-29,Some College,3.2947442088699654
201801156371.0,Some,Was developed intentionally in a lab,Rep/Lean Rep,Conservative,50-64,College graduate+,0.3845194120995435
201801156397.0,Not much,Came about naturally,Dem/Lean Dem,Liberal,30-49,College graduate+,0.3845240044482087
201801156414.0,Some,Not sure,Dem/Lean Dem,Moderate,50-64,College graduate+,0.6178059572526521
201801156569.0,Some,Came about naturally,DK/Refused/No lean,Moderate,30-49,Some College,0.9089698211208473
201801156575.0,Not much,Not sure,Dem/Lean Dem,Very liberal,50-64,College graduate+,0.44732242553576856
201801156616.0,None at all,Not sure,Rep/Lean Rep,Moderate,50-64,Some College,0.8418635952670893
201801156656.0,Some,Not sure,Rep/Lean Rep,Moderate,30-49,Some College,1.5712467102289942
201801156754.0,A lot,Not sure,Rep/Lean Rep,Very conservative,50-64,Some College,0.7594275298439584
201801156792.0,A lot,Was developed intentionally in a lab,Rep/Lean Rep,Very conservative,50-64,College graduate+,1.0222931702598899
201801156825.0,None at all,Came about naturally,Dem/Lean Dem,Moderate,50-64,College graduate+,0.4715282520377383
201801156839.0,None at all,Came about naturally,Dem/Lean Dem,Moderate,65+,College graduate+,0.2228900847276511
201801156873.0,Not much,Came about naturally,Rep/Lean Rep,Moderate,30-49,College graduate+,0.39277896836882886
201801156884.0,Refused,Refused,Rep/Lean Rep,Conservative,30-49,College graduate+,1.9806074202157071
201801156889.0,None at all,Came about naturally,Dem/Lean Dem,Liberal,50-64,College graduate+,0.20313757190989004
201801156891.0,Not much,Came about naturally,Rep/Lean Rep,Conservative,50-64,College graduate+,0.25324416642659153
201801156893.0,Not much,Not sure,Dem/Lean Dem,Very liberal,65+,College graduate+,0.89111140840927
201801156934.0,Not much,Came about naturally,Rep/Lean Rep,Very conservative,50-64,Some College,0.8418635952670893
201801156954.0,Not much,Doesn’t really exist,Dem/Lean Dem,Moderate,65+,H.S. graduate or less,0.6389160479491697
201801156957.0,Not much,Was made accidentally in a lab,Rep/Lean Rep,Moderate,50-64,Some College,1.4679656998198676
201801156961.0,Not much,Was developed intentionally in a lab,Rep/Lean Rep,Moderate,30-49,H.S. graduate or less,2.440311522044485
201801157003.0,Some,Came about naturally,Rep/Lean Rep,Conservative,50-64,College graduate+,0.22609697056393155
201801157004.0,Not much,Was made accidentally in a lab,Dem/Lean Dem,Moderate,30-49,College graduate+,0.6764628907550827
201801157084.0,Some,Came about naturally,Dem/Lean Dem,Refused,65+,Some College,0.7356999594242559
201801157139.0,Not much,Not sure,Rep/Lean Rep,Conservative,65+,College graduate+,0.6910828696298768
201801157373.0,Some,Came about naturally,Dem/Lean Dem,Liberal,50-64,College graduate+,0.16877671577660544
201801157445.0,None at all,Came about naturally,Dem/Lean Dem,Liberal,30-49,College graduate+,0.8771282502615763
201801157451.0,Some,Came about naturally,Dem/Lean Dem,Moderate,65+,Some College,0.24445445253421863
201801157465.0,A lot,Doesn’t really exist,Dem/Lean Dem,Moderate,30-49,Some College,0.8874049633752709
201801157488.0,Not much,Came about naturally,Rep/Lean Rep,Conservative,18-29,H.S. graduate or less,1.633038507331268
201801157504.0,Not much,Came about naturally,Dem/Lean Dem,Moderate,50-64,College graduate+,0.16877671577660544
201801157606.0,Not much,Came about naturally,Dem/Lean Dem,Moderate,30-49,College graduate+,0.28330752853283125
201801157780.0,Some,Came about naturally,Dem/Lean Dem,Liberal,50-64,College graduate+,0.41490203693262157
201801157802.0,Not much,Came about naturally,Dem/Lean Dem,Liberal,30-49,College graduate+,0.5048614120478413
201801157815.0,A lot,Was developed intentionally in a lab,Rep/Lean Rep,Conservative,65+,Some College,0.7819014839104875
201801157839.0,Some,Came about naturally,Rep/Lean Rep,Conservative,30-49,College graduate+,0.4425879654097782
201801157885.0,Not much,Not sure,Rep/Lean Rep,Moderate,30-49,H.S. graduate or less,2.02045199011931
201801157934.0,Not much,Not sure,Rep/Lean Rep,Very conservative,50-64,College graduate+,0.25324416642659153
201801158104.0,Not much,Came about naturally,Rep/Lean Rep,Conservative,65+,College graduate+,0.2851940982958219
201801158236.0,None at all,Was developed intentionally in a lab,Rep/Lean Rep,Moderate,30-49,Some College,0.3249536591676586
201801158278.0,Some,Was made accidentally in a lab,Rep/Lean Rep,Conservative,65+,H.S. graduate or less,1.047177274393529
201801158338.0,Some,Was developed intentionally in a lab,Rep/Lean Rep,Conservative,65+,Some College,0.884522665575274
201801158375.0,Not much,Came about naturally,Dem/Lean Dem,Liberal,30-49,College graduate+,0.6478401858027472
201801158493.0,Not much,Came about naturally,Rep/Lean Rep,Moderate,18-29,Some College,0.9847869154089509
201801158519.0,Some,Was developed intentionally in a lab,Rep/Lean Rep,Conservative,65+,H.S. graduate or less,2.570710827037535
201801158599.0,None at all,Came about naturally,Dem/Lean Dem,Very liberal,50-64,College graduate+,0.44732242553576856
201801158634.0,Not much,Came about naturally,Rep/Lean Rep,Conservative,65+,College graduate+,0.561078032636311
201801158713.0,Some,Came about naturally,Dem/Lean Dem,Very liberal,65+,College graduate+,0.6450441730857135
201801158736.0,Some,Came about naturally,Dem/Lean Dem,Liberal,30-49,College graduate+,0.633411034135302
201801158816.0,Some,Not sure,Rep/Lean Rep,Very conservative,65+,Some College,0.884522665575274
201801158874.0,Some,Came about naturally,Rep/Lean Rep,Conservative,30-49,College graduate+,1.0078609602169846
201801159011.0,Not much,Came about naturally,Rep/Lean Rep,Conservative,65+,College graduate+,0.37995031658406214
201801159040.0,Not much,Not sure,Rep/Lean Rep,Conservative,65+,H.S. graduate or less,2.5261792149779696
201801159159.0,Not much,Was developed intentionally in a lab,Rep/Lean Rep,Very conservative,50-64,College graduate+,0.604317336632056
201801159189.0,None at all,Came about naturally,Dem/Lean Dem,Moderate,65+,Some College,0.44421746604418666
201801159213.0,None at all,Came about naturally,Rep/Lean Rep,Very conservative,50-64,College graduate+,0.3102954082448866
201801159236.0,A lot,Came about naturally,Dem/Lean Dem,Moderate,30-49,Some College,4.2734737081312035
201801159269.0,A lot,Came about naturally,Rep/Lean Rep,Conservative,18-29,College graduate+,0.6241644451118102
201801159279.0,Some,Came about naturally,Dem/Lean Dem,Liberal,30-49,College graduate+,0.5529314539950742
201801159294.0,Not much,Was developed intentionally in a lab,Dem/Lean Dem,Liberal,30-49,Some College,0.3249536591676586
201801159302.0,None at all,Was developed intentionally in a lab,Rep/Lean Rep,Moderate,50-64,Some College,1.7942131715217173
201801159478.0,None at all,Not sure,Rep/Lean Rep,Conservative,65+,Some College,0.44421746604418666
201801159490.0,None at all,Came about naturally,Rep/Lean Rep,Conservative,30-49,Some College,2.209300179385158
201801159546.0,None at all,Not sure,Dem/Lean Dem,Very conservative,30-49,H.S. graduate or less,2.008970197559272
201801159582.0,Not much,Refused,Rep/Lean Rep,Conservative,65+,College graduate+,0.561078032636311
201801159589.0,A lot,Came about naturally,Dem/Lean Dem,Very liberal,30-49,College graduate+,0.28330752853283125
201801159670.0,A lot,Was made accidentally in a lab,Rep/Lean Rep,Very conservative,30-49,H.S. graduate or less,0.8451440889029284
201801159671.0,Not much,Came about naturally,Rep/Lean Rep,Conservative,50-64,College graduate+,0.9837307916927464
201801159703.0,Some,Came about naturally,Dem/Lean Dem,Very liberal,50-64,College graduate+,0.16877671577660544
201801159708.0,Not much,Came about naturally,Dem/Lean Dem,Moderate,65+,College graduate+,1.4054453931384514
201801159716.0,Some,Was developed intentionally in a lab,Rep/Lean Rep,Conservative,18-29,College graduate+,1.762862024619175
201801159755.0,None at all,Came about naturally,Dem/Lean Dem,Liberal,30-49,College graduate+,0.6157933677461086
201801159857.0,Not much,Came about naturally,Dem/Lean Dem,Very liberal,50-64,College graduate+,0.314211276057715
201801160082.0,Not much,Not sure,Dem/Lean Dem,Liberal,30-49,College graduate+,0.462642618214059
201801160141.0,None at all,Not sure,DK/Refused/No lean,Moderate,65+,H.S. graduate or less,2.2666759986802476
201801160226.0,Some,Was made accidentally in a lab,Rep/Lean Rep,Conservative,30-49,College graduate+,0.4425879654097782
201801160405.0,None at all,Came about naturally,Dem/Lean Dem,Liberal,65+,College graduate+,0.27472252543231557
201801160415.0,Some,Not sure,Rep/Lean Rep,Moderate,65+,H.S. graduate or less,1.0307855536974793
201801160489.0,Some,Refused,Rep/Lean Rep,Very conservative,65+,Some College,0.32227800335190165
201801160540.0,Not much,Came about naturally,Dem/Lean Dem,Very liberal,50-64,College graduate+,0.3551661769493011
201801160609.0,Some,Was developed intentionally in a lab,Rep/Lean Rep,Conservative,30-49,College graduate+,0.9879368024541728
201801160621.0,None at all,Not sure,Dem/Lean Dem,Conservative,30-49,H.S. graduate or less,3.673140500411221
201801160629.0,A lot,Was developed intentionally in a lab,Rep/Lean Rep,Very conservative,30-49,H.S. graduate or less,3.510110675948711
201801160686.0,A lot,Was developed intentionally in a lab,Rep/Lean Rep,Conservative,50-64,College graduate+,0.4833022856262277
201801160694.0,A lot,Not sure,Dem/Lean Dem,Moderate,65+,College graduate+,0.864372560850861
201801160720.0,Some,Not sure,Rep/Lean Rep,Moderate,65+,College graduate+,0.2541918555187609
201801160749.0,Some,Was developed intentionally in a lab,Rep/Lean Rep,Very conservative,65+,College graduate+,0.24960377457431507
201801160843.0,Some,Not sure,Rep/Lean Rep,Conservative,50-64,College graduate+,0.7146041181199958
201801160848.0,None at all,Came about naturally,Dem/Lean Dem,Moderate,65+,College graduate+,0.38550854532836265
201801160849.0,Not much,Was developed intentionally in a lab,Rep/Lean Rep,Conservative,18-29,Some College,2.413640079794534
201801160970.0,Some,Was developed intentionally in a lab,Rep/Lean Rep,Very conservative,65+,Some College,0.7819014839104875
201801161092.0,Not much,Was developed intentionally in a lab,Dem/Lean Dem,Moderate,30-49,College graduate+,0.9826081987560097
201801161127.0,None at all,Not sure,Rep/Lean Rep,Very conservative,65+,Some College,1.1910849790118874
201801161178.0,Not much,Was developed intentionally in a lab,Rep/Lean Rep,Conservative,65+,College graduate+,0.24960377457431507
201801161245.0,Not much,Was developed intentionally in a lab,Dem/Lean Dem,Moderate,30-49,Some College,1.6748231310459423
201801161360.0,Some,Came about naturally,Dem/Lean Dem,Moderate,30-49,Some College,0.4017774027960507
201801161367.0,Not much,Came about naturally,Dem/Lean Dem,Liberal,30-49,College graduate+,0.7329038801023382
201801161385.0,A lot,Not sure,Rep/Lean Rep,Very conservative,65+,Some College,1.1910849790118874
201801161390.0,Some,Was developed intentionally in a lab,Rep/Lean Rep,Conservative,65+,H.S. graduate or less,2.570710827037535
201801161433.0,Some,Came about naturally,Rep/Lean Rep,Conservative,50-64,College graduate+,1.0962112438495446
201801161471.0,Some,Came about naturally,Rep/Lean Rep,Conservative,50-64,Some College,0.8305243609629369
201801161481.0,A lot,Not sure,Dem/Lean Dem,Moderate,30-49,Some College,0.9963190596793928
201801161497.0,Some,Was developed intentionally in a lab,Rep/Lean Rep,Conservative,65+,H.S. graduate or less,1.0307855536974793
201801161524.0,A lot,Came about naturally,Rep/Lean Rep,Very conservative,50-64,College graduate+,0.5703063293653231
201801161526.0,Some,Came about naturally,Dem/Lean Dem,Liberal,50-64,College graduate+,0.6323267760894709
201801161723.0,A lot,Not sure,Rep/Lean Rep,Conservative,65+,College graduate+,0.37995031658406214
201801161750.0,Some,Not sure,Rep/Lean Rep,Conservative,50-64,College graduate+,0.22934134246261426
201801161790.0,Some,Not sure,Rep/Lean Rep,Very conservative,30-49,College graduate+,0.47683680314419524
201801161806.0,None at all,Came about naturally,Dem/Lean Dem,Moderate,30-49,College graduate+,0.519382750904753
201801161823.0,Not much,Not sure,DK/Refused/No lean,Refused,50-64,H.S. graduate or less,1.8499869538666236
201801161831.0,Some,Was made accidentally in a lab,Rep/Lean Rep,Conservative,30-49,H.S. graduate or less,5.560434219237015
201801161859.0,Some,Came about naturally,Dem/Lean Dem,Moderate,65+,H.S. graduate or less,1.79658887825226
201801161960.0,Not much,Came about naturally,Rep/Lean Rep,Moderate,30-49,College graduate+,1.3083894935313896
201801161977.0,Not much,Refused,Dem/Lean Dem,Very liberal,50-64,Refused,0.20313757190989004
201801161982.0,None at all,Came about naturally,Rep/Lean Rep,Moderate,18-29,College graduate+,0.8498323639863589
201801162011.0,A lot,Not sure,Rep/Lean Rep,Conservative,65+,Refused,0.8192742824387866
201801162051.0,Some,Was developed intentionally in a lab,DK/Refused/No lean,Moderate,65+,Some College,1.2236983771797731
201801162100.0,Not much,Came about naturally,Dem/Lean Dem,Liberal,50-64,College graduate+,0.20313757190989004
201801162123.0,Some,Not sure,Dem/Lean Dem,Liberal,50-64,College graduate+,0.2310810495763379
201801162129.0,Some,Not sure,Dem/Lean Dem,Very liberal,65+,Some College,0.2754291638307089
201801162136.0,None at all,Came about naturally,Dem/Lean Dem,Moderate,65+,College graduate+,1.0358428850714583
201801162202.0,None at all,Came about naturally,Dem/Lean Dem,Moderate,30-49,Some College,2.2966377391969917
201801162219.0,Some,Was developed intentionally in a lab,Rep/Lean Rep,Moderate,50-64,Some College,0.3613555868673831
201801162324.0,Refused,Came about naturally,Rep/Lean Rep,Conservative,50-64,College graduate+,0.5703063293653231
201801162331.0,Some,Came about naturally,DK/Refused/No lean,Moderate,65+,H.S. graduate or less,2.227363980183724
201801162338.0,Not much,Came about naturally,Dem/Lean Dem,Moderate,30-49,Some College,0.25249260892074527
201801162360.0,Some,Came about naturally,Rep/Lean Rep,Moderate,65+,College graduate+,0.24960377457431507
201801162385.0,Some,Came about naturally,Dem/Lean Dem,Liberal,65+,College graduate+,0.3547698801388691
201801162450.0,None at all,Was developed intentionally in a lab,DK/Refused/No lean,Very conservative,50-64,Some College,2.08374537137602
201801162469.0,Not much,Was developed intentionally in a lab,Rep/Lean Rep,Conservative,65+,Some College,0.7819014839104875
201801162512.0,None at all,Came about naturally,DK/Refused/No lean,Moderate,65+,College graduate+,0.89111140840927
201801162515.0,Some,Was developed intentionally in a lab,Dem/Lean Dem,Conservative,30-49,College graduate+,0.3845194120995435
201801162556.0,Some,Came about naturally,Dem/Lean Dem,Liberal,65+,College graduate+,0.49069271065710957
201801162654.0,A lot,Was developed intentionally in a lab,Dem/Lean Dem,Very liberal,30-49,Some College,0.8874049633752709
201801162662.0,Some,Was developed intentionally in a lab,Dem/Lean Dem,Moderate,30-49,Some College,1.074298265087883
201801162669.0,Some,Came about naturally,Dem/Lean Dem,Liberal,30-49,College graduate+,0.3633893793375663
201801162743.0,Not much,Was developed intentionally in a lab,Dem/Lean Dem,Moderate,30-49,College graduate+,0.6241795561016302
201801162752.0,Some,Was developed intentionally in a lab,Rep/Lean Rep,Very conservative,30-49,Some College,0.6530390263592843
201801162837.0,Not much,Not sure,Rep/Lean Rep,Liberal,50-64,Some College,0.5466726303848976
201801162841.0,Not much,Was developed intentionally in a lab,Dem/Lean Dem,Refused,18-29,H.S. graduate or less,1.9156438080544755
201801162895.0,Some,Was developed intentionally in a lab,Dem/Lean Dem,Very conservative,50-64,H.S. graduate or less,3.185399473119678
201801162903.0,Not much,Came about naturally,Rep/Lean Rep,Conservative,50-64,Some College,0.38424198482774236
201801162974.0,A lot,Was developed intentionally in a lab,Dem/Lean Dem,Very liberal,30-49,Some College,0.3466952937994315
201801162977.0,Not much,Came about naturally,Dem/Lean Dem,Liberal,18-29,College graduate+,0.5757763034169829
201801163060.0,Not much,Was developed intentionally in a lab,Rep/Lean Rep,Conservative,30-49,Some College,2.317044878044556
201801163101.0,None at all,Came about naturally,Rep/Lean Rep,Moderate,30-49,College graduate+,0.3845194120995435
201801163137.0,None at all,Came about naturally,Dem/Lean Dem,Moderate,30-49,College graduate+,0.4785455387719261
201801163178.0,Not much,Came about naturally,Rep/Lean Rep,Conservative,30-49,College graduate+,0.43730745252361874
201801163229.0,Not much,Not sure,Rep/Lean Rep,Conservative,30-49,H.S. graduate or less,0.8613479265981848
201801163237.0,None at all,Came about naturally,Rep/Lean Rep,Moderate,50-64,Some College,0.39280648572927046
201801163250.0,Not much,Was developed intentionally in a lab,Rep/Lean Rep,Moderate,18-29,H.S. graduate or less,4.357875181753043
201801163253.0,None at all,Came about naturally,Dem/Lean Dem,Very liberal,18-29,College graduate+,0.5525152350105343
201801163274.0,Some,Came about naturally,Dem/Lean Dem,Very liberal,50-64,College graduate+,0.44732242553576856
201801163281.0,Not much,Came about naturally,Rep/Lean Rep,Conservative,30-49,College graduate+,0.6605035596885787
201801163343.0,Not much,Came about naturally,Dem/Lean Dem,Very liberal,50-64,H.S. graduate or less,1.5950894553287576
201801163369.0,None at all,Came about naturally,Rep/Lean Rep,Moderate,50-64,College graduate+,0.5052504561221298
201801163400.0,Not much,Came about naturally,Dem/Lean Dem,Very liberal,30-49,College graduate+,0.34249306525017154
201801163406.0,Not much,Not sure,Dem/Lean Dem,Liberal,30-49,College graduate+,0.47812055176334556
201801163427.0,Not much,Came about naturally,Rep/Lean Rep,Moderate,30-49,College graduate+,1.5764247079140141
201801163442.0,Some,Came about naturally,Rep/Lean Rep,Moderate,30-49,Some College,2.209300179385158
201801163458.0,A lot,Came about naturally,Dem/Lean Dem,Liberal,18-29,College graduate+,0.9107029332599886
201801163471.0,Not much,Came about naturally,Dem/Lean Dem,Liberal,30-49,College graduate+,0.3271307260862174
201801163485.0,None at all,Came about naturally,Dem/Lean Dem,Liberal,30-49,College graduate+,0.28330752853283125
201801163541.0,Not much,Came about naturally,Dem/Lean Dem,Moderate,30-49,Some College,2.449731248702513
201801163550.0,Not much,Came about naturally,Rep/Lean Rep,Conservative,65+,College graduate+,1.008594869048371
201801163590.0,Not much,Came about naturally,Dem/Lean Dem,Very liberal,30-49,College graduate+,0.28330752853283125
201801163603.0,Some,Was developed intentionally in a lab,Rep/Lean Rep,Conservative,65+,Some College,1.1910849790118874
201801163678.0,Not much,Came about naturally,Rep/Lean Rep,Conservative,65+,College graduate+,0.8546773515522305
201801163738.0,None at all,Came about naturally,Dem/Lean Dem,Moderate,30-49,College graduate+,0.28330752853283125
201801163842.0,Some,Was developed intentionally in a lab,Rep/Lean Rep,Conservative,30-49,Some College,0.7401205959375058
201801163902.0,Not much,Was developed intentionally in a lab,Rep/Lean Rep,Conservative,65+,College graduate+,0.8508720900061747
201801163944.0,A lot,Came about naturally,Rep/Lean Rep,Conservative,30-49,Some College,0.40372805065163786
201801163999.0,Some,Came about naturally,Rep/Lean Rep,Conservative,65+,H.S. graduate or less,0.9251341397117077
201801164008.0,Some,Was made accidentally in a lab,Rep/Lean Rep,Conservative,30-49,Some College,0.6385677371305429
201801164036.0,Not much,Not sure,Dem/Lean Dem,Moderate,65+,Some College,0.38668110394946953
201801164079.0,Some,Came about naturally,Dem/Lean Dem,Liberal,18-29,College graduate+,0.5300122778479703
201801164185.0,A lot,Not sure,Dem/Lean Dem,Moderate,30-49,Some College,2.7948013163435985
201801164194.0,Some,Not sure,Rep/Lean Rep,Conservative,30-49,Some College,0.46348193139727223
201801164218.0,None at all,Came about naturally,Dem/Lean Dem,Moderate,30-49,College graduate+,0.39277896836882886
201801164291.0,Some,Was developed intentionally in a lab,Rep/Lean Rep,Conservative,30-49,Some College,2.685397752101468
201801164292.0,Not much,Came about naturally,Dem/Lean Dem,Moderate,65+,College graduate+,0.43274083415098685
201801164410.0,None at all,Came about naturally,Rep/Lean Rep,Moderate,30-49,College graduate+,0.8402011205147878
201801164428.0,Some,Was developed intentionally in a lab,Rep/Lean Rep,Conservative,65+,Some College,0.37830171774990956
201801164477.0,Some,Not sure,Dem/Lean Dem,Moderate,18-29,Some College,1.123903687136219
201801164496.0,Some,Came about naturally,Dem/Lean Dem,Liberal,30-49,College graduate+,1.1725148900178126
201801164510.0,Not much,Came about naturally,Dem/Lean Dem,Liberal,65+,College graduate+,0.18930857569764087
201801164516.0,Some,Came about naturally,Rep/Lean Rep,Moderate,65+,College graduate+,0.5803723633964334
201801164583.0,Not much,Came about naturally,Dem/Lean Dem,Moderate,30-49,College graduate+,0.4417102446780824
201801164594.0,Not much,Was developed intentionally in a lab,Rep/Lean Rep,Very conservative,30-49,Some College,0.77347481817847
201801164598.0,Some,Came about naturally,Rep/Lean Rep,Conservative,50-64,Some College,0.44638044975012603
201801164606.0,None at all,Came about naturally,Dem/Lean Dem,Liberal,30-49,College graduate+,0.7714259982027369
201801164633.0,Not much,Came about naturally,Rep/Lean Rep,Very conservative,30-49,College graduate+,0.44705401190499194
201801164762.0,Not much,Came about naturally,Dem/Lean Dem,Liberal,30-49,College graduate+,0.6152891002507207
201801164768.0,Some,Not sure,Rep/Lean Rep,Moderate,30-49,College graduate+,0.4921817942421262
201801164776.0,Not much,Was made accidentally in a lab,Dem/Lean Dem,Liberal,65+,College graduate+,0.4118632994549787
201801164829.0,Not much,Not sure,Rep/Lean Rep,Conservative,65+,Some College,0.43934491567287387
201801164843.0,Some,Came about naturally,Rep/Lean Rep,Conservative,65+,Some College,0.43934491567287387
201801164848.0,Some,Was developed intentionally in a lab,Rep/Lean Rep,Conservative,30-49,College graduate+,1.085842622648652
201801164943.0,Not much,Came about naturally,DK/Refused/No lean,Conservative,65+,College graduate+,0.2559752922890272
201801164985.0,A lot,Was developed intentionally in a lab,Rep/Lean Rep,Very conservative,30-49,Some College,1.8569403658090273
201801165022.0,Not much,Came about naturally,Dem/Lean Dem,Liberal,50-64,Some College,0.6124774883438281
201801165054.0,Some,Was made accidentally in a lab,Rep/Lean Rep,Conservative,30-49,College graduate+,0.5750624580553446
201801165079.0,Not much,Came about naturally,Dem/Lean Dem,Liberal,30-49,College graduate+,0.32727486259458716
201801165100.0,Not much,Came about naturally,Rep/Lean Rep,Very conservative,50-64,Some College,0.4193012432916799
201801165140.0,A lot,Came about naturally,Dem/Lean Dem,Very liberal,50-64,College graduate+,0.26341833575718454
201801165161.0,Not much,Came about naturally,Dem/Lean Dem,Liberal,30-49,College graduate+,1.7244549609129038
201801165241.0,Not much,Came about naturally,Dem/Lean Dem,Liberal,30-49,College graduate+,0.9310940574933219
201801165251.0,Some,Came about naturally,Dem/Lean Dem,Very liberal,30-49,College graduate+,0.3160883804055207
201801165318.0,Not much,Came about naturally,Dem/Lean Dem,Liberal,65+,College graduate+,0.18930857569764087
201801165331.0,None at all,Came about naturally,Dem/Lean Dem,Liberal,30-49,College graduate+,1.060730160638198
201801165413.0,None at all,Came about naturally,Dem/Lean Dem,Liberal,30-49,Some College,1.1338220540269557
201801165414.0,Not much,Came about naturally,Dem/Lean Dem,Very liberal,50-64,College graduate+,0.7921523984973415
201801165461.0,Not much,Came about naturally,Dem/Lean Dem,Liberal,50-64,College graduate+,0.25977479373231127
201801165488.0,Some,Came about naturally,Dem/Lean Dem,Moderate,50-64,Some College,0.6390763099425326
201801165555.0,A lot,Came about naturally,Dem/Lean Dem,Moderate,50-64,College graduate+,0.41844765124830724
201801165566.0,Some,Came about naturally,Dem/Lean Dem,Liberal,18-29,College graduate+,0.34157728993364994
201801165595.0,None at all,Came about naturally,Dem/Lean Dem,Very liberal,30-49,College graduate+,0.36364165075548666
201801165599.0,Some,Was made accidentally in a lab,Rep/Lean Rep,Conservative,65+,College graduate+,0.28718500597209207
201801165623.0,Not much,Not sure,Dem/Lean Dem,Moderate,50-64,College graduate+,0.39222554226198536
201801165632.0,Some,Came about naturally,Dem/Lean Dem,Moderate,30-49,College graduate+,0.3173946588434713
201801165666.0,None at all,Came about naturally,Dem/Lean Dem,Moderate,65+,College graduate+,0.731697566812459
201801165706.0,None at all,Came about naturally,Rep/Lean Rep,Moderate,50-64,College graduate+,0.25977479373231127
201801165785.0,Not much,Came about naturally,Rep/Lean Rep,Moderate,50-64,College graduate+,0.30613918633521653
201801165867.0,A lot,Came about naturally,Rep/Lean Rep,Liberal,65+,College graduate+,0.1437895052064439
201801165882.0,Some,Not sure,Rep/Lean Rep,Moderate,65+,Some College,1.2362844702393232
201801165887.0,Some,Was developed intentionally in a lab,Rep/Lean Rep,Conservative,30-49,Some College,1.3106041010468306
201801165893.0,Some,Came about naturally,Rep/Lean Rep,Conservative,50-64,Some College,1.056054708046537
201801165931.0,A lot,Came about naturally,Dem/Lean Dem,Moderate,65+,Some College,0.862196825205366
201801165938.0,Some,Came about naturally,Rep/Lean Rep,Conservative,65+,Some College,1.0382563102063362
201801166064.0,A lot,Was developed intentionally in a lab,Rep/Lean Rep,Moderate,18-29,Some College,1.6322292590555523
201801166080.0,Not much,Came about naturally,Dem/Lean Dem,Moderate,65+,College graduate+,0.4118632994549787
201801166169.0,Not much,Was made accidentally in a lab,Dem/Lean Dem,Conservative,65+,College graduate+,0.731697566812459
201801166184.0,Some,Came about naturally,Dem/Lean Dem,Conservative,30-49,Some College,0.5456433790377777
201801166205.0,Not much,Came about naturally,Rep/Lean Rep,Conservative,65+,Some College,0.5842854574937026
201801166266.0,Some,Came about naturally,Dem/Lean Dem,Very liberal,30-49,College graduate+,0.9323174456685632
201801166335.0,Some,Came about naturally,Rep/Lean Rep,Moderate,30-49,H.S. graduate or less,4.235185236717399
201801166376.0,A lot,Was developed intentionally in a lab,Rep/Lean Rep,Very conservative,65+,College graduate+,0.3446668147644394
201801166426.0,None at all,Was developed intentionally in a lab,Rep/Lean Rep,Very conservative,50-64,H.S. graduate or less,1.050232986358601
201801166467.0,Some,Was developed intentionally in a lab,Dem/Lean Dem,Very liberal,65+,College graduate+,0.9252217119917951
201801166489.0,Some,Came about naturally,Dem/Lean Dem,Very liberal,50-64,College graduate+,0.22700248141566007
201801166524.0,Not much,Came about naturally,Dem/Lean Dem,Liberal,65+,College graduate+,0.31700773711954594
201801166566.0,A lot,Came about naturally,Rep/Lean Rep,Very conservative,65+,College graduate+,0.5366568912211624
201801166589.0,A lot,Came about naturally,Rep/Lean Rep,Refused,30-49,Some College,0.7794761043829509
201801166591.0,Some,Came about naturally,Rep/Lean Rep,Moderate,50-64,Some College,0.27215172530724047
201801166608.0,Some,Was developed intentionally in a lab,Rep/Lean Rep,Conservative,30-49,H.S. graduate or less,1.2168610765682109
201801166671.0,Some,Not sure,Rep/Lean Rep,Conservative,18-29,Some College,4.749595846722666
201801166768.0,Not much,Not sure,Rep/Lean Rep,Moderate,50-64,H.S. graduate or less,1.050232986358601
201801166772.0,None at all,Was made accidentally in a lab,Dem/Lean Dem,Liberal,30-49,Some College,0.8060414172033907
201801166794.0,A lot,Was developed intentionally in a lab,Rep/Lean Rep,Conservative,65+,College graduate+,0.6059767267875358
201801166830.0,Not much,Refused,Rep/Lean Rep,Conservative,50-64,Some College,1.2989574173394047
201801166831.0,A lot,Came about naturally,Dem/Lean Dem,Moderate,50-64,College graduate+,0.4396124768200015
201801166833.0,Not much,Was developed intentionally in a lab,Rep/Lean Rep,Conservative,50-64,H.S. graduate or less,4.570870727693321
201801166839.0,Not much,Came about naturally,Rep/Lean Rep,Conservative,30-49,College graduate+,0.5555764263620969
201801166856.0,Not much,Was developed intentionally in a lab,Rep/Lean Rep,Moderate,18-29,College graduate+,1.3425006329884903
201801166857.0,Not much,Not sure,Rep/Lean Rep,Conservative,65+,College graduate+,0.6532054487278396
201801166868.0,A lot,Was developed intentionally in a lab,Rep/Lean Rep,Conservative,50-64,College graduate+,0.25977479373231127
201801166877.0,Not much,Was developed intentionally in a lab,Rep/Lean Rep,Very conservative,50-64,Some College,2.712562571516492
201801166910.0,Some,Came about naturally,Rep/Lean Rep,Conservative,30-49,College graduate+,0.5042469656148796
201801167027.0,A lot,Was developed intentionally in a lab,Rep/Lean Rep,Conservative,50-64,H.S. graduate or less,0.7226572496182709
201801167037.0,None at all,Was developed intentionally in a lab,Rep/Lean Rep,Very conservative,65+,College graduate+,0.8019271166256968
201801167043.0,Some,Was developed intentionally in a lab,Rep/Lean Rep,Moderate,65+,College graduate+,1.1849089953012637
201801167072.0,Not much,Not sure,Dem/Lean Dem,Very conservative,18-29,H.S. graduate or less,4.438166930032179
201801167132.0,None at all,Came about naturally,Rep/Lean Rep,Conservative,50-64,Some College,1.5360061002143162
201801167167.0,Not much,Not sure,Rep/Lean Rep,Very conservative,65+,H.S. graduate or less,2.504637828131186
201801167168.0,Some,Not sure,Rep/Lean Rep,Conservative,30-49,Some College,0.6609292601978294
201801167210.0,Some,Came about naturally,Dem/Lean Dem,Moderate,65+,College graduate+,0.2559752922890272
201801167214.0,Some,Came about naturally,Rep/Lean Rep,Conservative,50-64,Some College,0.4804655580301252
201801167254.0,None at all,Came about naturally,Dem/Lean Dem,Liberal,30-49,College graduate+,0.4568692162401136
201801167282.0,A lot,Not sure,Dem/Lean Dem,Liberal,50-64,Some College,0.5714554900580885
201801167295.0,A lot,Was developed intentionally in a lab,Rep/Lean Rep,Conservative,50-64,Some College,0.7471588404206614
201801167300.0,None at all,Came about naturally,Dem/Lean Dem,Very liberal,30-49,College graduate+,1.9049437915229708
201801167315.0,Not much,Came about naturally,Dem/Lean Dem,Moderate,50-64,College graduate+,0.36924424313683646
201801167398.0,None at all,Came about naturally,Rep/Lean Rep,Conservative,50-64,College graduate+,0.30377317883500776
201801167446.0,Not much,Not sure,Rep/Lean Rep,Moderate,18-29,Some College,3.2658880088087705
201801167499.0,Not much,Came about naturally,Rep/Lean Rep,Moderate,30-49,College graduate+,0.9559510667296872
201801167506.0,Some,Came about naturally,Dem/Lean Dem,Liberal,65+,College graduate+,0.31700773711954594
201801167512.0,Some,Came about naturally,Rep/Lean Rep,Conservative,30-49,Some College,0.9395438007794419
201801167527.0,Not much,Came about naturally,Rep/Lean Rep,Conservative,50-64,College graduate+,0.5750624580553446
201801167569.0,Some,Not sure,Rep/Lean Rep,Very conservative,30-49,College graduate+,0.6605035596885787
201801167574.0,Not much,Came about naturally,Dem/Lean Dem,Moderate,18-29,College graduate+,0.39694540601529216
201801167625.0,Not much,Came about naturally,Rep/Lean Rep,Conservative,30-49,College graduate+,0.5153797200104262
201801167649.0,A lot,Not sure,Rep/Lean Rep,Conservative,50-64,College graduate+,0.2914983628884342
201801167708.0,Not much,Was developed intentionally in a lab,Rep/Lean Rep,Conservative,30-49,College graduate+,0.9272481048788056
201801167739.0,None at all,Was developed intentionally in a lab,Rep/Lean Rep,Very conservative,50-64,Some College,0.4193012432916799
201801167808.0,Not much,Came about naturally,Dem/Lean Dem,Moderate,50-64,Some College,0.37771515739144707
201801167822.0,None at all,Came about naturally,Dem/Lean Dem,Moderate,30-49,College graduate+,0.6152891002507207
201801167856.0,Some,Not sure,Rep/Lean Rep,Very conservative,30-49,College graduate+,0.5665969521477427
201801167874.0,Not much,Came about naturally,Rep/Lean Rep,Moderate,30-49,Some College,0.6446415616613614
201801167954.0,Some,Not sure,Rep/Lean Rep,Conservative,50-64,College graduate+,1.4790340937148765
201801167999.0,None at all,Came about naturally,Dem/Lean Dem,Moderate,65+,College graduate+,0.5803723633964334
201801168001.0,Some,Came about naturally,Dem/Lean Dem,Moderate,65+,College graduate+,0.5803723633964334
201801168008.0,Some,Came about naturally,Dem/Lean Dem,Very liberal,30-49,College graduate+,0.6108872085645908
201801168014.0,Some,Came about naturally,Dem/Lean Dem,Moderate,30-49,Some College,1.1197689983820724
201801168040.0,Not much,Came about naturally,Dem/Lean Dem,Liberal,65+,Some College,0.36934720700493145
201801168093.0,Not much,Came about naturally,Dem/Lean Dem,Very liberal,18-29,H.S. graduate or less,3.4818359906134173
201801168112.0,Some,Refused,Rep/Lean Rep,Conservative,50-64,Some College,0.4193012432916799
201801168147.0,None at all,Was developed intentionally in a lab,Dem/Lean Dem,Moderate,18-29,Some College,1.38148837289846
201801168167.0,Some,Came about naturally,Dem/Lean Dem,Moderate,30-49,College graduate+,0.4568692162401136
201801168237.0,Some,Not sure,Rep/Lean Rep,Conservative,30-49,H.S. graduate or less,2.38177935441609
201801168251.0,Some,Came about naturally,Rep/Lean Rep,Conservative,30-49,College graduate+,0.8537204711007166
201801168285.0,Some,Was developed intentionally in a lab,Rep/Lean Rep,Moderate,18-29,College graduate+,0.49825173445184007
201801168310.0,Not much,Was developed intentionally in a lab,Rep/Lean Rep,Conservative,50-64,College graduate+,0.3192763252864371
201801168313.0,Some,Came about naturally,Rep/Lean Rep,Moderate,50-64,College graduate+,0.5093639646895178
201801168350.0,Some,Came about naturally,Rep/Lean Rep,Conservative,18-29,College graduate+,0.9609176868269501
201801168353.0,None at all,Came about naturally,Dem/Lean Dem,Moderate,30-49,College graduate+,0.9820056081534233
201801168390.0,Some,Came about naturally,Rep/Lean Rep,Conservative,18-29,Some College,1.9299391846693705
201801168417.0,Not much,Not sure,Rep/Lean Rep,Very conservative,65+,College graduate+,0.4980542188736745
201801168484.0,None at all,Came about naturally,Dem/Lean Dem,Moderate,65+,College graduate+,0.5803723633964334
201801168494.0,Not much,Came about naturally,Rep/Lean Rep,Moderate,65+,College graduate+,0.28718500597209207
201801168511.0,Some,Not sure,Rep/Lean Rep,Conservative,30-49,College graduate+,0.8011155748180071
201801168526.0,Some,Came about naturally,Rep/Lean Rep,Moderate,50-64,Some College,0.9877825586449938
201801168607.0,None at all,Came about naturally,Dem/Lean Dem,Very liberal,65+,College graduate+,0.48324402017992185
201801168619.0,Some,Was developed intentionally in a lab,Rep/Lean Rep,Moderate,30-49,College graduate+,0.8197789478864684
201801168646.0,None at all,Was developed intentionally in a lab,Dem/Lean Dem,Liberal,50-64,Some College,0.6936393188970797
201801168652.0,None at all,Was developed intentionally in a lab,Dem/Lean Dem,Moderate,18-29,Some College,1.11588835219229
201801168726.0,None at all,Not sure,Dem/Lean Dem,Refused,65+,Some College,0.862196825205366
201801168729.0,Not much,Was developed intentionally in a lab,Rep/Lean Rep,Very conservative,30-49,College graduate+,0.5042469656148796
201801168749.0,Some,Was developed intentionally in a lab,Rep/Lean Rep,Conservative,65+,Some College,1.0382563102063362
201801168753.0,Some,Came about naturally,Rep/Lean Rep,Moderate,30-49,College graduate+,0.4417102446780824
201801168767.0,Some,Was developed intentionally in a lab,Rep/Lean Rep,Very conservative,50-64,H.S. graduate or less,1.9402765573732779
201801168877.0,Some,Not sure,Dem/Lean Dem,Liberal,50-64,Some College,0.6124774883438281
201801168902.0,Some,Came about naturally,Rep/Lean Rep,Moderate,50-64,College graduate+,1.1608457824544616
201801168907.0,Not much,Came about naturally,Dem/Lean Dem,Liberal,30-49,College graduate+,0.32727486259458716
201801168958.0,Some,Came about naturally,Dem/Lean Dem,Liberal,50-64,College graduate+,0.36364165075548666
201801169046.0,Not much,Came about naturally,Rep/Lean Rep,Conservative,30-49,College graduate+,1.085842622648652
201801169105.0,Some,Not sure,Rep/Lean Rep,Conservative,65+,Some College,0.5174617346639645
201801169148.0,Not much,Was developed intentionally in a lab,Rep/Lean Rep,Conservative,30-49,College graduate+,0.8155237636631852
201801169217.0,Not much,Was developed intentionally in a lab,Rep/Lean Rep,Very conservative,65+,College graduate+,1.1359049804000527
201801169222.0,Some,Was developed intentionally in a lab,Dem/Lean Dem,Liberal,30-49,Some College,1.8790042841308927
201801169224.0,Some,Was made accidentally in a lab,Dem/Lean Dem,Moderate,30-49,H.S. graduate or less,7.487621221765812
201801169245.0,Some,Came about naturally,Rep/Lean Rep,Conservative,50-64,H.S. graduate or less,2.5942161696340587
201801169317.0,Some,Came about naturally,Rep/Lean Rep,Conservative,30-49,Some College,1.5360061002143162
201801169534.0,Some,Came about naturally,Rep/Lean Rep,Moderate,30-49,Some College,2.847793861271596
201801169539.0,Not much,Came about naturally,Rep/Lean Rep,Moderate,50-64,College graduate+,0.5270840549401647
201801169541.0,Not much,Came about naturally,Dem/Lean Dem,Moderate,50-64,College graduate+,0.44705401190499194
201801169647.0,Some,Was developed intentionally in a lab,Rep/Lean Rep,Conservative,50-64,Some College,1.7283396673649651
201801169658.0,Some,Came about naturally,Dem/Lean Dem,Moderate,30-49,College graduate+,0.3160883804055207
201801169662.0,Some,Came about naturally,Dem/Lean Dem,Moderate,30-49,College graduate+,1.060730160638198
201801169681.0,Some,Not sure,Dem/Lean Dem,Moderate,30-49,College graduate+,0.36364165075548666
201801169693.0,Some,Was developed intentionally in a lab,Rep/Lean Rep,Conservative,50-64,H.S. graduate or less,1.6327413092759469
201801169769.0,None at all,Refused,DK/Refused/No lean,Moderate,18-29,Some College,7.487621221765812
201801169777.0,Refused,Refused,Rep/Lean Rep,Conservative,65+,Some College,1.2362844702393232
201801169841.0,Some,Came about naturally,Dem/Lean Dem,Liberal,50-64,Some College,0.26548835537889454
201801169860.0,Not much,Came about naturally,Rep/Lean Rep,Conservative,50-64,College graduate+,0.2914983628884342
201801169886.0,Not much,Was developed intentionally in a lab,Dem/Lean Dem,Moderate,50-64,Some College,0.24733115573516054
201801169923.0,Some,Came about naturally,Dem/Lean Dem,Liberal,50-64,Some College,0.653676850813965
201801169948.0,None at all,Not sure,Rep/Lean Rep,Very conservative,50-64,Some College,1.8131701361525148
201801169952.0,Not much,Came about naturally,Dem/Lean Dem,Moderate,30-49,College graduate+,0.5365460167424698
201801169994.0,Some,Came about naturally,Rep/Lean Rep,Moderate,50-64,College graduate+,0.7404250531134534
201801170012.0,None at all,Was developed intentionally in a lab,Rep/Lean Rep,Conservative,65+,College graduate+,2.0795264616890226
201801170054.0,None at all,Was developed intentionally in a lab,Dem/Lean Dem,Liberal,50-64,Some College,0.37771515739144707
201801170098.0,Some,Came about naturally,Dem/Lean Dem,Liberal,65+,Some College,0.6429473920092755
201801170181.0,Some,Not sure,Rep/Lean Rep,Conservative,30-49,College graduate+,0.5555764263620969
201801170222.0,Some,Was developed intentionally in a lab,Rep/Lean Rep,Very conservative,65+,College graduate+,1.1359049804000527
201801170256.0,None at all,Not sure,Rep/Lean Rep,Conservative,65+,College graduate+,0.3446668147644394
201801170295.0,Some,Not sure,Rep/Lean Rep,Conservative,65+,Some College,2.4638366786395025
201801170317.0,Some,Came about naturally,Dem/Lean Dem,Liberal,65+,College graduate+,0.1868272642387101
201801170321.0,Some,Not sure,Rep/Lean Rep,Conservative,65+,College graduate+,0.28718500597209207
201801170339.0,None at all,Came about naturally,Dem/Lean Dem,Liberal,65+,College graduate+,0.731697566812459
201801170351.0,Some,Not sure,Rep/Lean Rep,Very conservative,65+,College graduate+,0.28718500597209207
201801170369.0,Not much,Not sure,Rep/Lean Rep,Moderate,30-49,H.S. graduate or less,5.17212792925231
201801170396.0,Not much,Came about naturally,Dem/Lean Dem,Liberal,30-49,College graduate+,1.627001537614074
201801170403.0,Not much,Came about naturally,Dem/Lean Dem,Very liberal,50-64,College graduate+,0.5214392925423408
201801170481.0,None at all,Came about naturally,Dem/Lean Dem,Moderate,65+,Some College,1.1796722110471118
201801170486.0,None at all,Came about naturally,Rep/Lean Rep,Conservative,65+,Some College,0.43934491567287387
201801170497.0,Not much,Was developed intentionally in a lab,Dem/Lean Dem,Liberal,50-64,Some College,0.6609292601978294
201801170505.0,Not much,Came about naturally,Dem/Lean Dem,Liberal,65+,College graduate+,0.731697566812459
201801170559.0,Some,Came about naturally,Rep/Lean Rep,Very conservative,65+,College graduate+,0.6556272442174347
201801170576.0,Some,Came about naturally,Dem/Lean Dem,Liberal,65+,College graduate+,0.18930857569764087
201801170585.0,Some,Came about naturally,Rep/Lean Rep,Very conservative,65+,Some College,1.0382563102063362
201801170603.0,Not much,Came about naturally,Rep/Lean Rep,Conservative,50-64,College graduate+,0.2914983628884342
201801170620.0,None at all,Came about naturally,Dem/Lean Dem,Moderate,65+,College graduate+,0.31700773711954594
201801170631.0,Some,Was made accidentally in a lab,Rep/Lean Rep,Conservative,50-64,College graduate+,0.2914983628884342
201801170669.0,Some,Not sure,Rep/Lean Rep,Conservative,65+,College graduate+,0.2992426708355551
201801170673.0,Not much,Came about naturally,Dem/Lean Dem,Moderate,65+,College graduate+,1.618637568472495
201801170744.0,Not much,Came about naturally,Dem/Lean Dem,Moderate,65+,College graduate+,0.2559752922890272
201801170808.0,None at all,Came about naturally,Dem/Lean Dem,Moderate,30-49,College graduate+,0.5093639646895178
201801170832.0,Not much,Was developed intentionally in a lab,Rep/Lean Rep,Very conservative,50-64,Some College,0.44638044975012603
201801170867.0,Some,Not sure,Rep/Lean Rep,Conservative,65+,Some College,0.8757475981176692
201801170905.0,None at all,Was developed intentionally in a lab,Rep/Lean Rep,Moderate,65+,Some College,0.5842854574937026
201801170923.0,Some,Came about naturally,Rep/Lean Rep,Moderate,30-49,Some College,0.6460242299098016
201801170924.0,None at all,Came about naturally,Dem/Lean Dem,Very liberal,50-64,Some College,0.8728240632307182
201801170943.0,A lot,Came about naturally,Rep/Lean Rep,Conservative,65+,H.S. graduate or less,1.0867888640122716
201801171012.0,Some,Came about naturally,Dem/Lean Dem,Very liberal,65+,Some College,0.364042429376529
201801171033.0,Not much,Came about naturally,Dem/Lean Dem,Moderate,65+,College graduate+,0.5803723633964334
201801171054.0,Some,Was developed intentionally in a lab,DK/Refused/No lean,Moderate,65+,College graduate+,0.2559752922890272
201801171058.0,Not much,Came about naturally,Dem/Lean Dem,Very liberal,30-49,College graduate+,0.5389681417443806
201801171120.0,Some,Not sure,Rep/Lean Rep,Very conservative,65+,College graduate+,0.29407015945151527
201801171133.0,Some,Came about naturally,Rep/Lean Rep,Very conservative,65+,College graduate+,0.3317202853235008
201801171200.0,Not much,Came about naturally,Rep/Lean Rep,Very conservative,30-49,College graduate+,0.4709490820280984
201801171205.0,Not much,Was developed intentionally in a lab,Rep/Lean Rep,Very conservative,50-64,Some College,0.932941395417583
201801171210.0,A lot,Was developed intentionally in a lab,Dem/Lean Dem,Moderate,30-49,College graduate+,0.26806293202058734
201801171237.0,None at all,Not sure,DK/Refused/No lean,Refused,18-29,H.S. graduate or less,5.862380166741653
201801171243.0,A lot,Was made accidentally in a lab,Rep/Lean Rep,Moderate,50-64,College graduate+,0.5093639646895178
201801171333.0,Not much,Came about naturally,Dem/Lean Dem,Very liberal,65+,College graduate+,0.18930857569764087
201801171352.0,Some,Came about naturally,Dem/Lean Dem,Moderate,65+,College graduate+,0.31700773711954594
201801171357.0,None at all,Came about naturally,Dem/Lean Dem,Liberal,65+,Some College,0.36934720700493145
201801171454.0,Some,Not sure,Rep/Lean Rep,Conservative,50-64,Some College,0.7141491686480554
201801171491.0,Some,Was developed intentionally in a lab,Rep/Lean Rep,Conservative,65+,Some College,0.712691096436868
201801171536.0,Some,Not sure,Dem/Lean Dem,Moderate,65+,College graduate+,0.7512870092578486
201801171546.0,Not much,Not sure,Rep/Lean Rep,Conservative,50-64,College graduate+,0.3689975080822952
201801171549.0,Some,Came about naturally,Dem/Lean Dem,Moderate,65+,Some College,1.0583103900291735
201801171563.0,Some,Came about naturally,Rep/Lean Rep,Conservative,65+,Some College,1.7261852286100385
201801171567.0,Not much,Came about naturally,Rep/Lean Rep,Conservative,65+,Some College,1.2768425085224975
201801171576.0,None at all,Came about naturally,Dem/Lean Dem,Very liberal,30-49,College graduate+,0.35202299616376354
201801171611.0,Some,Came about naturally,Dem/Lean Dem,Moderate,18-29,Some College,2.9239552138766465
201801171634.0,Not much,Not sure,Rep/Lean Rep,Conservative,50-64,College graduate+,0.2874512804147535
201801171649.0,Not much,Was made accidentally in a lab,Rep/Lean Rep,Moderate,65+,Some College,0.43934491567287387
201801171655.0,None at all,Not sure,Rep/Lean Rep,Moderate,65+,Some College,1.1796722110471118
201801171662.0,A lot,Came about naturally,Rep/Lean Rep,Conservative,50-64,College graduate+,0.2914983628884342
201801171761.0,None at all,Was developed intentionally in a lab,Dem/Lean Dem,Moderate,30-49,H.S. graduate or less,4.524493355361166
201801171837.0,Some,Not sure,Rep/Lean Rep,Moderate,30-49,H.S. graduate or less,2.0024905033673788
201801172056.0,Not much,Came about naturally,Rep/Lean Rep,Conservative,30-49,College graduate+,0.42790173276492405
201801172077.0,Some,Came about naturally,Dem/Lean Dem,Liberal,50-64,College graduate+,0.6466216080563957
201801172105.0,None at all,Came about naturally,Rep/Lean Rep,Liberal,50-64,H.S. graduate or less,3.087350310111139
201801172108.0,Some,Was made accidentally in a lab,Rep/Lean Rep,Conservative,50-64,H.S. graduate or less,0.8961095482821841
201801172115.0,None at all,Came about naturally,Dem/Lean Dem,Conservative,50-64,College graduate+,0.41237285308475313
201801172165.0,Not much,Not sure,Rep/Lean Rep,Moderate,30-49,H.S. graduate or less,5.856125008413089
201801172238.0,Some,Not sure,Rep/Lean Rep,Conservative,65+,Some College,0.5174617346639645
201801172290.0,Not much,Came about naturally,Dem/Lean Dem,Liberal,30-49,College graduate+,1.1026474230050023
201801172292.0,Some,Came about naturally,DK/Refused/No lean,Moderate,30-49,H.S. graduate or less,3.776840139892598
201801172296.0,Some,Not sure,Dem/Lean Dem,Liberal,18-29,Some College,1.0571225787596314
201801172300.0,Not much,Not sure,Rep/Lean Rep,Conservative,65+,H.S. graduate or less,2.9805375087964263
201801172332.0,Some,Came about naturally,Dem/Lean Dem,Liberal,65+,College graduate+,0.4118632994549787
201801172348.0,A lot,Was made accidentally in a lab,Rep/Lean Rep,Very conservative,65+,Some College,0.712691096436868
201801172374.0,Some,Was developed intentionally in a lab,Rep/Lean Rep,Very conservative,65+,College graduate+,0.3446668147644394
201801172442.0,A lot,Not sure,DK/Refused/No lean,Refused,30-49,H.S. graduate or less,4.597871392444331
201801172452.0,Some,Came about naturally,Dem/Lean Dem,Very liberal,30-49,College graduate+,0.32727486259458716
201801172572.0,Some,Came about naturally,Rep/Lean Rep,Conservative,65+,College graduate+,0.28718500597209207
201801172594.0,Some,Came about naturally,Dem/Lean Dem,Moderate,65+,Some College,0.6632853540929106
201801172679.0,Some,Came about naturally,Dem/Lean Dem,Very liberal,30-49,College graduate+,0.35202299616376354
201801172815.0,None at all,Came about naturally,Rep/Lean Rep,Conservative,18-29,College graduate+,1.516052648329023
201801172867.0,Not much,Came about naturally,Rep/Lean Rep,Moderate,50-64,College graduate+,1.859947313391556
201801172884.0,Not much,Came about naturally,Dem/Lean Dem,Very liberal,30-49,College graduate+,0.35202299616376354
201801172913.0,Not much,Came about naturally,Dem/Lean Dem,Liberal,50-64,College graduate+,0.35842635084045804
201801173027.0,Not much,Came about naturally,Dem/Lean Dem,Liberal,30-49,College graduate+,0.522901635170075
201801173042.0,None at all,Came about naturally,Dem/Lean Dem,Liberal,65+,Some College,2.6034641638012994
201801173050.0,Some,Came about naturally,Dem/Lean Dem,Liberal,30-49,College graduate+,0.39694540601529216
201801173166.0,Not much,Was developed intentionally in a lab,Dem/Lean Dem,Liberal,30-49,H.S. graduate or less,1.4865747065505226
201801173253.0,Not much,Came about naturally,Dem/Lean Dem,Liberal,30-49,College graduate+,0.4568692162401136
201801173370.0,None at all,Not sure,Rep/Lean Rep,Conservative,50-64,Some College,0.9877825586449938
201801173374.0,A lot,Came about naturally,Rep/Lean Rep,Moderate,50-64,College graduate+,0.25977479373231127
201801173391.0,Not much,Came about naturally,Rep/Lean Rep,Very conservative,65+,Some College,0.43934491567287387
201801173449.0,Some,Came about naturally,Rep/Lean Rep,Very conservative,50-64,College graduate+,0.2914983628884342
201801173459.0,Some,Came about naturally,Dem/Lean Dem,Very liberal,65+,College graduate+,0.18930857569764087
201801173546.0,Not much,Came about naturally,Dem/Lean Dem,Very liberal,30-49,Some College,1.112284175102012
201801173584.0,Some,Doesn’t really exist,Dem/Lean Dem,Very liberal,30-49,Some College,0.6018131101935468
201801173624.0,None at all,Not sure,Dem/Lean Dem,Conservative,50-64,Some College,1.3914804461541443
201801173635.0,Not much,Came about naturally,Dem/Lean Dem,Very liberal,30-49,College graduate+,0.7313436166474172
201801173651.0,Not much,Refused,Rep/Lean Rep,Conservative,50-64,College graduate+,0.25977479373231127
201801173680.0,Not much,Was made accidentally in a lab,Dem/Lean Dem,Liberal,30-49,College graduate+,0.3173946588434713
201801173699.0,Some,Not sure,Rep/Lean Rep,Conservative,50-64,Some College,1.8131701361525148
201801173739.0,Not much,Came about naturally,Dem/Lean Dem,Moderate,30-49,College graduate+,1.1479986966302074
201801173759.0,Not much,Was developed intentionally in a lab,Rep/Lean Rep,Moderate,30-49,College graduate+,0.764308233813866
201801173922.0,A lot,Not sure,Dem/Lean Dem,Moderate,30-49,Some College,0.4798271162048109
201801173936.0,Some,Not sure,Dem/Lean Dem,Very liberal,30-49,Some College,0.9316947140038917
201801173982.0,Some,Came about naturally,Dem/Lean Dem,Liberal,30-49,College graduate+,1.652739067646596
201801173990.0,Not much,Not sure,Dem/Lean Dem,Very liberal,50-64,College graduate+,0.41844765124830724
201801174113.0,A lot,Not sure,Rep/Lean Rep,Moderate,50-64,College graduate+,0.5750624580553446
201801174160.0,Not much,Not sure,Dem/Lean Dem,Very liberal,50-64,H.S. graduate or less,3.759770197365259
201801174177.0,A lot,Came about naturally,Rep/Lean Rep,Conservative,65+,College graduate+,1.618637568472495
201801174179.0,Some,Came about naturally,Dem/Lean Dem,Moderate,50-64,College graduate+,0.3192763252864371
201801174191.0,None at all,Came about naturally,Dem/Lean Dem,Very liberal,30-49,College graduate+,0.5389681417443806
201801174253.0,Not much,Not sure,Dem/Lean Dem,Liberal,30-49,Some College,0.4673457320543708
201801174279.0,None at all,Was developed intentionally in a lab,Rep/Lean Rep,Refused,65+,Some College,0.665022915673337
201801174340.0,None at all,Was developed intentionally in a lab,Rep/Lean Rep,Conservative,65+,College graduate+,0.2749954911646379
201801174409.0,A lot,Came about naturally,Rep/Lean Rep,Moderate,30-49,Some College,1.3348449492072076
201801174450.0,Not much,Came about naturally,Rep/Lean Rep,Conservative,65+,College graduate+,0.4980542188736745
201801174471.0,Not much,Came about naturally,Dem/Lean Dem,Liberal,50-64,College graduate+,0.5214392925423408
201801174499.0,None at all,Came about naturally,Dem/Lean Dem,Very liberal,65+,Some College,0.9164203514197643
201801174527.0,A lot,Came about naturally,Rep/Lean Rep,Conservative,30-49,College graduate+,0.5555764263620969
201801174572.0,Some,Not sure,Rep/Lean Rep,Conservative,50-64,College graduate+,0.44705401190499194
201801174612.0,None at all,Not sure,Dem/Lean Dem,Liberal,65+,Some College,0.9172670648765758
201801174649.0,Some,Was developed intentionally in a lab,Rep/Lean Rep,Conservative,50-64,Some College,0.4193012432916799
201801174684.0,Some,Not sure,Rep/Lean Rep,Very conservative,30-49,Some College,3.2658880088087705
201801174780.0,Not much,Came about naturally,Dem/Lean Dem,Moderate,30-49,College graduate+,0.9270188579393361
201801174788.0,Some,Came about naturally,Dem/Lean Dem,Refused,18-29,Some College,3.3807536166446153
201801174793.0,Some,Came about naturally,Dem/Lean Dem,Very liberal,30-49,College graduate+,0.7471177199083223
201801175038.0,None at all,Came about naturally,Dem/Lean Dem,Moderate,50-64,College graduate+,0.5093639646895178
201801175084.0,Not much,Was developed intentionally in a lab,Dem/Lean Dem,Moderate,50-64,College graduate+,0.2326032419849029
201801175330.0,A lot,Was developed intentionally in a lab,Dem/Lean Dem,Moderate,30-49,College graduate+,0.48616753505772076
201801175378.0,None at all,Was made accidentally in a lab,Rep/Lean Rep,Conservative,50-64,College graduate+,2.3188995708786555
201801175384.0,A lot,Not sure,Rep/Lean Rep,Moderate,50-64,College graduate+,2.1861849009986374
201801175406.0,Not much,Came about naturally,Rep/Lean Rep,Conservative,65+,College graduate+,0.2559752922890272
201801175409.0,Some,Not sure,Rep/Lean Rep,Very conservative,30-49,College graduate+,0.5555764263620969
201801175529.0,Some,Came about naturally,Rep/Lean Rep,Conservative,65+,H.S. graduate or less,3.033639965428159
201801175533.0,A lot,Not sure,Rep/Lean Rep,Moderate,30-49,College graduate+,1.9023968999592802
201801175615.0,Some,Was developed intentionally in a lab,Dem/Lean Dem,Moderate,30-49,Some College,0.24733115573516054
201801175617.0,None at all,Came about naturally,Dem/Lean Dem,Very liberal,30-49,College graduate+,0.4568692162401136
201801175625.0,Some,Not sure,Rep/Lean Rep,Conservative,65+,Some College,1.2362844702393232
201801175668.0,Not much,Came about naturally,Rep/Lean Rep,Conservative,65+,College graduate+,0.4246226357808844
201801175751.0,Not much,Came about naturally,Dem/Lean Dem,Liberal,50-64,College graduate+,1.060730160638198
201801175752.0,Some,Came about naturally,Rep/Lean Rep,Moderate,50-64,College graduate+,1.3782060704703711
201801175756.0,Not much,Came about naturally,Dem/Lean Dem,Liberal,65+,College graduate+,0.18930857569764087
201801175845.0,Not much,Came about naturally,Dem/Lean Dem,Liberal,50-64,College graduate+,0.3206291340585848
201801175863.0,Some,Came about naturally,Rep/Lean Rep,Moderate,30-49,College graduate+,1.3282361114740515
201801175888.0,Not much,Came about naturally,Rep/Lean Rep,Conservative,65+,Some College,0.501097021579651
201801175895.0,None at all,Came about naturally,Rep/Lean Rep,Moderate,30-49,College graduate+,0.9978461470748257
201801175921.0,Some,Came about naturally,Dem/Lean Dem,Liberal,65+,College graduate+,0.731697566812459
201801175962.0,Some,Was developed intentionally in a lab,Rep/Lean Rep,Very conservative,65+,College graduate+,0.24586315584496884
201801175965.0,Some,Not sure,Rep/Lean Rep,Moderate,30-49,College graduate+,0.7476030633709542
201801175979.0,None at all,Was made accidentally in a lab,Dem/Lean Dem,Conservative,65+,H.S. graduate or less,1.0363785986713894
201801176007.0,Some,Came about naturally,Dem/Lean Dem,Moderate,65+,College graduate+,0.18930857569764087
201801176029.0,Some,Came about naturally,Dem/Lean Dem,Moderate,50-64,H.S. graduate or less,5.127653347338162
201801176085.0,None at all,Not sure,Dem/Lean Dem,Very liberal,30-49,College graduate+,0.3173946588434713
201801176107.0,Not much,Came about naturally,Dem/Lean Dem,Moderate,50-64,Some College,0.6124774883438281
201801176121.0,Some,Refused,Dem/Lean Dem,Liberal,65+,H.S. graduate or less,1.8470674719387365
201801176168.0,None at all,Came about naturally,Dem/Lean Dem,Liberal,50-64,College graduate+,0.5093639646895178
201801176264.0,None at all,Not sure,DK/Refused/No lean,Liberal,65+,Some College,0.4764348044685289
201801176387.0,Not much,Came about naturally,Dem/Lean Dem,Liberal,65+,College graduate+,0.18930857569764087
201801176440.0,Not much,Not sure,Rep/Lean Rep,Conservative,65+,College graduate+,0.2310642757018659
201801176460.0,Some,Came about naturally,Dem/Lean Dem,Moderate,65+,College graduate+,1.1015492235316318
201801176471.0,Not much,Came about naturally,Dem/Lean Dem,Moderate,30-49,College graduate+,0.3206291340585848
201801176521.0,Some,Was developed intentionally in a lab,Dem/Lean Dem,Liberal,30-49,College graduate+,0.5219845504220996
201801176553.0,Some,Came about naturally,Rep/Lean Rep,Very conservative,65+,College graduate+,0.28718500597209207
201801176557.0,Not much,Came about naturally,Dem/Lean Dem,Moderate,65+,College graduate+,0.18930857569764087
201801176560.0,None at all,Came about naturally,Dem/Lean Dem,Very liberal,65+,College graduate+,0.31700773711954594
201801176604.0,A lot,Was developed intentionally in a lab,Rep/Lean Rep,Very conservative,30-49,H.S. graduate or less,4.145183502889632
201801176627.0,None at all,Was developed intentionally in a lab,DK/Refused/No lean,Moderate,50-64,Some College,0.24237309133569604
201801176637.0,None at all,Was developed intentionally in a lab,Rep/Lean Rep,Conservative,30-49,Some College,1.85035637716333
201801176653.0,Not much,Not sure,Rep/Lean Rep,Moderate,50-64,H.S. graduate or less,2.7216100696947825
201801176687.0,None at all,Not sure,Dem/Lean Dem,Liberal,30-49,Some College,1.6381416167853549
201801176820.0,None at all,Not sure,Rep/Lean Rep,Very conservative,65+,College graduate+,0.24586315584496884
201801176913.0,None at all,Not sure,Dem/Lean Dem,Very liberal,18-29,Some College,1.407309783645263
201801176964.0,Not much,Was developed intentionally in a lab,Rep/Lean Rep,Conservative,65+,Some College,0.43934491567287387
201801176967.0,Not much,Not sure,Dem/Lean Dem,Moderate,30-49,Some College,0.6540631215975309
201801177090.0,Not much,Not sure,Dem/Lean Dem,Moderate,50-64,College graduate+,0.2326032419849029
201801177096.0,Some,Was developed intentionally in a lab,Rep/Lean Rep,Conservative,65+,College graduate+,0.6532054487278396
201801177178.0,Some,Came about naturally,Rep/Lean Rep,Conservative,30-49,College graduate+,0.5750624580553446
201801177268.0,A lot,Was developed intentionally in a lab,Rep/Lean Rep,Moderate,30-49,Some College,3.115732081103134
201801177312.0,Some,Came about naturally,Rep/Lean Rep,Conservative,50-64,H.S. graduate or less,0.8557120846365642
201801177349.0,None at all,Came about naturally,Rep/Lean Rep,Moderate,30-49,Some College,1.5995851119438806
201801177373.0,Some,Not sure,Rep/Lean Rep,Very conservative,65+,College graduate+,0.5548564996706745
201801177382.0,Some,Not sure,Rep/Lean Rep,Conservative,30-49,College graduate+,0.26293418130573465
201801177436.0,Some,Came about naturally,Dem/Lean Dem,Very liberal,65+,College graduate+,0.31700773711954594
201801177443.0,None at all,Not sure,Dem/Lean Dem,Moderate,30-49,H.S. graduate or less,5.856125008413089
201801177454.0,Not much,Came about naturally,Dem/Lean Dem,Very liberal,30-49,College graduate+,0.7414053512445121
201801177467.0,Not much,Came about naturally,Dem/Lean Dem,Moderate,65+,Some College,0.3107872155268035
201801177470.0,Some,Came about naturally,Dem/Lean Dem,Moderate,30-49,Some College,2.2303871119431493
201801177476.0,Some,Came about naturally,Rep/Lean Rep,Conservative,30-49,College graduate+,0.7726702242543458
201801177513.0,Some,Came about naturally,Dem/Lean Dem,Moderate,50-64,College graduate+,0.3192763252864371
201801177514.0,Not much,Came about naturally,Rep/Lean Rep,Conservative,50-64,College graduate+,0.3590578667638715
201801177602.0,Some,Not sure,Rep/Lean Rep,Moderate,65+,College graduate+,0.6835323900620388
201801177632.0,A lot,Not sure,Dem/Lean Dem,Very liberal,18-29,College graduate+,0.4369423113763105
201801177635.0,A lot,Came about naturally,Dem/Lean Dem,Moderate,50-64,College graduate+,0.5093639646895178
201801177657.0,Not much,Not sure,Dem/Lean Dem,Moderate,30-49,College graduate+,0.4568692162401136
201801177699.0,Not much,Came about naturally,Dem/Lean Dem,Very liberal,18-29,College graduate+,0.609361024731081
201801177708.0,Not much,Came about naturally,Rep/Lean Rep,Moderate,65+,College graduate+,0.4980542188736745
201801177771.0,Some,Came about naturally,Dem/Lean Dem,Very liberal,30-49,Some College,1.603750012504149
201801177796.0,Some,Came about naturally,Dem/Lean Dem,Moderate,30-49,College graduate+,0.346989906466266
201801177849.0,None at all,Came about naturally,Dem/Lean Dem,Liberal,50-64,Some College,0.2291415869640592
201801177861.0,A lot,Was developed intentionally in a lab,Dem/Lean Dem,Very liberal,50-64,Some College,0.9439618949334257
201801177869.0,Some,Came about naturally,Rep/Lean Rep,Very conservative,65+,Some College,1.4006546171055858
201801177907.0,None at all,Not sure,Rep/Lean Rep,Very conservative,30-49,College graduate+,0.44705401190499194
201801177916.0,Some,Came about naturally,Dem/Lean Dem,Liberal,50-64,College graduate+,0.2294429594368617
201801177959.0,Not much,Not sure,Rep/Lean Rep,Moderate,65+,College graduate+,0.28718500597209207
201801177986.0,Some,Was developed intentionally in a lab,Rep/Lean Rep,Moderate,50-64,H.S. graduate or less,2.087684332290775
201801178033.0,Not much,Came about naturally,Rep/Lean Rep,Conservative,50-64,Some College,0.47263330639362666
201801178124.0,None at all,Came about naturally,Dem/Lean Dem,Moderate,65+,College graduate+,0.18930857569764087
201801178125.0,Not much,Came about naturally,Dem/Lean Dem,Moderate,50-64,College graduate+,0.44705401190499194
201801178200.0,Not much,Came about naturally,Dem/Lean Dem,Moderate,30-49,Some College,0.7604761753836663
201801178205.0,Some,Came about naturally,Rep/Lean Rep,Moderate,18-29,College graduate+,3.3072226233318927
201801178334.0,None at all,Was developed intentionally in a lab,Dem/Lean Dem,Very liberal,50-64,College graduate+,0.6925219965825834
201801178398.0,Some,Came about naturally,Dem/Lean Dem,Moderate,18-29,Some College,0.8079795701015345
201801178564.0,Some,Not sure,Dem/Lean Dem,Very liberal,18-29,College graduate+,2.0136594954972606
201801178623.0,Not much,Came about naturally,Dem/Lean Dem,Liberal,30-49,College graduate+,0.47630777213463427
201801178795.0,A lot,Was developed intentionally in a lab,Rep/Lean Rep,Moderate,30-49,Some College,0.8472181270297405
201801178944.0,Not much,Came about naturally,Dem/Lean Dem,Moderate,65+,H.S. graduate or less,1.8470674719387365
201801179019.0,None at all,Came about naturally,Rep/Lean Rep,Moderate,50-64,College graduate+,0.5899957434025324
201801179025.0,None at all,Came about naturally,Dem/Lean Dem,Liberal,50-64,College graduate+,0.36364165075548666
201801179049.0,Not much,Came about naturally,Rep/Lean Rep,Moderate,50-64,Some College,0.9877825586449938
201801179066.0,None at all,Came about naturally,Rep/Lean Rep,Moderate,50-64,College graduate+,0.6665541827663765
201801179165.0,Not much,Not sure,Rep/Lean Rep,Conservative,65+,Some College,1.4234886454819229
201801179218.0,A lot,Was developed intentionally in a lab,Rep/Lean Rep,Moderate,18-29,Some College,3.4264335513739383
201801179274.0,None at all,Not sure,DK/Refused/No lean,Refused,30-49,H.S. graduate or less,1.5017272638585133
201801179312.0,Not much,Not sure,Dem/Lean Dem,Very liberal,65+,College graduate+,0.31700773711954594
201801179349.0,None at all,Came about naturally,Dem/Lean Dem,Liberal,50-64,College graduate+,0.36364165075548666
201801179378.0,Some,Was made accidentally in a lab,Dem/Lean Dem,Moderate,30-49,H.S. graduate or less,5.6306080621668135
201801179388.0,Not much,Was developed intentionally in a lab,Dem/Lean Dem,Moderate,18-29,Some College,3.3807536166446153
201801179434.0,Some,Not sure,Dem/Lean Dem,Moderate,18-29,Some College,1.2891223357367578
201801179436.0,Some,Doesn’t really exist,Dem/Lean Dem,Conservative,30-49,College graduate+,0.5389681417443806
201801179484.0,Some,Came about naturally,Dem/Lean Dem,Very liberal,18-29,College graduate+,0.6185743208781285
201801179559.0,Not much,Came about naturally,Dem/Lean Dem,Moderate,18-29,College graduate+,0.8408496489035225
201801179582.0,Some,Came about naturally,Dem/Lean Dem,Liberal,65+,College graduate+,0.31700773711954594
201801179595.0,Not much,Came about naturally,Dem/Lean Dem,Liberal,50-64,College graduate+,0.41844765124830724
201801179650.0,Some,Came about naturally,Dem/Lean Dem,Moderate,50-64,College graduate+,0.2326032419849029
201801179657.0,Some,Came about naturally,Dem/Lean Dem,Liberal,30-49,College graduate+,0.5389681417443806
201801179703.0,Not much,Came about naturally,Rep/Lean Rep,Moderate,30-49,College graduate+,0.44705401190499194
201801179787.0,Some,Came about naturally,Dem/Lean Dem,Moderate,30-49,College graduate+,0.35842635084045804
201801179890.0,Not much,Came about naturally,Dem/Lean Dem,Moderate,30-49,College graduate+,0.5389681417443806
201801179899.0,Not much,Came about naturally,Dem/Lean Dem,Moderate,30-49,College graduate+,1.1648786987994897
201801179900.0,A lot,Was developed intentionally in a lab,Dem/Lean Dem,Very liberal,65+,College graduate+,1.046360314443209
201801179909.0,Some,Came about naturally,Dem/Lean Dem,Very liberal,30-49,Some College,0.47763472929788436
201801179914.0,Not much,Was developed intentionally in a lab,Dem/Lean Dem,Liberal,50-64,College graduate+,0.24160045692589052
201801179922.0,Some,Came about naturally,Dem/Lean Dem,Liberal,30-49,College graduate+,0.5575009957315467
201801179946.0,Not much,Came about naturally,Dem/Lean Dem,Moderate,30-49,College graduate+,0.7414053512445121
201801180048.0,Not much,Came about naturally,Dem/Lean Dem,Moderate,30-49,College graduate+,2.0136594954972606
201801180050.0,Not much,Came about naturally,Dem/Lean Dem,Very liberal,30-49,College graduate+,0.3206291340585848
201801180081.0,Not much,Came about naturally,Dem/Lean Dem,Liberal,65+,College graduate+,0.4118632994549787
201801180095.0,Some,Came about naturally,Dem/Lean Dem,Very liberal,65+,College graduate+,0.4415814611290617
201801180109.0,None at all,Came about naturally,Dem/Lean Dem,Moderate,65+,Some College,0.862196825205366
201801180117.0,Some,Came about naturally,Dem/Lean Dem,Liberal,50-64,College graduate+,0.2326032419849029
201801180148.0,None at all,Came about naturally,Dem/Lean Dem,Moderate,50-64,College graduate+,0.7999761262685638
201801180192.0,None at all,Not sure,Rep/Lean Rep,Moderate,65+,College graduate+,0.28718500597209207
201801180228.0,None at all,Came about naturally,Dem/Lean Dem,Liberal,65+,College graduate+,0.38928286626291314
201801180257.0,Some,Came about naturally,Dem/Lean Dem,Liberal,50-64,Some College,0.7407285437512992
201801180327.0,Not much,Was developed intentionally in a lab,Dem/Lean Dem,Moderate,30-49,College graduate+,0.764308233813866
201801180404.0,Some,Came about naturally,Dem/Lean Dem,Moderate,50-64,College graduate+,0.9223859287286932
201801180415.0,Not much,Was made accidentally in a lab,Dem/Lean Dem,Liberal,65+,Some College,0.2813329211945452
201801180426.0,None at all,Came about naturally,Rep/Lean Rep,Conservative,50-64,College graduate+,0.8373718248326366
201801180451.0,Some,Came about naturally,Rep/Lean Rep,Very conservative,30-49,College graduate+,5.274980967885134
201801180460.0,Not much,Not sure,Dem/Lean Dem,Liberal,65+,College graduate+,0.31700773711954594
201801180469.0,Some,Not sure,Rep/Lean Rep,Moderate,30-49,College graduate+,1.0453758685007077
201801180526.0,Some,Was developed intentionally in a lab,Rep/Lean Rep,Moderate,50-64,Some College,0.6675822502343037
201801180551.0,None at all,Came about naturally,Dem/Lean Dem,Moderate,50-64,College graduate+,0.36364165075548666
201801180560.0,None at all,Came about naturally,Dem/Lean Dem,Moderate,65+,College graduate+,0.6360276338362635
201801180562.0,Some,Came about naturally,Dem/Lean Dem,Moderate,65+,College graduate+,0.4118632994549787
201801180578.0,Not much,Came about naturally,Dem/Lean Dem,Liberal,50-64,College graduate+,0.8755998119538398
201801180610.0,Some,Not sure,Rep/Lean Rep,Conservative,50-64,Some College,0.8728240632307182
201801180616.0,Some,Not sure,Rep/Lean Rep,Conservative,30-49,College graduate+,0.4372381949008958
201801180635.0,None at all,Came about naturally,Dem/Lean Dem,Moderate,30-49,College graduate+,0.8755998119538398
201801180642.0,None at all,Came about naturally,Dem/Lean Dem,Liberal,30-49,College graduate+,2.961231677955746
201801180691.0,Some,Came about naturally,Dem/Lean Dem,Moderate,50-64,College graduate+,1.1996044719757821
201801180739.0,Some,Not sure,Rep/Lean Rep,Conservative,30-49,College graduate+,0.7301899566551923
201801180760.0,Some,Came about naturally,Dem/Lean Dem,Very liberal,65+,College graduate+,0.31700773711954594
201801180795.0,Not much,Not sure,Rep/Lean Rep,Conservative,65+,College graduate+,0.2559752922890272
201801180808.0,Not much,Came about naturally,Dem/Lean Dem,Liberal,65+,College graduate+,0.731697566812459
201801180809.0,Not much,Not sure,Rep/Lean Rep,Moderate,30-49,College graduate+,1.5145889158898633
201801180827.0,None at all,Came about naturally,Dem/Lean Dem,Moderate,30-49,College graduate+,0.5000637193889079
201801180858.0,None at all,Came about naturally,Dem/Lean Dem,Very liberal,65+,College graduate+,0.731697566812459
201801180933.0,Some,Not sure,Rep/Lean Rep,Conservative,50-64,Some College,0.341413577213554
201801180940.0,Some,Was made accidentally in a lab,Dem/Lean Dem,Very liberal,30-49,College graduate+,0.5942470084169023
201801180941.0,Some,Came about naturally,Dem/Lean Dem,Liberal,30-49,College graduate+,0.5389681417443806
201801180947.0,Not much,Not sure,Dem/Lean Dem,Very liberal,50-64,College graduate+,1.1648786987994897
201801181004.0,Some,Came about naturally,Dem/Lean Dem,Very liberal,30-49,College graduate+,0.36364165075548666
201801181034.0,None at all,Not sure,Dem/Lean Dem,Very liberal,18-29,H.S. graduate or less,4.424102415041544
201801181150.0,Not much,Not sure,Dem/Lean Dem,Liberal,50-64,College graduate+,0.2326032419849029
201801181172.0,None at all,Was developed intentionally in a lab,Dem/Lean Dem,Moderate,30-49,College graduate+,0.346989906466266
201801181251.0,Some,Came about naturally,Dem/Lean Dem,Very liberal,50-64,College graduate+,0.11003136598565219
201801181256.0,Not much,Not sure,Dem/Lean Dem,Liberal,50-64,Some College,0.5277237104141514
201801181298.0,Not much,Came about naturally,Dem/Lean Dem,Very liberal,30-49,Some College,1.9668057345964558
201801181325.0,None at all,Came about naturally,Dem/Lean Dem,Liberal,30-49,College graduate+,0.758525813369407
201801181335.0,Not much,Came about naturally,Dem/Lean Dem,Liberal,50-64,College graduate+,0.1249624852987004
201801181342.0,Not much,Came about naturally,Dem/Lean Dem,Liberal,65+,College graduate+,0.18930857569764087
201801181346.0,None at all,Came about naturally,Dem/Lean Dem,Very liberal,50-64,College graduate+,0.2326032419849029
201801181363.0,Some,Came about naturally,Rep/Lean Rep,Moderate,30-49,College graduate+,0.4568692162401136
201801181377.0,Not much,Came about naturally,Dem/Lean Dem,Liberal,65+,College graduate+,0.731697566812459
201801181393.0,Some,Came about naturally,Dem/Lean Dem,Very liberal,18-29,College graduate+,1.840563969547827
201801181409.0,Some,Came about naturally,Dem/Lean Dem,Very liberal,50-64,College graduate+,0.18938145248444568
201801181450.0,Some,Came about naturally,Dem/Lean Dem,Liberal,65+,College graduate+,0.18930857569764087
201801181453.0,None at all,Came about naturally,Dem/Lean Dem,Liberal,65+,College graduate+,0.4058917607663572
201801181456.0,Some,Came about naturally,Dem/Lean Dem,Liberal,65+,College graduate+,0.31700773711954594
201801181491.0,Not much,Came about naturally,Dem/Lean Dem,Very liberal,50-64,College graduate+,0.2326032419849029
201801181583.0,Some,Came about naturally,Dem/Lean Dem,Liberal,30-49,College graduate+,0.35202299616376354
201801181585.0,Some,Came about naturally,Dem/Lean Dem,Liberal,65+,College graduate+,0.731697566812459
201801181591.0,Not much,Came about naturally,Dem/Lean Dem,Very liberal,30-49,College graduate+,0.19031900374092678
201801181615.0,Some,Came about naturally,Rep/Lean Rep,Moderate,65+,Some College,0.43940425097138075
201801181717.0,A lot,Not sure,Rep/Lean Rep,Moderate,50-64,College graduate+,0.3192763252864371
201801181772.0,Not much,Came about naturally,Dem/Lean Dem,Moderate,30-49,College graduate+,0.44705401190499194
201801181776.0,None at all,Came about naturally,Dem/Lean Dem,Moderate,50-64,College graduate+,0.7999761262685638
201801181815.0,Some,Came about naturally,Dem/Lean Dem,Very liberal,30-49,Some College,1.8913136300686995
201801181817.0,Some,Came about naturally,Dem/Lean Dem,Liberal,18-29,College graduate+,0.5575009957315467
201801181839.0,Some,Was developed intentionally in a lab,Rep/Lean Rep,Conservative,30-49,College graduate+,0.4568692162401136
201801181845.0,A lot,Came about naturally,Dem/Lean Dem,Liberal,50-64,Some College,0.653676850813965
201801181892.0,Not much,Came about naturally,Dem/Lean Dem,Liberal,50-64,H.S. graduate or less,2.458050216912133
201801181908.0,Not much,Came about naturally,Dem/Lean Dem,Very liberal,30-49,College graduate+,0.3160883804055207
201801181948.0,Not much,Came about naturally,Dem/Lean Dem,Liberal,65+,College graduate+,0.4118632994549787
201801181993.0,Not much,Came about naturally,Dem/Lean Dem,Liberal,50-64,College graduate+,0.36364165075548666
201801182061.0,Not much,Was developed intentionally in a lab,DK/Refused/No lean,Moderate,50-64,Some College,1.5248373970023459
201801182135.0,Not much,Came about naturally,Rep/Lean Rep,Moderate,30-49,College graduate+,0.21039994895153874
201801182143.0,Not much,Came about naturally,Rep/Lean Rep,Moderate,65+,College graduate+,0.3861076073283847
201801182160.0,Some,Came about naturally,Rep/Lean Rep,Moderate,30-49,College graduate+,0.9609176868269501
201801182271.0,None at all,Was developed intentionally in a lab,Dem/Lean Dem,Liberal,30-49,College graduate+,0.19540567166617795
201801182350.0,Some,Refused,Rep/Lean Rep,Moderate,30-49,H.S. graduate or less,7.487621221765812
201801182365.0,None at all,Came about naturally,Dem/Lean Dem,Very liberal,65+,College graduate+,0.6360276338362635
201801182402.0,Not much,Came about naturally,Rep/Lean Rep,Conservative,50-64,Some College,0.4193012432916799
201801182469.0,A lot,Not sure,DK/Refused/No lean,Refused,50-64,H.S. graduate or less,2.428421977040469
201801182535.0,Some,Came about naturally,Dem/Lean Dem,Liberal,65+,College graduate+,0.7092400878500541
201801182569.0,None at all,Came about naturally,Rep/Lean Rep,Conservative,50-64,Some College,1.056054708046537
201801182580.0,A lot,Came about naturally,Rep/Lean Rep,Conservative,50-64,College graduate+,0.2914983628884342
201801182653.0,Not much,Came about naturally,Dem/Lean Dem,Moderate,50-64,College graduate+,1.0432168957105008
201801182674.0,Not much,Came about naturally,DK/Refused/No lean,Conservative,65+,College graduate+,0.5803723633964334
201801182677.0,None at all,Came about naturally,Dem/Lean Dem,Liberal,30-49,College graduate+,1.309381083180767
201801182742.0,Not much,Came about naturally,Dem/Lean Dem,Liberal,30-49,College graduate+,0.35202299616376354
201801182745.0,None at all,Came about naturally,Dem/Lean Dem,Very liberal,65+,College graduate+,0.31700773711954594
201801182746.0,Not much,Came about naturally,DK/Refused/No lean,Moderate,65+,College graduate+,0.4415814611290617
201801182749.0,None at all,Came about naturally,Dem/Lean Dem,Liberal,65+,College graduate+,0.31252377623184197
201801182779.0,Refused,Came about naturally,Rep/Lean Rep,Very conservative,65+,Some College,0.712691096436868
201801182799.0,Not much,Came about naturally,Dem/Lean Dem,Liberal,50-64,Some College,0.34310025740478006
201801182903.0,None at all,Came about naturally,Dem/Lean Dem,Moderate,50-64,College graduate+,0.5899957434025324
201801182931.0,None at all,Came about naturally,Dem/Lean Dem,Liberal,50-64,College graduate+,0.36364165075548666
201801182942.0,None at all,Came about naturally,Dem/Lean Dem,Liberal,65+,College graduate+,0.4415814611290617
201801182952.0,Some,Not sure,Dem/Lean Dem,Liberal,18-29,College graduate+,4.561877490054836
201801183013.0,Some,Came about naturally,Rep/Lean Rep,Conservative,50-64,College graduate+,1.3782060704703711
201801183049.0,Not much,Came about naturally,Rep/Lean Rep,Conservative,50-64,College graduate+,0.6665541827663765
201801183094.0,Not much,Came about naturally,Rep/Lean Rep,Moderate,65+,Some College,0.5174617346639645
201801183132.0,None at all,Not sure,Rep/Lean Rep,Very conservative,50-64,H.S. graduate or less,0.8557120846365642
201801183150.0,Some,Came about naturally,Dem/Lean Dem,Very liberal,65+,College graduate+,0.18930857569764087
201801183153.0,Some,Not sure,Rep/Lean Rep,Conservative,65+,Some College,1.0071960159703082
201801183163.0,Some,Came about naturally,Rep/Lean Rep,Very conservative,50-64,College graduate+,0.6352631550996556
201801183285.0,Some,Came about naturally,Dem/Lean Dem,Moderate,50-64,College graduate+,0.3192763252864371
201801183375.0,Not much,Came about naturally,Dem/Lean Dem,Moderate,65+,College graduate+,0.31700773711954594
201801183404.0,Not much,Came about naturally,Rep/Lean Rep,Moderate,50-64,College graduate+,0.25977479373231127
201801183407.0,Some,Was developed intentionally in a lab,Rep/Lean Rep,Moderate,65+,College graduate+,0.2559752922890272
201801183418.0,Not much,Came about naturally,Dem/Lean Dem,Moderate,65+,College graduate+,0.31700773711954594
201801183575.0,Not much,Not sure,Dem/Lean Dem,Moderate,65+,Some College,0.8491629051505758
201801183613.0,None at all,Came about naturally,Rep/Lean Rep,Conservative,30-49,College graduate+,0.5555764263620969
201801183624.0,Some,Came about naturally,Dem/Lean Dem,Moderate,18-29,H.S. graduate or less,6.295785854233406
201801183650.0,Not much,Came about naturally,DK/Refused/No lean,Moderate,30-49,College graduate+,1.191199369665968
201801183671.0,None at all,Came about naturally,Rep/Lean Rep,Moderate,30-49,Some College,0.6760668510788223
201801183676.0,Not much,Was developed intentionally in a lab,Rep/Lean Rep,Refused,50-64,Some College,1.5248373970023459
201801183718.0,Some,Not sure,Dem/Lean Dem,Moderate,50-64,College graduate+,0.44705401190499194
201801183764.0,Not much,Came about naturally,Dem/Lean Dem,Liberal,30-49,H.S. graduate or less,0.8609374609863716
201801183772.0,Some,Came about naturally,Rep/Lean Rep,Moderate,50-64,College graduate+,0.2995159737778196
201801183819.0,None at all,Came about naturally,Dem/Lean Dem,Moderate,50-64,Some College,0.7999765727660453
201801183823.0,Not much,Came about naturally,Rep/Lean Rep,Moderate,50-64,College graduate+,0.8669209723171083
201801183854.0,Some,Came about naturally,Dem/Lean Dem,Liberal,50-64,College graduate+,0.41844765124830724
201801183856.0,Some,Was developed intentionally in a lab,Rep/Lean Rep,Very conservative,65+,H.S. graduate or less,2.9805375087964263
201801183916.0,None at all,Came about naturally,Dem/Lean Dem,Liberal,50-64,College graduate+,0.6152891002507207
201801183930.0,None at all,Came about naturally,Dem/Lean Dem,Moderate,65+,College graduate+,0.18930857569764087
201801183945.0,Not much,Was developed intentionally in a lab,Rep/Lean Rep,Conservative,65+,College graduate+,0.28718500597209207
201801183972.0,Not much,Came about naturally,Rep/Lean Rep,Conservative,65+,College graduate+,0.28718500597209207
201801184013.0,Not much,Came about naturally,Dem/Lean Dem,Liberal,30-49,College graduate+,0.3173946588434713
201801184027.0,A lot,Came about naturally,Dem/Lean Dem,Liberal,65+,H.S. graduate or less,0.9161853739665011
201801184093.0,Some,Came about naturally,Rep/Lean Rep,Very conservative,30-49,College graduate+,0.668339689860414
201801184097.0,Some,Not sure,Rep/Lean Rep,Very conservative,50-64,Some College,0.44638044975012603
201801184119.0,A lot,Not sure,Rep/Lean Rep,Conservative,30-49,College graduate+,0.5555764263620969
201801184222.0,Not much,Not sure,Dem/Lean Dem,Moderate,30-49,Some College,0.4378412400168355
201801184346.0,Not much,Came about naturally,Dem/Lean Dem,Conservative,50-64,H.S. graduate or less,0.41251200561070933
201801184381.0,Some,Not sure,Dem/Lean Dem,Moderate,65+,College graduate+,0.6360276338362635
201801184436.0,Some,Came about naturally,Dem/Lean Dem,Very liberal,50-64,College graduate+,0.3206291340585848
201801184464.0,None at all,Came about naturally,Dem/Lean Dem,Liberal,18-29,Some College,2.7455715722239926
201801184499.0,None at all,Came about naturally,Rep/Lean Rep,Conservative,65+,College graduate+,1.0265237122495123
201801184535.0,Not much,Was developed intentionally in a lab,Dem/Lean Dem,Moderate,50-64,College graduate+,1.2209980886816691
201801184540.0,A lot,Not sure,Rep/Lean Rep,Conservative,65+,College graduate+,0.9069088371063778
201801184553.0,Not much,Came about naturally,Dem/Lean Dem,Liberal,30-49,Some College,0.2882385310544031
201801184555.0,Some,Not sure,Dem/Lean Dem,Moderate,18-29,Some College,2.6591363960621845
201801184572.0,Not much,Was made accidentally in a lab,Rep/Lean Rep,Moderate,30-49,College graduate+,0.4417102446780824
201801184588.0,Some,Was developed intentionally in a lab,Rep/Lean Rep,Moderate,50-64,College graduate+,1.0674830610839652
201801184609.0,None at all,Came about naturally,Dem/Lean Dem,Very liberal,30-49,College graduate+,0.7414053512445121
201801184628.0,Not much,Came about naturally,Rep/Lean Rep,Very conservative,65+,Some College,0.5842854574937026
201801184638.0,None at all,Came about naturally,Rep/Lean Rep,Conservative,65+,Some College,0.43934491567287387
201801184669.0,Some,Came about naturally,Rep/Lean Rep,Conservative,65+,College graduate+,0.2559752922890272
201801184699.0,Some,Came about naturally,Dem/Lean Dem,Moderate,65+,College graduate+,0.4415814611290617
201801184766.0,None at all,Came about naturally,Dem/Lean Dem,Liberal,30-49,Some College,1.1338220540269557
201801184820.0,Not much,Came about naturally,Dem/Lean Dem,Liberal,50-64,College graduate+,0.8485019022729271
201801184905.0,Not much,Came about naturally,Rep/Lean Rep,Very conservative,50-64,College graduate+,0.2914983628884342
201801184913.0,Some,Came about naturally,Dem/Lean Dem,Liberal,65+,College graduate+,0.18930857569764087
201801184933.0,None at all,Came about naturally,Dem/Lean Dem,Liberal,65+,College graduate+,0.31700773711954594
201801184941.0,None at all,Came about naturally,DK/Refused/No lean,Conservative,65+,College graduate+,0.2559752922890272
201801184981.0,A lot,Came about naturally,Rep/Lean Rep,Moderate,30-49,Some College,1.49791859771508
201801185024.0,None at all,Came about naturally,Dem/Lean Dem,Moderate,50-64,Some College,0.6439130572263572
201801185038.0,Not much,Came about naturally,Dem/Lean Dem,Very liberal,30-49,College graduate+,0.6108872085645908
201801185042.0,Not much,Came about naturally,Dem/Lean Dem,Very liberal,30-49,College graduate+,0.32727486259458716
201801185045.0,Some,Came about naturally,Dem/Lean Dem,Moderate,50-64,College graduate+,0.3206291340585848
201801185053.0,Not much,Not sure,Dem/Lean Dem,Liberal,30-49,College graduate+,0.758525813369407
201801185067.0,None at all,Came about naturally,Dem/Lean Dem,Very liberal,50-64,College graduate+,0.41844765124830724
201801185073.0,A lot,Came about naturally,Dem/Lean Dem,Moderate,30-49,Some College,0.6542960991683047
201801185074.0,Some,Not sure,Dem/Lean Dem,Liberal,50-64,College graduate+,1.3722484494402223
201801185095.0,Some,Came about naturally,Dem/Lean Dem,Moderate,30-49,College graduate+,0.5325200972531944
201801185107.0,None at all,Came about naturally,Dem/Lean Dem,Moderate,65+,College graduate+,0.18930857569764087
201801185109.0,Some,Came about naturally,Dem/Lean Dem,Liberal,50-64,College graduate+,0.2326032419849029
201801185122.0,Not much,Came about naturally,Dem/Lean Dem,Liberal,65+,College graduate+,0.731697566812459
201801185148.0,Not much,Came about naturally,Dem/Lean Dem,Liberal,50-64,College graduate+,0.36364165075548666
201801185189.0,Some,Came about naturally,Dem/Lean Dem,Liberal,50-64,College graduate+,0.2326032419849029
201801185202.0,Some,Was developed intentionally in a lab,Dem/Lean Dem,Moderate,18-29,Some College,1.9668057345964558
201801185209.0,Some,Came about naturally,Dem/Lean Dem,Very liberal,50-64,College graduate+,0.3206291340585848
201801185253.0,Some,Came about naturally,Rep/Lean Rep,Conservative,30-49,College graduate+,2.3511061919366423
201801185258.0,Not much,Came about naturally,Dem/Lean Dem,Liberal,18-29,Some College,0.8079795701015345
201801185276.0,A lot,Came about naturally,DK/Refused/No lean,Conservative,65+,College graduate+,0.2559752922890272
201801185286.0,Not much,Not sure,Rep/Lean Rep,Moderate,65+,College graduate+,1.1849089953012637
201801185296.0,None at all,Came about naturally,Dem/Lean Dem,Liberal,50-64,College graduate+,0.2326032419849029
201801185319.0,None at all,Came about naturally,Dem/Lean Dem,Very liberal,65+,College graduate+,0.18930857569764087
201801185321.0,Some,Came about naturally,Dem/Lean Dem,Moderate,65+,Some College,0.709904816182732
201801185409.0,None at all,Not sure,Dem/Lean Dem,Very liberal,30-49,Some College,0.38892779518418896
201801185413.0,Some,Not sure,Dem/Lean Dem,Very liberal,30-49,Some College,0.28968935786312655
201801185425.0,None at all,Came about naturally,Dem/Lean Dem,Liberal,30-49,College graduate+,0.36364165075548666
201801185448.0,Not much,Came about naturally,Dem/Lean Dem,Liberal,65+,College graduate+,0.4058917607663572
201801185490.0,Some,Came about naturally,Rep/Lean Rep,Very conservative,65+,College graduate+,0.2559752922890272
201801185495.0,Not much,Came about naturally,Dem/Lean Dem,Liberal,50-64,College graduate+,0.5214392925423408
201801185508.0,None at all,Not sure,Dem/Lean Dem,Liberal,18-29,H.S. graduate or less,5.335944870152171
201801185622.0,None at all,Came about naturally,Rep/Lean Rep,Moderate,50-64,Some College,0.5648825414790215
201801185678.0,None at all,Came about naturally,Dem/Lean Dem,Moderate,50-64,College graduate+,0.41844765124830724
201801185686.0,A lot,Not sure,Rep/Lean Rep,Conservative,18-29,Some College,4.025213934784594
201801185722.0,None at all,Not sure,Dem/Lean Dem,Liberal,50-64,Some College,0.2692229282588516
201801185751.0,None at all,Came about naturally,Dem/Lean Dem,Liberal,30-49,College graduate+,0.4568692162401136
201801185791.0,Some,Not sure,Dem/Lean Dem,Moderate,50-64,Some College,1.1468779264567004
201801185818.0,Some,Was developed intentionally in a lab,DK/Refused/No lean,Moderate,30-49,Some College,1.6322292590555523
201801185852.0,Some,Not sure,Dem/Lean Dem,Liberal,50-64,College graduate+,0.7194263813490541
201801185868.0,Some,Came about naturally,Dem/Lean Dem,Moderate,50-64,Some College,0.32280836041134475
201801185908.0,A lot,Not sure,Rep/Lean Rep,Conservative,50-64,College graduate+,0.44705401190499194
201801185987.0,Not much,Came about naturally,Dem/Lean Dem,Moderate,50-64,College graduate+,0.18938145248444568
201801185994.0,Not much,Was developed intentionally in a lab,Rep/Lean Rep,Conservative,65+,H.S. graduate or less,2.9805375087964263
201801186033.0,Not much,Came about naturally,Dem/Lean Dem,Liberal,50-64,Some College,0.653676850813965
201801186066.0,Not much,Not sure,Rep/Lean Rep,Conservative,50-64,H.S. graduate or less,1.050232986358601
201801186075.0,Some,Came about naturally,Dem/Lean Dem,Very liberal,50-64,College graduate+,0.2776105404450581
201801186113.0,None at all,Was made accidentally in a lab,Dem/Lean Dem,Moderate,65+,H.S. graduate or less,5.323021772744223
201801186171.0,A lot,Came about naturally,Dem/Lean Dem,Moderate,65+,Some College,0.3899262483536219
201801186217.0,A lot,Came about naturally,Rep/Lean Rep,Refused,50-64,H.S. graduate or less,2.6954795131981357
201801186221.0,Some,Not sure,Rep/Lean Rep,Very conservative,65+,H.S. graduate or less,1.4907256776069069
201801186237.0,Some,Was made accidentally in a lab,Rep/Lean Rep,Conservative,50-64,College graduate+,0.43400983974197954
201801186270.0,Not much,Came about naturally,Rep/Lean Rep,Moderate,30-49,Some College,0.6381563021785197
201801186295.0,Not much,Came about naturally,Dem/Lean Dem,Moderate,65+,College graduate+,0.5803723633964334
201801186310.0,A lot,Not sure,Dem/Lean Dem,Moderate,18-29,College graduate+,2.9149643744232123
201801186331.0,Some,Came about naturally,Rep/Lean Rep,Very conservative,65+,College graduate+,0.28718500597209207
201801186387.0,None at all,Refused,Dem/Lean Dem,Moderate,65+,Some College,1.2362844702393232
201801186392.0,None at all,Came about naturally,Dem/Lean Dem,Very liberal,30-49,College graduate+,0.36364165075548666
201801186435.0,None at all,Came about naturally,Dem/Lean Dem,Moderate,50-64,H.S. graduate or less,0.5327331126689137
201801186483.0,Not much,Came about naturally,Dem/Lean Dem,Moderate,30-49,College graduate+,0.4921817942421262
201801186501.0,None at all,Was made accidentally in a lab,Rep/Lean Rep,Conservative,65+,H.S. graduate or less,2.9805375087964263
201801186509.0,Not much,Came about naturally,Dem/Lean Dem,Moderate,30-49,College graduate+,0.44705401190499194
201801186626.0,Not much,Came about naturally,Dem/Lean Dem,Liberal,18-29,College graduate+,0.3173946588434713
201801186658.0,Some,Was developed intentionally in a lab,Rep/Lean Rep,Conservative,65+,Some College,0.43934491567287387
201801186674.0,Not much,Was developed intentionally in a lab,Dem/Lean Dem,Liberal,30-49,College graduate+,0.3173946588434713
201801186698.0,Some,Came about naturally,Dem/Lean Dem,Very liberal,30-49,College graduate+,0.8392993449419209
201801186813.0,A lot,Not sure,Rep/Lean Rep,Conservative,30-49,College graduate+,1.3945589764965667
201801186834.0,Not much,Came about naturally,Dem/Lean Dem,Liberal,65+,College graduate+,0.18930857569764087
201801186884.0,Not much,Came about naturally,Dem/Lean Dem,Liberal,50-64,College graduate+,0.2326032419849029
201801186893.0,Not much,Came about naturally,Dem/Lean Dem,Liberal,50-64,H.S. graduate or less,0.7718972307603829
201801186905.0,Some,Came about naturally,Dem/Lean Dem,Liberal,50-64,College graduate+,0.2326032419849029
201801186909.0,Not much,Came about naturally,Dem/Lean Dem,Liberal,65+,College graduate+,0.731697566812459
201801186968.0,Not much,Came about naturally,Dem/Lean Dem,Very liberal,30-49,College graduate+,0.7313436166474172
201801186974.0,None at all,Came about naturally,Dem/Lean Dem,Liberal,65+,College graduate+,0.731697566812459
201801187027.0,Not much,Came about naturally,Dem/Lean Dem,Moderate,50-64,College graduate+,0.2326032419849029
201801187062.0,None at all,Not sure,Dem/Lean Dem,Moderate,65+,College graduate+,0.5324121783949853
201801187077.0,None at all,Came about naturally,Dem/Lean Dem,Very liberal,30-49,College graduate+,0.4995281418535165
201801187085.0,Some,Came about naturally,Dem/Lean Dem,Very liberal,65+,College graduate+,0.731697566812459
201801187103.0,Some,Came about naturally,Dem/Lean Dem,Liberal,30-49,College graduate+,0.35202299616376354
201801187127.0,Some,Came about naturally,Dem/Lean Dem,Very liberal,30-49,College graduate+,0.35202299616376354
201801187159.0,None at all,Came about naturally,Dem/Lean Dem,Very liberal,65+,College graduate+,0.27888153571034513
201801187171.0,Some,Not sure,Dem/Lean Dem,Liberal,30-49,College graduate+,0.35202299616376354
201801187204.0,Not much,Was made accidentally in a lab,Rep/Lean Rep,Conservative,18-29,Some College,5.7300303205591145
201801187211.0,Not much,Came about naturally,Dem/Lean Dem,Moderate,50-64,Some College,0.37227914890079805
201801187212.0,Some,Came about naturally,Dem/Lean Dem,Very liberal,30-49,College graduate+,0.7030602481331965
201801187243.0,Some,Not sure,Dem/Lean Dem,Liberal,30-49,Some College,0.47763472929788436
201801187245.0,Not much,Was developed intentionally in a lab,Dem/Lean Dem,Conservative,30-49,Some College,2.2966377391969917
201801187268.0,Not much,Came about naturally,Dem/Lean Dem,Moderate,50-64,College graduate+,0.3192763252864371
201801187298.0,Not much,Came about naturally,Dem/Lean Dem,Very liberal,30-49,College graduate+,0.758525813369407
201801187322.0,Some,Came about naturally,Dem/Lean Dem,Very liberal,50-64,College graduate+,0.5214392925423408
201801187343.0,Some,Came about naturally,Dem/Lean Dem,Liberal,30-49,Some College,0.9439618949334257
201801187356.0,Some,Came about naturally,DK/Refused/No lean,Moderate,65+,College graduate+,0.2228900847276511
201801187426.0,Some,Came about naturally,Dem/Lean Dem,Liberal,30-49,College graduate+,0.7313436166474172
201801187438.0,Some,Came about naturally,Rep/Lean Rep,Very conservative,65+,College graduate+,0.28718500597209207
201801187463.0,Not much,Was developed intentionally in a lab,Rep/Lean Rep,Moderate,30-49,H.S. graduate or less,2.1001383657370396
201801187518.0,Not much,Came about naturally,Dem/Lean Dem,Liberal,65+,College graduate+,0.4925434467607999
201801187525.0,Some,Came about naturally,Dem/Lean Dem,Very liberal,50-64,College graduate+,0.2776105404450581
201801187526.0,Some,Came about naturally,Rep/Lean Rep,Conservative,50-64,Some College,0.6381563021785197
201801187568.0,Some,Not sure,Rep/Lean Rep,Very conservative,50-64,College graduate+,0.25977479373231127
201801187570.0,Not much,Not sure,Dem/Lean Dem,Moderate,65+,Some College,0.36934720700493145
201801187574.0,Not much,Not sure,Dem/Lean Dem,Moderate,18-29,Some College,0.8258727872456332
201801187602.0,None at all,Not sure,Rep/Lean Rep,Very conservative,30-49,College graduate+,0.4568692162401136
201801187616.0,Not much,Was developed intentionally in a lab,Rep/Lean Rep,Moderate,65+,Some College,0.5174617346639645
201801187693.0,Not much,Came about naturally,Rep/Lean Rep,Conservative,30-49,Some College,1.4801013853245688
201801187765.0,Not much,Came about naturally,Dem/Lean Dem,Moderate,65+,Some College,0.36934720700493145
201801187792.0,Some,Not sure,Rep/Lean Rep,Conservative,30-49,College graduate+,1.718594514073378
201801187836.0,Some,Not sure,Dem/Lean Dem,Moderate,30-49,College graduate+,0.9310940574933219
201801187890.0,A lot,Was developed intentionally in a lab,Rep/Lean Rep,Moderate,30-49,Some College,1.5995851119438806
201801187893.0,Not much,Came about naturally,Dem/Lean Dem,Very liberal,65+,College graduate+,0.20293204405601017
201801187900.0,Not much,Came about naturally,Rep/Lean Rep,Conservative,65+,College graduate+,0.6059767267875358
201801187904.0,Not much,Came about naturally,Dem/Lean Dem,Liberal,65+,College graduate+,0.31700773711954594
201801187975.0,Some,Came about naturally,Dem/Lean Dem,Moderate,50-64,Some College,0.5648825414790215
201801188049.0,A lot,Came about naturally,Rep/Lean Rep,Conservative,30-49,H.S. graduate or less,1.0103506982798687
201801188129.0,None at all,Came about naturally,Rep/Lean Rep,Conservative,30-49,College graduate+,0.5042469656148796
201801188193.0,Some,Came about naturally,Rep/Lean Rep,Very conservative,18-29,Some College,1.301683632610377
201801188224.0,Not much,Came about naturally,Dem/Lean Dem,Very liberal,50-64,College graduate+,0.2326032419849029
201801188249.0,Some,Was made accidentally in a lab,Dem/Lean Dem,Moderate,65+,H.S. graduate or less,2.674312299284663
201801188260.0,Not much,Came about naturally,Dem/Lean Dem,Moderate,65+,College graduate+,0.2559752922890272
201801188311.0,None at all,Came about naturally,Dem/Lean Dem,Very liberal,30-49,College graduate+,0.19031900374092678
201801188328.0,None at all,Came about naturally,Dem/Lean Dem,Liberal,50-64,College graduate+,0.43320576006458444
201801188335.0,Not much,Came about naturally,Dem/Lean Dem,Liberal,65+,Some College,0.4465533459143053
201801188351.0,Some,Not sure,Rep/Lean Rep,Very conservative,65+,H.S. graduate or less,1.4907256776069069
201801188378.0,None at all,Came about naturally,Dem/Lean Dem,Moderate,65+,College graduate+,0.5366568912211624
201801188379.0,Some,Came about naturally,Dem/Lean Dem,Liberal,50-64,Some College,0.4508625364246568
201801188386.0,Some,Came about naturally,Rep/Lean Rep,Conservative,30-49,Some College,0.9367113618700068
201801188398.0,Some,Was developed intentionally in a lab,Rep/Lean Rep,Conservative,50-64,Some College,1.8941565575278985
201801188413.0,Not much,Came about naturally,Rep/Lean Rep,Moderate,65+,Some College,1.0382563102063362
201801188446.0,Some,Came about naturally,Dem/Lean Dem,Liberal,65+,Some College,0.862196825205366
201801188478.0,None at all,Came about naturally,Rep/Lean Rep,Conservative,30-49,College graduate+,0.42790173276492405
201801188508.0,Some,Came about naturally,Dem/Lean Dem,Liberal,50-64,College graduate+,0.8485019022729271
201801188514.0,Not much,Came about naturally,Dem/Lean Dem,Very liberal,50-64,College graduate+,0.8485019022729271
201801188581.0,Not much,Came about naturally,Dem/Lean Dem,Moderate,50-64,College graduate+,0.41844765124830724
201801188585.0,Some,Came about naturally,Dem/Lean Dem,Liberal,65+,College graduate+,0.31700773711954594
201801188589.0,Some,Came about naturally,Dem/Lean Dem,Moderate,30-49,College graduate+,0.3206291340585848
201801188616.0,Not much,Not sure,Dem/Lean Dem,Liberal,30-49,College graduate+,0.8185021702985322
201801188626.0,Some,Came about naturally,Dem/Lean Dem,Very liberal,30-49,College graduate+,0.9169796526385596
201801188643.0,A lot,Was made accidentally in a lab,Rep/Lean Rep,Very conservative,65+,Some College,1.4006546171055858
201801188663.0,Not much,Came about naturally,Dem/Lean Dem,Moderate,50-64,Some College,0.3014092313634092
201801188708.0,Some,Was developed intentionally in a lab,Rep/Lean Rep,Conservative,65+,Some College,0.43934491567287387
201801188786.0,Some,Came about naturally,Rep/Lean Rep,Conservative,50-64,Some College,0.9877825586449938
201801188879.0,None at all,Not sure,Dem/Lean Dem,Moderate,30-49,College graduate+,0.44705401190499194
201801188893.0,A lot,Was made accidentally in a lab,Rep/Lean Rep,Very conservative,50-64,College graduate+,0.24948054396811553
201801188933.0,A lot,Came about naturally,Dem/Lean Dem,Very liberal,30-49,College graduate+,0.3948164321988401
201801188973.0,Not much,Came about naturally,Dem/Lean Dem,Liberal,65+,College graduate+,0.44812162305878284
201801189069.0,None at all,Came about naturally,Dem/Lean Dem,Liberal,30-49,College graduate+,1.2165422888430655
201801189088.0,Some,Was developed intentionally in a lab,Rep/Lean Rep,Moderate,30-49,College graduate+,0.4568692162401136
201801189104.0,Some,Came about naturally,Dem/Lean Dem,Very liberal,18-29,Some College,1.1338220540269557
201801189132.0,None at all,Came about naturally,Rep/Lean Rep,Conservative,65+,College graduate+,0.28718500597209207
201801189173.0,Not much,Came about naturally,Dem/Lean Dem,Liberal,30-49,Some College,0.6760668510788223
201801189182.0,Some,Came about naturally,Dem/Lean Dem,Liberal,50-64,College graduate+,0.41844765124830724
201801189221.0,Some,Not sure,Rep/Lean Rep,Moderate,30-49,Some College,0.7643352253317424
201801189235.0,None at all,Came about naturally,Dem/Lean Dem,Moderate,65+,College graduate+,0.2559752922890272
201801189247.0,Some,Not sure,Rep/Lean Rep,Conservative,30-49,Some College,0.6381563021785197
201801189295.0,A lot,Came about naturally,Rep/Lean Rep,Refused,50-64,Some College,0.8728240632307182
201801189301.0,None at all,Came about naturally,Dem/Lean Dem,Liberal,65+,College graduate+,0.4118632994549787
201801189351.0,None at all,Came about naturally,Dem/Lean Dem,Very liberal,30-49,College graduate+,0.35202299616376354
201801189424.0,Not much,Not sure,Rep/Lean Rep,Very conservative,65+,College graduate+,0.6059767267875358
201901000026.0,Not much,Came about naturally,Rep/Lean Rep,Conservative,30-49,Some College,0.6385677371305429
201901000076.0,Some,Came about naturally,Rep/Lean Rep,Conservative,65+,College graduate+,0.322261998860181
201901000152.0,Some,Came about naturally,Dem/Lean Dem,Liberal,30-49,Some College,0.34334777888040935
201901000161.0,None at all,Was developed intentionally in a lab,Rep/Lean Rep,Conservative,50-64,Some College,0.8995567972103815
201901000177.0,None at all,Not sure,Dem/Lean Dem,Conservative,30-49,College graduate+,0.5059479015099126
201901000190.0,None at all,Was developed intentionally in a lab,Dem/Lean Dem,Moderate,30-49,Some College,0.530154678758941
201901000193.0,Some,Came about naturally,Rep/Lean Rep,Very conservative,65+,College graduate+,0.24960377457431507
201901000202.0,Not much,Not sure,Dem/Lean Dem,Moderate,65+,Some College,0.754905525400222
201901000206.0,Some,Not sure,Dem/Lean Dem,Moderate,65+,College graduate+,0.2526863107453245
201901000224.0,None at all,Not sure,Dem/Lean Dem,Liberal,30-49,College graduate+,0.32127104808653617
201901000249.0,Not much,Came about naturally,Dem/Lean Dem,Moderate,18-29,Some College,7.487621221765812
201901000274.0,Not much,Not sure,Dem/Lean Dem,Moderate,50-64,H.S. graduate or less,1.283090499344004
201901000291.0,Some,Came about naturally,Rep/Lean Rep,Conservative,65+,College graduate+,0.24960377457431507
201901000324.0,None at all,Came about naturally,Dem/Lean Dem,Moderate,65+,Some College,1.3134630524699589
201901000325.0,Some,Not sure,Rep/Lean Rep,Conservative,65+,College graduate+,0.5096297870859479
201901000421.0,Some,Was developed intentionally in a lab,Rep/Lean Rep,Very conservative,50-64,College graduate+,0.604317336632056
201901000432.0,Not much,Not sure,Dem/Lean Dem,Refused,30-49,College graduate+,0.758748819017519
201901000446.0,Not much,Not sure,Dem/Lean Dem,Very liberal,18-29,Some College,4.6180850860414004
201901000452.0,Not much,Not sure,Rep/Lean Rep,Conservative,18-29,College graduate+,0.7423374531443698
201901000473.0,Some,Not sure,DK/Refused/No lean,Moderate,Refused,H.S. graduate or less,1.361264122140081
201901000478.0,Not much,Came about naturally,Dem/Lean Dem,Liberal,65+,College graduate+,0.731697566812459
201901000489.0,Not much,Came about naturally,Dem/Lean Dem,Liberal,65+,College graduate+,0.7089100475701406
201901000504.0,Some,Came about naturally,Dem/Lean Dem,Liberal,30-49,College graduate+,1.0349981355899152
201901000535.0,Not much,Came about naturally,Dem/Lean Dem,Liberal,65+,College graduate+,0.2169380861798581
201901000574.0,Not much,Came about naturally,Dem/Lean Dem,Liberal,65+,College graduate+,0.28067968514975083
201901000576.0,Not much,Came about naturally,Dem/Lean Dem,Moderate,30-49,College graduate+,0.36364165075548666
201901000626.0,A lot,Not sure,Rep/Lean Rep,Moderate,50-64,Some College,0.3785650209193195
201901000650.0,Not much,Came about naturally,Dem/Lean Dem,Liberal,65+,Some College,0.319101043048415
201901000654.0,A lot,Not sure,Dem/Lean Dem,Liberal,50-64,College graduate+,0.5210792329198123
201901000657.0,None at all,Came about naturally,Dem/Lean Dem,Liberal,65+,Some College,0.9779979339620597
201901000658.0,Some,Came about naturally,Rep/Lean Rep,Conservative,50-64,College graduate+,0.611675125832956
201901000689.0,None at all,Came about naturally,Dem/Lean Dem,Moderate,65+,Some College,0.5028425073594166
201901000697.0,Some,Not sure,Dem/Lean Dem,Moderate,65+,H.S. graduate or less,2.227363980183724
201901000721.0,None at all,Was developed intentionally in a lab,Rep/Lean Rep,Moderate,18-29,College graduate+,1.9481182560695294
201901000763.0,Not much,Came about naturally,Dem/Lean Dem,Moderate,65+,H.S. graduate or less,2.2623559764960364
201901000797.0,None at all,Came about naturally,Dem/Lean Dem,Liberal,50-64,Some College,0.40029613786769896
201901000822.0,Not much,Came about naturally,Dem/Lean Dem,Moderate,65+,College graduate+,0.5710731993955889
201901000848.0,Some,Came about naturally,Dem/Lean Dem,Moderate,18-29,H.S. graduate or less,1.8918508171133486
201901000856.0,Not much,Came about naturally,Rep/Lean Rep,Conservative,50-64,College graduate+,0.317264943657635
201901000858.0,A lot,Not sure,Dem/Lean Dem,Very conservative,30-49,Some College,0.25249260892074527
201901000865.0,Not much,Not sure,Dem/Lean Dem,Liberal,18-29,College graduate+,0.6411083318180221
201901000874.0,Some,Was made accidentally in a lab,Rep/Lean Rep,Moderate,18-29,College graduate+,0.4898943456222849
201901000906.0,Some,Came about naturally,Dem/Lean Dem,Moderate,65+,College graduate+,0.35631151696197294
201901000924.0,Some,Not sure,Dem/Lean Dem,Moderate,30-49,H.S. graduate or less,0.7370456718512741
201901000930.0,Not much,Came about naturally,Dem/Lean Dem,Liberal,30-49,College graduate+,0.6987776758675408
201901000954.0,Some,Not sure,Rep/Lean Rep,Moderate,65+,Some College,1.2233230930744419
201901001003.0,Some,Came about naturally,Dem/Lean Dem,Moderate,65+,College graduate+,0.4415814611290617
201901001038.0,Not much,Came about naturally,Dem/Lean Dem,Very liberal,30-49,College graduate+,0.6646330744876657
201901001062.0,Some,Came about naturally,Rep/Lean Rep,Conservative,65+,Some College,0.3361813927087328
201901001082.0,Some,Came about naturally,Dem/Lean Dem,Moderate,65+,H.S. graduate or less,0.66509065733805
201901001102.0,Not much,Came about naturally,Dem/Lean Dem,Moderate,65+,College graduate+,0.27528040554863553
201901001107.0,Not much,Came about naturally,Dem/Lean Dem,Liberal,50-64,Some College,0.7999765727660453
201901001142.0,Not much,Came about naturally,Dem/Lean Dem,Very liberal,65+,College graduate+,0.31700773711954594
201901001145.0,Some,Came about naturally,Dem/Lean Dem,Liberal,18-29,College graduate+,0.6017944659976312
201901001153.0,Some,Came about naturally,Rep/Lean Rep,Very conservative,65+,H.S. graduate or less,1.0307855536974793
201901001169.0,Some,Was developed intentionally in a lab,Rep/Lean Rep,Moderate,30-49,Some College,1.305512644292203
201901001175.0,Some,Came about naturally,Dem/Lean Dem,Moderate,18-29,College graduate+,0.3857494942004419
201901001231.0,Some,Not sure,Dem/Lean Dem,Very liberal,18-29,H.S. graduate or less,1.9681556598165202
201901001234.0,Some,Came about naturally,Dem/Lean Dem,Moderate,50-64,College graduate+,0.32127104808653617
201901001250.0,Some,Came about naturally,Dem/Lean Dem,Moderate,50-64,College graduate+,0.314211276057715
201901001295.0,Not much,Came about naturally,Dem/Lean Dem,Moderate,50-64,College graduate+,0.5214392925423408
201901001322.0,Some,Not sure,Dem/Lean Dem,Moderate,30-49,College graduate+,1.411122995171278
201901001323.0,Not much,Was developed intentionally in a lab,Rep/Lean Rep,Moderate,65+,College graduate+,0.2559752922890272
201901001329.0,Some,Came about naturally,Dem/Lean Dem,Moderate,50-64,Some College,0.31960961525947307
201901001346.0,Not much,Came about naturally,Dem/Lean Dem,Conservative,30-49,Some College,1.8076757766888405
201901001394.0,A lot,Not sure,Dem/Lean Dem,Conservative,30-49,H.S. graduate or less,1.4547367799105442
201901001408.0,Some,Came about naturally,Rep/Lean Rep,Moderate,30-49,Some College,0.4884821575388866
201901001415.0,None at all,Came about naturally,Rep/Lean Rep,Moderate,50-64,H.S. graduate or less,4.767168694018134
201901001466.0,Some,Not sure,Rep/Lean Rep,Conservative,50-64,H.S. graduate or less,2.6160887910586395
201901001467.0,Some,Was developed intentionally in a lab,Rep/Lean Rep,Conservative,50-64,College graduate+,0.4282762253042486
201901001471.0,A lot,Came about naturally,DK/Refused/No lean,Moderate,18-29,H.S. graduate or less,1.813250099815321
201901001477.0,None at all,Came about naturally,Rep/Lean Rep,Moderate,50-64,Some College,0.8090443766200053
201901001483.0,Not much,Not sure,Dem/Lean Dem,Moderate,50-64,H.S. graduate or less,1.402215349401668
201901001533.0,Some,Not sure,Rep/Lean Rep,Conservative,50-64,College graduate+,0.317264943657635
201901001541.0,Not much,Was developed intentionally in a lab,Dem/Lean Dem,Conservative,30-49,College graduate+,0.7470762870493943
201901001546.0,Not much,Was developed intentionally in a lab,Rep/Lean Rep,Moderate,30-49,H.S. graduate or less,2.0766427681986355
201901001550.0,Some,Came about naturally,Dem/Lean Dem,Very liberal,18-29,College graduate+,0.31765555475030594
201901001569.0,Some,Was made accidentally in a lab,Dem/Lean Dem,Moderate,50-64,H.S. graduate or less,1.7720666235312261
201901001589.0,Some,Came about naturally,Dem/Lean Dem,Very liberal,65+,College graduate+,0.4118632994549787
201901001599.0,Not much,Came about naturally,Rep/Lean Rep,Moderate,50-64,College graduate+,0.5014905786913231
201901001600.0,Some,Not sure,Rep/Lean Rep,Conservative,50-64,College graduate+,0.5703063293653231
201901001609.0,Some,Was developed intentionally in a lab,Rep/Lean Rep,Moderate,65+,Some College,1.5919655775568944
201901001614.0,Some,Came about naturally,Dem/Lean Dem,Very liberal,30-49,College graduate+,0.6987776758675408
201901001656.0,Some,Was developed intentionally in a lab,Dem/Lean Dem,Moderate,18-29,College graduate+,0.38208000701856953
201901001667.0,None at all,Not sure,Dem/Lean Dem,Conservative,50-64,College graduate+,0.502806621250823
201901001669.0,A lot,Came about naturally,Dem/Lean Dem,Liberal,30-49,Some College,2.847793861271596
201901001686.0,A lot,Came about naturally,Dem/Lean Dem,Very conservative,65+,H.S. graduate or less,7.487621221765812
201901001744.0,Some,Came about naturally,Rep/Lean Rep,Conservative,30-49,College graduate+,3.319071875906907
201901001780.0,A lot,Came about naturally,Rep/Lean Rep,Conservative,18-29,H.S. graduate or less,7.275354128523804
201901001788.0,Some,Came about naturally,Dem/Lean Dem,Moderate,30-49,College graduate+,0.45542248803966945
201901001802.0,Not much,Came about naturally,Rep/Lean Rep,Conservative,30-49,College graduate+,0.5824593735021553
201901001822.0,Not much,Came about naturally,Dem/Lean Dem,Very liberal,50-64,Some College,0.2855696595626675
201901001877.0,Some,Was developed intentionally in a lab,Dem/Lean Dem,Very liberal,18-29,College graduate+,0.8239282465008562
201901001892.0,A lot,Was developed intentionally in a lab,Dem/Lean Dem,Moderate,30-49,H.S. graduate or less,1.4883529301846148
201901001915.0,None at all,Came about naturally,Dem/Lean Dem,Moderate,65+,College graduate+,0.27472252543231557
201901001918.0,Some,Came about naturally,DK/Refused/No lean,Moderate,30-49,Some College,2.8724462327826634
201901001956.0,Refused,Not sure,DK/Refused/No lean,Refused,30-49,College graduate+,0.6086047110122643
201901001962.0,Some,Was developed intentionally in a lab,Dem/Lean Dem,Liberal,30-49,College graduate+,0.3111994945422469
201901002003.0,Some,Came about naturally,Rep/Lean Rep,Moderate,30-49,College graduate+,0.8623601428315959
201901002008.0,Some,Came about naturally,Rep/Lean Rep,Conservative,30-49,Some College,0.6385677371305429
201901002033.0,Some,Was developed intentionally in a lab,Rep/Lean Rep,Moderate,65+,College graduate+,0.33302563343956604
201901002058.0,Not much,Came about naturally,Rep/Lean Rep,Moderate,30-49,Some College,1.6381416167853549
201901002089.0,Not much,Came about naturally,Dem/Lean Dem,Liberal,18-29,College graduate+,0.34249306525017154
201901002122.0,None at all,Came about naturally,Rep/Lean Rep,Moderate,30-49,College graduate+,0.5781666713051318
201901002187.0,Some,Was developed intentionally in a lab,Rep/Lean Rep,Very conservative,50-64,H.S. graduate or less,3.5233653040761554
201901002244.0,Some,Was developed intentionally in a lab,Rep/Lean Rep,Moderate,50-64,College graduate+,0.43730745252361874
201901002281.0,None at all,Came about naturally,Dem/Lean Dem,Liberal,30-49,College graduate+,1.118834669846571
201901002286.0,None at all,Not sure,Dem/Lean Dem,Very liberal,65+,College graduate+,0.49840964031823126
201901002357.0,Not much,Not sure,Rep/Lean Rep,Conservative,50-64,Some College,0.5037805583145222
201901002358.0,Not much,Came about naturally,Dem/Lean Dem,Moderate,65+,College graduate+,0.49712288330504906
201901002359.0,None at all,Was developed intentionally in a lab,Dem/Lean Dem,Liberal,30-49,College graduate+,0.7292736770873635
201901002383.0,Not much,Came about naturally,Dem/Lean Dem,Moderate,50-64,College graduate+,0.2326032419849029
201901002405.0,Not much,Came about naturally,DK/Refused/No lean,Moderate,Refused,College graduate+,0.4415814611290617
201901002436.0,Some,Was made accidentally in a lab,Rep/Lean Rep,Conservative,65+,College graduate+,0.15987247635158047
201901002464.0,Some,Was made accidentally in a lab,Rep/Lean Rep,Conservative,50-64,H.S. graduate or less,2.156150599071779
201901002498.0,Not much,Was developed intentionally in a lab,Dem/Lean Dem,Liberal,65+,College graduate+,0.7247346499381029
201901002509.0,Not much,Came about naturally,Rep/Lean Rep,Conservative,50-64,Some College,0.5466726303848976
201901002513.0,Not much,Came about naturally,Dem/Lean Dem,Moderate,30-49,College graduate+,0.37619669203349937
201901002527.0,Not much,Not sure,Rep/Lean Rep,Moderate,50-64,College graduate+,1.4986220211560255
201901002529.0,Some,Came about naturally,Rep/Lean Rep,Conservative,65+,Some College,1.1910849790118874
201901002570.0,None at all,Not sure,Rep/Lean Rep,Conservative,18-29,College graduate+,3.603482075747628
201901002661.0,None at all,Not sure,Dem/Lean Dem,Moderate,65+,Some College,0.5548639353960402
201901002714.0,Not much,Came about naturally,Rep/Lean Rep,Moderate,65+,College graduate+,1.346762238530541
201901002715.0,Some,Was developed intentionally in a lab,Rep/Lean Rep,Moderate,18-29,College graduate+,0.7423374531443698
201901002747.0,Not much,Not sure,Dem/Lean Dem,Moderate,18-29,College graduate+,0.3173946588434713
201901002813.0,None at all,Was made accidentally in a lab,Dem/Lean Dem,Liberal,50-64,College graduate+,0.2071585362363679
201901002815.0,Some,Came about naturally,Dem/Lean Dem,Moderate,50-64,Some College,1.5405831441507103
201901002844.0,A lot,Was developed intentionally in a lab,Dem/Lean Dem,Very liberal,30-49,Some College,0.506520167097606
201901002864.0,Not much,Came about naturally,Dem/Lean Dem,Moderate,65+,H.S. graduate or less,0.6971689320787751
201901002869.0,Some,Came about naturally,Rep/Lean Rep,Conservative,50-64,College graduate+,0.56402035475986
201901002911.0,None at all,Not sure,Dem/Lean Dem,Refused,50-64,H.S. graduate or less,1.7689302185348135
201901002941.0,Some,Came about naturally,Dem/Lean Dem,Moderate,50-64,College graduate+,0.3845194120995435
201901002965.0,Not much,Not sure,Dem/Lean Dem,Liberal,30-49,Some College,1.424553182506527
201901002973.0,None at all,Came about naturally,Dem/Lean Dem,Moderate,30-49,College graduate+,0.8287624205320122
201901002987.0,Not much,Not sure,Rep/Lean Rep,Very conservative,30-49,Some College,0.6650214034224953
201901002999.0,Some,Was made accidentally in a lab,Rep/Lean Rep,Conservative,30-49,Some College,0.5602191584980439
201901003024.0,Not much,Came about naturally,Dem/Lean Dem,Moderate,50-64,College graduate+,0.6103396148913426
201901003044.0,Not much,Came about naturally,Dem/Lean Dem,Conservative,30-49,H.S. graduate or less,0.5315894117001987
201901003060.0,Some,Was made accidentally in a lab,Dem/Lean Dem,Moderate,30-49,H.S. graduate or less,2.641153014148687
201901003092.0,A lot,Was made accidentally in a lab,Dem/Lean Dem,Liberal,30-49,College graduate+,0.5158848355642376
201901003096.0,None at all,Came about naturally,Dem/Lean Dem,Liberal,18-29,Some College,2.934354493571122
201901003145.0,Some,Was made accidentally in a lab,Rep/Lean Rep,Very conservative,65+,College graduate+,0.15987247635158047
201901003161.0,Some,Came about naturally,Dem/Lean Dem,Very liberal,65+,College graduate+,0.27472252543231557
201901003183.0,Not much,Was developed intentionally in a lab,Rep/Lean Rep,Conservative,65+,Some College,1.4006546171055858
201901003184.0,None at all,Came about naturally,Dem/Lean Dem,Moderate,30-49,College graduate+,0.39618280167923603
201901003191.0,Some,Not sure,Dem/Lean Dem,Liberal,30-49,College graduate+,1.0485642127084331
201901003193.0,Some,Came about naturally,Dem/Lean Dem,Liberal,50-64,Some College,0.8048402022902474
201901003196.0,Not much,Came about naturally,Dem/Lean Dem,Moderate,30-49,College graduate+,0.28956493189991084
201901003197.0,A lot,Doesn’t really exist,Rep/Lean Rep,Conservative,30-49,College graduate+,0.839830796345386
201901003222.0,Not much,Came about naturally,Rep/Lean Rep,Conservative,30-49,College graduate+,1.1838460569215885
201901003246.0,A lot,Came about naturally,DK/Refused/No lean,Refused,50-64,Some College,0.8523887151126023
201901003249.0,Some,Came about naturally,Dem/Lean Dem,Liberal,18-29,College graduate+,1.2990391879597527
201901003367.0,A lot,Came about naturally,Rep/Lean Rep,Very conservative,50-64,Some College,0.36972463518470505
201901003368.0,Some,Not sure,Dem/Lean Dem,Liberal,18-29,College graduate+,2.483076839635004
201901003423.0,Some,Not sure,Dem/Lean Dem,Liberal,18-29,College graduate+,0.7633691168107537
201901003427.0,Some,Came about naturally,Dem/Lean Dem,Liberal,65+,College graduate+,0.731697566812459
201901003466.0,Some,Not sure,Rep/Lean Rep,Moderate,65+,Some College,1.1910849790118874
201901003505.0,Not much,Not sure,Dem/Lean Dem,Moderate,65+,Some College,1.322601351990445
201901003533.0,None at all,Came about naturally,Dem/Lean Dem,Very liberal,18-29,College graduate+,2.2834609029968718
201901003535.0,A lot,Was developed intentionally in a lab,Rep/Lean Rep,Conservative,30-49,Some College,0.580597942186298
201901003574.0,Some,Came about naturally,Rep/Lean Rep,Conservative,65+,College graduate+,0.28718500597209207
201901003584.0,Not much,Came about naturally,Dem/Lean Dem,Moderate,30-49,College graduate+,0.7470762870493943
201901003614.0,Not much,Was made accidentally in a lab,Dem/Lean Dem,Liberal,65+,College graduate+,0.5668274773930638
201901003621.0,Some,Was developed intentionally in a lab,Dem/Lean Dem,Conservative,30-49,Some College,2.524520790938614
201901003633.0,Some,Not sure,Rep/Lean Rep,Conservative,50-64,College graduate+,0.5703063293653231
201901003664.0,Not much,Was developed intentionally in a lab,Rep/Lean Rep,Very conservative,30-49,H.S. graduate or less,1.2535365551551674
201901003681.0,Some,Was developed intentionally in a lab,Dem/Lean Dem,Moderate,50-64,College graduate+,0.13291517485181586
201901003802.0,None at all,Came about naturally,Dem/Lean Dem,Very liberal,30-49,College graduate+,0.4203007165136855
201901003982.0,Some,Was developed intentionally in a lab,Rep/Lean Rep,Conservative,30-49,Some College,0.37914216941060075
201901004074.0,Not much,Came about naturally,Dem/Lean Dem,Moderate,18-29,Some College,0.9630839439228772
201901004162.0,None at all,Came about naturally,Dem/Lean Dem,Liberal,65+,College graduate+,0.1675483576102197
201901004192.0,Some,Was developed intentionally in a lab,Rep/Lean Rep,Conservative,65+,College graduate+,0.07844521463098372
201901004351.0,A lot,Was developed intentionally in a lab,Rep/Lean Rep,Conservative,30-49,College graduate+,0.4246981673867327
201901004368.0,Some,Was made accidentally in a lab,Dem/Lean Dem,Moderate,30-49,Some College,0.19680393923574271
201901004508.0,Some,Was made accidentally in a lab,Dem/Lean Dem,Very liberal,18-29,College graduate+,0.36713708690050306
201901004585.0,A lot,Was developed intentionally in a lab,Rep/Lean Rep,Moderate,18-29,H.S. graduate or less,6.8074237028436855
201901004622.0,None at all,Came about naturally,Dem/Lean Dem,Moderate,50-64,College graduate+,0.16490485923048442
201901004664.0,A lot,Not sure,Rep/Lean Rep,Conservative,65+,H.S. graduate or less,1.501896713142407
201901004692.0,Some,Was developed intentionally in a lab,Rep/Lean Rep,Refused,30-49,H.S. graduate or less,0.6713412473429552
201901004693.0,Some,Was developed intentionally in a lab,Rep/Lean Rep,Moderate,30-49,H.S. graduate or less,4.083901772692097
201901004823.0,A lot,Doesn’t really exist,Rep/Lean Rep,Moderate,30-49,H.S. graduate or less,1.9071756137961084
201901004891.0,Not much,Came about naturally,Dem/Lean Dem,Very liberal,18-29,Some College,1.6817649845359712
201901005198.0,A lot,Came about naturally,Dem/Lean Dem,Very liberal,18-29,H.S. graduate or less,0.4144634515291392
201901005279.0,Some,Not sure,Dem/Lean Dem,Refused,18-29,Some College,0.6749276130690095
201901005490.0,Some,Came about naturally,Dem/Lean Dem,Conservative,65+,College graduate+,0.07844521463098372
201901005552.0,None at all,Not sure,Dem/Lean Dem,Moderate,50-64,College graduate+,0.07844521463098372
201901005809.0,Some,Came about naturally,DK/Refused/No lean,Refused,18-29,H.S. graduate or less,1.6503492294350293
201901005849.0,Not much,Not sure,Dem/Lean Dem,Moderate,30-49,College graduate+,0.39062897288907084
201901005872.0,A lot,Was developed intentionally in a lab,Rep/Lean Rep,Liberal,30-49,College graduate+,0.11756340683767151
201901005918.0,Not much,Not sure,Dem/Lean Dem,Liberal,65+,College graduate+,0.13320641011350845
201901005931.0,Not much,Came about naturally,Dem/Lean Dem,Liberal,30-49,College graduate+,0.38425072821046863
201901005934.0,A lot,Was developed intentionally in a lab,Dem/Lean Dem,Moderate,18-29,H.S. graduate or less,7.487621221765812
201901006018.0,A lot,Came about naturally,Rep/Lean Rep,Moderate,65+,College graduate+,0.07844521463098372
201901006029.0,Not much,Came about naturally,Dem/Lean Dem,Moderate,65+,Some College,0.1382377987703017
201901006312.0,Not much,Came about naturally,Dem/Lean Dem,Moderate,30-49,College graduate+,0.35197732269888105
201901006328.0,Some,Came about naturally,Rep/Lean Rep,Conservative,30-49,H.S. graduate or less,1.5189930482994054
201901006401.0,A lot,Doesn’t really exist,Dem/Lean Dem,Moderate,30-49,College graduate+,0.20735550891125912
201901006473.0,Not much,Not sure,Rep/Lean Rep,Moderate,Refused,College graduate+,0.37387306639486584
201901006736.0,Some,Was developed intentionally in a lab,Dem/Lean Dem,Liberal,18-29,Some College,0.6520340586947067
201901006894.0,None at all,Came about naturally,Rep/Lean Rep,Conservative,50-64,H.S. graduate or less,1.250327032773072
201901006918.0,A lot,Came about naturally,Dem/Lean Dem,Moderate,65+,H.S. graduate or less,0.3042318576814316
201901007033.0,Not much,Came about naturally,Dem/Lean Dem,Liberal,50-64,College graduate+,0.07844521463098372
201901007050.0,A lot,Was developed intentionally in a lab,Rep/Lean Rep,Conservative,50-64,H.S. graduate or less,0.347584774198609
201901007117.0,A lot,Was developed intentionally in a lab,Rep/Lean Rep,Moderate,18-29,H.S. graduate or less,0.9016719540472682
201901007254.0,Not much,Came about naturally,Rep/Lean Rep,Moderate,50-64,Some College,0.7331849687594578
201901007349.0,Not much,Was developed intentionally in a lab,Dem/Lean Dem,Very liberal,18-29,Some College,0.6885571380075105
201901007408.0,Not much,Not sure,Dem/Lean Dem,Moderate,30-49,College graduate+,0.37898121582277267
201901007546.0,Not much,Came about naturally,Dem/Lean Dem,Moderate,65+,Some College,0.3284083778812437
201901007563.0,A lot,Was made accidentally in a lab,DK/Refused/No lean,Refused,30-49,H.S. graduate or less,3.9750660157214903
201901007670.0,Not much,Came about naturally,Dem/Lean Dem,Moderate,65+,Some College,0.16811508404149994
201901007677.0,Not much,Was developed intentionally in a lab,Rep/Lean Rep,Very conservative,65+,Some College,0.6511919723396128
201901007813.0,Some,Not sure,Dem/Lean Dem,Conservative,50-64,Some College,0.9422763425358593
201901007835.0,A lot,Not sure,Rep/Lean Rep,Conservative,30-49,Some College,1.350923695467335
201901007870.0,None at all,Came about naturally,Rep/Lean Rep,Conservative,30-49,H.S. graduate or less,0.4961696853642153
201901007976.0,A lot,Not sure,DK/Refused/No lean,Moderate,30-49,College graduate+,0.20787078326089456
201901008110.0,Some,Came about naturally,Rep/Lean Rep,Conservative,30-49,College graduate+,0.23269649977200246
201901008163.0,Not much,Not sure,Rep/Lean Rep,Conservative,30-49,Some College,0.1693878204082206
201901008493.0,A lot,Was developed intentionally in a lab,Rep/Lean Rep,Conservative,30-49,Some College,0.1873512221230252
201901008627.0,A lot,Not sure,Dem/Lean Dem,Moderate,30-49,Some College,0.2622027275847303
201901008671.0,Some,Was developed intentionally in a lab,Rep/Lean Rep,Conservative,30-49,College graduate+,0.2860259414737143
201901008826.0,Not much,Not sure,Rep/Lean Rep,Moderate,65+,H.S. graduate or less,0.3436538320187199
201901008847.0,Refused,Came about naturally,Dem/Lean Dem,Liberal,50-64,College graduate+,0.07844521463098372
201901008862.0,Some,Came about naturally,Rep/Lean Rep,Conservative,30-49,Some College,0.899329183097733
201901008884.0,Not much,Refused,DK/Refused/No lean,Very conservative,30-49,H.S. graduate or less,0.4108057674608656
201901009232.0,A lot,Was developed intentionally in a lab,Dem/Lean Dem,Liberal,18-29,H.S. graduate or less,4.685116029546516
201901009247.0,Not much,Not sure,Rep/Lean Rep,Conservative,65+,Some College,0.13269888702174093
201901009292.0,Not much,Was developed intentionally in a lab,Rep/Lean Rep,Moderate,50-64,Some College,0.2903792279929574
201901009747.0,Some,Came about naturally,Dem/Lean Dem,Moderate,18-29,College graduate+,0.5654941130586154
201901009817.0,Not much,Was developed intentionally in a lab,Dem/Lean Dem,Moderate,30-49,College graduate+,0.07844521463098372
201901009959.0,Not much,Came about naturally,DK/Refused/No lean,Refused,30-49,Some College,0.34468848429119775
201901009975.0,Some,Was developed intentionally in a lab,Dem/Lean Dem,Moderate,30-49,Some College,0.17642171597615297
201901010038.0,Not much,Came about naturally,Dem/Lean Dem,Moderate,50-64,College graduate+,0.11725914174690268
201901010139.0,Not much,Came about naturally,Rep/Lean Rep,Moderate,50-64,College graduate+,0.07844521463098372
201901010321.0,Some,Was developed intentionally in a lab,Dem/Lean Dem,Moderate,30-49,H.S. graduate or less,5.781851414082055
201901010326.0,Some,Was developed intentionally in a lab,Dem/Lean Dem,Conservative,30-49,College graduate+,0.7005180264091637
201901010421.0,Some,Was developed intentionally in a lab,Dem/Lean Dem,Conservative,18-29,H.S. graduate or less,5.849966964485248
201901010453.0,Some,Was developed intentionally in a lab,DK/Refused/No lean,Moderate,50-64,College graduate+,0.5381324750011228
201901010499.0,None at all,Came about naturally,Dem/Lean Dem,Moderate,65+,H.S. graduate or less,1.3714688021492238
201901010521.0,None at all,Came about naturally,Rep/Lean Rep,Liberal,50-64,College graduate+,0.07844521463098372
201901010716.0,A lot,Was developed intentionally in a lab,Rep/Lean Rep,Very liberal,30-49,Some College,0.290510984701991
201901010736.0,Not much,Not sure,Dem/Lean Dem,Conservative,30-49,H.S. graduate or less,1.5752643601291458
201901010798.0,Not much,Came about naturally,Dem/Lean Dem,Moderate,30-49,College graduate+,0.3965674287662943
201901010841.0,Some,Came about naturally,Dem/Lean Dem,Moderate,50-64,Some College,0.36302352760043377
201901010939.0,A lot,Came about naturally,Dem/Lean Dem,Moderate,50-64,Some College,0.44623496068747104
201901011041.0,Some,Was made accidentally in a lab,Dem/Lean Dem,Moderate,30-49,Some College,1.728462024160499
201901011052.0,Not much,Not sure,DK/Refused/No lean,Refused,30-49,Some College,0.128952875624234
201901011086.0,A lot,Was developed intentionally in a lab,Dem/Lean Dem,Moderate,Refused,H.S. graduate or less,2.294524574194545
201901011110.0,Not much,Refused,Dem/Lean Dem,Moderate,50-64,College graduate+,0.07844521463098372
201901011114.0,Some,Was developed intentionally in a lab,Dem/Lean Dem,Liberal,65+,College graduate+,0.07844521463098372
201901011146.0,A lot,Not sure,DK/Refused/No lean,Moderate,30-49,Some College,0.7492410930574983
201901011176.0,Some,Came about naturally,Rep/Lean Rep,Conservative,30-49,College graduate+,0.5029142342865451
201901011459.0,A lot,Was developed intentionally in a lab,Dem/Lean Dem,Very conservative,18-29,H.S. graduate or less,1.1044104762965912
201901011500.0,Not much,Not sure,Dem/Lean Dem,Very liberal,30-49,College graduate+,0.1680970014310284
201901011753.0,A lot,Was developed intentionally in a lab,Rep/Lean Rep,Moderate,18-29,Some College,1.160209810998804
201901011814.0,Not much,Was developed intentionally in a lab,Dem/Lean Dem,Liberal,18-29,Some College,0.47758816337923093
201901011927.0,A lot,Was developed intentionally in a lab,Dem/Lean Dem,Moderate,18-29,Some College,0.7638333021949572
201901011993.0,Some,Came about naturally,Rep/Lean Rep,Conservative,30-49,College graduate+,0.30276018009528427
201901012037.0,None at all,Came about naturally,Rep/Lean Rep,Conservative,65+,Some College,0.14463093700629737
201901012113.0,None at all,Not sure,Dem/Lean Dem,Refused,50-64,H.S. graduate or less,3.325016717286068
201901012124.0,Some,Came about naturally,Rep/Lean Rep,Conservative,65+,Some College,1.6711014483255349
201901012126.0,Not much,Not sure,Rep/Lean Rep,Moderate,30-49,Some College,0.290510984701991
201901012154.0,A lot,Was made accidentally in a lab,Rep/Lean Rep,Moderate,18-29,Some College,0.9480874164661701
201901012255.0,None at all,Came about naturally,Dem/Lean Dem,Liberal,30-49,College graduate+,0.1447278947818376
201901012331.0,Not much,Came about naturally,Dem/Lean Dem,Moderate,30-49,Some College,0.5482526716149465
201901012486.0,A lot,Came about naturally,Dem/Lean Dem,Liberal,30-49,Some College,0.19741372956207312
201901012658.0,A lot,Not sure,Dem/Lean Dem,Moderate,18-29,H.S. graduate or less,0.9426859697377887
201901012770.0,Some,Came about naturally,Dem/Lean Dem,Liberal,18-29,College graduate+,0.6285001012886684
201901012789.0,None at all,Came about naturally,Dem/Lean Dem,Very liberal,18-29,College graduate+,0.5717875334641835
201901012811.0,A lot,Came about naturally,Dem/Lean Dem,Very liberal,18-29,Some College,0.32478332458799836
201901012839.0,A lot,Came about naturally,Dem/Lean Dem,Conservative,30-49,H.S. graduate or less,3.0079675518150584
201901012954.0,A lot,Came about naturally,Rep/Lean Rep,Moderate,50-64,College graduate+,0.1827086443399157
201901013098.0,Not much,Refused,Rep/Lean Rep,Moderate,18-29,H.S. graduate or less,0.6360525076313598
201901013176.0,Not much,Was developed intentionally in a lab,Dem/Lean Dem,Moderate,30-49,H.S. graduate or less,0.35755148150177296
201901013372.0,Some,Not sure,Rep/Lean Rep,Conservative,50-64,College graduate+,0.4276933079141186
201901013515.0,Not much,Was developed intentionally in a lab,Rep/Lean Rep,Conservative,50-64,H.S. graduate or less,2.8135512473496336
201901013535.0,Some,Came about naturally,Rep/Lean Rep,Conservative,65+,Some College,0.16194617683160029
201901013561.0,A lot,Was made accidentally in a lab,Rep/Lean Rep,Very conservative,65+,Some College,0.07844521463098372
201901013661.0,A lot,Not sure,Dem/Lean Dem,Liberal,30-49,College graduate+,0.6285001012886684
201901013690.0,A lot,Was developed intentionally in a lab,Rep/Lean Rep,Moderate,30-49,Some College,0.2622027275847303
201901013991.0,None at all,Came about naturally,Dem/Lean Dem,Liberal,30-49,College graduate+,0.5311461985990903
201901014084.0,None at all,Came about naturally,Dem/Lean Dem,Moderate,50-64,College graduate+,0.11369790884429856
201901014094.0,None at all,Came about naturally,Dem/Lean Dem,Moderate,50-64,Some College,1.165139667825162
201901014101.0,None at all,Was made accidentally in a lab,Dem/Lean Dem,Moderate,50-64,Some College,0.07844521463098372
201901014263.0,A lot,Was developed intentionally in a lab,Dem/Lean Dem,Moderate,30-49,College graduate+,0.07844521463098372
201901014281.0,Some,Was developed intentionally in a lab,DK/Refused/No lean,Refused,30-49,H.S. graduate or less,0.25970943418605763
201901014284.0,Not much,Came about naturally,Dem/Lean Dem,Liberal,30-49,College graduate+,0.1687096677347682
201901014300.0,Some,Came about naturally,Dem/Lean Dem,Moderate,18-29,College graduate+,0.205754776328963
201901014589.0,Some,Came about naturally,Rep/Lean Rep,Conservative,30-49,College graduate+,0.22129201155428832
201901014612.0,Some,Was developed intentionally in a lab,Dem/Lean Dem,Moderate,50-64,College graduate+,0.07844521463098372
201901014645.0,Not much,Was developed intentionally in a lab,Rep/Lean Rep,Moderate,65+,Some College,0.13269888702174093
201901014653.0,Not much,Came about naturally,Dem/Lean Dem,Moderate,50-64,Some College,0.4639614383830562
201901014703.0,None at all,Was developed intentionally in a lab,Dem/Lean Dem,Refused,Refused,Some College,0.29206842975795255
201901014754.0,None at all,Was developed intentionally in a lab,Dem/Lean Dem,Moderate,50-64,H.S. graduate or less,0.9365962317869746
201901014821.0,None at all,Was made accidentally in a lab,Rep/Lean Rep,Moderate,30-49,College graduate+,0.648824775047077
201901015009.0,Not much,Was developed intentionally in a lab,Dem/Lean Dem,Liberal,30-49,H.S. graduate or less,0.40433002663800593
201901015090.0,Not much,Not sure,Dem/Lean Dem,Very conservative,30-49,Some College,0.2622027275847303
201901015217.0,A lot,Not sure,Dem/Lean Dem,Moderate,30-49,College graduate+,0.8402011205147878
201901015270.0,Not much,Not sure,Dem/Lean Dem,Very liberal,Refused,Some College,0.29006794466380287
201901015414.0,Not much,Was developed intentionally in a lab,Dem/Lean Dem,Liberal,50-64,College graduate+,0.17417181620913005
201901016510.0,None at all,Came about naturally,Rep/Lean Rep,Moderate,65+,Some College,0.9172670648765758
201901016518.0,Not much,Came about naturally,Dem/Lean Dem,Liberal,30-49,College graduate+,0.30446087487465623
201901016561.0,Not much,Came about naturally,Dem/Lean Dem,Moderate,65+,H.S. graduate or less,3.701550962307408
201901016595.0,Not much,Was developed intentionally in a lab,Dem/Lean Dem,Conservative,18-29,Some College,3.2222082365566167
201901016597.0,Not much,Came about naturally,Dem/Lean Dem,Liberal,30-49,College graduate+,0.32727486259458716
201901016611.0,Not much,Came about naturally,Rep/Lean Rep,Conservative,50-64,Some College,0.24165006452041582
201901016626.0,Not much,Came about naturally,Dem/Lean Dem,Very liberal,30-49,College graduate+,0.35202299616376354
201901016657.0,None at all,Came about naturally,Dem/Lean Dem,Liberal,30-49,College graduate+,0.32127104808653617
201901016693.0,Some,Came about naturally,Rep/Lean Rep,Moderate,18-29,College graduate+,1.9016009562172973
201901016725.0,None at all,Came about naturally,Rep/Lean Rep,Conservative,50-64,College graduate+,1.1720302000931735
201901016788.0,Not much,Came about naturally,Dem/Lean Dem,Liberal,50-64,College graduate+,0.20313757190989004
201901016875.0,None at all,Came about naturally,Dem/Lean Dem,Liberal,18-29,College graduate+,0.5946546370891477
201901016889.0,A lot,Not sure,Dem/Lean Dem,Liberal,50-64,College graduate+,0.17178106716720398
201901016897.0,Some,Came about naturally,Dem/Lean Dem,Very liberal,50-64,College graduate+,0.3604661726981481
201901016919.0,Not much,Came about naturally,Dem/Lean Dem,Moderate,30-49,College graduate+,0.40224114742049477
201901016930.0,Some,Came about naturally,Dem/Lean Dem,Liberal,30-49,College graduate+,0.4498898237124893
201901016949.0,A lot,Was developed intentionally in a lab,Rep/Lean Rep,Refused,50-64,Some College,0.5084981649505775
201901016957.0,Not much,Came about naturally,Rep/Lean Rep,Moderate,65+,H.S. graduate or less,1.068058543525633
201901016995.0,Not much,Came about naturally,Dem/Lean Dem,Liberal,50-64,College graduate+,0.3604661726981481
201901017015.0,A lot,Not sure,Rep/Lean Rep,Very conservative,50-64,H.S. graduate or less,0.7226572496182709
201901017032.0,None at all,Came about naturally,Rep/Lean Rep,Very conservative,65+,H.S. graduate or less,2.926795385556735
201901017071.0,None at all,Not sure,Dem/Lean Dem,Moderate,30-49,Some College,0.671038166411937
201901017090.0,Not much,Came about naturally,Rep/Lean Rep,Conservative,65+,College graduate+,1.0265237122495123
201901017128.0,Not much,Was developed intentionally in a lab,Rep/Lean Rep,Conservative,65+,College graduate+,0.49712288330504906
201901017130.0,None at all,Came about naturally,Dem/Lean Dem,Moderate,65+,College graduate+,0.2228900847276511
201901017140.0,None at all,Not sure,Dem/Lean Dem,Liberal,50-64,H.S. graduate or less,7.487621221765812
201901017144.0,Some,Came about naturally,Dem/Lean Dem,Liberal,30-49,Some College,0.9562648854433735
201901017314.0,None at all,Was made accidentally in a lab,Dem/Lean Dem,Moderate,50-64,H.S. graduate or less,7.487621221765812
201901017332.0,Some,Came about naturally,Rep/Lean Rep,Refused,30-49,Some College,2.0024602579672965
201901017370.0,Not much,Came about naturally,Dem/Lean Dem,Liberal,30-49,College graduate+,0.6987776758675408
201901017394.0,Not much,Doesn’t really exist,Rep/Lean Rep,Moderate,18-29,H.S. graduate or less,1.8123061700584002
201901017395.0,None at all,Not sure,Rep/Lean Rep,Conservative,65+,H.S. graduate or less,2.5261792149779696
201901017423.0,Some,Refused,Dem/Lean Dem,Moderate,50-64,Some College,2.2518923097471486
201901017488.0,Some,Was developed intentionally in a lab,Rep/Lean Rep,Conservative,65+,College graduate+,0.47556299309100397
201901017510.0,Some,Came about naturally,Dem/Lean Dem,Moderate,30-49,College graduate+,0.569043500991028
201901017553.0,Some,Came about naturally,Dem/Lean Dem,Liberal,30-49,College graduate+,0.3604661726981481
201901017554.0,Not much,Was developed intentionally in a lab,Dem/Lean Dem,Very liberal,50-64,College graduate+,0.2805137270957741
201901017563.0,Some,Came about naturally,Dem/Lean Dem,Liberal,30-49,College graduate+,0.32127104808653617
201901017575.0,A lot,Came about naturally,Rep/Lean Rep,Very conservative,50-64,Some College,0.8418635952670893
201901017618.0,A lot,Was developed intentionally in a lab,Rep/Lean Rep,Conservative,50-64,College graduate+,0.25881653728196014
201901017620.0,None at all,Not sure,Dem/Lean Dem,Moderate,18-29,Some College,0.8350897409740645
201901017651.0,Not much,Came about naturally,Dem/Lean Dem,Moderate,50-64,College graduate+,0.6487897855714696
201901017680.0,Some,Came about naturally,Rep/Lean Rep,Moderate,30-49,Some College,0.5780707162050099
201901017694.0,Refused,Was developed intentionally in a lab,Rep/Lean Rep,Very conservative,30-49,Some College,0.5412839457475006
201901017707.0,Not much,Came about naturally,Dem/Lean Dem,Very liberal,30-49,Some College,1.8631034375012059
201901017759.0,Not much,Not sure,Dem/Lean Dem,Moderate,18-29,Some College,0.5555390838523787
201901017788.0,Not much,Came about naturally,Dem/Lean Dem,Liberal,30-49,College graduate+,0.5158848355642376
201901017801.0,Not much,Came about naturally,Dem/Lean Dem,Moderate,65+,Some College,0.5596295335570106
201901017861.0,Some,Was developed intentionally in a lab,Rep/Lean Rep,Conservative,30-49,College graduate+,0.59918474189094
201901017877.0,A lot,Came about naturally,Dem/Lean Dem,Liberal,50-64,College graduate+,0.2294429594368617
201901017912.0,Some,Not sure,Dem/Lean Dem,Moderate,30-49,Some College,1.5028944959809403
201901017916.0,Some,Came about naturally,Dem/Lean Dem,Very liberal,18-29,College graduate+,0.9310940574933219
201901017945.0,Some,Came about naturally,Rep/Lean Rep,Conservative,50-64,Some College,1.2989574173394047
201901017962.0,Not much,Came about naturally,Dem/Lean Dem,Very liberal,18-29,College graduate+,0.39694540601529216
201901017993.0,A lot,Came about naturally,Dem/Lean Dem,Moderate,18-29,H.S. graduate or less,7.487621221765812
201901018007.0,None at all,Came about naturally,Dem/Lean Dem,Moderate,65+,College graduate+,0.49712288330504906
201901018053.0,Some,Came about naturally,Rep/Lean Rep,Conservative,30-49,College graduate+,0.5042469656148796
201901018057.0,Some,Not sure,Rep/Lean Rep,Conservative,50-64,Some College,0.8418635952670893
201901018069.0,Some,Came about naturally,Dem/Lean Dem,Liberal,18-29,Some College,0.5555390838523787
201901018114.0,Some,Came about naturally,Dem/Lean Dem,Liberal,30-49,Some College,0.34334777888040935
201901018124.0,Not much,Came about naturally,Dem/Lean Dem,Liberal,65+,College graduate+,0.3758142367735296
201901018134.0,Not much,Came about naturally,Dem/Lean Dem,Very liberal,30-49,College graduate+,0.7576624900419148
201901018179.0,Not much,Came about naturally,Dem/Lean Dem,Liberal,30-49,College graduate+,0.758525813369407
201901018184.0,None at all,Not sure,Dem/Lean Dem,Moderate,30-49,College graduate+,1.1364349792076853
201901018304.0,Not much,Came about naturally,Dem/Lean Dem,Very liberal,50-64,College graduate+,0.2601583936831742
201901018371.0,None at all,Came about naturally,Dem/Lean Dem,Moderate,30-49,H.S. graduate or less,3.883999249926368
201901018373.0,Some,Came about naturally,Dem/Lean Dem,Very liberal,50-64,College graduate+,0.314211276057715
201901018381.0,Some,Was developed intentionally in a lab,Dem/Lean Dem,Moderate,30-49,College graduate+,0.48466449649568766
201901018401.0,Some,Came about naturally,Dem/Lean Dem,Liberal,65+,Some College,0.5501445714967962
201901018418.0,None at all,Came about naturally,Dem/Lean Dem,Liberal,65+,College graduate+,0.2169380861798581
201901018425.0,Not much,Was made accidentally in a lab,Dem/Lean Dem,Moderate,30-49,Some College,1.397505066335749
201901018438.0,None at all,Came about naturally,Rep/Lean Rep,Conservative,30-49,Some College,1.0661026143570096
201901018475.0,A lot,Was developed intentionally in a lab,Dem/Lean Dem,Moderate,30-49,College graduate+,0.5490581101134894
201901018499.0,Not much,Came about naturally,Dem/Lean Dem,Moderate,30-49,College graduate+,0.3680609800135317
201901018585.0,Not much,Came about naturally,Dem/Lean Dem,Moderate,50-64,H.S. graduate or less,0.456976798048366
201901018618.0,Some,Came about naturally,Dem/Lean Dem,Moderate,30-49,College graduate+,1.1725148900178126
201901018634.0,Not much,Not sure,Dem/Lean Dem,Liberal,65+,Some College,0.3262649169600645
201901018659.0,None at all,Came about naturally,Rep/Lean Rep,Moderate,30-49,College graduate+,0.28571674746164866
201901018680.0,Some,Was developed intentionally in a lab,Rep/Lean Rep,Moderate,65+,Some College,0.4328651419033417
201901018693.0,Not much,Was developed intentionally in a lab,Dem/Lean Dem,Moderate,50-64,Some College,0.6837597545650251
201901018730.0,None at all,Refused,Rep/Lean Rep,Conservative,65+,Some College,1.5919655775568944
201901018768.0,None at all,Not sure,Dem/Lean Dem,Moderate,50-64,H.S. graduate or less,2.4340012763169137
201901018769.0,Not much,Not sure,Dem/Lean Dem,Liberal,50-64,Some College,0.35515096567768617
201901018820.0,A lot,Was developed intentionally in a lab,Rep/Lean Rep,Very conservative,65+,Some College,1.2233230930744419
201901018859.0,Not much,Came about naturally,Rep/Lean Rep,Very liberal,50-64,College graduate+,0.5093639646895178
201901018874.0,Some,Not sure,Rep/Lean Rep,Very conservative,50-64,College graduate+,0.3102954082448866
201901018884.0,A lot,Was developed intentionally in a lab,Rep/Lean Rep,Very conservative,18-29,H.S. graduate or less,4.035859658801108
201901018886.0,A lot,Was developed intentionally in a lab,Dem/Lean Dem,Very liberal,18-29,Some College,4.073074607046413
201901018898.0,Not much,Was developed intentionally in a lab,Dem/Lean Dem,Liberal,30-49,H.S. graduate or less,2.816699794559768
201901018922.0,Not much,Came about naturally,Dem/Lean Dem,Moderate,30-49,Some College,0.527770579490073
201901018925.0,Not much,Came about naturally,Rep/Lean Rep,Conservative,30-49,H.S. graduate or less,4.045673353251227
201901018981.0,Some,Came about naturally,Dem/Lean Dem,Very liberal,30-49,College graduate+,0.9024889820583021
201901019013.0,Some,Was developed intentionally in a lab,Dem/Lean Dem,Moderate,18-29,Some College,0.9476158912062577
201901019065.0,A lot,Not sure,Rep/Lean Rep,Conservative,30-49,College graduate+,0.40224114742049477
201901019069.0,Some,Came about naturally,Dem/Lean Dem,Liberal,50-64,College graduate+,0.16957463186685914
201901019116.0,Not much,Came about naturally,Rep/Lean Rep,Moderate,30-49,College graduate+,0.43852322301175767
201901019167.0,None at all,Came about naturally,Dem/Lean Dem,Liberal,65+,College graduate+,0.35631151696197294
201901019194.0,Some,Came about naturally,Dem/Lean Dem,Moderate,65+,College graduate+,0.28067968514975083
201901019203.0,A lot,Came about naturally,Rep/Lean Rep,Conservative,18-29,College graduate+,1.3224395974745655
201901019256.0,Not much,Came about naturally,Dem/Lean Dem,Moderate,50-64,College graduate+,0.20313757190989004
201901019273.0,A lot,Was developed intentionally in a lab,Rep/Lean Rep,Conservative,18-29,Some College,1.7232739219119477
201901019319.0,A lot,Was made accidentally in a lab,DK/Refused/No lean,Moderate,30-49,H.S. graduate or less,2.2039832594653106
201901019344.0,Some,Was developed intentionally in a lab,Rep/Lean Rep,Very conservative,50-64,Some College,0.36972463518470505
201901019362.0,Not much,Came about naturally,Rep/Lean Rep,Moderate,18-29,Some College,3.5761800028163857
201901019389.0,Some,Was made accidentally in a lab,Rep/Lean Rep,Very conservative,65+,Some College,0.4395466327482392
201901019397.0,Not much,Came about naturally,Dem/Lean Dem,Liberal,30-49,College graduate+,0.5010687101146901
201901019455.0,Some,Came about naturally,Dem/Lean Dem,Liberal,30-49,College graduate+,1.1925207750719997
201901019477.0,Some,Not sure,Rep/Lean Rep,Conservative,65+,Some College,0.5842854574937026
201901019537.0,None at all,Came about naturally,Dem/Lean Dem,Moderate,50-64,Some College,0.9312684042763887
201901019559.0,Not much,Not sure,Dem/Lean Dem,Moderate,18-29,H.S. graduate or less,7.487621221765812
201901019576.0,A lot,Came about naturally,Dem/Lean Dem,Very liberal,30-49,H.S. graduate or less,0.6520506618503495
201901019602.0,Not much,Came about naturally,DK/Refused/No lean,Moderate,65+,College graduate+,0.22748396859865705
201901019616.0,Not much,Came about naturally,Rep/Lean Rep,Very conservative,50-64,College graduate+,0.92742101031085
201901019623.0,Not much,Was developed intentionally in a lab,Rep/Lean Rep,Conservative,30-49,Some College,0.752201235582358
201901019682.0,Some,Was developed intentionally in a lab,Dem/Lean Dem,Moderate,30-49,H.S. graduate or less,1.883411629761067
201901019683.0,None at all,Came about naturally,Rep/Lean Rep,Moderate,50-64,College graduate+,0.4833022856262277
201901019697.0,Not much,Was developed intentionally in a lab,Dem/Lean Dem,Moderate,50-64,College graduate+,0.643051890803119
201901019707.0,A lot,Was developed intentionally in a lab,Rep/Lean Rep,Very conservative,30-49,College graduate+,0.428374542510978
201901019757.0,Not much,Came about naturally,Rep/Lean Rep,Conservative,30-49,College graduate+,2.216676472794069
201901019761.0,Some,Came about naturally,Dem/Lean Dem,Moderate,50-64,College graduate+,0.1146778882069005
201901019771.0,Not much,Was developed intentionally in a lab,Rep/Lean Rep,Moderate,30-49,H.S. graduate or less,1.2982024187011474
201901019793.0,Some,Came about naturally,Rep/Lean Rep,Conservative,30-49,College graduate+,0.428374542510978
201901019802.0,Some,Not sure,Rep/Lean Rep,Conservative,30-49,Some College,2.8148805982519365
201901019849.0,Not much,Was developed intentionally in a lab,Dem/Lean Dem,Moderate,50-64,H.S. graduate or less,0.46825503079723735
201901019883.0,Some,Was developed intentionally in a lab,Rep/Lean Rep,Very conservative,50-64,H.S. graduate or less,1.6923474206856883
201901019911.0,Some,Was developed intentionally in a lab,Rep/Lean Rep,Conservative,18-29,Some College,1.56325470234015
201901019919.0,Not much,Came about naturally,Rep/Lean Rep,Conservative,50-64,College graduate+,0.443633134753424
201901019936.0,None at all,Came about naturally,Dem/Lean Dem,Very liberal,50-64,College graduate+,0.9624100156177311
201901019949.0,Not much,Not sure,Dem/Lean Dem,Moderate,18-29,College graduate+,0.5459425965914381
201901019955.0,A lot,Came about naturally,Rep/Lean Rep,Conservative,50-64,College graduate+,0.6381040608952279
201901019996.0,A lot,Came about naturally,Dem/Lean Dem,Moderate,50-64,College graduate+,0.5756836274746054
201901020054.0,Not much,Came about naturally,Dem/Lean Dem,Conservative,50-64,H.S. graduate or less,0.8082805405245808
201901020058.0,Not much,Was developed intentionally in a lab,Rep/Lean Rep,Moderate,18-29,H.S. graduate or less,2.7832047958606623
201901020093.0,Not much,Came about naturally,Dem/Lean Dem,Moderate,65+,College graduate+,0.31700773711954594
201901020105.0,Some,Came about naturally,Dem/Lean Dem,Liberal,18-29,College graduate+,0.2810777711996224
201901020114.0,Not much,Came about naturally,Dem/Lean Dem,Moderate,30-49,College graduate+,0.2751798570797386
201901020118.0,Not much,Came about naturally,Rep/Lean Rep,Moderate,18-29,College graduate+,0.38018748676162484
201901020147.0,A lot,Was developed intentionally in a lab,Rep/Lean Rep,Conservative,50-64,Some College,0.36972463518470505
201901020211.0,None at all,Came about naturally,Dem/Lean Dem,Very liberal,50-64,College graduate+,0.724054467760679
201901020279.0,None at all,Not sure,Dem/Lean Dem,Moderate,30-49,Some College,1.8588813026879707
201901020284.0,Not much,Came about naturally,Dem/Lean Dem,Refused,65+,Some College,0.9172670648765758
201901020332.0,Not much,Not sure,Dem/Lean Dem,Liberal,65+,Some College,0.5501445714967962
201901020340.0,Not much,Refused,Rep/Lean Rep,Conservative,65+,College graduate+,0.28718500597209207
201901020344.0,Some,Came about naturally,Rep/Lean Rep,Conservative,50-64,College graduate+,0.5703063293653231
201901020357.0,Not much,Came about naturally,Rep/Lean Rep,Conservative,65+,College graduate+,0.28348914563635774
201901020359.0,Not much,Came about naturally,Rep/Lean Rep,Conservative,18-29,Some College,2.313927482941262
201901020369.0,A lot,Was developed intentionally in a lab,Rep/Lean Rep,Conservative,65+,Some College,1.4006546171055858
201901020370.0,Not much,Came about naturally,Dem/Lean Dem,Moderate,30-49,College graduate+,0.42973498755595435
201901020371.0,None at all,Not sure,Dem/Lean Dem,Liberal,30-49,College graduate+,1.4263461147839385
201901020376.0,Not much,Not sure,Rep/Lean Rep,Conservative,18-29,College graduate+,1.657178459731051
201901020400.0,A lot,Refused,Rep/Lean Rep,Refused,Refused,Some College,1.2780108413758204
201901020437.0,Not much,Came about naturally,Rep/Lean Rep,Conservative,50-64,College graduate+,0.3102954082448866
201901020479.0,Some,Not sure,Dem/Lean Dem,Very liberal,18-29,Some College,2.7455715722239926
201901020508.0,A lot,Was developed intentionally in a lab,Rep/Lean Rep,Very conservative,65+,College graduate+,0.561078032636311
201901020533.0,None at all,Was developed intentionally in a lab,Rep/Lean Rep,Conservative,50-64,H.S. graduate or less,2.1999348252662587
201901020556.0,Not much,Came about naturally,Dem/Lean Dem,Liberal,65+,College graduate+,0.18930857569764087
201901020617.0,Not much,Not sure,Rep/Lean Rep,Moderate,65+,H.S. graduate or less,2.2666759986802476
201901020630.0,Not much,Came about naturally,Dem/Lean Dem,Very liberal,18-29,College graduate+,1.2990391879597527
201901020682.0,A lot,Came about naturally,Rep/Lean Rep,Moderate,18-29,Some College,3.1153184727994763
201901020736.0,Some,Was made accidentally in a lab,Rep/Lean Rep,Conservative,65+,College graduate+,0.21434573153990272
201901020757.0,Not much,Came about naturally,Dem/Lean Dem,Moderate,30-49,College graduate+,1.062980061414255
201901020789.0,Not much,Was made accidentally in a lab,Rep/Lean Rep,Very conservative,50-64,Some College,0.5404260878450016
201901020800.0,None at all,Came about naturally,Dem/Lean Dem,Moderate,30-49,College graduate+,0.4094636195140061
201901020820.0,Not much,Not sure,Rep/Lean Rep,Conservative,65+,College graduate+,0.24960377457431507
201901020840.0,Not much,Came about naturally,Dem/Lean Dem,Liberal,65+,H.S. graduate or less,1.5840329905034913
201901020841.0,Not much,Came about naturally,Rep/Lean Rep,Moderate,18-29,College graduate+,0.4417102446780824
201901020852.0,Not much,Came about naturally,Rep/Lean Rep,Moderate,50-64,Some College,4.151469799818133
201901020854.0,Some,Not sure,Dem/Lean Dem,Moderate,50-64,College graduate+,0.5137493220526002
201901020900.0,None at all,Came about naturally,Dem/Lean Dem,Liberal,65+,College graduate+,0.31700773711954594
201901020905.0,Not much,Came about naturally,Dem/Lean Dem,Liberal,65+,College graduate+,0.31101899588334525
201901020923.0,Some,Came about naturally,Rep/Lean Rep,Conservative,50-64,College graduate+,0.733262000002952
201901020946.0,Not much,Was made accidentally in a lab,Rep/Lean Rep,Moderate,50-64,H.S. graduate or less,5.243772662026453
201901021028.0,Not much,Came about naturally,Dem/Lean Dem,Moderate,18-29,College graduate+,1.0550510166984184
201901021046.0,Some,Came about naturally,Dem/Lean Dem,Liberal,50-64,College graduate+,0.92742101031085
201901021079.0,Some,Came about naturally,Dem/Lean Dem,Very liberal,18-29,Some College,1.403003525065443
201901021082.0,None at all,Not sure,Rep/Lean Rep,Refused,50-64,Some College,0.8642001941651632
201901021092.0,A lot,Was developed intentionally in a lab,Rep/Lean Rep,Conservative,Refused,Some College,0.9599616399016693
201901021109.0,None at all,Refused,Dem/Lean Dem,Conservative,30-49,H.S. graduate or less,2.7972153370837365
201901021153.0,Not much,Was developed intentionally in a lab,Rep/Lean Rep,Moderate,65+,College graduate+,0.5414927161496371
201901021165.0,Some,Was developed intentionally in a lab,Dem/Lean Dem,Refused,50-64,H.S. graduate or less,0.586715598345421
201901021167.0,None at all,Came about naturally,Dem/Lean Dem,Conservative,30-49,College graduate+,0.8904173234304539
201901021229.0,None at all,Was developed intentionally in a lab,Dem/Lean Dem,Conservative,50-64,College graduate+,0.27382809172388795
201901021239.0,None at all,Not sure,Dem/Lean Dem,Moderate,65+,Some College,1.1325281643914051
201901021291.0,Not much,Came about naturally,Dem/Lean Dem,Very liberal,30-49,College graduate+,0.3427809379348862
201901021305.0,A lot,Came about naturally,Dem/Lean Dem,Liberal,18-29,Some College,2.481600531327603
201901021328.0,Some,Came about naturally,Dem/Lean Dem,Very liberal,50-64,College graduate+,0.44732242553576856
201901021362.0,Some,Came about naturally,Dem/Lean Dem,Liberal,65+,Some College,0.37447650407982375
201901021378.0,Some,Was developed intentionally in a lab,Rep/Lean Rep,Moderate,30-49,Some College,0.5774321222777915
201901021433.0,Some,Came about naturally,Rep/Lean Rep,Conservative,65+,College graduate+,0.575242611489201
201901021494.0,None at all,Came about naturally,Dem/Lean Dem,Liberal,30-49,College graduate+,0.37866554073156944
201901021598.0,Some,Came about naturally,Dem/Lean Dem,Moderate,65+,College graduate+,0.816709926114739
201901021616.0,Not much,Came about naturally,Rep/Lean Rep,Moderate,30-49,Some College,0.6163357680366778
201901021617.0,Not much,Came about naturally,Rep/Lean Rep,Moderate,50-64,College graduate+,0.9837307916927464
201901021637.0,Some,Was developed intentionally in a lab,Rep/Lean Rep,Liberal,30-49,H.S. graduate or less,7.487621221765812
201901021660.0,Some,Came about naturally,Dem/Lean Dem,Very liberal,30-49,Some College,0.5780707162050099
201901021683.0,None at all,Was developed intentionally in a lab,Rep/Lean Rep,Very conservative,50-64,Some College,0.5466726303848976
201901021689.0,Not much,Not sure,Rep/Lean Rep,Conservative,65+,College graduate+,0.28718500597209207
201901021702.0,None at all,Came about naturally,Dem/Lean Dem,Liberal,30-49,Some College,0.9439618949334257
201901021707.0,None at all,Came about naturally,Dem/Lean Dem,Moderate,50-64,Refused,0.982150931264727
201901021739.0,Some,Came about naturally,Rep/Lean Rep,Liberal,65+,College graduate+,0.27090170480401554
201901021768.0,None at all,Came about naturally,Dem/Lean Dem,Very liberal,65+,Some College,0.862196825205366
201901021794.0,Not much,Came about naturally,Dem/Lean Dem,Very liberal,18-29,Some College,0.9847869154089509
201901021824.0,None at all,Came about naturally,Rep/Lean Rep,Conservative,Refused,Some College,0.4474437868675846
201901021869.0,A lot,Was developed intentionally in a lab,Rep/Lean Rep,Very conservative,65+,Some College,0.501097021579651
201901021873.0,None at all,Was developed intentionally in a lab,Dem/Lean Dem,Moderate,30-49,Some College,6.413373835605818
201901021899.0,Not much,Not sure,Dem/Lean Dem,Conservative,65+,Some College,0.9779979339620597
201901021963.0,Some,Was developed intentionally in a lab,Dem/Lean Dem,Conservative,18-29,H.S. graduate or less,5.104252192610259
201901022011.0,Not much,Came about naturally,Dem/Lean Dem,Liberal,65+,College graduate+,0.6413499780877429
201901022041.0,None at all,Not sure,Dem/Lean Dem,Liberal,65+,H.S. graduate or less,1.5840329905034913
201901022046.0,Not much,Came about naturally,Dem/Lean Dem,Very liberal,30-49,College graduate+,0.35202299616376354
201901022057.0,Not much,Not sure,Rep/Lean Rep,Moderate,65+,College graduate+,0.2368452278651294
201901022063.0,None at all,Came about naturally,Dem/Lean Dem,Moderate,65+,College graduate+,0.6413499780877429
201901022073.0,Some,Was developed intentionally in a lab,Rep/Lean Rep,Moderate,30-49,Some College,0.3194432242729176
201901022078.0,A lot,Was developed intentionally in a lab,Rep/Lean Rep,Conservative,65+,H.S. graduate or less,2.5261792149779696
201901022083.0,Not much,Came about naturally,Dem/Lean Dem,Moderate,Refused,College graduate+,0.43544550068146454
201901022086.0,Not much,Came about naturally,Dem/Lean Dem,Liberal,18-29,College graduate+,1.627001537614074
201901022111.0,A lot,Came about naturally,Rep/Lean Rep,Moderate,30-49,H.S. graduate or less,3.7133045813511427
201901022116.0,Not much,Came about naturally,Rep/Lean Rep,Moderate,30-49,H.S. graduate or less,0.8311042520802329
201901022130.0,Some,Came about naturally,Dem/Lean Dem,Very liberal,18-29,Some College,7.403823321029629
201901022144.0,Not much,Came about naturally,Rep/Lean Rep,Moderate,50-64,Some College,0.9170947737879903
201901022149.0,Some,Came about naturally,Rep/Lean Rep,Moderate,50-64,Some College,0.5796594551060074
201901022172.0,Not much,Came about naturally,Dem/Lean Dem,Liberal,50-64,College graduate+,0.17178106716720398
201901022180.0,Some,Was developed intentionally in a lab,Rep/Lean Rep,Moderate,Refused,Some College,0.5723289703490612
201901022208.0,A lot,Came about naturally,Dem/Lean Dem,Liberal,30-49,College graduate+,1.627001537614074
201901022210.0,Some,Was made accidentally in a lab,Rep/Lean Rep,Conservative,50-64,Some College,2.547897112600426
201901022224.0,Not much,Was developed intentionally in a lab,Rep/Lean Rep,Conservative,18-29,College graduate+,1.4834367265898096
201901022226.0,None at all,Not sure,Rep/Lean Rep,Liberal,30-49,Some College,7.487621221765812
201901022244.0,A lot,Was developed intentionally in a lab,Rep/Lean Rep,Conservative,65+,College graduate+,0.8746997294893075
201901022267.0,Not much,Came about naturally,Rep/Lean Rep,Moderate,65+,Some College,0.884522665575274
201901022277.0,A lot,Not sure,Rep/Lean Rep,Refused,30-49,Some College,1.3187145171178256
201901022306.0,Some,Came about naturally,Dem/Lean Dem,Liberal,65+,H.S. graduate or less,1.8470674719387365
201901022318.0,A lot,Was developed intentionally in a lab,Rep/Lean Rep,Conservative,50-64,Some College,0.34333540197595286
201901022360.0,Some,Was developed intentionally in a lab,Dem/Lean Dem,Conservative,50-64,Some College,0.2480305114468016
201901022386.0,Some,Came about naturally,Dem/Lean Dem,Moderate,50-64,College graduate+,0.25977479373231127
201901022401.0,Some,Came about naturally,Dem/Lean Dem,Moderate,30-49,College graduate+,0.5756836274746054
201901022402.0,A lot,Was developed intentionally in a lab,Rep/Lean Rep,Conservative,30-49,H.S. graduate or less,4.698356018001566
201901022406.0,Some,Came about naturally,Dem/Lean Dem,Very liberal,30-49,Some College,0.5780707162050099
201901022411.0,Not much,Was developed intentionally in a lab,Rep/Lean Rep,Conservative,65+,College graduate+,0.4415814611290617
201901022435.0,A lot,Not sure,Dem/Lean Dem,Liberal,65+,College graduate+,0.16658774135557186
201901022436.0,None at all,Was made accidentally in a lab,Dem/Lean Dem,Refused,Refused,Some College,0.7556017055371129
201901022457.0,Not much,Came about naturally,Rep/Lean Rep,Moderate,50-64,College graduate+,0.49322320491043264
201901022458.0,A lot,Came about naturally,Rep/Lean Rep,Conservative,65+,College graduate+,0.2541918555187609
201901022506.0,A lot,Was developed intentionally in a lab,Rep/Lean Rep,Conservative,50-64,College graduate+,0.4332216541457245
201901022507.0,Not much,Came about naturally,Rep/Lean Rep,Conservative,50-64,College graduate+,0.5179961437773855
201901022554.0,Not much,Came about naturally,Dem/Lean Dem,Very liberal,18-29,College graduate+,0.581359359859539
201901022573.0,Not much,Not sure,Dem/Lean Dem,Moderate,65+,H.S. graduate or less,3.6794375550456597
201901022592.0,Some,Came about naturally,Dem/Lean Dem,Liberal,18-29,College graduate+,0.7313436166474172
201901022601.0,Some,Came about naturally,Dem/Lean Dem,Very liberal,30-49,College graduate+,0.30446087487465623
201901022628.0,Not much,Was developed intentionally in a lab,Dem/Lean Dem,Moderate,18-29,College graduate+,0.6769052818376768
201901022631.0,A lot,Came about naturally,Dem/Lean Dem,Liberal,18-29,College graduate+,4.697097160225248
201901022646.0,Some,Came about naturally,Dem/Lean Dem,Moderate,50-64,College graduate+,0.2763450083576254
201901022647.0,None at all,Not sure,Rep/Lean Rep,Moderate,50-64,H.S. graduate or less,4.634764401956514
201901022649.0,Some,Not sure,Rep/Lean Rep,Moderate,65+,Some College,0.6609265375705738
201901022697.0,Some,Came about naturally,Dem/Lean Dem,Very liberal,18-29,College graduate+,0.4572782227327717
201901022702.0,None at all,Not sure,Dem/Lean Dem,Liberal,65+,H.S. graduate or less,1.5840329905034913
201901022710.0,Some,Was developed intentionally in a lab,Rep/Lean Rep,Moderate,30-49,College graduate+,0.47683680314419524
201901022711.0,None at all,Came about naturally,Rep/Lean Rep,Conservative,65+,Some College,0.44421746604418666
201901022740.0,Some,Not sure,Dem/Lean Dem,Moderate,50-64,Some College,1.7994615467007309
201901022772.0,Some,Came about naturally,Dem/Lean Dem,Moderate,Refused,Some College,1.7163264121926964
201901022785.0,Some,Was developed intentionally in a lab,Dem/Lean Dem,Moderate,30-49,Some College,1.4499327799067887
201901022823.0,A lot,Doesn’t really exist,Dem/Lean Dem,Very liberal,18-29,College graduate+,0.9529512087132386
201901022836.0,Some,Was developed intentionally in a lab,Dem/Lean Dem,Liberal,30-49,College graduate+,0.6363659314577633
201901022849.0,Not much,Not sure,Rep/Lean Rep,Moderate,65+,College graduate+,0.5548564996706745
201901022853.0,Not much,Came about naturally,Dem/Lean Dem,Moderate,65+,College graduate+,0.4415814611290617
201901022867.0,Not much,Came about naturally,Dem/Lean Dem,Moderate,30-49,Some College,1.4295403210379065
201901022869.0,Not much,Came about naturally,DK/Refused/No lean,Refused,50-64,Some College,1.7935547863735701
201901022928.0,Some,Came about naturally,Dem/Lean Dem,Liberal,50-64,College graduate+,0.6778739029525591
201901022933.0,None at all,Came about naturally,Dem/Lean Dem,Liberal,50-64,Some College,0.5404260878450016
201901022967.0,Some,Came about naturally,Dem/Lean Dem,Liberal,50-64,Some College,0.8728240632307182
201901022996.0,Some,Came about naturally,Dem/Lean Dem,Very liberal,30-49,Some College,0.5774321222777915
201901023055.0,Some,Was developed intentionally in a lab,Rep/Lean Rep,Conservative,30-49,College graduate+,0.45329468060915645
201901023062.0,Not much,Came about naturally,Rep/Lean Rep,Conservative,30-49,H.S. graduate or less,1.2287580364689163
201901023066.0,Some,Came about naturally,Dem/Lean Dem,Moderate,50-64,College graduate+,0.14553784403377237
201901023093.0,Some,Not sure,Dem/Lean Dem,Liberal,65+,College graduate+,0.3496937122757643
201901023103.0,Some,Not sure,Rep/Lean Rep,Very conservative,30-49,College graduate+,0.864694049770076
201901023109.0,Not much,Was developed intentionally in a lab,Dem/Lean Dem,Moderate,50-64,Some College,0.34234695065832116
201901023116.0,Some,Was developed intentionally in a lab,Rep/Lean Rep,Very conservative,30-49,College graduate+,1.4172435603035347
201901023133.0,Some,Came about naturally,Dem/Lean Dem,Conservative,65+,College graduate+,0.2228900847276511
201901023195.0,Not much,Not sure,Rep/Lean Rep,Conservative,50-64,Some College,1.6151066591165637
201901023236.0,Not much,Came about naturally,Rep/Lean Rep,Conservative,50-64,Some College,0.6381563021785197
201901023243.0,Not much,Not sure,Rep/Lean Rep,Conservative,30-49,College graduate+,0.5555764263620969
201901023246.0,Some,Was developed intentionally in a lab,Dem/Lean Dem,Moderate,30-49,Some College,0.5924476824989825
201901023274.0,Not much,Came about naturally,Rep/Lean Rep,Conservative,50-64,H.S. graduate or less,2.689926015543676
201901023301.0,Not much,Not sure,Rep/Lean Rep,Moderate,18-29,Some College,1.6890329844761816
201901023311.0,Some,Came about naturally,Rep/Lean Rep,Conservative,50-64,College graduate+,0.3590578667638715
201901023430.0,Not much,Came about naturally,Rep/Lean Rep,Refused,50-64,Some College,0.6817924780475209
201901023433.0,Some,Came about naturally,Rep/Lean Rep,Moderate,50-64,College graduate+,0.3102954082448866
201901023454.0,None at all,Not sure,Dem/Lean Dem,Very liberal,30-49,College graduate+,0.432203126966449
201901023468.0,Not much,Came about naturally,Rep/Lean Rep,Moderate,18-29,H.S. graduate or less,3.6300801054355647
201901023488.0,Some,Came about naturally,Dem/Lean Dem,Moderate,18-29,College graduate+,0.6614056498829151
201901023497.0,None at all,Came about naturally,Dem/Lean Dem,Moderate,50-64,College graduate+,0.5046752744340405
201901023518.0,A lot,Came about naturally,Rep/Lean Rep,Very conservative,65+,Some College,0.3361813927087328
201901023550.0,Not much,Came about naturally,Dem/Lean Dem,Liberal,30-49,College graduate+,1.3501799615871442
201901023590.0,A lot,Came about naturally,Rep/Lean Rep,Moderate,18-29,College graduate+,0.6046919913735527
201901023603.0,Refused,Not sure,Dem/Lean Dem,Very liberal,65+,College graduate+,0.27472252543231557
201901023611.0,Not much,Was developed intentionally in a lab,Dem/Lean Dem,Moderate,30-49,Some College,1.6879916693428696
201901023616.0,Some,Was developed intentionally in a lab,Rep/Lean Rep,Moderate,50-64,Some College,0.49413653769269544
201901023636.0,None at all,Was made accidentally in a lab,Dem/Lean Dem,Moderate,18-29,Some College,2.023882196125373
201901023641.0,Some,Came about naturally,Dem/Lean Dem,Moderate,50-64,College graduate+,0.17417181620913005
201901023661.0,Some,Not sure,Dem/Lean Dem,Very liberal,30-49,College graduate+,0.4094636195140061
201901023681.0,A lot,Was developed intentionally in a lab,Dem/Lean Dem,Moderate,30-49,H.S. graduate or less,7.487621221765812
201901023721.0,None at all,Came about naturally,Rep/Lean Rep,Conservative,50-64,College graduate+,0.5179961437773855
201901023764.0,Not much,Not sure,Rep/Lean Rep,Very conservative,50-64,Some College,0.4193012432916799
201901023864.0,Not much,Not sure,Rep/Lean Rep,Moderate,65+,College graduate+,0.2547848262475639
201901023881.0,Not much,Came about naturally,Rep/Lean Rep,Conservative,65+,Some College,0.884522665575274
201901023894.0,None at all,Doesn’t really exist,Dem/Lean Dem,Liberal,65+,H.S. graduate or less,0.6455341452896537
201901023901.0,None at all,Not sure,Dem/Lean Dem,Liberal,65+,College graduate+,0.21076401771962838
201901023925.0,Some,Came about naturally,Dem/Lean Dem,Moderate,18-29,College graduate+,1.8125051922341346
201901023927.0,Not much,Came about naturally,Dem/Lean Dem,Liberal,65+,Some College,0.5501445714967962
201901023986.0,Not much,Came about naturally,Rep/Lean Rep,Conservative,30-49,College graduate+,0.4332216541457245
201901024003.0,Some,Came about naturally,Dem/Lean Dem,Moderate,18-29,College graduate+,1.1674362439708543
201901024027.0,Not much,Came about naturally,Dem/Lean Dem,Moderate,65+,College graduate+,0.8292267917270667
201901024032.0,Some,Came about naturally,Dem/Lean Dem,Moderate,65+,College graduate+,0.4349346216352827
201901024076.0,Some,Came about naturally,Dem/Lean Dem,Very liberal,30-49,Some College,1.9668057345964558
201901024089.0,None at all,Came about naturally,Dem/Lean Dem,Moderate,30-49,College graduate+,0.4898943456222849
201901024105.0,Not much,Came about naturally,Dem/Lean Dem,Liberal,30-49,College graduate+,2.3511061919366423
201901024123.0,Not much,Was developed intentionally in a lab,Dem/Lean Dem,Conservative,30-49,Some College,0.47484270001827594
201901024124.0,Some,Came about naturally,Dem/Lean Dem,Liberal,50-64,College graduate+,0.44732242553576856
201901024153.0,None at all,Was developed intentionally in a lab,Dem/Lean Dem,Very conservative,30-49,College graduate+,0.2726873105440305
201901024214.0,Not much,Was developed intentionally in a lab,Dem/Lean Dem,Liberal,50-64,Some College,1.147187243026231
201901024240.0,Some,Came about naturally,Dem/Lean Dem,Moderate,18-29,College graduate+,1.8442243060727996
201901024255.0,Some,Was made accidentally in a lab,Rep/Lean Rep,Very conservative,50-64,Some College,0.6549057641279313
201901024266.0,Some,Came about naturally,Dem/Lean Dem,Moderate,50-64,College graduate+,0.1159077496714529
201901024276.0,Some,Came about naturally,Dem/Lean Dem,Very liberal,65+,College graduate+,0.21076401771962838
201901024318.0,Some,Not sure,Rep/Lean Rep,Moderate,30-49,College graduate+,0.44705401190499194
201901024323.0,Some,Not sure,DK/Refused/No lean,Liberal,18-29,Some College,3.2776086767489248
201901024377.0,Not much,Not sure,Dem/Lean Dem,Moderate,30-49,College graduate+,0.40224114742049477
201901024398.0,None at all,Was made accidentally in a lab,Rep/Lean Rep,Conservative,65+,Some College,0.3297058488385204
201901024408.0,Not much,Not sure,DK/Refused/No lean,Moderate,30-49,Some College,2.3914386356933854
201901024446.0,Some,Was made accidentally in a lab,Dem/Lean Dem,Conservative,18-29,College graduate+,1.394338311464236
201901024459.0,Some,Came about naturally,Dem/Lean Dem,Moderate,65+,College graduate+,0.37995031658406214
201901024540.0,Some,Came about naturally,Dem/Lean Dem,Moderate,18-29,College graduate+,1.8442243060727996
201901024575.0,Some,Was developed intentionally in a lab,Rep/Lean Rep,Moderate,30-49,Some College,1.0661026143570096
201901024607.0,Some,Was developed intentionally in a lab,Rep/Lean Rep,Conservative,50-64,Some College,0.610809199094701
201901024612.0,Not much,Came about naturally,Rep/Lean Rep,Moderate,65+,Some College,0.49575414368839404
201901024623.0,Not much,Not sure,Dem/Lean Dem,Liberal,50-64,H.S. graduate or less,0.456976798048366
201901024752.0,Not much,Came about naturally,Rep/Lean Rep,Conservative,65+,College graduate+,0.24960377457431507
201901024764.0,Not much,Not sure,Rep/Lean Rep,Conservative,50-64,College graduate+,1.2666444026785624
201901024767.0,Some,Was made accidentally in a lab,Dem/Lean Dem,Moderate,30-49,Some College,0.6971732299773025
201901024797.0,Some,Came about naturally,Dem/Lean Dem,Liberal,65+,Some College,0.319101043048415
201901024818.0,Not much,Came about naturally,Dem/Lean Dem,Liberal,50-64,College graduate+,0.21372520590383698
201901024821.0,Some,Came about naturally,Dem/Lean Dem,Very conservative,65+,Some College,0.9313860489033863
201901024901.0,Some,Not sure,Rep/Lean Rep,Moderate,30-49,College graduate+,0.5412842803766115
201901024913.0,Some,Not sure,Dem/Lean Dem,Very liberal,18-29,Some College,2.901925222073265
201901024925.0,Not much,Was developed intentionally in a lab,Dem/Lean Dem,Liberal,30-49,Some College,0.3896642942071379
201901024932.0,Not much,Not sure,Dem/Lean Dem,Liberal,65+,College graduate+,0.16658774135557186
201901024942.0,A lot,Was developed intentionally in a lab,Rep/Lean Rep,Very conservative,50-64,College graduate+,0.3102954082448866
201901024956.0,Some,Came about naturally,Dem/Lean Dem,Moderate,65+,College graduate+,0.2559752922890272
201901024968.0,Not much,Was developed intentionally in a lab,Dem/Lean Dem,Moderate,18-29,H.S. graduate or less,7.487621221765812
201901025013.0,Refused,Refused,Dem/Lean Dem,Liberal,65+,College graduate+,0.5891238000603322
201901025076.0,Some,Came about naturally,Rep/Lean Rep,Moderate,18-29,College graduate+,0.4580540297509329
201901025077.0,None at all,Came about naturally,Dem/Lean Dem,Moderate,30-49,Some College,1.4647673539323123
201901025094.0,Not much,Came about naturally,Dem/Lean Dem,Moderate,18-29,College graduate+,0.9169796526385596
201901025137.0,Not much,Came about naturally,Rep/Lean Rep,Moderate,50-64,H.S. graduate or less,3.098860592531083
201901025140.0,Not much,Not sure,Dem/Lean Dem,Liberal,30-49,College graduate+,0.314211276057715
201901025157.0,Not much,Was made accidentally in a lab,Rep/Lean Rep,Moderate,65+,H.S. graduate or less,2.643223817515233
201901025164.0,None at all,Came about naturally,Rep/Lean Rep,Conservative,18-29,College graduate+,1.2886516436086455
201901025193.0,None at all,Refused,Rep/Lean Rep,Very conservative,65+,H.S. graduate or less,0.950043510258741
201901025234.0,Not much,Refused,Dem/Lean Dem,Moderate,50-64,College graduate+,1.062980061414255
201901025263.0,Not much,Came about naturally,Dem/Lean Dem,Moderate,50-64,Some College,0.28157872813075613
201901025286.0,None at all,Came about naturally,Dem/Lean Dem,Liberal,30-49,College graduate+,0.6646330744876657
201901025326.0,None at all,Came about naturally,Dem/Lean Dem,Liberal,18-29,Some College,0.9507153282442361
201901025371.0,Some,Was developed intentionally in a lab,Dem/Lean Dem,Moderate,50-64,College graduate+,0.3923440394774019
201901025378.0,Some,Not sure,Dem/Lean Dem,Moderate,65+,Some College,1.0655880557755821
201901025487.0,Not much,Not sure,Dem/Lean Dem,Moderate,30-49,College graduate+,0.7510284183721385
201901025501.0,Not much,Came about naturally,Dem/Lean Dem,Moderate,30-49,College graduate+,0.23199673883683047
201901025506.0,Not much,Came about naturally,Rep/Lean Rep,Conservative,30-49,Some College,1.0637916061139496
201901025513.0,Some,Was made accidentally in a lab,Rep/Lean Rep,Very conservative,65+,College graduate+,0.24960377457431507
201901025540.0,Not much,Came about naturally,Dem/Lean Dem,Moderate,65+,College graduate+,0.25955829906694444
201901025610.0,None at all,Came about naturally,Dem/Lean Dem,Liberal,50-64,Some College,0.5243895491899507
201901025618.0,Some,Came about naturally,Dem/Lean Dem,Liberal,30-49,College graduate+,0.9740206868945197
201901025626.0,Not much,Came about naturally,Dem/Lean Dem,Moderate,50-64,College graduate+,0.35842635084045804
201901025630.0,Not much,Came about naturally,Dem/Lean Dem,Moderate,65+,College graduate+,0.3861076073283847
201901025651.0,None at all,Came about naturally,Dem/Lean Dem,Moderate,50-64,College graduate+,0.30671569564867385
201901025723.0,A lot,Came about naturally,Dem/Lean Dem,Moderate,30-49,College graduate+,1.4430548237481877
201901025730.0,None at all,Came about naturally,Dem/Lean Dem,Liberal,65+,College graduate+,0.731697566812459
201901025741.0,Some,Came about naturally,Dem/Lean Dem,Moderate,65+,Some College,1.1367224709718933
201901025774.0,None at all,Came about naturally,Dem/Lean Dem,Moderate,30-49,Some College,0.3357649151793398
201901025790.0,None at all,Was developed intentionally in a lab,Dem/Lean Dem,Moderate,18-29,Some College,5.076614403418413
201901025808.0,Some,Came about naturally,Rep/Lean Rep,Conservative,65+,College graduate+,1.4586479548379354
201901025810.0,Some,Came about naturally,Rep/Lean Rep,Conservative,50-64,College graduate+,0.5847421512663893
201901025832.0,A lot,Came about naturally,Dem/Lean Dem,Liberal,50-64,College graduate+,0.4785455387719261
201901025839.0,Not much,Came about naturally,Rep/Lean Rep,Moderate,65+,H.S. graduate or less,1.3156585566978771
201901025841.0,None at all,Came about naturally,Dem/Lean Dem,Very liberal,65+,College graduate+,0.4118632994549787
201901025857.0,None at all,Refused,Dem/Lean Dem,Refused,50-64,H.S. graduate or less,2.2671498300199824
201901025892.0,Some,Was developed intentionally in a lab,Rep/Lean Rep,Moderate,18-29,Some College,2.6158900264680947
201901025908.0,A lot,Was made accidentally in a lab,Rep/Lean Rep,Very conservative,50-64,Some College,0.7471588404206614
201901025911.0,Not much,Came about naturally,Dem/Lean Dem,Liberal,30-49,Some College,0.5653153382956108
201901026011.0,Some,Not sure,Dem/Lean Dem,Liberal,18-29,Some College,0.7936801504761454
201901026021.0,Not much,Came about naturally,Dem/Lean Dem,Very liberal,50-64,College graduate+,0.19190345833934808
201901026031.0,A lot,Was developed intentionally in a lab,Rep/Lean Rep,Moderate,30-49,Some College,0.6381563021785197
201901026032.0,None at all,Came about naturally,Dem/Lean Dem,Liberal,30-49,College graduate+,0.28956493189991084
201901026052.0,Not much,Came about naturally,Dem/Lean Dem,Very liberal,18-29,College graduate+,0.7413213420070414
201901026091.0,Not much,Was developed intentionally in a lab,Rep/Lean Rep,Moderate,50-64,College graduate+,0.2585335737324687
201901026123.0,Some,Was developed intentionally in a lab,Dem/Lean Dem,Liberal,18-29,College graduate+,0.5525152350105343
201901026152.0,Some,Was developed intentionally in a lab,Rep/Lean Rep,Conservative,50-64,H.S. graduate or less,3.087350310111139
201901026214.0,Some,Was developed intentionally in a lab,Rep/Lean Rep,Conservative,30-49,College graduate+,0.4425879654097782
201901026266.0,Some,Came about naturally,Rep/Lean Rep,Conservative,30-49,Some College,0.3139507323475158
201901026279.0,Some,Came about naturally,Dem/Lean Dem,Liberal,50-64,College graduate+,0.20313757190989004
201901026286.0,A lot,Not sure,Dem/Lean Dem,Moderate,30-49,H.S. graduate or less,1.6536959317890991
201901026354.0,Not much,Not sure,Rep/Lean Rep,Conservative,50-64,Some College,1.058831702952206
201901026361.0,None at all,Came about naturally,Dem/Lean Dem,Very liberal,30-49,Some College,0.8079795701015345
201901026363.0,A lot,Was developed intentionally in a lab,Rep/Lean Rep,Moderate,30-49,College graduate+,1.1725148900178126
201901026365.0,Some,Came about naturally,Rep/Lean Rep,Moderate,30-49,College graduate+,2.676020336109194
201901026391.0,Not much,Came about naturally,Dem/Lean Dem,Liberal,30-49,College graduate+,0.8287624205320122
201901026408.0,Not much,Was developed intentionally in a lab,Rep/Lean Rep,Moderate,30-49,Some College,1.6152524557859116
201901026447.0,A lot,Not sure,Rep/Lean Rep,Very conservative,50-64,College graduate+,0.24948054396811553
201901026456.0,Some,Came about naturally,Dem/Lean Dem,Very liberal,30-49,H.S. graduate or less,3.5598934983592607
201901026463.0,Not much,Came about naturally,Rep/Lean Rep,Moderate,30-49,College graduate+,0.9031943461567729
201901026471.0,Some,Came about naturally,Rep/Lean Rep,Moderate,65+,College graduate+,0.561078032636311
201901026500.0,Some,Was developed intentionally in a lab,Dem/Lean Dem,Moderate,18-29,College graduate+,2.083604472798661
201901026526.0,A lot,Came about naturally,Rep/Lean Rep,Very conservative,65+,College graduate+,0.322261998860181
201901026529.0,Not much,Not sure,Dem/Lean Dem,Moderate,50-64,College graduate+,0.6677306377059066
201901026566.0,None at all,Came about naturally,Dem/Lean Dem,Conservative,65+,College graduate+,0.3728316103021936
201901026593.0,Not much,Came about naturally,Rep/Lean Rep,Conservative,65+,H.S. graduate or less,0.9106082450854917
201901026603.0,Some,Was made accidentally in a lab,Rep/Lean Rep,Very conservative,18-29,College graduate+,1.3224395974745655
201901026620.0,Not much,Came about naturally,Dem/Lean Dem,Moderate,50-64,College graduate+,0.32127104808653617
201901026633.0,A lot,Came about naturally,Rep/Lean Rep,Conservative,30-49,Some College,0.6530390263592843
201901026636.0,Some,Came about naturally,Dem/Lean Dem,Liberal,30-49,Some College,0.5797383525727224
201901026670.0,Not much,Was made accidentally in a lab,Dem/Lean Dem,Liberal,65+,College graduate+,0.3845657298168038
201901026682.0,Not much,Came about naturally,Dem/Lean Dem,Very liberal,65+,College graduate+,0.16952634911363323
201901026691.0,A lot,Refused,Dem/Lean Dem,Moderate,30-49,H.S. graduate or less,3.657484637162329
201901026697.0,Not much,Was made accidentally in a lab,Dem/Lean Dem,Liberal,30-49,Some College,7.487621221765812
201901026708.0,None at all,Came about naturally,Dem/Lean Dem,Moderate,50-64,Some College,1.0080190358698746
201901026754.0,A lot,Came about naturally,Dem/Lean Dem,Very liberal,50-64,College graduate+,0.20313757190989004
201901026760.0,None at all,Came about naturally,Rep/Lean Rep,Moderate,50-64,Some College,0.44661595831531015
201901026778.0,A lot,Not sure,Dem/Lean Dem,Refused,50-64,H.S. graduate or less,5.095781668010105
201901026790.0,Not much,Came about naturally,Rep/Lean Rep,Moderate,65+,College graduate+,0.2228900847276511
201901026803.0,Some,Came about naturally,Dem/Lean Dem,Moderate,30-49,College graduate+,0.3845194120995435
201901026817.0,Some,Was made accidentally in a lab,Rep/Lean Rep,Moderate,30-49,Some College,1.3911318839631788
201901026835.0,None at all,Came about naturally,Dem/Lean Dem,Moderate,65+,College graduate+,0.6567529151301014
201901026870.0,Not much,Came about naturally,Rep/Lean Rep,Moderate,Refused,Some College,0.3613555868673831
201901026905.0,Some,Was developed intentionally in a lab,Rep/Lean Rep,Liberal,30-49,Some College,1.3270785933722666
201901026908.0,Not much,Not sure,Rep/Lean Rep,Very conservative,50-64,Some College,0.41319179509199855
201901026925.0,Not much,Came about naturally,Dem/Lean Dem,Liberal,50-64,Some College,0.6124774883438281
201901026943.0,A lot,Not sure,Dem/Lean Dem,Very liberal,30-49,College graduate+,0.2751798570797386
201901026978.0,Not much,Not sure,Rep/Lean Rep,Very conservative,65+,H.S. graduate or less,2.3305678998545267
201901026996.0,Not much,Was developed intentionally in a lab,Rep/Lean Rep,Moderate,65+,Some College,0.38668110394946953
201901027000.0,Not much,Came about naturally,Dem/Lean Dem,Liberal,30-49,College graduate+,2.536976832430375
201901027010.0,Some,Came about naturally,DK/Refused/No lean,Conservative,65+,Some College,0.9283383464109869
201901027035.0,Some,Came about naturally,Dem/Lean Dem,Liberal,30-49,College graduate+,0.35202299616376354
201901027050.0,Not much,Came about naturally,Rep/Lean Rep,Conservative,50-64,H.S. graduate or less,0.8839541579935453
201901027059.0,Some,Not sure,Rep/Lean Rep,Moderate,50-64,H.S. graduate or less,2.0948655953414
201901027152.0,A lot,Came about naturally,Dem/Lean Dem,Very liberal,30-49,College graduate+,0.3181655321170176
201901027155.0,Some,Not sure,Rep/Lean Rep,Moderate,65+,College graduate+,0.37995031658406214
201901027166.0,A lot,Was developed intentionally in a lab,Rep/Lean Rep,Conservative,30-49,Some College,0.5542514318412611
201901027185.0,A lot,Was developed intentionally in a lab,Rep/Lean Rep,Moderate,65+,Some College,0.501097021579651
201901027211.0,Not much,Was made accidentally in a lab,Rep/Lean Rep,Very conservative,30-49,Some College,1.2583642828873354
201901027219.0,Not much,Was developed intentionally in a lab,Rep/Lean Rep,Very conservative,18-29,Some College,3.242614983587707
201901027250.0,Not much,Came about naturally,Dem/Lean Dem,Moderate,30-49,College graduate+,2.5707734168286844
201901027257.0,A lot,Came about naturally,Rep/Lean Rep,Conservative,50-64,Some College,0.6281505557403889
201901027318.0,Some,Was developed intentionally in a lab,DK/Refused/No lean,Conservative,65+,H.S. graduate or less,2.674312299284663
201901027374.0,Not much,Came about naturally,Dem/Lean Dem,Liberal,18-29,College graduate+,0.9141624480566856
201901027384.0,Some,Came about naturally,Dem/Lean Dem,Liberal,65+,College graduate+,0.35631151696197294
201901027386.0,Not much,Came about naturally,Rep/Lean Rep,Moderate,30-49,College graduate+,0.4479702720005671
201901027398.0,Some,Came about naturally,Rep/Lean Rep,Conservative,50-64,H.S. graduate or less,1.0939143818377044
201901027437.0,Some,Was developed intentionally in a lab,Dem/Lean Dem,Moderate,18-29,H.S. graduate or less,1.2066599628920769
201901027484.0,None at all,Came about naturally,Dem/Lean Dem,Liberal,30-49,College graduate+,0.4473873381643575
201901027572.0,None at all,Not sure,Rep/Lean Rep,Conservative,50-64,College graduate+,0.2914983628884342
201901027573.0,Some,Came about naturally,Dem/Lean Dem,Very liberal,18-29,College graduate+,1.0686696156621267
201901027613.0,Not much,Not sure,Dem/Lean Dem,Liberal,30-49,College graduate+,1.0905036626387195
201901027634.0,Not much,Was developed intentionally in a lab,Rep/Lean Rep,Moderate,65+,College graduate+,1.046360314443209
201901027650.0,None at all,Came about naturally,Dem/Lean Dem,Moderate,30-49,Some College,0.506520167097606
201901027679.0,Some,Came about naturally,Dem/Lean Dem,Very liberal,50-64,College graduate+,0.2601583936831742
201901027686.0,Not much,Not sure,Dem/Lean Dem,Moderate,30-49,College graduate+,1.4331102985413888
201901027723.0,Some,Was developed intentionally in a lab,Rep/Lean Rep,Conservative,65+,Some College,1.1787791609470277
201901027775.0,Not much,Came about naturally,Dem/Lean Dem,Moderate,18-29,Some College,1.7652936871613778
201901027776.0,Not much,Came about naturally,Dem/Lean Dem,Conservative,50-64,Some College,0.6829251784362607
201901027832.0,Some,Not sure,Dem/Lean Dem,Liberal,65+,Some College,0.6333518637752298
201901027880.0,Not much,Came about naturally,Rep/Lean Rep,Conservative,50-64,College graduate+,0.40425405977070034
201901027894.0,Some,Not sure,Dem/Lean Dem,Moderate,18-29,Some College,0.47306584644701044
201901027921.0,Some,Came about naturally,Rep/Lean Rep,Moderate,30-49,Some College,2.860362185273692
201901027926.0,None at all,Came about naturally,Dem/Lean Dem,Moderate,50-64,Some College,0.6124774883438281
201901027927.0,Some,Came about naturally,Dem/Lean Dem,Liberal,65+,College graduate+,0.49840964031823126
201901027931.0,A lot,Not sure,Rep/Lean Rep,Liberal,65+,H.S. graduate or less,1.3257873629328107
201901027954.0,Some,Came about naturally,Dem/Lean Dem,Liberal,30-49,College graduate+,0.6963451245515053
201901027980.0,Not much,Not sure,Dem/Lean Dem,Moderate,30-49,H.S. graduate or less,0.7665008171255495
201901027981.0,Not much,Came about naturally,Dem/Lean Dem,Moderate,30-49,College graduate+,0.30977117083112665
201901028031.0,Not much,Came about naturally,Dem/Lean Dem,Liberal,30-49,College graduate+,0.9310940574933219
201901028033.0,Not much,Was developed intentionally in a lab,Dem/Lean Dem,Moderate,30-49,H.S. graduate or less,0.6282396652748006
201901028040.0,Some,Came about naturally,Rep/Lean Rep,Conservative,50-64,Some College,0.8418635952670893
201901028047.0,Not much,Was made accidentally in a lab,Rep/Lean Rep,Moderate,50-64,Some College,0.9828757495573911
201901028062.0,Some,Not sure,Rep/Lean Rep,Moderate,65+,College graduate+,0.561078032636311
201901028075.0,Some,Not sure,Rep/Lean Rep,Very conservative,50-64,Some College,0.39327438242366014
201901028078.0,Some,Came about naturally,Dem/Lean Dem,Liberal,30-49,College graduate+,1.0181019991592448
201901028096.0,Some,Came about naturally,Dem/Lean Dem,Very liberal,50-64,College graduate+,0.4094636195140061
201901028104.0,Some,Came about naturally,Rep/Lean Rep,Moderate,Refused,College graduate+,0.4228550525127948
201901028144.0,A lot,Not sure,Rep/Lean Rep,Moderate,50-64,H.S. graduate or less,2.0656123852247297
201901028162.0,Not much,Came about naturally,Rep/Lean Rep,Very liberal,65+,Some College,1.2149090516559669
201901028219.0,A lot,Came about naturally,Dem/Lean Dem,Liberal,30-49,College graduate+,1.0565457964925558
201901028225.0,Not much,Was developed intentionally in a lab,Dem/Lean Dem,Refused,30-49,College graduate+,0.7209835244243992
201901028242.0,A lot,Came about naturally,Rep/Lean Rep,Moderate,18-29,College graduate+,1.461487738532034
201901028279.0,Not much,Came about naturally,Dem/Lean Dem,Liberal,30-49,College graduate+,0.3566962885931554
201901028280.0,Some,Came about naturally,Dem/Lean Dem,Liberal,50-64,Some College,1.261589996699417
201901028313.0,Not much,Was developed intentionally in a lab,Dem/Lean Dem,Moderate,30-49,College graduate+,0.4921817942421262
201901028365.0,Not much,Came about naturally,Dem/Lean Dem,Moderate,50-64,College graduate+,0.19190345833934808
201901028381.0,Some,Was developed intentionally in a lab,Dem/Lean Dem,Moderate,30-49,H.S. graduate or less,0.5315894117001987
201901028432.0,Some,Was made accidentally in a lab,Rep/Lean Rep,Very conservative,50-64,College graduate+,0.43400983974197954
201901028439.0,Some,Came about naturally,Dem/Lean Dem,Moderate,50-64,College graduate+,0.17178106716720398
201901028466.0,None at all,Came about naturally,Dem/Lean Dem,Moderate,50-64,Some College,0.2094794776742906
201901028475.0,Some,Not sure,Rep/Lean Rep,Conservative,30-49,H.S. graduate or less,1.105793342565266
201901028482.0,Not much,Came about naturally,Dem/Lean Dem,Liberal,50-64,College graduate+,0.32127104808653617
201901028518.0,Not much,Was made accidentally in a lab,Dem/Lean Dem,Moderate,65+,H.S. graduate or less,0.9749858162369579
201901028546.0,Some,Came about naturally,Rep/Lean Rep,Conservative,65+,H.S. graduate or less,2.674312299284663
201901028582.0,A lot,Not sure,Rep/Lean Rep,Conservative,65+,H.S. graduate or less,0.8774025964742399
201901028588.0,Not much,Came about naturally,Rep/Lean Rep,Moderate,Refused,H.S. graduate or less,5.264235999151539
201901028617.0,Some,Came about naturally,Dem/Lean Dem,Moderate,18-29,Some College,2.0305381603782817
201901028636.0,Some,Not sure,Dem/Lean Dem,Moderate,30-49,H.S. graduate or less,0.6849574155798166
201901028653.0,Not much,Not sure,Dem/Lean Dem,Moderate,50-64,College graduate+,0.23078620749798037
201901028681.0,A lot,Was developed intentionally in a lab,Dem/Lean Dem,Conservative,30-49,College graduate+,0.5992555299773261
201901028721.0,Not much,Came about naturally,Dem/Lean Dem,Liberal,50-64,H.S. graduate or less,1.4503823067684314
201901028725.0,Not much,Not sure,Dem/Lean Dem,Moderate,65+,College graduate+,0.49840964031823126
201901028747.0,Some,Was developed intentionally in a lab,Rep/Lean Rep,Moderate,30-49,H.S. graduate or less,7.487621221765812
201901028752.0,Not much,Came about naturally,Dem/Lean Dem,Liberal,30-49,College graduate+,0.623273222186176
201901028755.0,Not much,Came about naturally,Dem/Lean Dem,Liberal,65+,Some College,0.48050147343762967
201901028778.0,Not much,Was developed intentionally in a lab,Rep/Lean Rep,Moderate,30-49,H.S. graduate or less,4.083901772692097
201901028812.0,Some,Not sure,Dem/Lean Dem,Moderate,65+,College graduate+,0.7315437553898075
201901028829.0,Some,Came about naturally,Rep/Lean Rep,Moderate,30-49,College graduate+,1.0709836859966302
201901028846.0,Some,Was developed intentionally in a lab,Rep/Lean Rep,Moderate,30-49,College graduate+,0.6849187616469151
201901028869.0,None at all,Came about naturally,Rep/Lean Rep,Moderate,50-64,College graduate+,0.3102954082448866
201901028912.0,Some,Was developed intentionally in a lab,Rep/Lean Rep,Conservative,50-64,Some College,1.5202607753912711
201901028934.0,Not much,Came about naturally,Dem/Lean Dem,Liberal,65+,College graduate+,0.28067968514975083
201901028938.0,None at all,Came about naturally,Dem/Lean Dem,Liberal,18-29,Some College,0.7973568232074297
201901029015.0,Some,Came about naturally,Dem/Lean Dem,Liberal,18-29,College graduate+,0.9387319282112762
201901029037.0,Not much,Not sure,Dem/Lean Dem,Liberal,30-49,College graduate+,0.3206291340585848
201901029143.0,A lot,Was developed intentionally in a lab,Rep/Lean Rep,Very conservative,30-49,College graduate+,0.5750624580553446
201901029147.0,Not much,Came about naturally,Dem/Lean Dem,Moderate,65+,College graduate+,0.4922906685250239
201901029224.0,A lot,Came about naturally,Dem/Lean Dem,Conservative,Refused,College graduate+,1.3318754968216067
201901029258.0,None at all,Came about naturally,Dem/Lean Dem,Moderate,Refused,College graduate+,1.0102933552128062
201901029306.0,Not much,Came about naturally,Dem/Lean Dem,Moderate,50-64,H.S. graduate or less,0.8576465308997767
201901029376.0,Some,Came about naturally,Rep/Lean Rep,Very conservative,50-64,College graduate+,0.3102954082448866
201901029385.0,Some,Was developed intentionally in a lab,Rep/Lean Rep,Conservative,50-64,Some College,1.4987606930724924
201901029422.0,Some,Was made accidentally in a lab,Dem/Lean Dem,Moderate,18-29,Some College,0.6796099153169363
201901029559.0,None at all,Came about naturally,Dem/Lean Dem,Moderate,30-49,College graduate+,0.6193358930867435
201901029569.0,None at all,Came about naturally,Dem/Lean Dem,Moderate,50-64,College graduate+,0.23396789123623468
201901029652.0,Not much,Came about naturally,Dem/Lean Dem,Moderate,65+,College graduate+,0.6413499780877429
201901029681.0,Not much,Was developed intentionally in a lab,Rep/Lean Rep,Very conservative,30-49,College graduate+,0.5074960834296296
201901029683.0,A lot,Came about naturally,Rep/Lean Rep,Refused,30-49,Some College,1.1524970983839782
201901029695.0,None at all,Came about naturally,Dem/Lean Dem,Moderate,50-64,College graduate+,0.4516805361793356
201901029697.0,Not much,Not sure,Rep/Lean Rep,Conservative,65+,College graduate+,0.37257794196631094
201901029802.0,Not much,Came about naturally,Rep/Lean Rep,Moderate,50-64,Some College,0.932941395417583
201901029828.0,Not much,Came about naturally,Dem/Lean Dem,Very liberal,30-49,College graduate+,0.724054467760679
201901029832.0,A lot,Not sure,Rep/Lean Rep,Very conservative,65+,College graduate+,0.28718500597209207
201901029905.0,None at all,Came about naturally,Rep/Lean Rep,Conservative,30-49,College graduate+,1.0124033854528405
201901029952.0,Not much,Came about naturally,Rep/Lean Rep,Moderate,30-49,College graduate+,0.39277896836882886
201901029980.0,Some,Not sure,Rep/Lean Rep,Conservative,50-64,College graduate+,0.49322320491043264
201901029999.0,None at all,Came about naturally,Dem/Lean Dem,Liberal,18-29,College graduate+,0.24365612644794607
201901030024.0,Some,Not sure,Rep/Lean Rep,Moderate,50-64,College graduate+,0.2791123656404396
201901030088.0,Not much,Not sure,Dem/Lean Dem,Very liberal,Refused,Some College,0.8523951187019604
201901030150.0,Not much,Came about naturally,Dem/Lean Dem,Conservative,65+,H.S. graduate or less,2.065381622560378
201901030161.0,None at all,Came about naturally,Dem/Lean Dem,Liberal,65+,H.S. graduate or less,1.2853964740116264
201901030276.0,Not much,Came about naturally,Rep/Lean Rep,Moderate,65+,Some College,0.4950258533819953
201901030300.0,Some,Came about naturally,Rep/Lean Rep,Moderate,50-64,College graduate+,0.37167465154921125
201901030307.0,Some,Came about naturally,Dem/Lean Dem,Very liberal,30-49,Some College,0.9710051990667106
201901030327.0,Some,Was made accidentally in a lab,Rep/Lean Rep,Conservative,65+,Some College,0.3297058488385204
201901030376.0,Some,Was developed intentionally in a lab,Rep/Lean Rep,Conservative,18-29,College graduate+,0.9516271335057835
201901030431.0,Some,Was developed intentionally in a lab,Rep/Lean Rep,Conservative,50-64,Some College,0.5357449712432759
201901030435.0,A lot,Not sure,Rep/Lean Rep,Moderate,18-29,Some College,1.8303557372297412
201901030456.0,None at all,Came about naturally,Dem/Lean Dem,Liberal,30-49,College graduate+,0.27935207310063875
201901030524.0,Some,Came about naturally,Rep/Lean Rep,Moderate,30-49,College graduate+,1.034780089621249
201901030526.0,Some,Came about naturally,Dem/Lean Dem,Liberal,50-64,College graduate+,0.45587887589135573
201901030554.0,Some,Was developed intentionally in a lab,Rep/Lean Rep,Conservative,30-49,Some College,0.5283179923594749
201901030560.0,Some,Came about naturally,Dem/Lean Dem,Liberal,30-49,College graduate+,0.32727486259458716
201901030575.0,None at all,Came about naturally,Dem/Lean Dem,Very liberal,30-49,College graduate+,0.28380231851871496
201901030578.0,Some,Not sure,Rep/Lean Rep,Very conservative,50-64,College graduate+,0.2585335737324687
201901030587.0,Not much,Came about naturally,Dem/Lean Dem,Conservative,50-64,College graduate+,0.27765419529254487
201901030618.0,Some,Not sure,Rep/Lean Rep,Very conservative,30-49,College graduate+,0.5507558499486463
201901030720.0,Not much,Not sure,Dem/Lean Dem,Moderate,50-64,Some College,0.32050993300913605
201901030746.0,Some,Was developed intentionally in a lab,Rep/Lean Rep,Conservative,65+,College graduate+,0.2851940982958219
201901030807.0,Some,Was developed intentionally in a lab,Rep/Lean Rep,Conservative,50-64,Some College,1.9052224831944782
201901030808.0,None at all,Came about naturally,Dem/Lean Dem,Very liberal,50-64,Some College,0.23906492073416338
201901030812.0,Not much,Not sure,Dem/Lean Dem,Moderate,65+,College graduate+,0.2559752922890272
201901030815.0,Some,Not sure,Dem/Lean Dem,Moderate,50-64,Some College,0.44661595831531015
201901030851.0,Not much,Not sure,Dem/Lean Dem,Moderate,30-49,H.S. graduate or less,0.7968745049535186
201901030863.0,Not much,Was developed intentionally in a lab,Rep/Lean Rep,Liberal,18-29,H.S. graduate or less,7.487621221765812
201901030866.0,Not much,Came about naturally,Rep/Lean Rep,Conservative,50-64,College graduate+,0.6909828370971259
201901030882.0,Some,Not sure,Dem/Lean Dem,Moderate,18-29,College graduate+,0.3452916425491792
201901030923.0,None at all,Came about naturally,Dem/Lean Dem,Moderate,65+,H.S. graduate or less,0.9228827087460918
201901030947.0,Not much,Came about naturally,Dem/Lean Dem,Moderate,18-29,Some College,5.1196288076324965
201901030984.0,Some,Not sure,Dem/Lean Dem,Liberal,30-49,Some College,0.40448620493392307
201901031008.0,Some,Came about naturally,Rep/Lean Rep,Very conservative,50-64,College graduate+,0.317264943657635
201901031032.0,None at all,Not sure,Dem/Lean Dem,Liberal,65+,College graduate+,0.16952634911363323
201901031040.0,Some,Came about naturally,Dem/Lean Dem,Moderate,50-64,College graduate+,0.5046752744340405
201901031063.0,Not much,Came about naturally,Rep/Lean Rep,Very conservative,50-64,College graduate+,0.5703063293653231
201901031121.0,Some,Was made accidentally in a lab,Rep/Lean Rep,Conservative,Refused,College graduate+,0.4744491677559011
201901031202.0,Not much,Came about naturally,Dem/Lean Dem,Moderate,50-64,College graduate+,0.5899957434025324
201901031208.0,Not much,Came about naturally,Rep/Lean Rep,Conservative,65+,H.S. graduate or less,7.487621221765812
201901031287.0,None at all,Came about naturally,Rep/Lean Rep,Moderate,30-49,College graduate+,0.47812055176334556
201901031319.0,Not much,Was made accidentally in a lab,Rep/Lean Rep,Moderate,50-64,College graduate+,2.3985153290645127
201901031377.0,Some,Not sure,Dem/Lean Dem,Liberal,65+,College graduate+,0.16658774135557186
201901031405.0,Some,Came about naturally,Dem/Lean Dem,Liberal,30-49,Some College,1.183831581332689
201901031420.0,Some,Came about naturally,Dem/Lean Dem,Moderate,65+,Some College,1.6348879634512594
201901031462.0,None at all,Came about naturally,Dem/Lean Dem,Moderate,65+,College graduate+,0.2228900847276511
201901031471.0,Some,Was developed intentionally in a lab,Rep/Lean Rep,Very conservative,50-64,College graduate+,0.56402035475986
201901031482.0,Not much,Was developed intentionally in a lab,Rep/Lean Rep,Conservative,30-49,Some College,3.212748334995385
201901031513.0,Some,Came about naturally,Rep/Lean Rep,Conservative,50-64,College graduate+,0.07844521463098372
201901031553.0,Some,Was developed intentionally in a lab,Dem/Lean Dem,Very liberal,30-49,Some College,0.8667860585808632
201901031634.0,Some,Not sure,Dem/Lean Dem,Liberal,65+,H.S. graduate or less,1.5677215667372775
201901031661.0,None at all,Came about naturally,Dem/Lean Dem,Moderate,50-64,College graduate+,0.18938145248444568
201901031667.0,None at all,Came about naturally,Dem/Lean Dem,Moderate,30-49,H.S. graduate or less,1.2177689468184412
201901031704.0,None at all,Was developed intentionally in a lab,Rep/Lean Rep,Conservative,30-49,Some College,0.5283179923594749
201901031763.0,Refused,Came about naturally,Dem/Lean Dem,Very liberal,65+,College graduate+,0.18930857569764087
201901031771.0,Not much,Came about naturally,Rep/Lean Rep,Moderate,50-64,College graduate+,0.604317336632056
201901031804.0,Some,Not sure,Dem/Lean Dem,Moderate,30-49,College graduate+,0.382698826113035
201901031876.0,A lot,Was made accidentally in a lab,Dem/Lean Dem,Moderate,30-49,College graduate+,0.3415648289035814
201901032142.0,A lot,Not sure,Dem/Lean Dem,Moderate,65+,H.S. graduate or less,1.3283145354213168
201901032209.0,Some,Not sure,Dem/Lean Dem,Moderate,50-64,College graduate+,0.07844521463098372
201901032301.0,A lot,Was developed intentionally in a lab,Rep/Lean Rep,Conservative,30-49,Some College,0.8488748057465364
201901032340.0,Not much,Came about naturally,Rep/Lean Rep,Very conservative,30-49,College graduate+,0.22853094841665667
201901032464.0,Some,Came about naturally,Dem/Lean Dem,Moderate,50-64,Some College,0.45426216820060356
201901032518.0,A lot,Came about naturally,Rep/Lean Rep,Conservative,30-49,College graduate+,0.724608767666134
201901032712.0,Not much,Not sure,Rep/Lean Rep,Conservative,Refused,College graduate+,0.519377741827302
201901032739.0,Not much,Was developed intentionally in a lab,Dem/Lean Dem,Moderate,65+,College graduate+,0.07844521463098372
201901032781.0,None at all,Not sure,Dem/Lean Dem,Moderate,50-64,College graduate+,0.22369933217543908
201901032948.0,A lot,Was developed intentionally in a lab,Rep/Lean Rep,Conservative,30-49,College graduate+,0.39786591295447277
201901032956.0,A lot,Not sure,Rep/Lean Rep,Moderate,65+,H.S. graduate or less,0.3436538320187199
201901033067.0,A lot,Came about naturally,Dem/Lean Dem,Liberal,50-64,College graduate+,0.45513645602354835
201901033110.0,A lot,Was developed intentionally in a lab,Dem/Lean Dem,Conservative,30-49,College graduate+,0.12810033586767916
201901033119.0,Not much,Was developed intentionally in a lab,DK/Refused/No lean,Very conservative,30-49,Some College,0.2513928025253616
201901033198.0,Not much,Came about naturally,Dem/Lean Dem,Moderate,30-49,College graduate+,0.1317106049163895
201901033269.0,Not much,Was developed intentionally in a lab,Rep/Lean Rep,Moderate,30-49,College graduate+,0.20459117538633412
201901033279.0,None at all,Came about naturally,Dem/Lean Dem,Moderate,50-64,College graduate+,0.07844521463098372
201901033479.0,Not much,Was developed intentionally in a lab,Dem/Lean Dem,Moderate,30-49,Some College,0.6114877723885709
201901033606.0,None at all,Came about naturally,Dem/Lean Dem,Conservative,18-29,H.S. graduate or less,3.177661698212598
201901033981.0,Not much,Came about naturally,Dem/Lean Dem,Moderate,30-49,College graduate+,0.5093117155025265
201901034413.0,None at all,Was developed intentionally in a lab,Rep/Lean Rep,Very liberal,30-49,H.S. graduate or less,0.668684698785624
201901034428.0,Not much,Came about naturally,Dem/Lean Dem,Liberal,30-49,College graduate+,0.4132375995791776
201901034439.0,Some,Was developed intentionally in a lab,Rep/Lean Rep,Very conservative,30-49,Some College,0.18965312936963308
201901034615.0,None at all,Not sure,Dem/Lean Dem,Moderate,65+,College graduate+,0.11585496555751973
201901034683.0,Some,Came about naturally,Dem/Lean Dem,Liberal,30-49,College graduate+,0.7005180264091637
201901034833.0,None at all,Not sure,Dem/Lean Dem,Moderate,30-49,College graduate+,0.7005180264091637
201901034881.0,None at all,Was made accidentally in a lab,Dem/Lean Dem,Moderate,30-49,College graduate+,0.6566938300877377
201901035110.0,A lot,Was developed intentionally in a lab,Dem/Lean Dem,Moderate,50-64,H.S. graduate or less,0.7239342474849548
201901035123.0,A lot,Not sure,Dem/Lean Dem,Moderate,50-64,Some College,0.25371666503964463
201901035200.0,Some,Came about naturally,Rep/Lean Rep,Very conservative,30-49,H.S. graduate or less,0.44563597019962187
201901035300.0,None at all,Came about naturally,Rep/Lean Rep,Moderate,65+,Some College,0.07844521463098372
201901035395.0,Some,Was developed intentionally in a lab,Rep/Lean Rep,Moderate,30-49,Some College,1.0770607828313667
201901035444.0,Not much,Came about naturally,Dem/Lean Dem,Liberal,30-49,College graduate+,0.07844521463098372
201901035499.0,Some,Was developed intentionally in a lab,Dem/Lean Dem,Moderate,30-49,Some College,0.9179152311487231
201901035681.0,A lot,Doesn’t really exist,Dem/Lean Dem,Moderate,30-49,H.S. graduate or less,3.565652016539179
201901035767.0,A lot,Not sure,Dem/Lean Dem,Very liberal,30-49,Some College,0.5247690817107035
201901035842.0,A lot,Came about naturally,Rep/Lean Rep,Conservative,50-64,College graduate+,0.48554689000866813
201901035984.0,Some,Came about naturally,Dem/Lean Dem,Moderate,30-49,College graduate+,0.3271307260862174
201901036031.0,None at all,Came about naturally,Dem/Lean Dem,Conservative,65+,College graduate+,0.07844521463098372
201901036059.0,Not much,Came about naturally,Dem/Lean Dem,Very liberal,50-64,College graduate+,0.17417181620913005
201901036306.0,Not much,Came about naturally,Dem/Lean Dem,Moderate,30-49,College graduate+,0.19957135981330995
201901036379.0,Not much,Came about naturally,Rep/Lean Rep,Moderate,50-64,College graduate+,0.5327629188951991
201901036439.0,Some,Refused,Rep/Lean Rep,Very conservative,50-64,H.S. graduate or less,0.347584774198609
201901036461.0,Some,Came about naturally,Rep/Lean Rep,Moderate,50-64,College graduate+,1.08330260464164
201901036632.0,Some,Came about naturally,DK/Refused/No lean,Moderate,50-64,College graduate+,0.27533505456699586
201901036647.0,None at all,Came about naturally,Rep/Lean Rep,Very conservative,50-64,Some College,0.2986518397303038
201901036656.0,Some,Was developed intentionally in a lab,Dem/Lean Dem,Moderate,50-64,Some College,0.6635867577226195
201901036659.0,A lot,Came about naturally,Dem/Lean Dem,Moderate,18-29,Some College,2.212895863773147
201901036670.0,Some,Not sure,Rep/Lean Rep,Moderate,30-49,H.S. graduate or less,0.648496938158848
201901036685.0,Refused,Was developed intentionally in a lab,DK/Refused/No lean,Moderate,30-49,College graduate+,0.1317106049163895
201901036700.0,Not much,Was developed intentionally in a lab,Rep/Lean Rep,Very conservative,65+,College graduate+,0.11585496555751973
201901036809.0,Not much,Was developed intentionally in a lab,Dem/Lean Dem,Moderate,30-49,College graduate+,0.7005180264091637
201901036814.0,A lot,Was developed intentionally in a lab,Dem/Lean Dem,Moderate,30-49,Some College,1.2996942905147644
201901036881.0,Not much,Not sure,Dem/Lean Dem,Moderate,30-49,H.S. graduate or less,1.9974249846016894
201901037105.0,A lot,Not sure,Rep/Lean Rep,Conservative,50-64,College graduate+,0.07844521463098372
201901037129.0,Not much,Came about naturally,Dem/Lean Dem,Moderate,30-49,Some College,0.15109244567458038
201901037189.0,None at all,Came about naturally,Rep/Lean Rep,Conservative,30-49,College graduate+,0.5138821811393636
201901037214.0,Some,Came about naturally,Dem/Lean Dem,Liberal,30-49,H.S. graduate or less,7.487621221765812
201901037248.0,Some,Not sure,Dem/Lean Dem,Moderate,Refused,College graduate+,0.24556248752090812
201901037255.0,A lot,Was developed intentionally in a lab,Rep/Lean Rep,Moderate,30-49,Some College,1.1377479312955552
201901037363.0,A lot,Came about naturally,Dem/Lean Dem,Moderate,30-49,College graduate+,0.13287678322306942
201901037513.0,Not much,Was made accidentally in a lab,Dem/Lean Dem,Refused,Refused,H.S. graduate or less,1.6142409022041109
201901037573.0,Not much,Not sure,Rep/Lean Rep,Moderate,30-49,H.S. graduate or less,0.19627642768749953
201901037689.0,Refused,Was developed intentionally in a lab,Dem/Lean Dem,Very liberal,18-29,Some College,2.319649342820991
201901037940.0,A lot,Not sure,DK/Refused/No lean,Very conservative,50-64,H.S. graduate or less,1.5458279378735034
201901038029.0,Some,Came about naturally,Dem/Lean Dem,Conservative,18-29,College graduate+,0.9460393449876997
201901038041.0,Some,Was made accidentally in a lab,Dem/Lean Dem,Very liberal,18-29,College graduate+,0.31765555475030594
201901038157.0,Not much,Was developed intentionally in a lab,Dem/Lean Dem,Moderate,50-64,College graduate+,0.07844521463098372
201901038278.0,Some,Doesn’t really exist,Dem/Lean Dem,Conservative,50-64,H.S. graduate or less,0.315576496774615
201901038284.0,None at all,Not sure,Dem/Lean Dem,Conservative,50-64,H.S. graduate or less,0.6868951336639197
201901038370.0,A lot,Came about naturally,Dem/Lean Dem,Moderate,18-29,Some College,1.966209787170528
201901038458.0,None at all,Not sure,Dem/Lean Dem,Moderate,50-64,College graduate+,0.4182912980245948
201901038661.0,Not much,Came about naturally,Dem/Lean Dem,Moderate,30-49,H.S. graduate or less,0.315576496774615
201901038724.0,A lot,Not sure,DK/Refused/No lean,Moderate,50-64,Some College,0.5578707739284733
201901038726.0,Not much,Was made accidentally in a lab,Dem/Lean Dem,Moderate,30-49,Some College,0.22271987645806227
201901038938.0,Some,Came about naturally,Dem/Lean Dem,Very liberal,30-49,Some College,0.4758999806249816
201901039021.0,Some,Was developed intentionally in a lab,Rep/Lean Rep,Conservative,50-64,College graduate+,0.07844521463098372
201901039253.0,Not much,Was developed intentionally in a lab,Dem/Lean Dem,Moderate,30-49,College graduate+,2.7239874393868377
201901039333.0,Some,Was developed intentionally in a lab,Dem/Lean Dem,Moderate,30-49,College graduate+,0.18367439937352803
201901039426.0,None at all,Was developed intentionally in a lab,Dem/Lean Dem,Moderate,30-49,College graduate+,0.1741359757602932
201901039577.0,Some,Came about naturally,Dem/Lean Dem,Moderate,30-49,H.S. graduate or less,0.3946301549046153
201901039632.0,Some,Came about naturally,Dem/Lean Dem,Liberal,50-64,College graduate+,0.23024664560829183
201901039707.0,None at all,Came about naturally,Dem/Lean Dem,Liberal,18-29,College graduate+,0.23578748893078263
201901039731.0,None at all,Came about naturally,Dem/Lean Dem,Liberal,18-29,Some College,0.30498028709766095
201901039835.0,Not much,Not sure,Dem/Lean Dem,Moderate,50-64,H.S. graduate or less,0.9912517332384658
201901039870.0,A lot,Came about naturally,Dem/Lean Dem,Liberal,30-49,College graduate+,0.7005180264091637
201901039995.0,Some,Was developed intentionally in a lab,Dem/Lean Dem,Very liberal,18-29,H.S. graduate or less,2.8191205461410282
201901040082.0,Not much,Not sure,Dem/Lean Dem,Moderate,50-64,Some College,0.11333610160647443
201901040108.0,None at all,Not sure,Dem/Lean Dem,Moderate,18-29,Some College,1.8747013702198978
201901040168.0,A lot,Was developed intentionally in a lab,Rep/Lean Rep,Conservative,30-49,College graduate+,0.12107181000180069
201901040173.0,None at all,Came about naturally,Dem/Lean Dem,Moderate,30-49,College graduate+,0.1159077496714529
201901040208.0,None at all,Came about naturally,Rep/Lean Rep,Conservative,30-49,College graduate+,0.1848624691490589
201901040233.0,Not much,Came about naturally,Dem/Lean Dem,Liberal,18-29,Some College,0.9881491544789414
201901040305.0,Not much,Came about naturally,Dem/Lean Dem,Moderate,18-29,College graduate+,0.21152913840685805
201901040458.0,None at all,Not sure,Dem/Lean Dem,Moderate,65+,College graduate+,0.07844521463098372
201901040536.0,Some,Came about naturally,Dem/Lean Dem,Moderate,50-64,College graduate+,0.11912332529041564
201901040606.0,Some,Came about naturally,Dem/Lean Dem,Very liberal,50-64,College graduate+,0.1861007759211552
201901040614.0,None at all,Came about naturally,Rep/Lean Rep,Moderate,18-29,College graduate+,0.18651454661897338
201901040732.0,Not much,Not sure,Rep/Lean Rep,Very conservative,18-29,Some College,3.2050853028576047
201901040823.0,None at all,Came about naturally,Rep/Lean Rep,Moderate,30-49,College graduate+,0.5540860719893587
201901040834.0,Some,Was made accidentally in a lab,Dem/Lean Dem,Moderate,18-29,Some College,0.3531305284900419
201901040911.0,Not much,Came about naturally,Rep/Lean Rep,Moderate,50-64,College graduate+,0.18341535102905954
201901041028.0,Some,Came about naturally,Dem/Lean Dem,Liberal,50-64,College graduate+,0.11912332529041564
201901041064.0,A lot,Was developed intentionally in a lab,DK/Refused/No lean,Refused,65+,College graduate+,0.07844521463098372
201901041142.0,Not much,Was developed intentionally in a lab,Rep/Lean Rep,Moderate,30-49,College graduate+,0.1914503011521207
201901041231.0,Not much,Came about naturally,Dem/Lean Dem,Moderate,50-64,Some College,0.27876469385159514
201901041472.0,Not much,Not sure,Dem/Lean Dem,Very liberal,50-64,Some College,0.4711683413478386
201901041542.0,Some,Was made accidentally in a lab,Dem/Lean Dem,Moderate,30-49,College graduate+,0.1455061587369373
201901041601.0,Some,Was developed intentionally in a lab,Dem/Lean Dem,Liberal,30-49,College graduate+,0.40724450834997517
201901041622.0,Some,Came about naturally,Dem/Lean Dem,Liberal,30-49,College graduate+,0.3271307260862174
201901041630.0,Some,Not sure,Rep/Lean Rep,Moderate,50-64,College graduate+,0.367224905780488
201901041660.0,Not much,Came about naturally,Rep/Lean Rep,Moderate,50-64,College graduate+,0.07844521463098372
201901041682.0,Some,Was developed intentionally in a lab,Dem/Lean Dem,Moderate,30-49,Some College,0.8143124203204166
201901041704.0,Not much,Came about naturally,Dem/Lean Dem,Very liberal,18-29,H.S. graduate or less,3.9685363533193554
201901041725.0,Some,Was developed intentionally in a lab,Rep/Lean Rep,Moderate,50-64,College graduate+,0.07844521463098372
201901041842.0,A lot,Came about naturally,Dem/Lean Dem,Conservative,30-49,College graduate+,2.8236971443635426
201901041958.0,A lot,Came about naturally,Rep/Lean Rep,Liberal,50-64,H.S. graduate or less,1.100672234557923
201901041969.0,Some,Came about naturally,Dem/Lean Dem,Moderate,50-64,H.S. graduate or less,0.3624119819186948
201901042333.0,Not much,Came about naturally,Dem/Lean Dem,Moderate,18-29,Some College,0.23389076395556477
201901042334.0,Not much,Not sure,Rep/Lean Rep,Moderate,30-49,H.S. graduate or less,2.7235823220704316
201901042584.0,Not much,Was developed intentionally in a lab,Rep/Lean Rep,Liberal,30-49,College graduate+,0.07844521463098372
201901042590.0,None at all,Not sure,Dem/Lean Dem,Moderate,Refused,Some College,1.3255880046145083
201901042621.0,Some,Was developed intentionally in a lab,Dem/Lean Dem,Moderate,30-49,Some College,0.1347890754962872
201901042628.0,Not much,Came about naturally,Rep/Lean Rep,Conservative,50-64,College graduate+,0.5659227438580835
201901042630.0,None at all,Was developed intentionally in a lab,Dem/Lean Dem,Moderate,50-64,H.S. graduate or less,1.695524971941489
201901042777.0,Some,Was developed intentionally in a lab,Dem/Lean Dem,Moderate,30-49,Some College,0.12626648691098669
201901042888.0,Some,Came about naturally,Dem/Lean Dem,Moderate,50-64,College graduate+,0.15299830349047377
201901042916.0,None at all,Was developed intentionally in a lab,Rep/Lean Rep,Moderate,18-29,College graduate+,0.1511690604079544
201901042974.0,A lot,Came about naturally,Rep/Lean Rep,Moderate,65+,College graduate+,0.07844521463098372
201901042982.0,Some,Was developed intentionally in a lab,Dem/Lean Dem,Moderate,Refused,H.S. graduate or less,3.9463357231574654
201901043047.0,Not much,Not sure,Rep/Lean Rep,Conservative,18-29,College graduate+,0.4369423113763105
201901043231.0,None at all,Came about naturally,Dem/Lean Dem,Conservative,50-64,Some College,0.15529645010675078
201901043339.0,None at all,Was developed intentionally in a lab,DK/Refused/No lean,Refused,50-64,Some College,0.2701476240583991
201901043363.0,Some,Not sure,Dem/Lean Dem,Moderate,50-64,H.S. graduate or less,0.12261673677945757
201901043440.0,None at all,Was developed intentionally in a lab,Dem/Lean Dem,Moderate,50-64,Some College,0.15268056946242753
201901043500.0,Some,Came about naturally,Dem/Lean Dem,Moderate,50-64,Some College,0.28549962096160264
201901043552.0,Some,Came about naturally,Dem/Lean Dem,Moderate,50-64,College graduate+,0.266952509935367
201901043570.0,A lot,Came about naturally,Dem/Lean Dem,Moderate,18-29,College graduate+,0.7834478806723265
201901043600.0,Not much,Not sure,Dem/Lean Dem,Moderate,30-49,College graduate+,0.22934134246261426
201901043799.0,Not much,Not sure,Dem/Lean Dem,Very conservative,30-49,College graduate+,0.4228029234711636
201901043803.0,Not much,Not sure,Rep/Lean Rep,Moderate,50-64,College graduate+,0.22809271685197244
201901043880.0,A lot,Came about naturally,Rep/Lean Rep,Refused,30-49,College graduate+,0.724608767666134
201901043982.0,Not much,Came about naturally,Rep/Lean Rep,Conservative,65+,Some College,0.1190899253895078
201901044186.0,A lot,Not sure,Rep/Lean Rep,Refused,30-49,College graduate+,0.2870608714185768
201901044206.0,Not much,Was developed intentionally in a lab,Rep/Lean Rep,Moderate,18-29,Some College,0.6717079045641089
201901044304.0,Not much,Was developed intentionally in a lab,Dem/Lean Dem,Conservative,30-49,College graduate+,0.07844521463098372
201901044309.0,Not much,Not sure,Rep/Lean Rep,Moderate,65+,College graduate+,0.4968734854492788
201901044322.0,Not much,Not sure,Dem/Lean Dem,Moderate,50-64,Some College,0.1333127599452987
201901044383.0,Not much,Was developed intentionally in a lab,Dem/Lean Dem,Moderate,50-64,Some College,0.9502190677545984
201901044471.0,Not much,Was developed intentionally in a lab,Rep/Lean Rep,Moderate,50-64,College graduate+,0.12804697562938255
201901044503.0,Not much,Was developed intentionally in a lab,Rep/Lean Rep,Moderate,65+,Some College,1.030672208664487
201901044539.0,A lot,Was developed intentionally in a lab,Dem/Lean Dem,Very liberal,18-29,H.S. graduate or less,0.3666945392357419
201901044635.0,Some,Was developed intentionally in a lab,Rep/Lean Rep,Conservative,65+,College graduate+,0.12113136326809276
201901044649.0,Some,Was made accidentally in a lab,Dem/Lean Dem,Conservative,30-49,Some College,0.34360174642204055
201901044755.0,None at all,Was made accidentally in a lab,Dem/Lean Dem,Liberal,30-49,Some College,0.19680393923574271
201901044885.0,A lot,Came about naturally,Rep/Lean Rep,Moderate,50-64,College graduate+,0.07844521463098372
201901044886.0,Not much,Not sure,Dem/Lean Dem,Moderate,50-64,H.S. graduate or less,0.6681738415190334
201901044934.0,Not much,Was made accidentally in a lab,Dem/Lean Dem,Very liberal,18-29,Some College,0.3201774226035113
201901045055.0,Some,Came about naturally,Dem/Lean Dem,Moderate,30-49,Some College,0.9364778389138066
201901045207.0,A lot,Came about naturally,Rep/Lean Rep,Conservative,30-49,College graduate+,0.07844521463098372
201901045218.0,Not much,Was developed intentionally in a lab,Dem/Lean Dem,Very liberal,30-49,College graduate+,0.2658668544455633
201901045283.0,Some,Came about naturally,Dem/Lean Dem,Liberal,30-49,College graduate+,0.5010687101146901
201901045307.0,None at all,Was developed intentionally in a lab,DK/Refused/No lean,Refused,18-29,H.S. graduate or less,5.579652201060908
201901045332.0,Some,Was developed intentionally in a lab,Rep/Lean Rep,Moderate,30-49,College graduate+,0.6276940245844211
201901045393.0,Not much,Was developed intentionally in a lab,Rep/Lean Rep,Moderate,50-64,College graduate+,0.5238816518249865
201901045412.0,Some,Was made accidentally in a lab,Rep/Lean Rep,Conservative,30-49,Some College,0.9144493611500634
201901045589.0,None at all,Came about naturally,Dem/Lean Dem,Liberal,30-49,College graduate+,1.0191943159772232
201901045624.0,Some,Came about naturally,Dem/Lean Dem,Moderate,50-64,College graduate+,0.07844521463098372
201901045674.0,Some,Came about naturally,Rep/Lean Rep,Conservative,65+,Some College,0.16194617683160029
201901045784.0,Some,Came about naturally,Dem/Lean Dem,Very liberal,30-49,College graduate+,0.45513645602354835
201901045840.0,A lot,Came about naturally,Rep/Lean Rep,Moderate,50-64,H.S. graduate or less,0.5681113147429303
201901045897.0,Not much,Came about naturally,Dem/Lean Dem,Liberal,30-49,College graduate+,0.1680970014310284
201901046163.0,A lot,Not sure,Rep/Lean Rep,Conservative,18-29,College graduate+,1.0820587041940815
201901046211.0,A lot,Was developed intentionally in a lab,DK/Refused/No lean,Moderate,65+,H.S. graduate or less,0.49211061183458965
201901046281.0,Not much,Not sure,Dem/Lean Dem,Liberal,18-29,College graduate+,0.31765555475030594
201901046513.0,A lot,Was developed intentionally in a lab,Rep/Lean Rep,Very liberal,65+,H.S. graduate or less,0.5834941017243396
201901046592.0,Not much,Not sure,Dem/Lean Dem,Very liberal,18-29,College graduate+,0.5881580634333401
201901046953.0,A lot,Was developed intentionally in a lab,Rep/Lean Rep,Conservative,30-49,College graduate+,0.21272253148959866
201901046972.0,A lot,Came about naturally,Dem/Lean Dem,Liberal,18-29,Some College,0.7638333021949572
201901046976.0,Not much,Was made accidentally in a lab,DK/Refused/No lean,Moderate,30-49,H.S. graduate or less,2.3042111000365617
201901047020.0,None at all,Was made accidentally in a lab,Dem/Lean Dem,Moderate,50-64,College graduate+,0.37898121582277267
201901047242.0,A lot,Came about naturally,Rep/Lean Rep,Very liberal,18-29,Some College,1.3506642992649514
201901047313.0,Not much,Not sure,DK/Refused/No lean,Refused,30-49,College graduate+,0.648824775047077
201901047346.0,A lot,Came about naturally,Rep/Lean Rep,Moderate,30-49,College graduate+,0.07844521463098372
201901047347.0,A lot,Not sure,Dem/Lean Dem,Conservative,50-64,College graduate+,0.37898121582277267
201901047402.0,Some,Was developed intentionally in a lab,Dem/Lean Dem,Liberal,18-29,Some College,0.4798271162048109
201901047410.0,Some,Was developed intentionally in a lab,Dem/Lean Dem,Liberal,18-29,Some College,1.6591283830879733
201901047457.0,A lot,Not sure,Dem/Lean Dem,Very conservative,30-49,Some College,0.2840284281765804
201901047471.0,A lot,Was developed intentionally in a lab,Rep/Lean Rep,Moderate,30-49,College graduate+,0.4298303349153988
201901047515.0,None at all,Came about naturally,Dem/Lean Dem,Moderate,50-64,H.S. graduate or less,0.49860770005427035
201901047548.0,Not much,Not sure,Dem/Lean Dem,Very liberal,30-49,College graduate+,0.7005180264091637
201901047624.0,Some,Was developed intentionally in a lab,Dem/Lean Dem,Liberal,30-49,Some College,0.6851855435388354
201901047711.0,Not much,Came about naturally,Dem/Lean Dem,Liberal,50-64,College graduate+,0.143770834221946
201901047825.0,Not much,Was developed intentionally in a lab,Rep/Lean Rep,Conservative,30-49,Some College,0.11331704434330207
201901047857.0,Some,Was made accidentally in a lab,Dem/Lean Dem,Moderate,50-64,H.S. graduate or less,0.23300154385996555
201901047870.0,Some,Came about naturally,DK/Refused/No lean,Liberal,18-29,College graduate+,0.3131614344254236
201901047955.0,Not much,Came about naturally,Dem/Lean Dem,Liberal,18-29,Some College,1.6591283830879733
201901048166.0,Not much,Came about naturally,Dem/Lean Dem,Liberal,18-29,Some College,2.319649342820991
201901048285.0,Not much,Was developed intentionally in a lab,Rep/Lean Rep,Conservative,30-49,Some College,1.0404449900163846
201901048417.0,Some,Was developed intentionally in a lab,Rep/Lean Rep,Conservative,65+,College graduate+,0.07844521463098372
201901048759.0,A lot,Doesn’t really exist,Rep/Lean Rep,Liberal,30-49,College graduate+,0.23613347185718517
201901048814.0,Not much,Not sure,Rep/Lean Rep,Very conservative,50-64,Some College,1.1926115432291746
201901048837.0,None at all,Not sure,Dem/Lean Dem,Conservative,65+,College graduate+,0.07844521463098372
201901049246.0,Some,Was developed intentionally in a lab,Dem/Lean Dem,Moderate,50-64,Some College,0.7837203570485355
201901049331.0,Not much,Came about naturally,Rep/Lean Rep,Conservative,30-49,College graduate+,0.23939012037208038
201901049351.0,Some,Not sure,Rep/Lean Rep,Conservative,30-49,College graduate+,0.1848624691490589
201901049400.0,Some,Came about naturally,Dem/Lean Dem,Liberal,18-29,Some College,2.3779148091964486
201901049418.0,None at all,Came about naturally,Rep/Lean Rep,Moderate,65+,Some College,0.13269888702174093
201901049430.0,Not much,Came about naturally,Dem/Lean Dem,Moderate,30-49,College graduate+,0.1455061587369373
201901049469.0,None at all,Came about naturally,Dem/Lean Dem,Very liberal,30-49,College graduate+,0.3271307260862174
201901049492.0,Not much,Came about naturally,DK/Refused/No lean,Moderate,50-64,Some College,0.4441762568532265
201901049528.0,None at all,Not sure,Dem/Lean Dem,Moderate,65+,Some College,0.07844521463098372
201901049746.0,A lot,Not sure,Rep/Lean Rep,Conservative,30-49,College graduate+,0.23269649977200246
201901049817.0,None at all,Came about naturally,DK/Refused/No lean,Moderate,Refused,College graduate+,0.4447562355708227
201901049869.0,Some,Came about naturally,Dem/Lean Dem,Moderate,65+,H.S. graduate or less,7.487621221765812
201901049980.0,Not much,Came about naturally,Dem/Lean Dem,Liberal,30-49,College graduate+,0.154730310259647
201901050020.0,Not much,Not sure,Dem/Lean Dem,Moderate,18-29,Some College,0.3587643587222299
201901050027.0,Not much,Not sure,Dem/Lean Dem,Moderate,50-64,College graduate+,0.15299830349047377
201901050202.0,None at all,Came about naturally,Dem/Lean Dem,Liberal,50-64,Some College,0.3067346901696356
201901050273.0,None at all,Came about naturally,Rep/Lean Rep,Conservative,30-49,Some College,0.21997640771576493
201901050355.0,Some,Was developed intentionally in a lab,Rep/Lean Rep,Conservative,30-49,Some College,0.8983056970446487
201901050425.0,Not much,Came about naturally,Dem/Lean Dem,Moderate,65+,Some College,4.861738215386549
201901050522.0,A lot,Not sure,Rep/Lean Rep,Moderate,30-49,H.S. graduate or less,0.7410478530821315
201901050623.0,Not much,Was made accidentally in a lab,Dem/Lean Dem,Moderate,65+,H.S. graduate or less,0.4794839995696694
201901050652.0,A lot,Came about naturally,Rep/Lean Rep,Moderate,18-29,Some College,1.6142549184029937
201901050935.0,Some,Not sure,DK/Refused/No lean,Moderate,18-29,Some College,0.9789493928997727
201901051054.0,Some,Not sure,Dem/Lean Dem,Very liberal,18-29,H.S. graduate or less,0.5374301853482703
201901051114.0,None at all,Was developed intentionally in a lab,DK/Refused/No lean,Moderate,65+,Some College,0.16946135856224143
201901051338.0,Some,Was developed intentionally in a lab,Rep/Lean Rep,Moderate,18-29,H.S. graduate or less,7.487621221765812
201901051474.0,Not much,Not sure,Dem/Lean Dem,Conservative,50-64,Some College,0.12626648691098669
201901051481.0,None at all,Came about naturally,Rep/Lean Rep,Conservative,30-49,College graduate+,0.23269649977200246
201901051556.0,A lot,Was developed intentionally in a lab,Rep/Lean Rep,Very conservative,30-49,College graduate+,0.11292025407199058
201901051575.0,Not much,Came about naturally,Rep/Lean Rep,Moderate,50-64,College graduate+,0.2600408214827492
201901051724.0,Not much,Came about naturally,Dem/Lean Dem,Moderate,50-64,College graduate+,0.07844521463098372
201901051749.0,A lot,Not sure,Rep/Lean Rep,Very conservative,30-49,H.S. graduate or less,0.4375195917986843
201901051755.0,Some,Was developed intentionally in a lab,Rep/Lean Rep,Moderate,30-49,H.S. graduate or less,4.083901772692097
201901051863.0,Not much,Came about naturally,DK/Refused/No lean,Conservative,65+,College graduate+,0.12831626014913397
201901051977.0,Not much,Came about naturally,Dem/Lean Dem,Liberal,30-49,Some College,0.6398956292366478
201901051984.0,None at all,Was developed intentionally in a lab,Dem/Lean Dem,Conservative,30-49,Some College,0.34468848429119775
201901052115.0,Some,Was made accidentally in a lab,Rep/Lean Rep,Conservative,30-49,College graduate+,0.5533604267901706
201901052124.0,Not much,Came about naturally,Rep/Lean Rep,Conservative,50-64,College graduate+,0.3234168855689365
201901052328.0,Some,Refused,DK/Refused/No lean,Conservative,30-49,Some College,0.9179152311487231
201901052341.0,A lot,Was made accidentally in a lab,DK/Refused/No lean,Moderate,18-29,Some College,2.0107128079629515
201901052421.0,None at all,Not sure,Rep/Lean Rep,Moderate,65+,Some College,0.16194617683160029
201901052511.0,None at all,Not sure,Rep/Lean Rep,Conservative,50-64,College graduate+,0.1444764872298292
201901052621.0,None at all,Was developed intentionally in a lab,DK/Refused/No lean,Liberal,30-49,College graduate+,0.1669007816210537
201901052804.0,Some,Was developed intentionally in a lab,DK/Refused/No lean,Refused,30-49,College graduate+,0.17930901449901696
201901052949.0,Not much,Came about naturally,Dem/Lean Dem,Conservative,30-49,Some College,0.4031123370286309
201901053076.0,Not much,Was developed intentionally in a lab,Dem/Lean Dem,Moderate,50-64,College graduate+,0.263688601973066
201901053080.0,Some,Came about naturally,Dem/Lean Dem,Moderate,18-29,Some College,1.1487136781504979
201901053136.0,Some,Was developed intentionally in a lab,Dem/Lean Dem,Very liberal,30-49,College graduate+,0.1447278947818376
201901053221.0,A lot,Came about naturally,Dem/Lean Dem,Liberal,65+,Some College,0.07844521463098372
201901053304.0,Not much,Was made accidentally in a lab,Dem/Lean Dem,Very liberal,50-64,College graduate+,0.07844521463098372
201901053317.0,Not much,Was developed intentionally in a lab,Dem/Lean Dem,Conservative,18-29,H.S. graduate or less,4.685116029546516
201901053370.0,None at all,Was made accidentally in a lab,Dem/Lean Dem,Moderate,50-64,College graduate+,0.45851981188914676
201901053625.0,Some,Was developed intentionally in a lab,Dem/Lean Dem,Conservative,50-64,Some College,0.28423271513517145
201901054012.0,Some,Came about naturally,Dem/Lean Dem,Moderate,30-49,Some College,0.9509028970316313
201901054067.0,Some,Not sure,Rep/Lean Rep,Conservative,30-49,College graduate+,1.2733464513211088
201901054071.0,A lot,Not sure,Dem/Lean Dem,Very conservative,30-49,College graduate+,0.5654941130586154
201901054097.0,Some,Not sure,Rep/Lean Rep,Moderate,30-49,H.S. graduate or less,0.4660469835533615
201901054098.0,Some,Was developed intentionally in a lab,Rep/Lean Rep,Moderate,50-64,College graduate+,0.17030569956095068
201901054169.0,Some,Was developed intentionally in a lab,Dem/Lean Dem,Moderate,18-29,Some College,1.6286891264746006
201901054252.0,A lot,Doesn’t really exist,Dem/Lean Dem,Conservative,30-49,H.S. graduate or less,0.5243108092338602
201901054403.0,A lot,Not sure,Dem/Lean Dem,Liberal,Refused,College graduate+,0.27836544377044675
201901054463.0,A lot,Was developed intentionally in a lab,Dem/Lean Dem,Moderate,50-64,H.S. graduate or less,0.6766103924488289
201901054477.0,Not much,Not sure,Dem/Lean Dem,Liberal,30-49,Some College,0.9372007540803422
201901054496.0,Not much,Came about naturally,DK/Refused/No lean,Refused,30-49,College graduate+,0.2245618061561272
201901054571.0,Some,Came about naturally,Dem/Lean Dem,Moderate,18-29,H.S. graduate or less,0.40515607171286516
201901054593.0,A lot,Was developed intentionally in a lab,Rep/Lean Rep,Liberal,30-49,Some College,1.1064904331639063
201901054628.0,Not much,Came about naturally,Rep/Lean Rep,Moderate,30-49,College graduate+,0.44071501451087786
201901054699.0,A lot,Not sure,Dem/Lean Dem,Conservative,30-49,College graduate+,0.658666824178391
201901054726.0,Some,Was developed intentionally in a lab,Dem/Lean Dem,Moderate,18-29,Some College,0.2862513364912982
201901054734.0,Some,Came about naturally,Dem/Lean Dem,Moderate,50-64,College graduate+,0.07844521463098372
201901054736.0,None at all,Not sure,Dem/Lean Dem,Liberal,65+,College graduate+,0.07844521463098372
201901054806.0,A lot,Was developed intentionally in a lab,Rep/Lean Rep,Moderate,18-29,Some College,2.785548342255851
201901054848.0,A lot,Not sure,Dem/Lean Dem,Liberal,18-29,H.S. graduate or less,7.487621221765812
201901054883.0,A lot,Came about naturally,Rep/Lean Rep,Moderate,18-29,Some College,0.22934834367011964
201901054910.0,Some,Came about naturally,Rep/Lean Rep,Moderate,30-49,College graduate+,0.8571031241284072
201901054968.0,None at all,Was developed intentionally in a lab,Dem/Lean Dem,Liberal,30-49,H.S. graduate or less,0.1565267499651546
201901055006.0,Some,Not sure,Rep/Lean Rep,Conservative,65+,College graduate+,0.07844521463098372
201901055010.0,None at all,Came about naturally,Dem/Lean Dem,Moderate,50-64,Some College,0.4357942204206707
201901055091.0,Some,Not sure,Rep/Lean Rep,Conservative,18-29,Some College,1.8303557372297412
201901055109.0,Some,Not sure,Dem/Lean Dem,Liberal,30-49,College graduate+,0.535611170506556
201901055124.0,A lot,Was developed intentionally in a lab,Dem/Lean Dem,Liberal,30-49,H.S. graduate or less,0.41360386531687304
201901055171.0,Not much,Not sure,Dem/Lean Dem,Moderate,65+,College graduate+,0.07844521463098372
201901055207.0,A lot,Not sure,Dem/Lean Dem,Moderate,18-29,H.S. graduate or less,5.042125611023799
201901055227.0,Some,Was developed intentionally in a lab,Dem/Lean Dem,Moderate,50-64,College graduate+,0.2312314867701207
201901055245.0,Some,Not sure,Rep/Lean Rep,Very liberal,30-49,H.S. graduate or less,0.8088791187598774
201901055278.0,Some,Was developed intentionally in a lab,Rep/Lean Rep,Moderate,30-49,H.S. graduate or less,0.8088791187598774
201901055284.0,Not much,Came about naturally,Rep/Lean Rep,Conservative,30-49,College graduate+,0.5540860719893587
201901055520.0,Some,Came about naturally,Dem/Lean Dem,Moderate,30-49,College graduate+,0.25853737876582433
201901055546.0,Some,Not sure,Dem/Lean Dem,Moderate,30-49,College graduate+,0.648824775047077
201901055647.0,A lot,Was made accidentally in a lab,Rep/Lean Rep,Conservative,30-49,H.S. graduate or less,0.31074434622027153
201901055650.0,None at all,Came about naturally,Dem/Lean Dem,Moderate,18-29,College graduate+,0.2773083827714475
201901055686.0,Not much,Was made accidentally in a lab,Rep/Lean Rep,Moderate,50-64,Some College,0.8790795852564272
201901055851.0,Not much,Came about naturally,Dem/Lean Dem,Moderate,65+,College graduate+,0.23009801757331563
201901055893.0,None at all,Came about naturally,Dem/Lean Dem,Conservative,30-49,College graduate+,0.19031900374092678
201901055965.0,Not much,Not sure,Rep/Lean Rep,Very conservative,50-64,College graduate+,0.07844521463098372
201901055969.0,None at all,Was developed intentionally in a lab,Rep/Lean Rep,Conservative,65+,College graduate+,0.1289689494529228
201901056330.0,Refused,Not sure,Dem/Lean Dem,Moderate,50-64,College graduate+,0.1827086443399157
201901056396.0,Some,Was made accidentally in a lab,Dem/Lean Dem,Moderate,65+,Some College,0.3716762827761907
201901056464.0,A lot,Came about naturally,Dem/Lean Dem,Liberal,18-29,College graduate+,0.1543989030645566
201901056504.0,Some,Not sure,Dem/Lean Dem,Liberal,30-49,College graduate+,0.31474655707733606
201901056513.0,Not much,Not sure,Dem/Lean Dem,Moderate,65+,H.S. graduate or less,0.3628860335745125
201901056547.0,A lot,Was made accidentally in a lab,Dem/Lean Dem,Refused,50-64,College graduate+,0.32351016670232335
201901056625.0,A lot,Not sure,Rep/Lean Rep,Moderate,65+,H.S. graduate or less,0.3428538449119019
201901056643.0,Not much,Came about naturally,Rep/Lean Rep,Conservative,65+,H.S. graduate or less,1.9236066335874182
201901056660.0,Not much,Was developed intentionally in a lab,Dem/Lean Dem,Moderate,50-64,Some College,0.6198102823849054
201901056705.0,A lot,Was developed intentionally in a lab,Rep/Lean Rep,Moderate,30-49,College graduate+,0.7939909868129011
201901056753.0,Not much,Was developed intentionally in a lab,Dem/Lean Dem,Liberal,30-49,College graduate+,0.4594464649464823
201901056806.0,None at all,Not sure,Rep/Lean Rep,Conservative,50-64,Some College,0.4916630782925671
201901056872.0,Not much,Came about naturally,Dem/Lean Dem,Liberal,30-49,College graduate+,0.143770834221946
201901056891.0,Some,Was made accidentally in a lab,Rep/Lean Rep,Conservative,30-49,College graduate+,0.07844521463098372
201901056933.0,Some,Was developed intentionally in a lab,Rep/Lean Rep,Moderate,50-64,Some College,0.29266621060580206
201901056944.0,Some,Not sure,Dem/Lean Dem,Moderate,30-49,College graduate+,0.7096034670088652
201901056964.0,Some,Was developed intentionally in a lab,Dem/Lean Dem,Moderate,30-49,H.S. graduate or less,7.487621221765812
201901057008.0,None at all,Was developed intentionally in a lab,Dem/Lean Dem,Moderate,18-29,Some College,0.6540631215975309
201901057219.0,Not much,Came about naturally,Dem/Lean Dem,Liberal,30-49,H.S. graduate or less,0.5478760884556252
201901057230.0,Some,Was developed intentionally in a lab,Rep/Lean Rep,Moderate,18-29,H.S. graduate or less,0.7946250228514097
201901057281.0,A lot,Not sure,Rep/Lean Rep,Moderate,30-49,College graduate+,0.12898465677879525
201901057353.0,A lot,Came about naturally,Dem/Lean Dem,Moderate,50-64,College graduate+,0.17192788784970914
201901057400.0,Not much,Came about naturally,Rep/Lean Rep,Conservative,18-29,College graduate+,0.6285001012886684
201901057439.0,Not much,Not sure,Rep/Lean Rep,Liberal,50-64,Some College,0.5142858455385104
201901057448.0,Some,Not sure,Dem/Lean Dem,Liberal,18-29,Some College,1.1487136781504979
201901057528.0,Not much,Was developed intentionally in a lab,Dem/Lean Dem,Liberal,30-49,Some College,0.663419606697699
201901057633.0,A lot,Not sure,Dem/Lean Dem,Moderate,30-49,College graduate+,1.0500761840082369
201901057809.0,None at all,Not sure,Dem/Lean Dem,Moderate,30-49,H.S. graduate or less,0.2882961396613682
201901058127.0,A lot,Came about naturally,Dem/Lean Dem,Moderate,30-49,College graduate+,0.49072552232453637
201901058261.0,Not much,Not sure,Rep/Lean Rep,Conservative,18-29,College graduate+,0.656409479426743
201901058296.0,Some,Was developed intentionally in a lab,Rep/Lean Rep,Conservative,50-64,College graduate+,0.07844521463098372
201901058377.0,None at all,Came about naturally,Rep/Lean Rep,Moderate,65+,College graduate+,0.1289689494529228
201901058384.0,Some,Not sure,Rep/Lean Rep,Moderate,30-49,Some College,0.07844521463098372
201901058554.0,Some,Came about naturally,DK/Refused/No lean,Refused,50-64,College graduate+,0.323734534112834
201901058722.0,Some,Was made accidentally in a lab,Rep/Lean Rep,Moderate,50-64,H.S. graduate or less,0.47810513526193643
201901058887.0,None at all,Was made accidentally in a lab,Rep/Lean Rep,Moderate,50-64,H.S. graduate or less,0.347584774198609
201901058925.0,A lot,Came about naturally,Rep/Lean Rep,Conservative,30-49,Some College,0.1443904790143893
201901058965.0,None at all,Not sure,Rep/Lean Rep,Moderate,30-49,H.S. graduate or less,0.22078365152722706
201901059014.0,Not much,Not sure,Rep/Lean Rep,Conservative,30-49,College graduate+,0.18341535102905954
201901059189.0,A lot,Came about naturally,Dem/Lean Dem,Moderate,30-49,College graduate+,0.14250900527526206
201901059203.0,Some,Came about naturally,Dem/Lean Dem,Moderate,65+,College graduate+,0.07844521463098372
201901059230.0,Some,Doesn’t really exist,Rep/Lean Rep,Very liberal,50-64,College graduate+,0.4144112305740751
201901059250.0,Some,Came about naturally,Dem/Lean Dem,Very liberal,30-49,College graduate+,0.35197732269888105
201901059343.0,Some,Was made accidentally in a lab,Rep/Lean Rep,Conservative,50-64,College graduate+,0.2759863171066681
201901059388.0,Some,Not sure,Dem/Lean Dem,Moderate,50-64,College graduate+,0.12978956029568323
201901059462.0,Some,Was developed intentionally in a lab,Dem/Lean Dem,Liberal,30-49,College graduate+,0.32248801084299655
201901059523.0,Not much,Came about naturally,Dem/Lean Dem,Moderate,50-64,H.S. graduate or less,1.7260630271431734
201901059731.0,A lot,Was developed intentionally in a lab,Rep/Lean Rep,Liberal,30-49,Some College,1.1377479312955552
201901059763.0,Not much,Was made accidentally in a lab,Rep/Lean Rep,Moderate,30-49,Some College,3.2674748089277794
201901059848.0,Not much,Not sure,Rep/Lean Rep,Conservative,65+,College graduate+,0.36183335651171045
201901059993.0,None at all,Came about naturally,Dem/Lean Dem,Liberal,18-29,H.S. graduate or less,4.9147424153624595
201901060056.0,A lot,Was made accidentally in a lab,Dem/Lean Dem,Liberal,50-64,Some College,2.025065288767472
201901060065.0,A lot,Not sure,Rep/Lean Rep,Conservative,50-64,College graduate+,0.724608767666134
201901060125.0,Some,Came about naturally,Dem/Lean Dem,Moderate,18-29,College graduate+,0.6600520539464441
201901060152.0,Some,Not sure,Dem/Lean Dem,Moderate,30-49,College graduate+,0.323734534112834
201901060428.0,Not much,Not sure,Dem/Lean Dem,Moderate,18-29,H.S. graduate or less,1.147415984552357
201901060440.0,Some,Came about naturally,Dem/Lean Dem,Liberal,18-29,College graduate+,0.07844521463098372
201901060741.0,A lot,Came about naturally,Dem/Lean Dem,Moderate,30-49,H.S. graduate or less,2.220500630375652
201901060765.0,None at all,Not sure,Rep/Lean Rep,Very conservative,65+,College graduate+,0.07844521463098372
201901060896.0,Not much,Came about naturally,Dem/Lean Dem,Very liberal,30-49,Some College,0.7947213849145883
201901060960.0,Not much,Came about naturally,Rep/Lean Rep,Conservative,50-64,College graduate+,0.07844521463098372
201901061083.0,A lot,Came about naturally,Rep/Lean Rep,Liberal,30-49,College graduate+,0.17930901449901696
201901061134.0,Not much,Not sure,DK/Refused/No lean,Refused,30-49,Some College,0.9179152311487231
201901061236.0,Some,Was made accidentally in a lab,Rep/Lean Rep,Very conservative,65+,College graduate+,0.07844521463098372
201901061355.0,Not much,Came about naturally,Rep/Lean Rep,Moderate,50-64,Some College,0.13382563482331822
201901061477.0,None at all,Came about naturally,DK/Refused/No lean,Moderate,50-64,Some College,0.29266621060580206
201901061600.0,None at all,Was developed intentionally in a lab,Rep/Lean Rep,Liberal,30-49,H.S. graduate or less,1.0296289014527298
201901061605.0,Some,Came about naturally,Dem/Lean Dem,Moderate,65+,College graduate+,0.07844521463098372
201901061665.0,A lot,Came about naturally,Dem/Lean Dem,Liberal,30-49,H.S. graduate or less,1.0657677572203337
201901061849.0,Not much,Not sure,Dem/Lean Dem,Moderate,18-29,H.S. graduate or less,5.761723847780242
201901062032.0,None at all,Was made accidentally in a lab,DK/Refused/No lean,Moderate,18-29,Some College,2.841894905119554
201901062246.0,Some,Was made accidentally in a lab,DK/Refused/No lean,Conservative,65+,College graduate+,0.07844521463098372
201901062639.0,Some,Came about naturally,Dem/Lean Dem,Moderate,30-49,Some College,0.5401524378505697
201901062784.0,A lot,Was developed intentionally in a lab,Dem/Lean Dem,Moderate,30-49,Some College,0.8020294501937404
201901062809.0,Some,Came about naturally,Dem/Lean Dem,Very liberal,30-49,Some College,2.6899752417127085
201901062853.0,Not much,Came about naturally,Dem/Lean Dem,Moderate,30-49,College graduate+,0.13449853304202475
201901062922.0,Some,Was made accidentally in a lab,Rep/Lean Rep,Conservative,65+,Some College,0.07844521463098372
201901062974.0,Not much,Not sure,Rep/Lean Rep,Moderate,65+,College graduate+,0.18424415743514352
201901063041.0,None at all,Came about naturally,Rep/Lean Rep,Very conservative,65+,College graduate+,0.1289689494529228
201901063072.0,Not much,Was developed intentionally in a lab,Rep/Lean Rep,Refused,18-29,H.S. graduate or less,2.698930170529573
201901063231.0,Some,Not sure,Rep/Lean Rep,Moderate,50-64,Some College,0.1873512221230252
201901063241.0,Some,Came about naturally,Dem/Lean Dem,Liberal,50-64,College graduate+,0.07844521463098372
201901063267.0,Not much,Came about naturally,Rep/Lean Rep,Liberal,30-49,H.S. graduate or less,0.33622824408015467
201901063459.0,None at all,Was made accidentally in a lab,DK/Refused/No lean,Refused,50-64,H.S. graduate or less,1.3607401183278793
201901063617.0,Not much,Was developed intentionally in a lab,Rep/Lean Rep,Very conservative,50-64,College graduate+,0.3587902971494067
201901063719.0,A lot,Not sure,DK/Refused/No lean,Moderate,Refused,H.S. graduate or less,0.5085788875347841
201901063981.0,A lot,Came about naturally,Rep/Lean Rep,Moderate,50-64,Some College,0.07844521463098372
201901064032.0,Not much,Came about naturally,Dem/Lean Dem,Liberal,18-29,College graduate+,0.2743488594211838
201901064067.0,A lot,Was developed intentionally in a lab,Rep/Lean Rep,Very liberal,30-49,H.S. graduate or less,0.22078365152722706
201901064163.0,A lot,Not sure,Rep/Lean Rep,Moderate,30-49,H.S. graduate or less,0.14826650591324106
201901064362.0,Some,Came about naturally,Rep/Lean Rep,Very conservative,30-49,College graduate+,0.7512393440331134
201901064384.0,Some,Refused,Dem/Lean Dem,Moderate,30-49,College graduate+,2.0328448218552326
201901064394.0,None at all,Was developed intentionally in a lab,Dem/Lean Dem,Moderate,30-49,Some College,0.9850694301861893
201901064484.0,Some,Not sure,Dem/Lean Dem,Moderate,18-29,College graduate+,0.9554768344962852
201901064534.0,Some,Not sure,Dem/Lean Dem,Moderate,18-29,College graduate+,0.5372325176751204
201901064545.0,Some,Came about naturally,Dem/Lean Dem,Moderate,18-29,H.S. graduate or less,5.337142854288135
201901064597.0,Some,Came about naturally,Rep/Lean Rep,Liberal,65+,H.S. graduate or less,0.6487990190525046
201901064864.0,A lot,Doesn’t really exist,Dem/Lean Dem,Liberal,50-64,College graduate+,0.2583731137828368
201901064960.0,Some,Came about naturally,Rep/Lean Rep,Conservative,65+,College graduate+,0.07844521463098372
201901065051.0,Not much,Was developed intentionally in a lab,Rep/Lean Rep,Conservative,50-64,H.S. graduate or less,0.25732699752697574
201901065100.0,Some,Came about naturally,Dem/Lean Dem,Moderate,30-49,College graduate+,0.15590545424186367
201901065185.0,None at all,Not sure,DK/Refused/No lean,Very conservative,30-49,College graduate+,0.07844521463098372
201901065260.0,Some,Was developed intentionally in a lab,Rep/Lean Rep,Moderate,30-49,Some College,0.2513928025253616
201901065319.0,A lot,Came about naturally,Rep/Lean Rep,Conservative,18-29,H.S. graduate or less,0.23684626575256082
201901065515.0,Some,Not sure,Dem/Lean Dem,Moderate,30-49,College graduate+,0.07844521463098372
201901065635.0,Not much,Not sure,DK/Refused/No lean,Liberal,50-64,College graduate+,0.16490485923048442
201901065755.0,A lot,Not sure,Rep/Lean Rep,Moderate,30-49,Some College,1.1974278019984037
201901065769.0,Not much,Came about naturally,Rep/Lean Rep,Moderate,30-49,College graduate+,0.44575015275722796
201901065778.0,A lot,Not sure,Dem/Lean Dem,Moderate,30-49,H.S. graduate or less,3.080249461716097
201901065970.0,Not much,Came about naturally,Dem/Lean Dem,Moderate,50-64,College graduate+,0.07844521463098372
201901065999.0,Some,Was developed intentionally in a lab,Dem/Lean Dem,Moderate,30-49,Some College,0.32478332458799836
201901066032.0,None at all,Came about naturally,Dem/Lean Dem,Moderate,30-49,Some College,0.6540631215975309
201901066064.0,Not much,Was developed intentionally in a lab,Rep/Lean Rep,Very conservative,65+,Some College,0.13269888702174093
201901066111.0,Not much,Was developed intentionally in a lab,Dem/Lean Dem,Moderate,30-49,College graduate+,0.154730310259647
201901066226.0,Not much,Not sure,Dem/Lean Dem,Very liberal,30-49,College graduate+,0.46937630933067676
201901066255.0,A lot,Not sure,Rep/Lean Rep,Moderate,18-29,H.S. graduate or less,0.4925622407812041
201901066323.0,Some,Was developed intentionally in a lab,Dem/Lean Dem,Very liberal,18-29,College graduate+,0.2743488594211838
201901066369.0,Not much,Came about naturally,DK/Refused/No lean,Moderate,Refused,College graduate+,0.11054299849594329
201901066517.0,Not much,Came about naturally,Dem/Lean Dem,Conservative,30-49,College graduate+,0.44848628357321446
201901066523.0,Not much,Was made accidentally in a lab,Rep/Lean Rep,Moderate,50-64,H.S. graduate or less,0.47810513526193643
201901066628.0,Some,Came about naturally,Dem/Lean Dem,Very liberal,50-64,College graduate+,0.20640907829845595
201901066655.0,Some,Not sure,Dem/Lean Dem,Liberal,65+,College graduate+,0.07844521463098372
201901066885.0,Some,Not sure,Dem/Lean Dem,Liberal,65+,H.S. graduate or less,0.23208788967165986
201901066950.0,Some,Came about naturally,Dem/Lean Dem,Very liberal,30-49,Some College,0.3354716051760118
201901067026.0,Some,Not sure,Dem/Lean Dem,Very liberal,65+,H.S. graduate or less,0.494362184453873
201901067043.0,None at all,Not sure,Dem/Lean Dem,Moderate,30-49,College graduate+,0.5205003005854083
201901067164.0,Some,Came about naturally,Dem/Lean Dem,Moderate,30-49,College graduate+,0.143770834221946
201901067209.0,Some,Came about naturally,Dem/Lean Dem,Moderate,18-29,H.S. graduate or less,1.158979468703229
201901067236.0,Not much,Not sure,Rep/Lean Rep,Moderate,65+,College graduate+,0.1289689494529228
201901067281.0,None at all,Was developed intentionally in a lab,Dem/Lean Dem,Moderate,18-29,College graduate+,0.8157410070009643
201901067289.0,Not much,Was developed intentionally in a lab,Rep/Lean Rep,Refused,30-49,Some College,0.16915536850890103
201901067345.0,A lot,Came about naturally,Dem/Lean Dem,Moderate,50-64,College graduate+,0.07844521463098372
201901067493.0,Some,Doesn’t really exist,Dem/Lean Dem,Moderate,18-29,College graduate+,1.9572897290959157
201901067548.0,Some,Was developed intentionally in a lab,Rep/Lean Rep,Moderate,50-64,College graduate+,0.07844521463098372
201901067732.0,None at all,Was developed intentionally in a lab,Dem/Lean Dem,Moderate,30-49,College graduate+,0.5898795955784977
201901067943.0,Not much,Was developed intentionally in a lab,Dem/Lean Dem,Conservative,50-64,College graduate+,0.07844521463098372
201901067979.0,A lot,Not sure,DK/Refused/No lean,Very conservative,18-29,H.S. graduate or less,0.7946250228514097
201901068010.0,Some,Not sure,Rep/Lean Rep,Moderate,30-49,College graduate+,1.0793036853558353
201901068027.0,A lot,Came about naturally,Dem/Lean Dem,Moderate,30-49,Some College,0.9179152311487231
201901068067.0,Not much,Not sure,Rep/Lean Rep,Moderate,30-49,College graduate+,0.11685477822794219
201901068092.0,Some,Came about naturally,Rep/Lean Rep,Moderate,30-49,College graduate+,0.48554689000866813
201901068108.0,Not much,Came about naturally,Dem/Lean Dem,Moderate,50-64,College graduate+,0.42132731039013044
201901068182.0,Not much,Not sure,Dem/Lean Dem,Very conservative,50-64,H.S. graduate or less,1.6868921992729713
201901068237.0,A lot,Was developed intentionally in a lab,Dem/Lean Dem,Very conservative,30-49,College graduate+,0.7005180264091637
201901068242.0,None at all,Came about naturally,Dem/Lean Dem,Very liberal,30-49,College graduate+,0.32248801084299655
201901068360.0,Not much,Came about naturally,Dem/Lean Dem,Moderate,50-64,College graduate+,0.07844521463098372
201901068368.0,Not much,Was developed intentionally in a lab,Rep/Lean Rep,Moderate,30-49,College graduate+,0.3693212559436166
201901068370.0,None at all,Came about naturally,Rep/Lean Rep,Conservative,30-49,College graduate+,0.25988684328506545
201901068546.0,A lot,Was developed intentionally in a lab,Dem/Lean Dem,Liberal,18-29,Some College,0.25249260892074527
201901068548.0,None at all,Came about naturally,Dem/Lean Dem,Moderate,30-49,College graduate+,0.07844521463098372
201901068653.0,Not much,Was developed intentionally in a lab,Dem/Lean Dem,Moderate,50-64,Some College,0.14289167619369406
201901068678.0,Some,Was made accidentally in a lab,Dem/Lean Dem,Very conservative,50-64,Some College,0.4031123370286309
201901068764.0,A lot,Was developed intentionally in a lab,Dem/Lean Dem,Liberal,18-29,Some College,2.319649342820991
201901068822.0,None at all,Was developed intentionally in a lab,Rep/Lean Rep,Very conservative,Refused,College graduate+,0.07844521463098372
201901068852.0,A lot,Not sure,Dem/Lean Dem,Moderate,30-49,H.S. graduate or less,7.487621221765812
201901068904.0,None at all,Came about naturally,Rep/Lean Rep,Conservative,30-49,Some College,0.07844521463098372
201901069041.0,Not much,Came about naturally,Dem/Lean Dem,Moderate,18-29,Some College,0.18241446359715005
201901069073.0,Not much,Not sure,Rep/Lean Rep,Conservative,50-64,H.S. graduate or less,0.22082279697251742
201901069163.0,A lot,Came about naturally,Rep/Lean Rep,Conservative,30-49,College graduate+,0.1998580491388613
201901069171.0,Some,Was made accidentally in a lab,Dem/Lean Dem,Very liberal,18-29,College graduate+,0.36713708690050306
201901069200.0,Not much,Not sure,Rep/Lean Rep,Moderate,30-49,Some College,1.1377479312955552
201901069231.0,Not much,Came about naturally,Dem/Lean Dem,Moderate,30-49,College graduate+,0.4936982024531173
201901069364.0,Some,Was made accidentally in a lab,Rep/Lean Rep,Moderate,50-64,Some College,0.25631776688037455
201901069368.0,Some,Refused,Dem/Lean Dem,Moderate,18-29,H.S. graduate or less,5.761723847780242
201901069375.0,Some,Came about naturally,DK/Refused/No lean,Moderate,50-64,Some College,0.6635867577226195
201901069392.0,Some,Not sure,Dem/Lean Dem,Very liberal,30-49,College graduate+,0.24893406825118905
201901069537.0,Not much,Not sure,Rep/Lean Rep,Moderate,65+,H.S. graduate or less,0.3428538449119019
201901069751.0,A lot,Not sure,Dem/Lean Dem,Moderate,50-64,H.S. graduate or less,0.36769078257591253
201901069811.0,None at all,Not sure,Dem/Lean Dem,Moderate,50-64,Some College,0.43463895544176767
201901069815.0,None at all,Came about naturally,Rep/Lean Rep,Very conservative,30-49,College graduate+,0.5029142342865451
201901069849.0,Not much,Came about naturally,Rep/Lean Rep,Moderate,65+,College graduate+,0.15987247635158047
201901069931.0,Some,Was developed intentionally in a lab,Dem/Lean Dem,Moderate,18-29,Some College,1.123903687136219
201901070219.0,None at all,Not sure,Dem/Lean Dem,Very liberal,30-49,College graduate+,1.2202365172573084
201901070391.0,None at all,Came about naturally,Dem/Lean Dem,Liberal,50-64,College graduate+,0.31605755191819707
201901070452.0,Not much,Not sure,Rep/Lean Rep,Very liberal,30-49,College graduate+,0.11685477822794219
201901070483.0,Not much,Came about naturally,Dem/Lean Dem,Moderate,50-64,College graduate+,0.12978956029568323
201901070484.0,A lot,Came about naturally,Dem/Lean Dem,Moderate,30-49,College graduate+,0.4936982024531173
201901070501.0,None at all,Came about naturally,Rep/Lean Rep,Moderate,65+,College graduate+,0.2224177452378977
201901070530.0,Some,Was developed intentionally in a lab,Rep/Lean Rep,Moderate,30-49,H.S. graduate or less,0.47810513526193643
201901070556.0,Not much,Came about naturally,Dem/Lean Dem,Liberal,18-29,H.S. graduate or less,3.2342478586247587
201901070648.0,None at all,Was made accidentally in a lab,Rep/Lean Rep,Liberal,18-29,H.S. graduate or less,1.2859715376519336
201901070740.0,Not much,Came about naturally,Rep/Lean Rep,Conservative,65+,H.S. graduate or less,0.3428538449119019
201901070770.0,None at all,Not sure,Rep/Lean Rep,Conservative,18-29,H.S. graduate or less,2.632681909032724
201901070874.0,Not much,Came about naturally,Dem/Lean Dem,Moderate,50-64,College graduate+,0.07844521463098372
201901070880.0,Not much,Was developed intentionally in a lab,DK/Refused/No lean,Moderate,50-64,H.S. graduate or less,0.2656211492723267
201901070883.0,Not much,Came about naturally,Dem/Lean Dem,Liberal,65+,College graduate+,0.16991894565690882
201901070899.0,Not much,Was made accidentally in a lab,Dem/Lean Dem,Liberal,18-29,College graduate+,0.557113250317436
201901070904.0,A lot,Came about naturally,Dem/Lean Dem,Moderate,30-49,College graduate+,0.5010687101146901
201901070905.0,Some,Came about naturally,Dem/Lean Dem,Liberal,30-49,College graduate+,0.35197732269888105
201901070924.0,A lot,Was developed intentionally in a lab,Dem/Lean Dem,Refused,30-49,Some College,1.1556007168263636
201901071046.0,A lot,Came about naturally,Rep/Lean Rep,Moderate,18-29,Some College,1.8303557372297412
201901071057.0,A lot,Was developed intentionally in a lab,Rep/Lean Rep,Very conservative,30-49,Some College,0.6312181445523846
201901071179.0,Some,Was developed intentionally in a lab,Rep/Lean Rep,Moderate,50-64,College graduate+,0.12344528524854227
201901071319.0,None at all,Came about naturally,Rep/Lean Rep,Conservative,18-29,Some College,0.6413673284908803
201901071459.0,A lot,Was developed intentionally in a lab,Rep/Lean Rep,Moderate,30-49,College graduate+,0.7343309434610521
201901071532.0,None at all,Not sure,Rep/Lean Rep,Refused,Refused,Some College,0.547244392303485
201901071564.0,Some,Was developed intentionally in a lab,Rep/Lean Rep,Liberal,18-29,Some College,1.1518767703479469
201901071605.0,Not much,Came about naturally,DK/Refused/No lean,Liberal,30-49,College graduate+,0.1685250841184204
201901071669.0,None at all,Came about naturally,Dem/Lean Dem,Liberal,18-29,Some College,0.16247572663004634
201901071748.0,Not much,Not sure,Dem/Lean Dem,Conservative,65+,H.S. graduate or less,1.278255699308912
201901071752.0,A lot,Was developed intentionally in a lab,Dem/Lean Dem,Moderate,50-64,Some College,0.37177545623278907
201901071773.0,None at all,Came about naturally,Dem/Lean Dem,Moderate,50-64,Some College,1.9950801576886614
201901071800.0,Some,Was developed intentionally in a lab,Dem/Lean Dem,Very liberal,30-49,Some College,0.46639577669215687
201901071831.0,Not much,Came about naturally,Dem/Lean Dem,Refused,Refused,College graduate+,2.1316359581140567
201901072004.0,Not much,Was developed intentionally in a lab,Rep/Lean Rep,Conservative,30-49,College graduate+,0.20418946692883705
201901072019.0,Some,Came about naturally,Rep/Lean Rep,Moderate,50-64,College graduate+,0.37898121582277267
201901072177.0,A lot,Was developed intentionally in a lab,Dem/Lean Dem,Moderate,50-64,College graduate+,0.07844521463098372
201901072230.0,Some,Came about naturally,Rep/Lean Rep,Moderate,30-49,H.S. graduate or less,7.487621221765812
201901072357.0,Not much,Came about naturally,Dem/Lean Dem,Moderate,30-49,Some College,0.2987833424041903
201901072424.0,Some,Not sure,Dem/Lean Dem,Moderate,30-49,Some College,0.7947213849145883
201901072450.0,A lot,Was made accidentally in a lab,Rep/Lean Rep,Moderate,30-49,Some College,1.5283772159976392
201901072465.0,Not much,Came about naturally,Dem/Lean Dem,Liberal,18-29,College graduate+,0.3908357684477122
201901072474.0,Not much,Was developed intentionally in a lab,Rep/Lean Rep,Conservative,50-64,Some College,0.07844521463098372
201901072715.0,None at all,Came about naturally,Dem/Lean Dem,Conservative,65+,College graduate+,0.11720551665437798
201901072799.0,Some,Not sure,Rep/Lean Rep,Moderate,18-29,Some College,0.8983056970446487
201901072993.0,Not much,Doesn’t really exist,Rep/Lean Rep,Conservative,30-49,Some College,0.1693878204082206
201901073164.0,Not much,Came about naturally,Dem/Lean Dem,Liberal,30-49,College graduate+,0.15716502822933442
201901073174.0,A lot,Not sure,DK/Refused/No lean,Conservative,18-29,H.S. graduate or less,7.487621221765812
201901073181.0,None at all,Not sure,Dem/Lean Dem,Moderate,18-29,College graduate+,0.45161681952305965
201901073243.0,Some,Came about naturally,Dem/Lean Dem,Very liberal,30-49,College graduate+,0.2945033032924295
201901073263.0,Some,Came about naturally,Rep/Lean Rep,Moderate,30-49,College graduate+,0.3576407531673514
201901073278.0,Some,Was developed intentionally in a lab,Rep/Lean Rep,Moderate,65+,College graduate+,0.07844521463098372
201901073341.0,A lot,Was made accidentally in a lab,Dem/Lean Dem,Very conservative,18-29,H.S. graduate or less,7.487621221765812
201901073684.0,Not much,Was developed intentionally in a lab,Dem/Lean Dem,Moderate,30-49,College graduate+,0.34694494927811814
201901073692.0,Not much,Came about naturally,Dem/Lean Dem,Liberal,65+,College graduate+,0.2023186578252633
201901073910.0,Not much,Was developed intentionally in a lab,Rep/Lean Rep,Conservative,65+,Some College,0.6232356388137515
201901073969.0,None at all,Came about naturally,Dem/Lean Dem,Liberal,50-64,Some College,0.13832928070651546
201901074147.0,Some,Came about naturally,Dem/Lean Dem,Very liberal,18-29,Some College,2.319649342820991
201901074175.0,Some,Was made accidentally in a lab,Dem/Lean Dem,Liberal,18-29,H.S. graduate or less,2.2872887745419823
201901074251.0,Not much,Was developed intentionally in a lab,Dem/Lean Dem,Very liberal,18-29,Some College,0.6717079045641089
201901074359.0,Some,Came about naturally,Rep/Lean Rep,Conservative,50-64,Some College,0.07844521463098372
201901074450.0,Some,Not sure,Dem/Lean Dem,Liberal,18-29,College graduate+,0.13519621881038435
201901074459.0,Some,Not sure,Dem/Lean Dem,Moderate,30-49,College graduate+,0.21163227286552688
201901074528.0,Some,Came about naturally,Dem/Lean Dem,Liberal,30-49,H.S. graduate or less,7.487621221765812
201901074602.0,Not much,Was developed intentionally in a lab,Rep/Lean Rep,Moderate,65+,Some College,0.13269888702174093
201901074616.0,Some,Doesn’t really exist,Dem/Lean Dem,Moderate,30-49,Some College,0.2784958610671077
201901074695.0,A lot,Not sure,Dem/Lean Dem,Moderate,30-49,Some College,0.2658849524677477
201901074801.0,A lot,Not sure,Dem/Lean Dem,Liberal,50-64,H.S. graduate or less,1.1611943089141337
201901074823.0,None at all,Not sure,Dem/Lean Dem,Very conservative,30-49,H.S. graduate or less,1.7861280391715662
201901074865.0,None at all,Was developed intentionally in a lab,Dem/Lean Dem,Liberal,18-29,Some College,1.6394786045778065
201901074888.0,Some,Not sure,Rep/Lean Rep,Moderate,30-49,H.S. graduate or less,0.4554273085261125
201901074897.0,Some,Not sure,Rep/Lean Rep,Refused,50-64,Some College,0.9502190677545984
201901074982.0,A lot,Not sure,Rep/Lean Rep,Very conservative,65+,College graduate+,0.07844521463098372
201901074990.0,A lot,Was developed intentionally in a lab,Rep/Lean Rep,Moderate,65+,College graduate+,0.21135613296888756
201901075042.0,Some,Was developed intentionally in a lab,Dem/Lean Dem,Liberal,18-29,H.S. graduate or less,5.761723847780242
201901075169.0,A lot,Came about naturally,Dem/Lean Dem,Conservative,65+,Some College,0.2855535616453305
201901075253.0,Not much,Came about naturally,Dem/Lean Dem,Moderate,50-64,H.S. graduate or less,0.1783859076015778
201901075267.0,Some,Was developed intentionally in a lab,Rep/Lean Rep,Conservative,30-49,College graduate+,0.6016688434772883
201901075291.0,A lot,Not sure,Dem/Lean Dem,Liberal,18-29,Some College,0.952384885752482
201901075298.0,A lot,Came about naturally,Rep/Lean Rep,Moderate,65+,H.S. graduate or less,2.4367048906864506
201901075505.0,Some,Was made accidentally in a lab,Rep/Lean Rep,Moderate,30-49,H.S. graduate or less,1.339985471087168
201901075536.0,A lot,Was made accidentally in a lab,Dem/Lean Dem,Very conservative,30-49,H.S. graduate or less,3.117669880976555
201901075624.0,None at all,Came about naturally,Rep/Lean Rep,Liberal,18-29,Some College,0.4090157580233349
201901075686.0,Some,Was made accidentally in a lab,Dem/Lean Dem,Liberal,18-29,College graduate+,0.728832622682042
201901075695.0,Some,Not sure,DK/Refused/No lean,Very liberal,18-29,Some College,2.3874504780716697
201901075901.0,Not much,Was made accidentally in a lab,Rep/Lean Rep,Conservative,65+,H.S. graduate or less,0.3436538320187199
201901075917.0,Some,Doesn’t really exist,Dem/Lean Dem,Moderate,30-49,College graduate+,0.7111836740530392
201901076001.0,Not much,Not sure,Dem/Lean Dem,Very conservative,18-29,H.S. graduate or less,7.459379068433867
201901076020.0,None at all,Was developed intentionally in a lab,Dem/Lean Dem,Conservative,30-49,H.S. graduate or less,0.7590645893294131
201901076034.0,A lot,Came about naturally,Dem/Lean Dem,Moderate,18-29,Some College,2.620222163060396
201901076171.0,Some,Came about naturally,Dem/Lean Dem,Liberal,50-64,Some College,0.07844521463098372
201901076196.0,Some,Was developed intentionally in a lab,Rep/Lean Rep,Very conservative,65+,College graduate+,0.07844521463098372
201901076283.0,None at all,Came about naturally,Dem/Lean Dem,Moderate,30-49,College graduate+,0.2131276209218258
201901076544.0,None at all,Not sure,Dem/Lean Dem,Very conservative,30-49,H.S. graduate or less,1.7542995453878791
201901076642.0,Some,Came about naturally,Dem/Lean Dem,Moderate,30-49,H.S. graduate or less,3.191931024239548
201901076784.0,A lot,Not sure,Rep/Lean Rep,Moderate,65+,College graduate+,0.1321638394101564
201901076872.0,Not much,Came about naturally,Dem/Lean Dem,Moderate,30-49,Some College,3.434327244259188
201901076934.0,Not much,Not sure,Rep/Lean Rep,Moderate,50-64,Some College,0.1159805283864829
201901076936.0,None at all,Came about naturally,Rep/Lean Rep,Conservative,65+,Some College,0.16194617683160029
201901076979.0,Not much,Came about naturally,Dem/Lean Dem,Liberal,Refused,College graduate+,0.1455061587369373
201901076999.0,A lot,Was developed intentionally in a lab,DK/Refused/No lean,Moderate,30-49,H.S. graduate or less,4.039042074410319
201901077131.0,Some,Was made accidentally in a lab,Rep/Lean Rep,Moderate,50-64,Some College,0.19824671170491803
201901077204.0,A lot,Was developed intentionally in a lab,Dem/Lean Dem,Moderate,18-29,Some College,7.487621221765812
201901077480.0,Some,Was developed intentionally in a lab,Rep/Lean Rep,Liberal,30-49,H.S. graduate or less,0.25970943418605763
201901077490.0,None at all,Not sure,Dem/Lean Dem,Liberal,30-49,College graduate+,0.7005180264091637
201901077559.0,Some,Was made accidentally in a lab,Rep/Lean Rep,Conservative,18-29,H.S. graduate or less,6.5408178648393
201901077579.0,Not much,Came about naturally,Rep/Lean Rep,Conservative,Refused,College graduate+,0.2345499805439634
201901077789.0,Not much,Not sure,Rep/Lean Rep,Conservative,30-49,College graduate+,0.07844521463098372
201901077806.0,Not much,Came about naturally,Rep/Lean Rep,Conservative,30-49,College graduate+,0.24990316114892316
201901077877.0,Some,Was made accidentally in a lab,Rep/Lean Rep,Moderate,65+,College graduate+,0.07844521463098372
201901077903.0,Not much,Was developed intentionally in a lab,Rep/Lean Rep,Conservative,50-64,College graduate+,0.07844521463098372
201901078139.0,Not much,Not sure,Dem/Lean Dem,Moderate,18-29,Some College,2.1562389985381523
201901078368.0,Some,Was developed intentionally in a lab,Dem/Lean Dem,Liberal,18-29,H.S. graduate or less,2.805130987167386
201901078427.0,Some,Came about naturally,Rep/Lean Rep,Moderate,50-64,College graduate+,0.12978956029568323
201901078654.0,Not much,Was developed intentionally in a lab,Dem/Lean Dem,Very liberal,18-29,College graduate+,0.31765555475030594
201901078815.0,Not much,Was made accidentally in a lab,Rep/Lean Rep,Moderate,50-64,H.S. graduate or less,0.25732699752697574
201901078826.0,A lot,Was made accidentally in a lab,Rep/Lean Rep,Moderate,50-64,H.S. graduate or less,1.8430087355852711
201901078829.0,Some,Was developed intentionally in a lab,DK/Refused/No lean,Conservative,18-29,H.S. graduate or less,0.9600151933047726
