QKEY,VOTEGEN_POST_W78
100197.0,"Joe Biden, the Democrat"
100260.0,"Donald Trump, the Republican"
100314.0,"Donald Trump, the Republican"
100363.0,"Joe Biden, the Democrat"
100446.0,"Joe Biden, the Democrat"
100588.0,"Joe Biden, the Democrat"
100637.0,"Donald Trump, the Republican"
100803.0,
101224.0,"Donald Trump, the Republican"
101400.0,"Joe Biden, the Democrat"
101437.0,"Donald Trump, the Republican"
101472.0,Another candidate
101485.0,"Donald Trump, the Republican"
101493.0,"Donald Trump, the Republican"
102009.0,"Joe Biden, the Democrat"
102198.0,"Donald Trump, the Republican"
102932.0,"Joe Biden, the Democrat"
103060.0,"Joe Biden, the Democrat"
103094.0,"Joe Biden, the Democrat"
103379.0,"Donald Trump, the Republican"
103519.0,"Joe Biden, the Democrat"
103538.0,"Joe Biden, the Democrat"
103611.0,"Joe Biden, the Democrat"
103956.0,"Joe Biden, the Democrat"
104210.0,"Joe Biden, the Democrat"
104272.0,"Joe Biden, the Democrat"
104368.0,"Donald Trump, the Republican"
104491.0,"Joe Biden, the Democrat"
104689.0,"Joe Biden, the Democrat"
104727.0,"Donald Trump, the Republican"
104937.0,"Joe Biden, the Democrat"
105124.0,"Donald Trump, the Republican"
105269.0,"Joe Biden, the Democrat"
105959.0,"Joe Biden, the Democrat"
106068.0,"Howie Hawkins, the Green Party candidate"
106180.0,"Donald Trump, the Republican"
106444.0,"Joe Biden, the Democrat"
106590.0,"Donald Trump, the Republican"
106885.0,"Donald Trump, the Republican"
106960.0,"Joe Biden, the Democrat"
107023.0,"Joe Biden, the Democrat"
107329.0,"Joe Biden, the Democrat"
107612.0,"Joe Biden, the Democrat"
107668.0,"Donald Trump, the Republican"
108035.0,"Donald Trump, the Republican"
108169.0,"Joe Biden, the Democrat"
108348.0,"Donald Trump, the Republican"
108435.0,"Donald Trump, the Republican"
108592.0,"Joe Biden, the Democrat"
108909.0,
109143.0,"Donald Trump, the Republican"
109188.0,"Joe Biden, the Democrat"
110041.0,"Donald Trump, the Republican"
110129.0,"Donald Trump, the Republican"
110361.0,"Joe Biden, the Democrat"
110550.0,"Donald Trump, the Republican"
111646.0,"Joe Biden, the Democrat"
111665.0,"Joe Biden, the Democrat"
112238.0,"Donald Trump, the Republican"
112371.0,"Donald Trump, the Republican"
112490.0,"Joe Biden, the Democrat"
112495.0,"Joe Biden, the Democrat"
112517.0,"Donald Trump, the Republican"
112613.0,"Donald Trump, the Republican"
112715.0,"Joe Biden, the Democrat"
112984.0,"Joe Biden, the Democrat"
113248.0,"Joe Biden, the Democrat"
113274.0,"Joe Biden, the Democrat"
113412.0,"Donald Trump, the Republican"
113565.0,"Donald Trump, the Republican"
114058.0,"Joe Biden, the Democrat"
114190.0,"Joe Biden, the Democrat"
114197.0,"Donald Trump, the Republican"
114473.0,"Donald Trump, the Republican"
114671.0,"Donald Trump, the Republican"
114797.0,"Joe Biden, the Democrat"
114898.0,"Donald Trump, the Republican"
114940.0,"Joe Biden, the Democrat"
114970.0,"Joe Biden, the Democrat"
115295.0,"Donald Trump, the Republican"
115546.0,"Donald Trump, the Republican"
115568.0,"Joe Biden, the Democrat"
115650.0,Another candidate
115973.0,"Joe Biden, the Democrat"
116151.0,"Donald Trump, the Republican"
116182.0,"Donald Trump, the Republican"
116264.0,
116422.0,"Joe Biden, the Democrat"
116439.0,"Donald Trump, the Republican"
116617.0,"Joe Biden, the Democrat"
116832.0,"Donald Trump, the Republican"
116861.0,"Donald Trump, the Republican"
116998.0,"Joe Biden, the Democrat"
117214.0,"Joe Biden, the Democrat"
117395.0,"Joe Biden, the Democrat"
118060.0,"Donald Trump, the Republican"
118110.0,"Joe Biden, the Democrat"
118218.0,"Joe Biden, the Democrat"
118414.0,"Donald Trump, the Republican"
118423.0,"Joe Biden, the Democrat"
118847.0,"Joe Biden, the Democrat"
118888.0,"Joe Biden, the Democrat"
119121.0,"Joe Biden, the Democrat"
119128.0,"Donald Trump, the Republican"
119392.0,"Donald Trump, the Republican"
119548.0,"Donald Trump, the Republican"
119714.0,"Joe Biden, the Democrat"
119910.0,"Joe Biden, the Democrat"
120118.0,"Donald Trump, the Republican"
120343.0,"Donald Trump, the Republican"
120521.0,"Joe Biden, the Democrat"
120873.0,"Joe Biden, the Democrat"
121158.0,"Donald Trump, the Republican"
121186.0,"Joe Biden, the Democrat"
121582.0,"Donald Trump, the Republican"
121882.0,"Donald Trump, the Republican"
122020.0,"Joe Biden, the Democrat"
122033.0,"Joe Biden, the Democrat"
122234.0,"Joe Biden, the Democrat"
122265.0,"Donald Trump, the Republican"
122466.0,"Donald Trump, the Republican"
122503.0,"Joe Biden, the Democrat"
123191.0,"Joe Biden, the Democrat"
123778.0,"Joe Biden, the Democrat"
124032.0,"Donald Trump, the Republican"
124264.0,"Joe Biden, the Democrat"
124281.0,"Joe Biden, the Democrat"
124561.0,"Joe Biden, the Democrat"
124598.0,"Donald Trump, the Republican"
124895.0,"Joe Biden, the Democrat"
125280.0,"Joe Biden, the Democrat"
125421.0,"Joe Biden, the Democrat"
125444.0,"Joe Biden, the Democrat"
125496.0,"Joe Biden, the Democrat"
125976.0,"Joe Biden, the Democrat"
126131.0,"Joe Biden, the Democrat"
126190.0,"Joe Biden, the Democrat"
126211.0,"Donald Trump, the Republican"
126380.0,"Joe Biden, the Democrat"
126570.0,
127250.0,"Joe Biden, the Democrat"
127284.0,"Joe Biden, the Democrat"
127498.0,
127800.0,"Donald Trump, the Republican"
128214.0,"Donald Trump, the Republican"
128285.0,"Joe Biden, the Democrat"
128558.0,"Donald Trump, the Republican"
129046.0,"Donald Trump, the Republican"
129189.0,"Donald Trump, the Republican"
130022.0,"Joe Biden, the Democrat"
130287.0,"Joe Biden, the Democrat"
130571.0,"Donald Trump, the Republican"
130781.0,"Joe Biden, the Democrat"
130889.0,"Joe Biden, the Democrat"
131599.0,"Donald Trump, the Republican"
131786.0,"Donald Trump, the Republican"
132146.0,"Donald Trump, the Republican"
132240.0,"Donald Trump, the Republican"
132246.0,"Donald Trump, the Republican"
132264.0,"Joe Biden, the Democrat"
132478.0,"Joe Biden, the Democrat"
132489.0,"Joe Biden, the Democrat"
132973.0,"Joe Biden, the Democrat"
133114.0,"Joe Biden, the Democrat"
133435.0,"Donald Trump, the Republican"
133550.0,"Joe Biden, the Democrat"
133700.0,"Donald Trump, the Republican"
133889.0,"Joe Biden, the Democrat"
133978.0,"Donald Trump, the Republican"
135146.0,"Donald Trump, the Republican"
135184.0,"Donald Trump, the Republican"
135317.0,"Joe Biden, the Democrat"
135459.0,"Joe Biden, the Democrat"
135706.0,"Joe Biden, the Democrat"
135751.0,"Joe Biden, the Democrat"
135822.0,"Donald Trump, the Republican"
136015.0,"Donald Trump, the Republican"
136046.0,"Joe Biden, the Democrat"
136316.0,"Donald Trump, the Republican"
136411.0,"Donald Trump, the Republican"
136999.0,"Donald Trump, the Republican"
137139.0,"Joe Biden, the Democrat"
138105.0,"Joe Biden, the Democrat"
138239.0,"Joe Biden, the Democrat"
138284.0,"Donald Trump, the Republican"
139134.0,"Donald Trump, the Republican"
139467.0,"Donald Trump, the Republican"
139905.0,"Joe Biden, the Democrat"
140444.0,"Joe Biden, the Democrat"
140544.0,"Joe Biden, the Democrat"
140639.0,"Joe Biden, the Democrat"
141319.0,"Joe Biden, the Democrat"
141442.0,"Donald Trump, the Republican"
141471.0,"Joe Biden, the Democrat"
141804.0,"Joe Biden, the Democrat"
141878.0,"Donald Trump, the Republican"
142360.0,"Joe Biden, the Democrat"
142398.0,"Joe Biden, the Democrat"
142447.0,"Joe Biden, the Democrat"
142838.0,"Joe Biden, the Democrat"
143122.0,"Joe Biden, the Democrat"
143511.0,"Joe Biden, the Democrat"
143915.0,"Donald Trump, the Republican"
144036.0,"Donald Trump, the Republican"
144120.0,"Joe Biden, the Democrat"
144429.0,"Donald Trump, the Republican"
144736.0,"Joe Biden, the Democrat"
145304.0,"Joe Biden, the Democrat"
145364.0,"Donald Trump, the Republican"
145447.0,"Joe Biden, the Democrat"
145887.0,"Donald Trump, the Republican"
146062.0,"Joe Biden, the Democrat"
146170.0,"Donald Trump, the Republican"
146434.0,"Donald Trump, the Republican"
146637.0,"Joe Biden, the Democrat"
146784.0,"Donald Trump, the Republican"
146878.0,"Joe Biden, the Democrat"
147316.0,"Jo Jorgensen, the Libertarian Party candidate"
147654.0,"Joe Biden, the Democrat"
147763.0,"Joe Biden, the Democrat"
148162.0,"Donald Trump, the Republican"
149522.0,"Joe Biden, the Democrat"
149866.0,"Donald Trump, the Republican"
150084.0,"Joe Biden, the Democrat"
150197.0,"Donald Trump, the Republican"
150381.0,"Joe Biden, the Democrat"
150788.0,"Joe Biden, the Democrat"
151130.0,"Joe Biden, the Democrat"
151850.0,"Joe Biden, the Democrat"
151929.0,"Donald Trump, the Republican"
151972.0,"Donald Trump, the Republican"
152324.0,"Joe Biden, the Democrat"
152538.0,"Joe Biden, the Democrat"
152916.0,"Joe Biden, the Democrat"
152957.0,"Joe Biden, the Democrat"
153346.0,"Donald Trump, the Republican"
153391.0,"Joe Biden, the Democrat"
153863.0,"Joe Biden, the Democrat"
154072.0,"Howie Hawkins, the Green Party candidate"
154578.0,"Donald Trump, the Republican"
154730.0,"Donald Trump, the Republican"
154750.0,"Donald Trump, the Republican"
154874.0,"Donald Trump, the Republican"
154948.0,"Joe Biden, the Democrat"
155329.0,"Joe Biden, the Democrat"
155464.0,
155606.0,"Donald Trump, the Republican"
155832.0,"Donald Trump, the Republican"
155900.0,"Joe Biden, the Democrat"
156200.0,"Joe Biden, the Democrat"
156233.0,"Joe Biden, the Democrat"
156615.0,"Joe Biden, the Democrat"
156660.0,"Joe Biden, the Democrat"
157348.0,"Joe Biden, the Democrat"
157570.0,"Joe Biden, the Democrat"
157877.0,"Donald Trump, the Republican"
158144.0,"Joe Biden, the Democrat"
158193.0,"Joe Biden, the Democrat"
158469.0,"Joe Biden, the Democrat"
159075.0,
159216.0,Another candidate
159562.0,"Donald Trump, the Republican"
159674.0,"Joe Biden, the Democrat"
159828.0,
159997.0,"Donald Trump, the Republican"
160170.0,"Donald Trump, the Republican"
160193.0,"Donald Trump, the Republican"
160394.0,"Joe Biden, the Democrat"
161130.0,"Donald Trump, the Republican"
161742.0,"Donald Trump, the Republican"
162028.0,"Joe Biden, the Democrat"
162119.0,"Donald Trump, the Republican"
162341.0,"Donald Trump, the Republican"
162517.0,"Joe Biden, the Democrat"
164283.0,"Joe Biden, the Democrat"
164425.0,"Joe Biden, the Democrat"
165452.0,"Joe Biden, the Democrat"
166167.0,"Joe Biden, the Democrat"
166301.0,"Joe Biden, the Democrat"
166712.0,"Joe Biden, the Democrat"
167094.0,"Donald Trump, the Republican"
167110.0,"Donald Trump, the Republican"
167866.0,"Joe Biden, the Democrat"
168336.0,"Joe Biden, the Democrat"
169135.0,"Donald Trump, the Republican"
169249.0,"Joe Biden, the Democrat"
169864.0,"Donald Trump, the Republican"
170940.0,"Donald Trump, the Republican"
171076.0,"Joe Biden, the Democrat"
171099.0,"Joe Biden, the Democrat"
171264.0,"Joe Biden, the Democrat"
172231.0,"Donald Trump, the Republican"
174032.0,"Donald Trump, the Republican"
175192.0,"Donald Trump, the Republican"
175363.0,"Donald Trump, the Republican"
175884.0,"Joe Biden, the Democrat"
176214.0,"Joe Biden, the Democrat"
176680.0,"Donald Trump, the Republican"
176709.0,"Donald Trump, the Republican"
176824.0,"Donald Trump, the Republican"
176868.0,"Joe Biden, the Democrat"
176890.0,"Donald Trump, the Republican"
176940.0,"Joe Biden, the Democrat"
177211.0,"Joe Biden, the Democrat"
177572.0,"Joe Biden, the Democrat"
177818.0,Another candidate
178470.0,"Joe Biden, the Democrat"
178592.0,"Joe Biden, the Democrat"
179144.0,"Joe Biden, the Democrat"
179396.0,"Joe Biden, the Democrat"
179513.0,"Joe Biden, the Democrat"
179522.0,"Joe Biden, the Democrat"
179691.0,"Donald Trump, the Republican"
179909.0,"Joe Biden, the Democrat"
179979.0,"Donald Trump, the Republican"
180286.0,"Donald Trump, the Republican"
181067.0,"Joe Biden, the Democrat"
181573.0,
181689.0,"Joe Biden, the Democrat"
181690.0,"Donald Trump, the Republican"
182775.0,"Joe Biden, the Democrat"
182804.0,"Joe Biden, the Democrat"
182998.0,"Joe Biden, the Democrat"
183145.0,"Donald Trump, the Republican"
184045.0,"Joe Biden, the Democrat"
184735.0,"Donald Trump, the Republican"
185008.0,"Donald Trump, the Republican"
185159.0,"Joe Biden, the Democrat"
185293.0,"Donald Trump, the Republican"
185394.0,"Joe Biden, the Democrat"
185416.0,"Donald Trump, the Republican"
185944.0,"Joe Biden, the Democrat"
186170.0,"Donald Trump, the Republican"
186444.0,"Donald Trump, the Republican"
186902.0,"Joe Biden, the Democrat"
187312.0,"Joe Biden, the Democrat"
187635.0,"Joe Biden, the Democrat"
188109.0,"Joe Biden, the Democrat"
188245.0,"Joe Biden, the Democrat"
188340.0,"Donald Trump, the Republican"
188516.0,"Donald Trump, the Republican"
189053.0,
189213.0,"Joe Biden, the Democrat"
189589.0,"Joe Biden, the Democrat"
190519.0,"Joe Biden, the Democrat"
190780.0,"Joe Biden, the Democrat"
190961.0,"Donald Trump, the Republican"
191032.0,"Joe Biden, the Democrat"
191063.0,"Donald Trump, the Republican"
191081.0,"Donald Trump, the Republican"
191261.0,"Joe Biden, the Democrat"
191336.0,"Joe Biden, the Democrat"
191583.0,"Joe Biden, the Democrat"
192213.0,"Donald Trump, the Republican"
192294.0,
192396.0,"Donald Trump, the Republican"
192474.0,"Donald Trump, the Republican"
192568.0,"Donald Trump, the Republican"
192753.0,"Donald Trump, the Republican"
192798.0,"Donald Trump, the Republican"
192950.0,"Donald Trump, the Republican"
193343.0,"Jo Jorgensen, the Libertarian Party candidate"
193408.0,
193466.0,"Joe Biden, the Democrat"
193713.0,"Joe Biden, the Democrat"
194068.0,"Donald Trump, the Republican"
194284.0,"Donald Trump, the Republican"
194490.0,"Joe Biden, the Democrat"
194634.0,"Joe Biden, the Democrat"
194718.0,"Donald Trump, the Republican"
194860.0,"Joe Biden, the Democrat"
195349.0,"Donald Trump, the Republican"
195373.0,"Donald Trump, the Republican"
195400.0,"Donald Trump, the Republican"
196107.0,"Donald Trump, the Republican"
196610.0,"Joe Biden, the Democrat"
196813.0,"Joe Biden, the Democrat"
197067.0,"Donald Trump, the Republican"
197087.0,"Donald Trump, the Republican"
197168.0,"Joe Biden, the Democrat"
197174.0,"Donald Trump, the Republican"
197397.0,"Donald Trump, the Republican"
197520.0,"Joe Biden, the Democrat"
197580.0,"Joe Biden, the Democrat"
197934.0,"Donald Trump, the Republican"
198176.0,"Joe Biden, the Democrat"
198205.0,"Donald Trump, the Republican"
198208.0,"Donald Trump, the Republican"
198295.0,"Joe Biden, the Democrat"
198449.0,"Joe Biden, the Democrat"
198476.0,"Joe Biden, the Democrat"
198571.0,"Joe Biden, the Democrat"
198718.0,"Donald Trump, the Republican"
198848.0,"Donald Trump, the Republican"
198946.0,"Donald Trump, the Republican"
199454.0,"Donald Trump, the Republican"
199474.0,"Donald Trump, the Republican"
199510.0,"Donald Trump, the Republican"
199964.0,"Donald Trump, the Republican"
200202.0,"Joe Biden, the Democrat"
200312.0,"Donald Trump, the Republican"
200452.0,"Joe Biden, the Democrat"
200718.0,"Joe Biden, the Democrat"
200761.0,"Joe Biden, the Democrat"
200782.0,"Joe Biden, the Democrat"
200943.0,"Donald Trump, the Republican"
201095.0,
201177.0,"Donald Trump, the Republican"
201541.0,"Donald Trump, the Republican"
202145.0,"Joe Biden, the Democrat"
202467.0,"Donald Trump, the Republican"
202545.0,"Donald Trump, the Republican"
202548.0,"Joe Biden, the Democrat"
202784.0,"Joe Biden, the Democrat"
202849.0,"Joe Biden, the Democrat"
202908.0,"Joe Biden, the Democrat"
203133.0,"Joe Biden, the Democrat"
203464.0,"Joe Biden, the Democrat"
203469.0,"Joe Biden, the Democrat"
203617.0,"Joe Biden, the Democrat"
203921.0,"Donald Trump, the Republican"
204164.0,"Joe Biden, the Democrat"
204329.0,"Joe Biden, the Democrat"
204354.0,"Donald Trump, the Republican"
204601.0,"Donald Trump, the Republican"
204832.0,"Donald Trump, the Republican"
205136.0,"Joe Biden, the Democrat"
205459.0,"Donald Trump, the Republican"
205490.0,"Joe Biden, the Democrat"
205566.0,"Joe Biden, the Democrat"
205600.0,"Joe Biden, the Democrat"
206457.0,"Donald Trump, the Republican"
207436.0,"Joe Biden, the Democrat"
207452.0,"Donald Trump, the Republican"
207502.0,"Joe Biden, the Democrat"
207573.0,"Donald Trump, the Republican"
207606.0,"Joe Biden, the Democrat"
208237.0,"Joe Biden, the Democrat"
208492.0,"Joe Biden, the Democrat"
208695.0,"Donald Trump, the Republican"
209123.0,
209250.0,"Joe Biden, the Democrat"
209440.0,"Donald Trump, the Republican"
209589.0,"Donald Trump, the Republican"
209937.0,"Joe Biden, the Democrat"
210108.0,"Joe Biden, the Democrat"
210121.0,"Joe Biden, the Democrat"
210306.0,"Joe Biden, the Democrat"
210564.0,"Joe Biden, the Democrat"
210743.0,"Donald Trump, the Republican"
210776.0,"Joe Biden, the Democrat"
211074.0,"Donald Trump, the Republican"
211125.0,"Donald Trump, the Republican"
211378.0,"Joe Biden, the Democrat"
211504.0,"Donald Trump, the Republican"
211788.0,"Joe Biden, the Democrat"
212111.0,"Donald Trump, the Republican"
212131.0,"Donald Trump, the Republican"
212322.0,"Donald Trump, the Republican"
212492.0,"Joe Biden, the Democrat"
212680.0,"Donald Trump, the Republican"
213161.0,"Donald Trump, the Republican"
213456.0,"Donald Trump, the Republican"
213541.0,"Donald Trump, the Republican"
213671.0,
213817.0,"Joe Biden, the Democrat"
214437.0,"Donald Trump, the Republican"
214495.0,"Joe Biden, the Democrat"
214562.0,"Joe Biden, the Democrat"
214778.0,"Donald Trump, the Republican"
214898.0,"Donald Trump, the Republican"
215767.0,"Joe Biden, the Democrat"
216110.0,Refused
216153.0,"Joe Biden, the Democrat"
216156.0,"Donald Trump, the Republican"
216528.0,"Joe Biden, the Democrat"
217659.0,"Joe Biden, the Democrat"
218055.0,"Joe Biden, the Democrat"
218205.0,"Joe Biden, the Democrat"
218459.0,
218656.0,"Donald Trump, the Republican"
218719.0,"Joe Biden, the Democrat"
218837.0,"Joe Biden, the Democrat"
219150.0,"Donald Trump, the Republican"
219223.0,"Donald Trump, the Republican"
219306.0,"Donald Trump, the Republican"
219679.0,"Donald Trump, the Republican"
219998.0,"Joe Biden, the Democrat"
220020.0,"Joe Biden, the Democrat"
220395.0,"Joe Biden, the Democrat"
221186.0,"Joe Biden, the Democrat"
221448.0,"Donald Trump, the Republican"
222354.0,"Joe Biden, the Democrat"
222755.0,"Joe Biden, the Democrat"
223028.0,"Joe Biden, the Democrat"
223061.0,
223257.0,
223496.0,"Donald Trump, the Republican"
224561.0,"Joe Biden, the Democrat"
224776.0,"Joe Biden, the Democrat"
224870.0,"Howie Hawkins, the Green Party candidate"
225476.0,"Donald Trump, the Republican"
225546.0,"Joe Biden, the Democrat"
226237.0,"Joe Biden, the Democrat"
226560.0,"Joe Biden, the Democrat"
226903.0,"Donald Trump, the Republican"
227099.0,"Donald Trump, the Republican"
227278.0,"Donald Trump, the Republican"
227443.0,Refused
227551.0,"Joe Biden, the Democrat"
227805.0,"Joe Biden, the Democrat"
227892.0,"Donald Trump, the Republican"
228400.0,"Donald Trump, the Republican"
228761.0,"Donald Trump, the Republican"
228797.0,"Donald Trump, the Republican"
229101.0,"Joe Biden, the Democrat"
229423.0,"Joe Biden, the Democrat"
229457.0,"Donald Trump, the Republican"
229561.0,"Donald Trump, the Republican"
230027.0,"Donald Trump, the Republican"
230098.0,"Joe Biden, the Democrat"
230582.0,"Joe Biden, the Democrat"
230587.0,
230613.0,"Donald Trump, the Republican"
230747.0,"Joe Biden, the Democrat"
230801.0,"Donald Trump, the Republican"
230983.0,"Joe Biden, the Democrat"
231013.0,"Joe Biden, the Democrat"
231073.0,"Joe Biden, the Democrat"
232131.0,"Donald Trump, the Republican"
232685.0,"Joe Biden, the Democrat"
232753.0,"Joe Biden, the Democrat"
233296.0,
233755.0,"Joe Biden, the Democrat"
234001.0,"Donald Trump, the Republican"
234064.0,"Joe Biden, the Democrat"
234462.0,"Donald Trump, the Republican"
234741.0,"Donald Trump, the Republican"
234783.0,"Donald Trump, the Republican"
234834.0,"Joe Biden, the Democrat"
234858.0,"Joe Biden, the Democrat"
235086.0,"Donald Trump, the Republican"
235304.0,"Donald Trump, the Republican"
235397.0,"Joe Biden, the Democrat"
235578.0,"Donald Trump, the Republican"
235880.0,"Joe Biden, the Democrat"
236140.0,"Joe Biden, the Democrat"
236237.0,"Donald Trump, the Republican"
236265.0,"Joe Biden, the Democrat"
236370.0,"Donald Trump, the Republican"
236617.0,"Donald Trump, the Republican"
237091.0,"Donald Trump, the Republican"
237367.0,"Joe Biden, the Democrat"
238002.0,"Donald Trump, the Republican"
238030.0,"Joe Biden, the Democrat"
238140.0,"Donald Trump, the Republican"
238467.0,"Joe Biden, the Democrat"
238619.0,"Donald Trump, the Republican"
238840.0,"Donald Trump, the Republican"
239009.0,"Joe Biden, the Democrat"
239268.0,"Joe Biden, the Democrat"
239297.0,"Joe Biden, the Democrat"
239382.0,"Joe Biden, the Democrat"
239985.0,"Jo Jorgensen, the Libertarian Party candidate"
240597.0,"Donald Trump, the Republican"
240975.0,"Joe Biden, the Democrat"
241537.0,"Donald Trump, the Republican"
242029.0,"Joe Biden, the Democrat"
243060.0,"Donald Trump, the Republican"
243238.0,"Joe Biden, the Democrat"
243353.0,"Donald Trump, the Republican"
243528.0,"Joe Biden, the Democrat"
244081.0,"Joe Biden, the Democrat"
244331.0,"Donald Trump, the Republican"
244937.0,"Joe Biden, the Democrat"
245684.0,"Donald Trump, the Republican"
245863.0,"Donald Trump, the Republican"
246335.0,"Joe Biden, the Democrat"
246537.0,"Donald Trump, the Republican"
247321.0,"Donald Trump, the Republican"
247860.0,"Donald Trump, the Republican"
247938.0,"Joe Biden, the Democrat"
248990.0,"Joe Biden, the Democrat"
248996.0,"Donald Trump, the Republican"
249540.0,"Donald Trump, the Republican"
274112.0,
274171.0,"Donald Trump, the Republican"
274495.0,"Donald Trump, the Republican"
274797.0,"Joe Biden, the Democrat"
274822.0,"Donald Trump, the Republican"
274825.0,"Joe Biden, the Democrat"
275824.0,"Joe Biden, the Democrat"
276046.0,"Donald Trump, the Republican"
276243.0,"Donald Trump, the Republican"
276645.0,
277314.0,"Donald Trump, the Republican"
278114.0,
279051.0,"Donald Trump, the Republican"
279292.0,"Donald Trump, the Republican"
279742.0,"Joe Biden, the Democrat"
279766.0,"Donald Trump, the Republican"
279894.0,"Joe Biden, the Democrat"
280034.0,"Joe Biden, the Democrat"
280165.0,"Donald Trump, the Republican"
280651.0,"Donald Trump, the Republican"
280823.0,"Donald Trump, the Republican"
280916.0,"Donald Trump, the Republican"
281021.0,"Joe Biden, the Democrat"
281163.0,"Donald Trump, the Republican"
281338.0,"Donald Trump, the Republican"
281372.0,"Donald Trump, the Republican"
281718.0,"Joe Biden, the Democrat"
281929.0,"Joe Biden, the Democrat"
281944.0,"Donald Trump, the Republican"
281969.0,"Joe Biden, the Democrat"
282245.0,"Joe Biden, the Democrat"
282337.0,"Joe Biden, the Democrat"
282372.0,"Joe Biden, the Democrat"
282561.0,"Donald Trump, the Republican"
282770.0,"Joe Biden, the Democrat"
283820.0,"Donald Trump, the Republican"
283850.0,
283898.0,"Joe Biden, the Democrat"
283988.0,"Donald Trump, the Republican"
284304.0,"Donald Trump, the Republican"
284378.0,"Donald Trump, the Republican"
285174.0,"Donald Trump, the Republican"
285723.0,"Donald Trump, the Republican"
285944.0,"Joe Biden, the Democrat"
285953.0,"Joe Biden, the Democrat"
286082.0,
286168.0,"Donald Trump, the Republican"
286197.0,"Joe Biden, the Democrat"
286663.0,"Joe Biden, the Democrat"
287086.0,"Joe Biden, the Democrat"
287097.0,"Joe Biden, the Democrat"
287191.0,"Donald Trump, the Republican"
287366.0,"Donald Trump, the Republican"
287463.0,"Joe Biden, the Democrat"
288489.0,"Donald Trump, the Republican"
288802.0,"Jo Jorgensen, the Libertarian Party candidate"
288869.0,"Donald Trump, the Republican"
289200.0,"Joe Biden, the Democrat"
289390.0,"Donald Trump, the Republican"
289477.0,"Donald Trump, the Republican"
289868.0,"Joe Biden, the Democrat"
290087.0,"Donald Trump, the Republican"
291033.0,"Joe Biden, the Democrat"
291097.0,"Donald Trump, the Republican"
291347.0,"Joe Biden, the Democrat"
291468.0,"Donald Trump, the Republican"
291504.0,"Joe Biden, the Democrat"
291673.0,"Joe Biden, the Democrat"
291696.0,"Joe Biden, the Democrat"
292724.0,"Joe Biden, the Democrat"
292740.0,"Donald Trump, the Republican"
292849.0,"Joe Biden, the Democrat"
292854.0,"Jo Jorgensen, the Libertarian Party candidate"
292971.0,"Joe Biden, the Democrat"
293111.0,"Donald Trump, the Republican"
293203.0,"Joe Biden, the Democrat"
293322.0,"Joe Biden, the Democrat"
294176.0,"Donald Trump, the Republican"
294309.0,"Joe Biden, the Democrat"
294815.0,"Joe Biden, the Democrat"
294912.0,"Donald Trump, the Republican"
295064.0,"Donald Trump, the Republican"
295593.0,"Joe Biden, the Democrat"
295709.0,"Joe Biden, the Democrat"
295809.0,"Donald Trump, the Republican"
295841.0,"Donald Trump, the Republican"
295961.0,"Joe Biden, the Democrat"
296049.0,"Donald Trump, the Republican"
296062.0,"Joe Biden, the Democrat"
296159.0,"Joe Biden, the Democrat"
296630.0,"Donald Trump, the Republican"
296850.0,"Joe Biden, the Democrat"
296984.0,"Joe Biden, the Democrat"
297473.0,"Joe Biden, the Democrat"
297554.0,"Donald Trump, the Republican"
297915.0,"Joe Biden, the Democrat"
297972.0,"Joe Biden, the Democrat"
298035.0,"Donald Trump, the Republican"
298053.0,"Joe Biden, the Democrat"
298382.0,"Joe Biden, the Democrat"
298574.0,"Joe Biden, the Democrat"
298722.0,"Joe Biden, the Democrat"
299167.0,"Joe Biden, the Democrat"
299327.0,"Donald Trump, the Republican"
299517.0,"Joe Biden, the Democrat"
299519.0,"Donald Trump, the Republican"
299715.0,"Donald Trump, the Republican"
299862.0,"Donald Trump, the Republican"
300207.0,"Joe Biden, the Democrat"
300234.0,"Donald Trump, the Republican"
300536.0,
300603.0,"Joe Biden, the Democrat"
300660.0,"Donald Trump, the Republican"
300669.0,"Joe Biden, the Democrat"
300761.0,"Donald Trump, the Republican"
300955.0,"Joe Biden, the Democrat"
301013.0,"Donald Trump, the Republican"
301082.0,"Joe Biden, the Democrat"
301126.0,"Joe Biden, the Democrat"
301280.0,"Donald Trump, the Republican"
301613.0,"Joe Biden, the Democrat"
301706.0,"Donald Trump, the Republican"
301981.0,"Joe Biden, the Democrat"
302389.0,"Donald Trump, the Republican"
302693.0,"Joe Biden, the Democrat"
302745.0,"Donald Trump, the Republican"
302888.0,"Donald Trump, the Republican"
302919.0,"Donald Trump, the Republican"
303072.0,
303338.0,"Donald Trump, the Republican"
303646.0,"Joe Biden, the Democrat"
303648.0,"Joe Biden, the Democrat"
303653.0,"Joe Biden, the Democrat"
303834.0,"Donald Trump, the Republican"
304119.0,"Donald Trump, the Republican"
304251.0,
305076.0,"Joe Biden, the Democrat"
305120.0,"Joe Biden, the Democrat"
305771.0,"Donald Trump, the Republican"
305844.0,"Joe Biden, the Democrat"
306057.0,"Joe Biden, the Democrat"
306076.0,"Donald Trump, the Republican"
306109.0,"Joe Biden, the Democrat"
306115.0,"Joe Biden, the Democrat"
306151.0,"Joe Biden, the Democrat"
306192.0,"Donald Trump, the Republican"
306295.0,"Donald Trump, the Republican"
306597.0,"Donald Trump, the Republican"
307284.0,"Donald Trump, the Republican"
307317.0,"Joe Biden, the Democrat"
307537.0,"Donald Trump, the Republican"
307606.0,"Jo Jorgensen, the Libertarian Party candidate"
307688.0,"Joe Biden, the Democrat"
307718.0,
308799.0,Refused
308926.0,"Jo Jorgensen, the Libertarian Party candidate"
309053.0,
309533.0,"Donald Trump, the Republican"
309958.0,"Donald Trump, the Republican"
310031.0,"Joe Biden, the Democrat"
310104.0,"Joe Biden, the Democrat"
310985.0,"Joe Biden, the Democrat"
311119.0,"Donald Trump, the Republican"
311643.0,"Joe Biden, the Democrat"
311665.0,"Joe Biden, the Democrat"
312070.0,"Donald Trump, the Republican"
312362.0,"Joe Biden, the Democrat"
312371.0,"Joe Biden, the Democrat"
312458.0,"Joe Biden, the Democrat"
312934.0,"Joe Biden, the Democrat"
313378.0,"Joe Biden, the Democrat"
314062.0,"Donald Trump, the Republican"
314113.0,"Joe Biden, the Democrat"
314294.0,"Joe Biden, the Democrat"
314393.0,"Joe Biden, the Democrat"
314546.0,"Donald Trump, the Republican"
314670.0,"Donald Trump, the Republican"
314796.0,Another candidate
314835.0,"Joe Biden, the Democrat"
315155.0,"Donald Trump, the Republican"
315194.0,"Donald Trump, the Republican"
315474.0,"Joe Biden, the Democrat"
315670.0,"Joe Biden, the Democrat"
315719.0,"Joe Biden, the Democrat"
316256.0,"Donald Trump, the Republican"
316726.0,"Joe Biden, the Democrat"
317005.0,"Donald Trump, the Republican"
317442.0,"Joe Biden, the Democrat"
317610.0,"Joe Biden, the Democrat"
317737.0,"Donald Trump, the Republican"
318188.0,"Donald Trump, the Republican"
318333.0,"Joe Biden, the Democrat"
318542.0,"Donald Trump, the Republican"
318653.0,"Joe Biden, the Democrat"
318658.0,"Joe Biden, the Democrat"
318711.0,"Joe Biden, the Democrat"
318742.0,"Joe Biden, the Democrat"
318997.0,"Joe Biden, the Democrat"
319055.0,"Donald Trump, the Republican"
319198.0,"Joe Biden, the Democrat"
319246.0,"Donald Trump, the Republican"
319382.0,"Joe Biden, the Democrat"
319402.0,"Donald Trump, the Republican"
319896.0,"Joe Biden, the Democrat"
320679.0,"Joe Biden, the Democrat"
320721.0,"Donald Trump, the Republican"
320909.0,"Joe Biden, the Democrat"
321025.0,"Donald Trump, the Republican"
321582.0,"Joe Biden, the Democrat"
321697.0,"Donald Trump, the Republican"
321860.0,
321873.0,"Joe Biden, the Democrat"
322035.0,"Joe Biden, the Democrat"
322897.0,"Joe Biden, the Democrat"
322957.0,"Donald Trump, the Republican"
323087.0,"Donald Trump, the Republican"
323222.0,"Joe Biden, the Democrat"
323454.0,"Joe Biden, the Democrat"
323456.0,"Joe Biden, the Democrat"
323595.0,"Donald Trump, the Republican"
323647.0,"Joe Biden, the Democrat"
323743.0,
323770.0,"Donald Trump, the Republican"
324127.0,"Joe Biden, the Democrat"
324600.0,"Donald Trump, the Republican"
324808.0,"Donald Trump, the Republican"
324837.0,"Donald Trump, the Republican"
324919.0,"Donald Trump, the Republican"
324920.0,"Joe Biden, the Democrat"
324930.0,"Donald Trump, the Republican"
325637.0,"Donald Trump, the Republican"
325708.0,"Joe Biden, the Democrat"
326698.0,"Donald Trump, the Republican"
326954.0,"Joe Biden, the Democrat"
326974.0,"Joe Biden, the Democrat"
327074.0,"Joe Biden, the Democrat"
327079.0,"Joe Biden, the Democrat"
327082.0,"Joe Biden, the Democrat"
327538.0,"Joe Biden, the Democrat"
328024.0,"Donald Trump, the Republican"
328110.0,"Joe Biden, the Democrat"
328603.0,"Donald Trump, the Republican"
328696.0,
329336.0,"Donald Trump, the Republican"
329404.0,"Joe Biden, the Democrat"
329545.0,"Donald Trump, the Republican"
329777.0,
329841.0,"Donald Trump, the Republican"
330324.0,"Donald Trump, the Republican"
330965.0,"Joe Biden, the Democrat"
330983.0,
331115.0,"Joe Biden, the Democrat"
331946.0,"Donald Trump, the Republican"
332473.0,"Joe Biden, the Democrat"
332823.0,"Donald Trump, the Republican"
333056.0,"Joe Biden, the Democrat"
333245.0,"Donald Trump, the Republican"
333286.0,"Joe Biden, the Democrat"
333397.0,"Donald Trump, the Republican"
333476.0,"Joe Biden, the Democrat"
333639.0,"Donald Trump, the Republican"
333945.0,"Donald Trump, the Republican"
334486.0,"Joe Biden, the Democrat"
334917.0,"Joe Biden, the Democrat"
335417.0,"Donald Trump, the Republican"
335826.0,"Joe Biden, the Democrat"
335943.0,"Joe Biden, the Democrat"
336285.0,"Joe Biden, the Democrat"
336522.0,"Joe Biden, the Democrat"
336840.0,"Donald Trump, the Republican"
336843.0,"Joe Biden, the Democrat"
337845.0,"Joe Biden, the Democrat"
338423.0,"Joe Biden, the Democrat"
338874.0,"Donald Trump, the Republican"
339176.0,"Joe Biden, the Democrat"
339183.0,"Donald Trump, the Republican"
339511.0,"Joe Biden, the Democrat"
339573.0,"Donald Trump, the Republican"
339984.0,"Joe Biden, the Democrat"
340705.0,"Joe Biden, the Democrat"
340808.0,"Joe Biden, the Democrat"
341094.0,
341801.0,"Joe Biden, the Democrat"
341818.0,"Joe Biden, the Democrat"
342227.0,"Donald Trump, the Republican"
342298.0,"Donald Trump, the Republican"
342968.0,"Donald Trump, the Republican"
343831.0,"Donald Trump, the Republican"
344794.0,"Joe Biden, the Democrat"
345029.0,
345438.0,"Joe Biden, the Democrat"
345636.0,"Donald Trump, the Republican"
347425.0,"Joe Biden, the Democrat"
348665.0,"Joe Biden, the Democrat"
351329.0,"Joe Biden, the Democrat"
600059.0,"Donald Trump, the Republican"
600064.0,"Joe Biden, the Democrat"
600087.0,"Donald Trump, the Republican"
600096.0,
600116.0,"Joe Biden, the Democrat"
600204.0,"Donald Trump, the Republican"
600226.0,"Donald Trump, the Republican"
600304.0,"Donald Trump, the Republican"
600312.0,
600426.0,"Donald Trump, the Republican"
600689.0,"Donald Trump, the Republican"
600794.0,Refused
600848.0,"Donald Trump, the Republican"
600905.0,"Joe Biden, the Democrat"
601265.0,"Donald Trump, the Republican"
601394.0,"Jo Jorgensen, the Libertarian Party candidate"
601493.0,"Joe Biden, the Democrat"
601538.0,
601648.0,"Donald Trump, the Republican"
601754.0,
602360.0,"Donald Trump, the Republican"
602366.0,"Donald Trump, the Republican"
602455.0,"Donald Trump, the Republican"
602725.0,"Joe Biden, the Democrat"
602745.0,"Donald Trump, the Republican"
602921.0,"Joe Biden, the Democrat"
603000.0,"Howie Hawkins, the Green Party candidate"
603100.0,"Joe Biden, the Democrat"
603148.0,
603239.0,"Donald Trump, the Republican"
603410.0,"Joe Biden, the Democrat"
603460.0,"Joe Biden, the Democrat"
603473.0,"Donald Trump, the Republican"
603476.0,"Donald Trump, the Republican"
603590.0,"Donald Trump, the Republican"
603607.0,"Joe Biden, the Democrat"
603636.0,"Joe Biden, the Democrat"
603718.0,"Joe Biden, the Democrat"
603769.0,"Donald Trump, the Republican"
604010.0,"Joe Biden, the Democrat"
604068.0,"Joe Biden, the Democrat"
604188.0,"Donald Trump, the Republican"
604264.0,"Joe Biden, the Democrat"
604312.0,"Joe Biden, the Democrat"
604534.0,"Joe Biden, the Democrat"
604576.0,
604718.0,"Joe Biden, the Democrat"
604753.0,
604931.0,"Joe Biden, the Democrat"
604983.0,"Donald Trump, the Republican"
605095.0,"Donald Trump, the Republican"
605493.0,"Joe Biden, the Democrat"
605785.0,"Jo Jorgensen, the Libertarian Party candidate"
605983.0,"Joe Biden, the Democrat"
606041.0,"Joe Biden, the Democrat"
606046.0,"Donald Trump, the Republican"
606067.0,"Donald Trump, the Republican"
606210.0,Another candidate
606423.0,"Joe Biden, the Democrat"
606454.0,"Donald Trump, the Republican"
606543.0,"Joe Biden, the Democrat"
606681.0,"Joe Biden, the Democrat"
606761.0,"Donald Trump, the Republican"
606763.0,"Donald Trump, the Republican"
606764.0,"Donald Trump, the Republican"
606777.0,"Joe Biden, the Democrat"
606790.0,"Joe Biden, the Democrat"
606972.0,"Joe Biden, the Democrat"
607008.0,"Donald Trump, the Republican"
607034.0,"Joe Biden, the Democrat"
607123.0,Another candidate
607173.0,"Joe Biden, the Democrat"
607371.0,"Joe Biden, the Democrat"
607375.0,"Joe Biden, the Democrat"
607419.0,"Joe Biden, the Democrat"
607425.0,"Donald Trump, the Republican"
607772.0,"Joe Biden, the Democrat"
608020.0,"Joe Biden, the Democrat"
608090.0,"Joe Biden, the Democrat"
608170.0,"Joe Biden, the Democrat"
608423.0,"Joe Biden, the Democrat"
608491.0,
608523.0,"Donald Trump, the Republican"
608766.0,"Donald Trump, the Republican"
608938.0,"Donald Trump, the Republican"
608960.0,"Joe Biden, the Democrat"
608988.0,"Joe Biden, the Democrat"
609188.0,"Joe Biden, the Democrat"
609379.0,"Donald Trump, the Republican"
609423.0,"Donald Trump, the Republican"
609483.0,"Joe Biden, the Democrat"
610032.0,
610035.0,"Donald Trump, the Republican"
610144.0,"Joe Biden, the Democrat"
610190.0,"Donald Trump, the Republican"
610209.0,"Joe Biden, the Democrat"
610217.0,"Donald Trump, the Republican"
610276.0,"Joe Biden, the Democrat"
610307.0,"Joe Biden, the Democrat"
610480.0,"Donald Trump, the Republican"
610582.0,"Joe Biden, the Democrat"
610638.0,"Donald Trump, the Republican"
610786.0,"Donald Trump, the Republican"
610791.0,"Donald Trump, the Republican"
610814.0,"Joe Biden, the Democrat"
610816.0,"Joe Biden, the Democrat"
610888.0,
611089.0,"Joe Biden, the Democrat"
611152.0,
611360.0,"Donald Trump, the Republican"
611382.0,"Jo Jorgensen, the Libertarian Party candidate"
611482.0,"Joe Biden, the Democrat"
611890.0,"Joe Biden, the Democrat"
612133.0,"Joe Biden, the Democrat"
612265.0,"Joe Biden, the Democrat"
612280.0,"Donald Trump, the Republican"
612332.0,"Joe Biden, the Democrat"
612401.0,"Joe Biden, the Democrat"
612461.0,"Joe Biden, the Democrat"
612650.0,
612705.0,
612905.0,"Donald Trump, the Republican"
612923.0,"Joe Biden, the Democrat"
613070.0,"Donald Trump, the Republican"
613169.0,"Joe Biden, the Democrat"
613194.0,"Jo Jorgensen, the Libertarian Party candidate"
613225.0,
613271.0,"Donald Trump, the Republican"
613373.0,"Joe Biden, the Democrat"
613750.0,"Donald Trump, the Republican"
613751.0,"Donald Trump, the Republican"
613760.0,
613816.0,"Joe Biden, the Democrat"
613892.0,"Donald Trump, the Republican"
613986.0,"Donald Trump, the Republican"
614200.0,
614264.0,"Joe Biden, the Democrat"
614281.0,"Donald Trump, the Republican"
614417.0,"Joe Biden, the Democrat"
614469.0,"Joe Biden, the Democrat"
614506.0,"Donald Trump, the Republican"
614833.0,"Jo Jorgensen, the Libertarian Party candidate"
614875.0,"Donald Trump, the Republican"
614926.0,"Donald Trump, the Republican"
614974.0,"Donald Trump, the Republican"
615074.0,"Joe Biden, the Democrat"
615111.0,
615140.0,"Joe Biden, the Democrat"
615441.0,"Donald Trump, the Republican"
615641.0,"Donald Trump, the Republican"
615859.0,"Jo Jorgensen, the Libertarian Party candidate"
615908.0,"Joe Biden, the Democrat"
616019.0,"Joe Biden, the Democrat"
616040.0,"Joe Biden, the Democrat"
616088.0,"Joe Biden, the Democrat"
616240.0,"Joe Biden, the Democrat"
616405.0,"Joe Biden, the Democrat"
616473.0,
616524.0,"Joe Biden, the Democrat"
616589.0,"Joe Biden, the Democrat"
616800.0,"Donald Trump, the Republican"
616855.0,"Donald Trump, the Republican"
616924.0,"Donald Trump, the Republican"
616985.0,"Joe Biden, the Democrat"
617060.0,"Donald Trump, the Republican"
617159.0,"Donald Trump, the Republican"
617222.0,"Donald Trump, the Republican"
617352.0,"Donald Trump, the Republican"
617371.0,"Donald Trump, the Republican"
617462.0,"Joe Biden, the Democrat"
617716.0,"Jo Jorgensen, the Libertarian Party candidate"
617761.0,"Joe Biden, the Democrat"
617799.0,"Joe Biden, the Democrat"
617876.0,"Joe Biden, the Democrat"
617915.0,"Joe Biden, the Democrat"
617960.0,"Donald Trump, the Republican"
618252.0,"Donald Trump, the Republican"
618253.0,"Joe Biden, the Democrat"
618556.0,"Donald Trump, the Republican"
618579.0,"Joe Biden, the Democrat"
618581.0,"Joe Biden, the Democrat"
618612.0,"Joe Biden, the Democrat"
618613.0,"Joe Biden, the Democrat"
618903.0,"Donald Trump, the Republican"
619157.0,"Donald Trump, the Republican"
619228.0,"Joe Biden, the Democrat"
619244.0,"Joe Biden, the Democrat"
619330.0,"Joe Biden, the Democrat"
619440.0,"Joe Biden, the Democrat"
619452.0,"Howie Hawkins, the Green Party candidate"
619716.0,"Joe Biden, the Democrat"
619791.0,"Joe Biden, the Democrat"
619874.0,"Joe Biden, the Democrat"
620279.0,"Donald Trump, the Republican"
620588.0,"Jo Jorgensen, the Libertarian Party candidate"
620720.0,"Joe Biden, the Democrat"
620897.0,"Joe Biden, the Democrat"
620937.0,"Joe Biden, the Democrat"
621140.0,Another candidate
621474.0,"Donald Trump, the Republican"
621821.0,"Jo Jorgensen, the Libertarian Party candidate"
621834.0,"Joe Biden, the Democrat"
622063.0,"Donald Trump, the Republican"
622345.0,"Joe Biden, the Democrat"
622350.0,"Joe Biden, the Democrat"
622422.0,"Donald Trump, the Republican"
622469.0,"Joe Biden, the Democrat"
622736.0,"Joe Biden, the Democrat"
622762.0,"Donald Trump, the Republican"
622765.0,"Donald Trump, the Republican"
622978.0,"Joe Biden, the Democrat"
623183.0,"Joe Biden, the Democrat"
623239.0,"Joe Biden, the Democrat"
623304.0,"Joe Biden, the Democrat"
623624.0,"Donald Trump, the Republican"
623650.0,
623673.0,"Joe Biden, the Democrat"
623703.0,"Donald Trump, the Republican"
623716.0,"Joe Biden, the Democrat"
623757.0,"Joe Biden, the Democrat"
623762.0,"Joe Biden, the Democrat"
623771.0,"Donald Trump, the Republican"
623809.0,"Donald Trump, the Republican"
624476.0,"Joe Biden, the Democrat"
624621.0,"Joe Biden, the Democrat"
624681.0,"Joe Biden, the Democrat"
624754.0,"Joe Biden, the Democrat"
624877.0,"Joe Biden, the Democrat"
625088.0,"Joe Biden, the Democrat"
625237.0,
625291.0,"Joe Biden, the Democrat"
625357.0,"Joe Biden, the Democrat"
625455.0,"Donald Trump, the Republican"
625560.0,"Donald Trump, the Republican"
625783.0,"Donald Trump, the Republican"
625927.0,"Donald Trump, the Republican"
625940.0,"Joe Biden, the Democrat"
626046.0,
626152.0,"Joe Biden, the Democrat"
626204.0,"Donald Trump, the Republican"
626283.0,Refused
626287.0,"Joe Biden, the Democrat"
626293.0,"Joe Biden, the Democrat"
626361.0,"Joe Biden, the Democrat"
626422.0,"Joe Biden, the Democrat"
626423.0,"Joe Biden, the Democrat"
626763.0,"Joe Biden, the Democrat"
626916.0,"Joe Biden, the Democrat"
626973.0,"Joe Biden, the Democrat"
627004.0,"Joe Biden, the Democrat"
627171.0,
627600.0,"Donald Trump, the Republican"
627791.0,
627833.0,"Joe Biden, the Democrat"
627838.0,"Donald Trump, the Republican"
627878.0,"Donald Trump, the Republican"
627941.0,
627963.0,"Donald Trump, the Republican"
628033.0,"Donald Trump, the Republican"
628347.0,"Joe Biden, the Democrat"
628369.0,"Joe Biden, the Democrat"
628412.0,"Joe Biden, the Democrat"
628500.0,"Donald Trump, the Republican"
629018.0,"Joe Biden, the Democrat"
629168.0,"Donald Trump, the Republican"
629967.0,
630082.0,"Joe Biden, the Democrat"
630181.0,"Joe Biden, the Democrat"
630394.0,"Donald Trump, the Republican"
630481.0,"Joe Biden, the Democrat"
630595.0,"Joe Biden, the Democrat"
630736.0,
630914.0,"Donald Trump, the Republican"
631134.0,"Joe Biden, the Democrat"
631155.0,"Donald Trump, the Republican"
631559.0,"Joe Biden, the Democrat"
631689.0,"Donald Trump, the Republican"
631987.0,"Joe Biden, the Democrat"
632112.0,"Donald Trump, the Republican"
632232.0,"Donald Trump, the Republican"
632259.0,"Donald Trump, the Republican"
632553.0,"Joe Biden, the Democrat"
632744.0,
632751.0,
632811.0,"Joe Biden, the Democrat"
633030.0,"Joe Biden, the Democrat"
633032.0,"Donald Trump, the Republican"
633392.0,"Joe Biden, the Democrat"
633508.0,
633591.0,"Donald Trump, the Republican"
633721.0,"Joe Biden, the Democrat"
633723.0,"Joe Biden, the Democrat"
634161.0,"Donald Trump, the Republican"
634738.0,
634758.0,"Joe Biden, the Democrat"
634778.0,"Donald Trump, the Republican"
634854.0,"Joe Biden, the Democrat"
635065.0,"Joe Biden, the Democrat"
635131.0,"Donald Trump, the Republican"
635481.0,"Donald Trump, the Republican"
635489.0,"Joe Biden, the Democrat"
635649.0,"Joe Biden, the Democrat"
635736.0,"Joe Biden, the Democrat"
635959.0,"Joe Biden, the Democrat"
636061.0,"Donald Trump, the Republican"
636473.0,"Joe Biden, the Democrat"
636675.0,
637024.0,"Joe Biden, the Democrat"
637156.0,"Donald Trump, the Republican"
637228.0,"Joe Biden, the Democrat"
637384.0,"Joe Biden, the Democrat"
637566.0,"Joe Biden, the Democrat"
637656.0,"Joe Biden, the Democrat"
637694.0,"Joe Biden, the Democrat"
637703.0,"Donald Trump, the Republican"
637832.0,"Donald Trump, the Republican"
638075.0,"Joe Biden, the Democrat"
638376.0,"Joe Biden, the Democrat"
638677.0,"Donald Trump, the Republican"
638767.0,"Joe Biden, the Democrat"
639116.0,"Donald Trump, the Republican"
639274.0,"Joe Biden, the Democrat"
639392.0,"Joe Biden, the Democrat"
639440.0,"Joe Biden, the Democrat"
639484.0,"Donald Trump, the Republican"
639638.0,"Joe Biden, the Democrat"
639687.0,"Joe Biden, the Democrat"
640059.0,"Donald Trump, the Republican"
640394.0,
640648.0,"Donald Trump, the Republican"
641038.0,"Joe Biden, the Democrat"
641779.0,"Joe Biden, the Democrat"
641879.0,
642208.0,"Donald Trump, the Republican"
642225.0,"Joe Biden, the Democrat"
642247.0,"Joe Biden, the Democrat"
642484.0,"Joe Biden, the Democrat"
642550.0,"Donald Trump, the Republican"
642576.0,"Donald Trump, the Republican"
642663.0,"Donald Trump, the Republican"
642888.0,"Donald Trump, the Republican"
643037.0,"Joe Biden, the Democrat"
643431.0,"Donald Trump, the Republican"
644372.0,"Joe Biden, the Democrat"
644602.0,"Donald Trump, the Republican"
644610.0,
644744.0,"Donald Trump, the Republican"
644779.0,"Jo Jorgensen, the Libertarian Party candidate"
644801.0,"Joe Biden, the Democrat"
644809.0,"Joe Biden, the Democrat"
644876.0,"Joe Biden, the Democrat"
645020.0,Another candidate
645149.0,"Donald Trump, the Republican"
645211.0,"Joe Biden, the Democrat"
645221.0,"Joe Biden, the Democrat"
645361.0,"Joe Biden, the Democrat"
645663.0,
645732.0,"Donald Trump, the Republican"
645900.0,"Joe Biden, the Democrat"
645909.0,"Donald Trump, the Republican"
645972.0,"Donald Trump, the Republican"
646079.0,"Joe Biden, the Democrat"
646163.0,"Donald Trump, the Republican"
646386.0,"Donald Trump, the Republican"
646542.0,"Donald Trump, the Republican"
646764.0,"Joe Biden, the Democrat"
646801.0,"Joe Biden, the Democrat"
646823.0,"Donald Trump, the Republican"
647213.0,
647661.0,"Joe Biden, the Democrat"
647894.0,"Joe Biden, the Democrat"
648143.0,"Donald Trump, the Republican"
648148.0,"Jo Jorgensen, the Libertarian Party candidate"
648758.0,"Donald Trump, the Republican"
648896.0,"Joe Biden, the Democrat"
648957.0,"Joe Biden, the Democrat"
649014.0,"Joe Biden, the Democrat"
649027.0,"Joe Biden, the Democrat"
649038.0,"Jo Jorgensen, the Libertarian Party candidate"
649120.0,"Joe Biden, the Democrat"
649196.0,"Joe Biden, the Democrat"
649301.0,"Joe Biden, the Democrat"
649446.0,"Donald Trump, the Republican"
649614.0,"Donald Trump, the Republican"
649640.0,Another candidate
649847.0,
649944.0,"Joe Biden, the Democrat"
649965.0,"Joe Biden, the Democrat"
650035.0,"Donald Trump, the Republican"
650249.0,"Joe Biden, the Democrat"
650452.0,"Donald Trump, the Republican"
650620.0,"Joe Biden, the Democrat"
650756.0,"Donald Trump, the Republican"
650775.0,"Joe Biden, the Democrat"
650786.0,"Joe Biden, the Democrat"
650852.0,"Donald Trump, the Republican"
651047.0,"Donald Trump, the Republican"
651102.0,
651204.0,"Joe Biden, the Democrat"
651256.0,"Joe Biden, the Democrat"
651351.0,"Joe Biden, the Democrat"
651381.0,"Jo Jorgensen, the Libertarian Party candidate"
651396.0,
651421.0,"Donald Trump, the Republican"
651437.0,"Donald Trump, the Republican"
651541.0,"Donald Trump, the Republican"
651578.0,"Donald Trump, the Republican"
651585.0,"Joe Biden, the Democrat"
651697.0,"Joe Biden, the Democrat"
651945.0,
652059.0,"Joe Biden, the Democrat"
652173.0,"Joe Biden, the Democrat"
652222.0,"Joe Biden, the Democrat"
652624.0,"Joe Biden, the Democrat"
652882.0,"Donald Trump, the Republican"
653158.0,"Joe Biden, the Democrat"
653320.0,
653382.0,"Joe Biden, the Democrat"
653393.0,"Donald Trump, the Republican"
653635.0,"Donald Trump, the Republican"
653764.0,"Donald Trump, the Republican"
653904.0,"Donald Trump, the Republican"
653961.0,"Donald Trump, the Republican"
653972.0,"Joe Biden, the Democrat"
654114.0,"Donald Trump, the Republican"
654117.0,"Donald Trump, the Republican"
654147.0,"Joe Biden, the Democrat"
654339.0,"Joe Biden, the Democrat"
654498.0,"Joe Biden, the Democrat"
654956.0,
655049.0,"Joe Biden, the Democrat"
655082.0,"Joe Biden, the Democrat"
655088.0,"Donald Trump, the Republican"
655160.0,"Donald Trump, the Republican"
655262.0,"Donald Trump, the Republican"
655386.0,"Donald Trump, the Republican"
655602.0,"Joe Biden, the Democrat"
655741.0,"Joe Biden, the Democrat"
655794.0,"Joe Biden, the Democrat"
655814.0,"Joe Biden, the Democrat"
655988.0,"Joe Biden, the Democrat"
656107.0,"Jo Jorgensen, the Libertarian Party candidate"
656308.0,"Donald Trump, the Republican"
656538.0,"Donald Trump, the Republican"
656695.0,"Donald Trump, the Republican"
656774.0,"Donald Trump, the Republican"
656829.0,"Donald Trump, the Republican"
656857.0,"Joe Biden, the Democrat"
656890.0,"Donald Trump, the Republican"
656906.0,"Joe Biden, the Democrat"
656909.0,"Joe Biden, the Democrat"
656995.0,"Joe Biden, the Democrat"
657003.0,"Joe Biden, the Democrat"
657074.0,"Donald Trump, the Republican"
657176.0,"Joe Biden, the Democrat"
657234.0,"Joe Biden, the Democrat"
657458.0,"Joe Biden, the Democrat"
657694.0,"Joe Biden, the Democrat"
657763.0,"Joe Biden, the Democrat"
657776.0,"Joe Biden, the Democrat"
657786.0,"Donald Trump, the Republican"
657883.0,
658476.0,"Donald Trump, the Republican"
658512.0,"Joe Biden, the Democrat"
658634.0,"Joe Biden, the Democrat"
658641.0,"Joe Biden, the Democrat"
658651.0,"Joe Biden, the Democrat"
658759.0,"Donald Trump, the Republican"
658853.0,"Joe Biden, the Democrat"
659049.0,"Joe Biden, the Democrat"
659057.0,"Donald Trump, the Republican"
659101.0,"Joe Biden, the Democrat"
659269.0,"Joe Biden, the Democrat"
659273.0,"Joe Biden, the Democrat"
659397.0,"Jo Jorgensen, the Libertarian Party candidate"
659421.0,"Joe Biden, the Democrat"
659497.0,"Donald Trump, the Republican"
659504.0,"Donald Trump, the Republican"
659563.0,"Joe Biden, the Democrat"
659651.0,"Donald Trump, the Republican"
659675.0,"Joe Biden, the Democrat"
659735.0,"Joe Biden, the Democrat"
659832.0,"Joe Biden, the Democrat"
660014.0,"Donald Trump, the Republican"
660177.0,"Jo Jorgensen, the Libertarian Party candidate"
660390.0,"Donald Trump, the Republican"
660532.0,"Donald Trump, the Republican"
660646.0,"Joe Biden, the Democrat"
661080.0,"Joe Biden, the Democrat"
661138.0,"Joe Biden, the Democrat"
661214.0,"Joe Biden, the Democrat"
661239.0,"Donald Trump, the Republican"
661439.0,"Joe Biden, the Democrat"
661671.0,"Donald Trump, the Republican"
661674.0,"Joe Biden, the Democrat"
661771.0,"Joe Biden, the Democrat"
661792.0,
661805.0,"Joe Biden, the Democrat"
661819.0,"Joe Biden, the Democrat"
661824.0,"Joe Biden, the Democrat"
661903.0,"Joe Biden, the Democrat"
662031.0,"Joe Biden, the Democrat"
662041.0,"Joe Biden, the Democrat"
662121.0,"Joe Biden, the Democrat"
662141.0,"Donald Trump, the Republican"
662256.0,"Joe Biden, the Democrat"
662436.0,"Jo Jorgensen, the Libertarian Party candidate"
662536.0,"Joe Biden, the Democrat"
662810.0,"Joe Biden, the Democrat"
662836.0,"Joe Biden, the Democrat"
662862.0,"Joe Biden, the Democrat"
662893.0,"Howie Hawkins, the Green Party candidate"
663239.0,"Joe Biden, the Democrat"
663701.0,"Joe Biden, the Democrat"
663767.0,"Joe Biden, the Democrat"
663768.0,"Joe Biden, the Democrat"
663796.0,"Donald Trump, the Republican"
664057.0,"Donald Trump, the Republican"
664090.0,"Joe Biden, the Democrat"
664150.0,"Joe Biden, the Democrat"
664380.0,"Joe Biden, the Democrat"
664419.0,"Joe Biden, the Democrat"
664445.0,"Joe Biden, the Democrat"
664528.0,"Joe Biden, the Democrat"
664715.0,"Joe Biden, the Democrat"
664736.0,"Donald Trump, the Republican"
664790.0,"Joe Biden, the Democrat"
664850.0,"Donald Trump, the Republican"
664892.0,
664925.0,"Joe Biden, the Democrat"
664996.0,"Joe Biden, the Democrat"
665303.0,Refused
665309.0,"Donald Trump, the Republican"
665456.0,"Joe Biden, the Democrat"
665516.0,"Donald Trump, the Republican"
665662.0,"Joe Biden, the Democrat"
665800.0,"Joe Biden, the Democrat"
665856.0,"Joe Biden, the Democrat"
665861.0,"Donald Trump, the Republican"
665914.0,"Joe Biden, the Democrat"
665982.0,
666052.0,"Donald Trump, the Republican"
666122.0,"Joe Biden, the Democrat"
666213.0,"Joe Biden, the Democrat"
666431.0,"Donald Trump, the Republican"
666547.0,"Donald Trump, the Republican"
666898.0,"Joe Biden, the Democrat"
666952.0,"Donald Trump, the Republican"
667336.0,"Joe Biden, the Democrat"
667435.0,"Donald Trump, the Republican"
667611.0,"Donald Trump, the Republican"
667828.0,
667940.0,"Donald Trump, the Republican"
668019.0,
668132.0,"Joe Biden, the Democrat"
668249.0,"Joe Biden, the Democrat"
668325.0,
668643.0,"Donald Trump, the Republican"
668723.0,"Donald Trump, the Republican"
669330.0,"Donald Trump, the Republican"
669732.0,
669822.0,"Joe Biden, the Democrat"
669967.0,"Donald Trump, the Republican"
669995.0,
670275.0,"Jo Jorgensen, the Libertarian Party candidate"
670311.0,
670395.0,"Joe Biden, the Democrat"
670667.0,"Joe Biden, the Democrat"
670803.0,
670964.0,"Joe Biden, the Democrat"
671013.0,"Joe Biden, the Democrat"
671213.0,"Joe Biden, the Democrat"
671357.0,"Joe Biden, the Democrat"
671577.0,"Joe Biden, the Democrat"
671590.0,"Joe Biden, the Democrat"
671621.0,"Joe Biden, the Democrat"
671791.0,"Joe Biden, the Democrat"
671826.0,"Joe Biden, the Democrat"
671848.0,"Donald Trump, the Republican"
671949.0,"Donald Trump, the Republican"
672012.0,"Joe Biden, the Democrat"
672074.0,"Joe Biden, the Democrat"
672243.0,"Joe Biden, the Democrat"
672507.0,
672514.0,"Donald Trump, the Republican"
672516.0,
672767.0,"Joe Biden, the Democrat"
672902.0,"Donald Trump, the Republican"
672921.0,"Joe Biden, the Democrat"
672976.0,
673054.0,"Donald Trump, the Republican"
673061.0,"Donald Trump, the Republican"
673327.0,"Donald Trump, the Republican"
673466.0,"Donald Trump, the Republican"
673492.0,"Joe Biden, the Democrat"
673537.0,"Joe Biden, the Democrat"
673589.0,"Donald Trump, the Republican"
673644.0,"Donald Trump, the Republican"
673692.0,"Joe Biden, the Democrat"
673801.0,"Joe Biden, the Democrat"
673810.0,"Joe Biden, the Democrat"
673888.0,"Joe Biden, the Democrat"
674011.0,"Donald Trump, the Republican"
674111.0,"Joe Biden, the Democrat"
674200.0,"Donald Trump, the Republican"
674251.0,"Joe Biden, the Democrat"
674254.0,"Joe Biden, the Democrat"
674255.0,"Joe Biden, the Democrat"
674284.0,"Donald Trump, the Republican"
674682.0,
674776.0,"Donald Trump, the Republican"
674819.0,
674960.0,"Joe Biden, the Democrat"
674977.0,"Joe Biden, the Democrat"
675008.0,"Joe Biden, the Democrat"
675077.0,"Joe Biden, the Democrat"
675170.0,"Donald Trump, the Republican"
675179.0,"Joe Biden, the Democrat"
675257.0,"Joe Biden, the Democrat"
675411.0,"Donald Trump, the Republican"
675523.0,"Donald Trump, the Republican"
675544.0,"Joe Biden, the Democrat"
675553.0,"Donald Trump, the Republican"
675850.0,"Donald Trump, the Republican"
675879.0,
675885.0,"Joe Biden, the Democrat"
675916.0,"Joe Biden, the Democrat"
676269.0,"Joe Biden, the Democrat"
676382.0,"Donald Trump, the Republican"
676445.0,"Joe Biden, the Democrat"
676644.0,"Donald Trump, the Republican"
676839.0,"Joe Biden, the Democrat"
677397.0,"Donald Trump, the Republican"
677466.0,
677479.0,"Howie Hawkins, the Green Party candidate"
677501.0,"Joe Biden, the Democrat"
677553.0,"Joe Biden, the Democrat"
677559.0,"Joe Biden, the Democrat"
677779.0,"Donald Trump, the Republican"
678074.0,"Joe Biden, the Democrat"
678122.0,"Donald Trump, the Republican"
678275.0,"Joe Biden, the Democrat"
678383.0,
678480.0,"Joe Biden, the Democrat"
678783.0,"Donald Trump, the Republican"
678920.0,"Donald Trump, the Republican"
678932.0,"Joe Biden, the Democrat"
679074.0,"Joe Biden, the Democrat"
679176.0,
679363.0,"Jo Jorgensen, the Libertarian Party candidate"
679496.0,"Joe Biden, the Democrat"
679675.0,"Joe Biden, the Democrat"
680168.0,"Jo Jorgensen, the Libertarian Party candidate"
680275.0,"Joe Biden, the Democrat"
680458.0,
680547.0,
680662.0,"Donald Trump, the Republican"
680766.0,"Donald Trump, the Republican"
681508.0,
681922.0,"Donald Trump, the Republican"
681950.0,
682072.0,"Donald Trump, the Republican"
682639.0,"Donald Trump, the Republican"
682769.0,"Joe Biden, the Democrat"
682887.0,"Donald Trump, the Republican"
682893.0,"Joe Biden, the Democrat"
683394.0,"Joe Biden, the Democrat"
683423.0,"Joe Biden, the Democrat"
683546.0,"Donald Trump, the Republican"
683940.0,"Joe Biden, the Democrat"
683965.0,"Donald Trump, the Republican"
684102.0,"Joe Biden, the Democrat"
684107.0,"Joe Biden, the Democrat"
684116.0,"Joe Biden, the Democrat"
684297.0,"Donald Trump, the Republican"
684312.0,"Joe Biden, the Democrat"
684390.0,"Donald Trump, the Republican"
684598.0,"Joe Biden, the Democrat"
684707.0,"Donald Trump, the Republican"
684747.0,"Donald Trump, the Republican"
684842.0,"Joe Biden, the Democrat"
684897.0,"Donald Trump, the Republican"
684974.0,"Joe Biden, the Democrat"
684983.0,"Joe Biden, the Democrat"
685156.0,"Joe Biden, the Democrat"
685341.0,"Donald Trump, the Republican"
685422.0,"Joe Biden, the Democrat"
685572.0,"Joe Biden, the Democrat"
685591.0,"Joe Biden, the Democrat"
685702.0,"Donald Trump, the Republican"
685770.0,"Donald Trump, the Republican"
685807.0,"Joe Biden, the Democrat"
685831.0,"Joe Biden, the Democrat"
685844.0,"Donald Trump, the Republican"
685915.0,"Joe Biden, the Democrat"
686190.0,"Donald Trump, the Republican"
686406.0,"Donald Trump, the Republican"
686429.0,"Donald Trump, the Republican"
686595.0,"Donald Trump, the Republican"
686694.0,"Donald Trump, the Republican"
686774.0,"Donald Trump, the Republican"
686900.0,"Joe Biden, the Democrat"
686909.0,"Donald Trump, the Republican"
686950.0,"Donald Trump, the Republican"
687087.0,"Joe Biden, the Democrat"
687177.0,"Joe Biden, the Democrat"
687210.0,"Joe Biden, the Democrat"
687424.0,"Joe Biden, the Democrat"
687461.0,"Joe Biden, the Democrat"
687555.0,"Donald Trump, the Republican"
687565.0,"Joe Biden, the Democrat"
687904.0,
687927.0,"Joe Biden, the Democrat"
688022.0,"Donald Trump, the Republican"
688489.0,"Joe Biden, the Democrat"
688518.0,"Donald Trump, the Republican"
688563.0,"Donald Trump, the Republican"
688628.0,"Joe Biden, the Democrat"
688663.0,"Donald Trump, the Republican"
688843.0,"Joe Biden, the Democrat"
689031.0,"Joe Biden, the Democrat"
689043.0,"Joe Biden, the Democrat"
689074.0,"Joe Biden, the Democrat"
689257.0,"Joe Biden, the Democrat"
689447.0,"Jo Jorgensen, the Libertarian Party candidate"
689576.0,"Joe Biden, the Democrat"
689660.0,"Joe Biden, the Democrat"
689751.0,"Joe Biden, the Democrat"
689800.0,"Donald Trump, the Republican"
689816.0,"Joe Biden, the Democrat"
690065.0,"Joe Biden, the Democrat"
690094.0,"Joe Biden, the Democrat"
690122.0,"Donald Trump, the Republican"
690139.0,"Joe Biden, the Democrat"
690323.0,"Donald Trump, the Republican"
690385.0,"Joe Biden, the Democrat"
690413.0,"Donald Trump, the Republican"
690567.0,"Donald Trump, the Republican"
690640.0,"Joe Biden, the Democrat"
690650.0,"Joe Biden, the Democrat"
690653.0,"Joe Biden, the Democrat"
690715.0,"Donald Trump, the Republican"
690834.0,"Joe Biden, the Democrat"
690993.0,"Joe Biden, the Democrat"
691042.0,"Donald Trump, the Republican"
691043.0,"Joe Biden, the Democrat"
691056.0,"Joe Biden, the Democrat"
691122.0,"Joe Biden, the Democrat"
691480.0,"Joe Biden, the Democrat"
691647.0,"Joe Biden, the Democrat"
692016.0,"Joe Biden, the Democrat"
692221.0,"Donald Trump, the Republican"
692383.0,"Joe Biden, the Democrat"
692394.0,
692468.0,"Donald Trump, the Republican"
692527.0,"Joe Biden, the Democrat"
692606.0,"Donald Trump, the Republican"
692611.0,"Donald Trump, the Republican"
692812.0,
692964.0,"Donald Trump, the Republican"
692984.0,
693333.0,
693522.0,"Joe Biden, the Democrat"
693525.0,"Joe Biden, the Democrat"
693563.0,"Howie Hawkins, the Green Party candidate"
693981.0,"Donald Trump, the Republican"
694418.0,"Joe Biden, the Democrat"
694510.0,"Joe Biden, the Democrat"
694528.0,"Joe Biden, the Democrat"
694680.0,"Joe Biden, the Democrat"
694740.0,"Donald Trump, the Republican"
694769.0,"Joe Biden, the Democrat"
694952.0,"Joe Biden, the Democrat"
695017.0,"Donald Trump, the Republican"
695046.0,"Joe Biden, the Democrat"
695256.0,"Joe Biden, the Democrat"
695314.0,"Donald Trump, the Republican"
695649.0,
695685.0,"Donald Trump, the Republican"
695742.0,"Joe Biden, the Democrat"
695793.0,"Donald Trump, the Republican"
695859.0,"Donald Trump, the Republican"
695893.0,"Donald Trump, the Republican"
695958.0,"Joe Biden, the Democrat"
695981.0,"Donald Trump, the Republican"
696037.0,"Donald Trump, the Republican"
696051.0,"Joe Biden, the Democrat"
696056.0,"Donald Trump, the Republican"
696310.0,"Joe Biden, the Democrat"
696334.0,"Donald Trump, the Republican"
696445.0,"Donald Trump, the Republican"
696477.0,"Joe Biden, the Democrat"
696563.0,"Joe Biden, the Democrat"
696770.0,"Joe Biden, the Democrat"
696998.0,"Joe Biden, the Democrat"
697075.0,"Joe Biden, the Democrat"
697091.0,"Donald Trump, the Republican"
697424.0,"Joe Biden, the Democrat"
697516.0,"Donald Trump, the Republican"
697526.0,"Donald Trump, the Republican"
697527.0,"Joe Biden, the Democrat"
697580.0,"Joe Biden, the Democrat"
697595.0,"Joe Biden, the Democrat"
697609.0,"Donald Trump, the Republican"
697622.0,"Joe Biden, the Democrat"
697647.0,"Donald Trump, the Republican"
697868.0,"Joe Biden, the Democrat"
697870.0,"Joe Biden, the Democrat"
698025.0,"Joe Biden, the Democrat"
698078.0,
698257.0,"Donald Trump, the Republican"
698363.0,"Joe Biden, the Democrat"
698477.0,
698547.0,"Joe Biden, the Democrat"
698713.0,
698957.0,"Donald Trump, the Republican"
698988.0,"Joe Biden, the Democrat"
699014.0,"Donald Trump, the Republican"
699266.0,"Donald Trump, the Republican"
699458.0,"Donald Trump, the Republican"
699479.0,"Donald Trump, the Republican"
699527.0,"Joe Biden, the Democrat"
699640.0,"Joe Biden, the Democrat"
699679.0,"Donald Trump, the Republican"
699682.0,"Joe Biden, the Democrat"
699716.0,"Donald Trump, the Republican"
699982.0,"Donald Trump, the Republican"
700045.0,"Donald Trump, the Republican"
700248.0,"Joe Biden, the Democrat"
700475.0,
700827.0,Another candidate
700909.0,"Joe Biden, the Democrat"
701067.0,"Joe Biden, the Democrat"
701094.0,"Joe Biden, the Democrat"
701125.0,"Donald Trump, the Republican"
701140.0,"Joe Biden, the Democrat"
701173.0,"Joe Biden, the Democrat"
701734.0,"Joe Biden, the Democrat"
701776.0,"Joe Biden, the Democrat"
701811.0,"Donald Trump, the Republican"
701820.0,"Donald Trump, the Republican"
702321.0,"Joe Biden, the Democrat"
702342.0,"Donald Trump, the Republican"
702398.0,"Joe Biden, the Democrat"
702650.0,
702737.0,
702867.0,"Donald Trump, the Republican"
702872.0,"Joe Biden, the Democrat"
702891.0,"Donald Trump, the Republican"
702902.0,"Donald Trump, the Republican"
703033.0,"Joe Biden, the Democrat"
703189.0,"Joe Biden, the Democrat"
703244.0,"Joe Biden, the Democrat"
703590.0,"Donald Trump, the Republican"
703701.0,"Joe Biden, the Democrat"
703867.0,
703882.0,"Joe Biden, the Democrat"
704057.0,"Joe Biden, the Democrat"
704064.0,
704216.0,"Donald Trump, the Republican"
704352.0,"Donald Trump, the Republican"
704600.0,"Joe Biden, the Democrat"
704602.0,"Joe Biden, the Democrat"
704654.0,"Joe Biden, the Democrat"
705033.0,"Donald Trump, the Republican"
705066.0,"Donald Trump, the Republican"
705069.0,"Joe Biden, the Democrat"
705125.0,"Joe Biden, the Democrat"
705449.0,"Joe Biden, the Democrat"
705453.0,"Joe Biden, the Democrat"
705522.0,"Joe Biden, the Democrat"
705563.0,"Joe Biden, the Democrat"
705738.0,"Joe Biden, the Democrat"
705775.0,"Donald Trump, the Republican"
705843.0,"Joe Biden, the Democrat"
706103.0,"Joe Biden, the Democrat"
706169.0,"Howie Hawkins, the Green Party candidate"
706220.0,"Joe Biden, the Democrat"
706347.0,"Donald Trump, the Republican"
706656.0,
706680.0,"Joe Biden, the Democrat"
706841.0,"Donald Trump, the Republican"
706958.0,"Donald Trump, the Republican"
706967.0,"Joe Biden, the Democrat"
706977.0,"Joe Biden, the Democrat"
707092.0,"Joe Biden, the Democrat"
707103.0,"Joe Biden, the Democrat"
707352.0,"Joe Biden, the Democrat"
707466.0,"Joe Biden, the Democrat"
707610.0,"Jo Jorgensen, the Libertarian Party candidate"
707619.0,"Donald Trump, the Republican"
707685.0,
707768.0,"Donald Trump, the Republican"
707793.0,"Joe Biden, the Democrat"
707850.0,"Joe Biden, the Democrat"
707861.0,"Joe Biden, the Democrat"
707980.0,"Joe Biden, the Democrat"
707994.0,"Joe Biden, the Democrat"
708084.0,"Joe Biden, the Democrat"
708179.0,"Joe Biden, the Democrat"
708280.0,"Donald Trump, the Republican"
708383.0,"Joe Biden, the Democrat"
708536.0,"Joe Biden, the Democrat"
708688.0,"Joe Biden, the Democrat"
708734.0,"Joe Biden, the Democrat"
708867.0,"Joe Biden, the Democrat"
708901.0,"Joe Biden, the Democrat"
708956.0,"Donald Trump, the Republican"
709277.0,"Donald Trump, the Republican"
709312.0,"Joe Biden, the Democrat"
709593.0,"Donald Trump, the Republican"
709604.0,"Joe Biden, the Democrat"
709677.0,"Joe Biden, the Democrat"
709781.0,"Joe Biden, the Democrat"
710053.0,"Donald Trump, the Republican"
710173.0,"Joe Biden, the Democrat"
710199.0,"Joe Biden, the Democrat"
710257.0,"Joe Biden, the Democrat"
710339.0,"Donald Trump, the Republican"
710450.0,"Joe Biden, the Democrat"
710468.0,"Joe Biden, the Democrat"
710746.0,"Donald Trump, the Republican"
710762.0,"Joe Biden, the Democrat"
710764.0,"Donald Trump, the Republican"
710918.0,"Jo Jorgensen, the Libertarian Party candidate"
710929.0,"Donald Trump, the Republican"
710952.0,"Donald Trump, the Republican"
710957.0,"Joe Biden, the Democrat"
711028.0,"Joe Biden, the Democrat"
711192.0,"Donald Trump, the Republican"
711217.0,"Joe Biden, the Democrat"
711370.0,"Donald Trump, the Republican"
711429.0,
711503.0,"Donald Trump, the Republican"
711936.0,"Joe Biden, the Democrat"
712090.0,"Joe Biden, the Democrat"
712301.0,Another candidate
712906.0,
712917.0,"Joe Biden, the Democrat"
712939.0,"Donald Trump, the Republican"
712988.0,"Donald Trump, the Republican"
713049.0,"Joe Biden, the Democrat"
713150.0,"Donald Trump, the Republican"
713531.0,"Joe Biden, the Democrat"
713534.0,"Donald Trump, the Republican"
714086.0,"Joe Biden, the Democrat"
714116.0,"Joe Biden, the Democrat"
714196.0,"Joe Biden, the Democrat"
714240.0,"Donald Trump, the Republican"
714266.0,"Joe Biden, the Democrat"
714617.0,"Donald Trump, the Republican"
714715.0,"Donald Trump, the Republican"
714848.0,"Joe Biden, the Democrat"
714868.0,"Joe Biden, the Democrat"
715110.0,"Donald Trump, the Republican"
715162.0,"Joe Biden, the Democrat"
715237.0,"Donald Trump, the Republican"
715250.0,"Donald Trump, the Republican"
715453.0,"Joe Biden, the Democrat"
715486.0,"Donald Trump, the Republican"
715537.0,"Donald Trump, the Republican"
715655.0,"Joe Biden, the Democrat"
715934.0,"Joe Biden, the Democrat"
716243.0,"Donald Trump, the Republican"
716244.0,
716383.0,"Joe Biden, the Democrat"
716386.0,"Joe Biden, the Democrat"
716429.0,"Donald Trump, the Republican"
716558.0,"Joe Biden, the Democrat"
716589.0,"Joe Biden, the Democrat"
716777.0,"Donald Trump, the Republican"
716854.0,"Joe Biden, the Democrat"
717055.0,"Jo Jorgensen, the Libertarian Party candidate"
717297.0,"Donald Trump, the Republican"
717762.0,"Donald Trump, the Republican"
718173.0,"Donald Trump, the Republican"
718183.0,"Joe Biden, the Democrat"
718333.0,"Joe Biden, the Democrat"
718527.0,"Donald Trump, the Republican"
718594.0,"Joe Biden, the Democrat"
718607.0,"Donald Trump, the Republican"
718655.0,"Donald Trump, the Republican"
718806.0,"Joe Biden, the Democrat"
719124.0,"Donald Trump, the Republican"
719430.0,"Joe Biden, the Democrat"
719526.0,"Joe Biden, the Democrat"
719810.0,"Donald Trump, the Republican"
719892.0,"Joe Biden, the Democrat"
720178.0,"Joe Biden, the Democrat"
720374.0,"Donald Trump, the Republican"
720429.0,"Joe Biden, the Democrat"
720440.0,"Donald Trump, the Republican"
720786.0,"Donald Trump, the Republican"
720793.0,"Joe Biden, the Democrat"
720853.0,"Joe Biden, the Democrat"
720932.0,"Donald Trump, the Republican"
721048.0,"Joe Biden, the Democrat"
721167.0,"Donald Trump, the Republican"
721403.0,"Joe Biden, the Democrat"
721507.0,"Joe Biden, the Democrat"
721545.0,"Joe Biden, the Democrat"
721560.0,"Donald Trump, the Republican"
721626.0,"Joe Biden, the Democrat"
722032.0,"Joe Biden, the Democrat"
722130.0,"Donald Trump, the Republican"
722222.0,"Donald Trump, the Republican"
722225.0,
722617.0,"Joe Biden, the Democrat"
723107.0,"Joe Biden, the Democrat"
723240.0,"Donald Trump, the Republican"
723329.0,"Joe Biden, the Democrat"
723561.0,"Joe Biden, the Democrat"
723634.0,"Joe Biden, the Democrat"
723758.0,"Joe Biden, the Democrat"
723860.0,"Donald Trump, the Republican"
724043.0,"Joe Biden, the Democrat"
724064.0,"Joe Biden, the Democrat"
724338.0,"Joe Biden, the Democrat"
724418.0,
724470.0,"Donald Trump, the Republican"
724524.0,
724684.0,"Joe Biden, the Democrat"
724791.0,"Joe Biden, the Democrat"
724895.0,"Donald Trump, the Republican"
725410.0,"Jo Jorgensen, the Libertarian Party candidate"
725476.0,
725561.0,"Joe Biden, the Democrat"
726121.0,"Joe Biden, the Democrat"
726202.0,"Donald Trump, the Republican"
726343.0,"Joe Biden, the Democrat"
726450.0,"Donald Trump, the Republican"
726699.0,"Donald Trump, the Republican"
726794.0,"Joe Biden, the Democrat"
726963.0,"Joe Biden, the Democrat"
727271.0,
201501115596.0,"Donald Trump, the Republican"
201501116284.0,"Joe Biden, the Democrat"
201501116636.0,"Donald Trump, the Republican"
201501116990.0,"Joe Biden, the Democrat"
201501117200.0,"Joe Biden, the Democrat"
201501118352.0,"Joe Biden, the Democrat"
201501118902.0,"Joe Biden, the Democrat"
201501118947.0,"Donald Trump, the Republican"
201501118992.0,"Joe Biden, the Democrat"
201501119723.0,"Donald Trump, the Republican"
201501120446.0,"Donald Trump, the Republican"
201501120917.0,"Joe Biden, the Democrat"
201501121312.0,"Joe Biden, the Democrat"
201501121366.0,"Joe Biden, the Democrat"
201501121470.0,"Joe Biden, the Democrat"
201501122274.0,"Joe Biden, the Democrat"
201501122386.0,"Joe Biden, the Democrat"
201501122694.0,"Joe Biden, the Democrat"
201501122831.0,"Joe Biden, the Democrat"
201501123196.0,"Joe Biden, the Democrat"
201501123756.0,"Donald Trump, the Republican"
201501123812.0,"Donald Trump, the Republican"
201501124146.0,"Donald Trump, the Republican"
201501124295.0,"Joe Biden, the Democrat"
201501124578.0,"Joe Biden, the Democrat"
201501125369.0,
201501125638.0,"Joe Biden, the Democrat"
201501126064.0,"Joe Biden, the Democrat"
201501126872.0,"Joe Biden, the Democrat"
201501127058.0,"Joe Biden, the Democrat"
201501127185.0,"Donald Trump, the Republican"
201501127373.0,
201501127492.0,"Joe Biden, the Democrat"
201501128270.0,"Joe Biden, the Democrat"
201501128394.0,"Joe Biden, the Democrat"
201501128618.0,"Joe Biden, the Democrat"
201501128639.0,"Joe Biden, the Democrat"
201501128684.0,"Donald Trump, the Republican"
201501129116.0,"Joe Biden, the Democrat"
201501129502.0,"Donald Trump, the Republican"
201501130100.0,"Joe Biden, the Democrat"
201501130193.0,"Donald Trump, the Republican"
201501130561.0,"Donald Trump, the Republican"
201501130661.0,"Joe Biden, the Democrat"
201501130861.0,"Donald Trump, the Republican"
201501131070.0,"Donald Trump, the Republican"
201501131385.0,"Donald Trump, the Republican"
201501131825.0,"Joe Biden, the Democrat"
201501131831.0,"Joe Biden, the Democrat"
201501132449.0,"Joe Biden, the Democrat"
201501132727.0,"Joe Biden, the Democrat"
201501133040.0,"Joe Biden, the Democrat"
201501133880.0,"Joe Biden, the Democrat"
201501134096.0,"Donald Trump, the Republican"
201501134223.0,"Donald Trump, the Republican"
201501134505.0,"Joe Biden, the Democrat"
201501134833.0,"Joe Biden, the Democrat"
201501135193.0,"Joe Biden, the Democrat"
201501135465.0,"Joe Biden, the Democrat"
201501135898.0,"Donald Trump, the Republican"
201501135971.0,Another candidate
201501136088.0,"Donald Trump, the Republican"
201501136478.0,"Donald Trump, the Republican"
201501136603.0,"Joe Biden, the Democrat"
201501136658.0,"Donald Trump, the Republican"
201501136674.0,"Joe Biden, the Democrat"
201501136677.0,"Joe Biden, the Democrat"
201501137331.0,"Joe Biden, the Democrat"
201501137351.0,"Donald Trump, the Republican"
201501137504.0,"Joe Biden, the Democrat"
201501140066.0,"Donald Trump, the Republican"
201501140481.0,
201501140690.0,"Joe Biden, the Democrat"
201501140758.0,"Joe Biden, the Democrat"
201501140868.0,"Donald Trump, the Republican"
201501141262.0,"Donald Trump, the Republican"
201501141484.0,
201501142584.0,"Joe Biden, the Democrat"
201501142655.0,"Joe Biden, the Democrat"
201501142984.0,"Donald Trump, the Republican"
201501143029.0,"Donald Trump, the Republican"
201501144178.0,"Joe Biden, the Democrat"
201501144247.0,"Donald Trump, the Republican"
201501144662.0,"Joe Biden, the Democrat"
201501144719.0,"Donald Trump, the Republican"
201501144785.0,"Donald Trump, the Republican"
201501145218.0,"Donald Trump, the Republican"
201501145728.0,"Donald Trump, the Republican"
201501146773.0,"Donald Trump, the Republican"
201501147228.0,"Donald Trump, the Republican"
201501147548.0,"Donald Trump, the Republican"
201501147653.0,Refused
201501148011.0,"Donald Trump, the Republican"
201501148076.0,"Joe Biden, the Democrat"
201501149791.0,"Joe Biden, the Democrat"
201501151839.0,"Donald Trump, the Republican"
201501153045.0,"Joe Biden, the Democrat"
201501153074.0,
201501157252.0,"Joe Biden, the Democrat"
201501157549.0,"Joe Biden, the Democrat"
201501160555.0,"Donald Trump, the Republican"
201501160842.0,"Donald Trump, the Republican"
201501163862.0,"Joe Biden, the Democrat"
201501165099.0,"Joe Biden, the Democrat"
201501165357.0,"Joe Biden, the Democrat"
201501165942.0,"Joe Biden, the Democrat"
201501167736.0,"Jo Jorgensen, the Libertarian Party candidate"
201501168376.0,
201501168853.0,"Joe Biden, the Democrat"
201501169644.0,"Donald Trump, the Republican"
201501169888.0,"Joe Biden, the Democrat"
201501170138.0,"Donald Trump, the Republican"
201501172402.0,
201501172561.0,Another candidate
201501173112.0,"Donald Trump, the Republican"
201501173352.0,"Donald Trump, the Republican"
201501175156.0,"Donald Trump, the Republican"
201501175652.0,"Joe Biden, the Democrat"
201501175921.0,"Donald Trump, the Republican"
201501176920.0,"Joe Biden, the Democrat"
201501176961.0,"Donald Trump, the Republican"
201501177102.0,"Joe Biden, the Democrat"
201501177557.0,"Joe Biden, the Democrat"
201501177961.0,"Donald Trump, the Republican"
201501178408.0,"Donald Trump, the Republican"
201501178474.0,"Joe Biden, the Democrat"
201501178541.0,"Joe Biden, the Democrat"
201501178698.0,"Joe Biden, the Democrat"
201501178726.0,"Joe Biden, the Democrat"
201501179248.0,"Joe Biden, the Democrat"
201501179448.0,"Donald Trump, the Republican"
201501179962.0,"Donald Trump, the Republican"
201501180088.0,"Donald Trump, the Republican"
201501180373.0,"Donald Trump, the Republican"
201501180969.0,"Joe Biden, the Democrat"
201501181026.0,"Donald Trump, the Republican"
201501181320.0,"Joe Biden, the Democrat"
201501182197.0,"Joe Biden, the Democrat"
201501182789.0,"Donald Trump, the Republican"
201501183244.0,"Joe Biden, the Democrat"
201501183931.0,"Joe Biden, the Democrat"
201501184279.0,"Donald Trump, the Republican"
201501184385.0,"Joe Biden, the Democrat"
201501184483.0,"Joe Biden, the Democrat"
201501185365.0,"Donald Trump, the Republican"
201501185367.0,"Joe Biden, the Democrat"
201501185503.0,Another candidate
201501185559.0,"Joe Biden, the Democrat"
201501186184.0,"Joe Biden, the Democrat"
201501187034.0,"Donald Trump, the Republican"
201501187063.0,"Donald Trump, the Republican"
201501187714.0,"Joe Biden, the Democrat"
201501187815.0,"Joe Biden, the Democrat"
201501188271.0,"Donald Trump, the Republican"
201501188906.0,"Donald Trump, the Republican"
201501188973.0,"Donald Trump, the Republican"
201501189045.0,"Joe Biden, the Democrat"
201501189101.0,"Joe Biden, the Democrat"
201501189514.0,"Joe Biden, the Democrat"
201501190797.0,"Donald Trump, the Republican"
201501191014.0,"Donald Trump, the Republican"
201501191071.0,"Joe Biden, the Democrat"
201501191201.0,"Donald Trump, the Republican"
201501191504.0,"Joe Biden, the Democrat"
201501192101.0,"Donald Trump, the Republican"
201501192451.0,"Donald Trump, the Republican"
201501192927.0,"Joe Biden, the Democrat"
201501205057.0,"Donald Trump, the Republican"
201501205091.0,
201501205093.0,"Joe Biden, the Democrat"
201501205386.0,"Donald Trump, the Republican"
201501205512.0,"Jo Jorgensen, the Libertarian Party candidate"
201501205658.0,"Joe Biden, the Democrat"
201501205922.0,"Donald Trump, the Republican"
201501207458.0,"Donald Trump, the Republican"
201501207520.0,"Joe Biden, the Democrat"
201501208149.0,"Donald Trump, the Republican"
201501208167.0,"Joe Biden, the Democrat"
201501208552.0,"Donald Trump, the Republican"
201501209107.0,"Donald Trump, the Republican"
201501209397.0,"Donald Trump, the Republican"
201501209439.0,"Joe Biden, the Democrat"
201501209523.0,"Joe Biden, the Democrat"
201501209553.0,"Donald Trump, the Republican"
201501209614.0,"Joe Biden, the Democrat"
201501210043.0,"Joe Biden, the Democrat"
201501210266.0,"Donald Trump, the Republican"
201501210328.0,"Donald Trump, the Republican"
201501210646.0,"Joe Biden, the Democrat"
201501210798.0,"Joe Biden, the Democrat"
201501210850.0,"Joe Biden, the Democrat"
201501211090.0,"Joe Biden, the Democrat"
201501211143.0,"Donald Trump, the Republican"
201501211689.0,"Joe Biden, the Democrat"
201501212038.0,"Joe Biden, the Democrat"
201501212726.0,"Joe Biden, the Democrat"
201501212731.0,"Joe Biden, the Democrat"
201501213011.0,"Donald Trump, the Republican"
201501214482.0,"Joe Biden, the Democrat"
201501214537.0,"Joe Biden, the Democrat"
201501214635.0,"Donald Trump, the Republican"
201501215131.0,
201501215439.0,"Donald Trump, the Republican"
201501215458.0,"Joe Biden, the Democrat"
201501215513.0,"Joe Biden, the Democrat"
201501215742.0,"Joe Biden, the Democrat"
201501215931.0,"Donald Trump, the Republican"
201501216517.0,"Joe Biden, the Democrat"
201501216609.0,"Joe Biden, the Democrat"
201501216631.0,"Joe Biden, the Democrat"
201501217432.0,"Joe Biden, the Democrat"
201501218559.0,"Joe Biden, the Democrat"
201501218600.0,"Joe Biden, the Democrat"
201501218773.0,"Joe Biden, the Democrat"
201501218898.0,"Joe Biden, the Democrat"
201501219026.0,
201501219104.0,"Joe Biden, the Democrat"
201501219188.0,"Joe Biden, the Democrat"
201501219482.0,"Donald Trump, the Republican"
201501220071.0,"Donald Trump, the Republican"
201501221521.0,"Joe Biden, the Democrat"
201501221553.0,"Donald Trump, the Republican"
201501221633.0,"Joe Biden, the Democrat"
201501221976.0,"Jo Jorgensen, the Libertarian Party candidate"
201501222080.0,"Donald Trump, the Republican"
201501222086.0,"Donald Trump, the Republican"
201501222377.0,"Donald Trump, the Republican"
201501222410.0,"Joe Biden, the Democrat"
201501222530.0,"Donald Trump, the Republican"
201501222637.0,Refused
201501222747.0,"Joe Biden, the Democrat"
201501223286.0,"Donald Trump, the Republican"
201501223352.0,"Donald Trump, the Republican"
201501223663.0,"Donald Trump, the Republican"
201501223790.0,"Joe Biden, the Democrat"
201501223851.0,"Joe Biden, the Democrat"
201501223925.0,"Joe Biden, the Democrat"
201501224413.0,"Donald Trump, the Republican"
201501224498.0,Another candidate
201501224838.0,"Joe Biden, the Democrat"
201501225040.0,"Donald Trump, the Republican"
201501225403.0,"Donald Trump, the Republican"
201501225420.0,"Joe Biden, the Democrat"
201501226033.0,
201501226436.0,"Joe Biden, the Democrat"
201501226544.0,"Donald Trump, the Republican"
201501226622.0,"Donald Trump, the Republican"
201501227046.0,"Joe Biden, the Democrat"
201501227553.0,
201501227831.0,"Joe Biden, the Democrat"
201501228073.0,"Donald Trump, the Republican"
201501228741.0,"Donald Trump, the Republican"
201501228955.0,"Joe Biden, the Democrat"
201501229039.0,"Jo Jorgensen, the Libertarian Party candidate"
201501229075.0,
201501229126.0,
201501229134.0,"Donald Trump, the Republican"
201501229169.0,"Joe Biden, the Democrat"
201501229296.0,"Donald Trump, the Republican"
201501229317.0,
201501229748.0,"Donald Trump, the Republican"
201501230321.0,"Donald Trump, the Republican"
201501230519.0,"Joe Biden, the Democrat"
201501230751.0,"Joe Biden, the Democrat"
201501231316.0,"Joe Biden, the Democrat"
201501231823.0,"Joe Biden, the Democrat"
201501231955.0,"Joe Biden, the Democrat"
201501232113.0,"Joe Biden, the Democrat"
201501232254.0,
201501232842.0,"Donald Trump, the Republican"
201501233008.0,"Donald Trump, the Republican"
201501233536.0,"Joe Biden, the Democrat"
201501233600.0,"Joe Biden, the Democrat"
201501234238.0,"Joe Biden, the Democrat"
201501234677.0,"Joe Biden, the Democrat"
201501234826.0,"Donald Trump, the Republican"
201501235360.0,"Donald Trump, the Republican"
201501235597.0,"Joe Biden, the Democrat"
201501235637.0,"Donald Trump, the Republican"
201501237105.0,"Donald Trump, the Republican"
201501256594.0,"Joe Biden, the Democrat"
201501265402.0,"Donald Trump, the Republican"
201501265564.0,"Joe Biden, the Democrat"
201501265578.0,"Joe Biden, the Democrat"
201501266277.0,"Joe Biden, the Democrat"
201501266522.0,"Joe Biden, the Democrat"
201501266543.0,"Joe Biden, the Democrat"
201501266659.0,"Joe Biden, the Democrat"
201501266762.0,"Joe Biden, the Democrat"
201501267308.0,"Joe Biden, the Democrat"
201501267422.0,"Joe Biden, the Democrat"
201501267487.0,"Joe Biden, the Democrat"
201501267906.0,"Joe Biden, the Democrat"
201501268222.0,"Donald Trump, the Republican"
201501268429.0,"Joe Biden, the Democrat"
201501268997.0,"Joe Biden, the Democrat"
201501269070.0,"Donald Trump, the Republican"
201501269217.0,"Joe Biden, the Democrat"
201501269867.0,"Joe Biden, the Democrat"
201501270442.0,"Donald Trump, the Republican"
201501270807.0,"Donald Trump, the Republican"
201501271635.0,"Donald Trump, the Republican"
201501271883.0,"Donald Trump, the Republican"
201501272036.0,
201501272054.0,"Donald Trump, the Republican"
201501272090.0,"Joe Biden, the Democrat"
201501272160.0,"Joe Biden, the Democrat"
201501272567.0,"Donald Trump, the Republican"
201501272683.0,"Donald Trump, the Republican"
201501272748.0,"Donald Trump, the Republican"
201501272917.0,"Donald Trump, the Republican"
201501272925.0,"Donald Trump, the Republican"
201501273530.0,"Donald Trump, the Republican"
201501273726.0,"Donald Trump, the Republican"
201501273825.0,"Donald Trump, the Republican"
201501273896.0,"Joe Biden, the Democrat"
201501274268.0,"Joe Biden, the Democrat"
201501274506.0,"Joe Biden, the Democrat"
201501274536.0,"Joe Biden, the Democrat"
201501274544.0,"Joe Biden, the Democrat"
201501274670.0,"Donald Trump, the Republican"
201501274684.0,"Donald Trump, the Republican"
201501274936.0,"Donald Trump, the Republican"
201501275124.0,"Joe Biden, the Democrat"
201501275310.0,"Joe Biden, the Democrat"
201501275434.0,"Joe Biden, the Democrat"
201501275454.0,"Joe Biden, the Democrat"
201501275513.0,"Joe Biden, the Democrat"
201501275680.0,"Joe Biden, the Democrat"
201501275817.0,"Donald Trump, the Republican"
201501276134.0,"Joe Biden, the Democrat"
201501276178.0,"Joe Biden, the Democrat"
201501276948.0,"Joe Biden, the Democrat"
201501277940.0,"Joe Biden, the Democrat"
201501278363.0,"Donald Trump, the Republican"
201501278367.0,"Joe Biden, the Democrat"
201501279250.0,"Donald Trump, the Republican"
201501280069.0,"Donald Trump, the Republican"
201501280420.0,"Donald Trump, the Republican"
201501280504.0,"Joe Biden, the Democrat"
201501280846.0,"Joe Biden, the Democrat"
201501280893.0,"Joe Biden, the Democrat"
201501281314.0,"Joe Biden, the Democrat"
201501281378.0,"Donald Trump, the Republican"
201501282056.0,"Donald Trump, the Republican"
201501282208.0,"Joe Biden, the Democrat"
201501283285.0,
201501283889.0,"Donald Trump, the Republican"
201501284516.0,"Donald Trump, the Republican"
201501284640.0,"Donald Trump, the Republican"
201501285054.0,"Joe Biden, the Democrat"
201501285747.0,"Joe Biden, the Democrat"
201501347180.0,"Joe Biden, the Democrat"
201501348046.0,"Joe Biden, the Democrat"
201501348049.0,"Donald Trump, the Republican"
201501348397.0,"Joe Biden, the Democrat"
201501349587.0,"Joe Biden, the Democrat"
201501351680.0,"Donald Trump, the Republican"
201501354357.0,
201501354700.0,"Joe Biden, the Democrat"
201501360954.0,
201501361353.0,"Donald Trump, the Republican"
201501363221.0,
201501410034.0,"Joe Biden, the Democrat"
201501414200.0,"Donald Trump, the Republican"
201501423673.0,"Jo Jorgensen, the Libertarian Party candidate"
201501453961.0,"Joe Biden, the Democrat"
201501454640.0,"Donald Trump, the Republican"
201501455834.0,"Donald Trump, the Republican"
201501456584.0,"Donald Trump, the Republican"
201501457166.0,"Joe Biden, the Democrat"
201501458702.0,"Joe Biden, the Democrat"
201501459735.0,"Donald Trump, the Republican"
201501482423.0,"Joe Biden, the Democrat"
201501485572.0,"Joe Biden, the Democrat"
201501485610.0,"Donald Trump, the Republican"
201501486651.0,"Donald Trump, the Republican"
201501487009.0,"Donald Trump, the Republican"
201501495540.0,"Donald Trump, the Republican"
201501509937.0,"Donald Trump, the Republican"
201501510512.0,"Joe Biden, the Democrat"
201501600201.0,"Joe Biden, the Democrat"
201501600458.0,"Joe Biden, the Democrat"
201501600500.0,"Donald Trump, the Republican"
201501600624.0,"Donald Trump, the Republican"
201501600702.0,"Joe Biden, the Democrat"
201501600878.0,
201501601006.0,"Joe Biden, the Democrat"
201501601049.0,"Donald Trump, the Republican"
201501601270.0,
201501601377.0,"Donald Trump, the Republican"
201501601490.0,"Joe Biden, the Democrat"
201501601533.0,
201501601719.0,"Joe Biden, the Democrat"
201501601862.0,"Donald Trump, the Republican"
201501601872.0,"Joe Biden, the Democrat"
201501601930.0,"Joe Biden, the Democrat"
201501601992.0,"Donald Trump, the Republican"
201501602002.0,"Joe Biden, the Democrat"
201501602033.0,"Donald Trump, the Republican"
201501602641.0,"Joe Biden, the Democrat"
201501602650.0,
201501602753.0,"Donald Trump, the Republican"
201501602911.0,"Donald Trump, the Republican"
201501602912.0,"Joe Biden, the Democrat"
201501603019.0,"Joe Biden, the Democrat"
201501603202.0,"Joe Biden, the Democrat"
201501603510.0,"Donald Trump, the Republican"
201501603588.0,"Joe Biden, the Democrat"
201501603640.0,"Joe Biden, the Democrat"
201501603687.0,"Joe Biden, the Democrat"
201501603697.0,"Donald Trump, the Republican"
201501603866.0,"Donald Trump, the Republican"
201501603919.0,"Donald Trump, the Republican"
201501603993.0,"Joe Biden, the Democrat"
201501604048.0,"Joe Biden, the Democrat"
201501604216.0,"Joe Biden, the Democrat"
201501604253.0,"Joe Biden, the Democrat"
201501604380.0,"Joe Biden, the Democrat"
201501604382.0,"Joe Biden, the Democrat"
201501604480.0,
201501604761.0,"Joe Biden, the Democrat"
201501604808.0,"Donald Trump, the Republican"
201501604828.0,"Joe Biden, the Democrat"
201501604928.0,"Donald Trump, the Republican"
201501605240.0,"Donald Trump, the Republican"
201501605257.0,
201501605317.0,"Joe Biden, the Democrat"
201501605366.0,
201501605822.0,"Joe Biden, the Democrat"
201501605867.0,"Donald Trump, the Republican"
201501605899.0,"Donald Trump, the Republican"
201501605964.0,"Joe Biden, the Democrat"
201501605978.0,Another candidate
201501606140.0,
201501606159.0,"Donald Trump, the Republican"
201501606569.0,"Joe Biden, the Democrat"
201501606644.0,"Donald Trump, the Republican"
201501606776.0,"Joe Biden, the Democrat"
201501606876.0,"Joe Biden, the Democrat"
201501607006.0,"Joe Biden, the Democrat"
201501607673.0,"Joe Biden, the Democrat"
201501607965.0,
201501608033.0,"Donald Trump, the Republican"
201501608065.0,
201501608312.0,"Jo Jorgensen, the Libertarian Party candidate"
201501608651.0,"Joe Biden, the Democrat"
201501608802.0,
201501608912.0,"Joe Biden, the Democrat"
201501608920.0,"Joe Biden, the Democrat"
201501608939.0,"Joe Biden, the Democrat"
201501609016.0,"Joe Biden, the Democrat"
201501609032.0,
201501609213.0,"Joe Biden, the Democrat"
201501609318.0,"Donald Trump, the Republican"
201501609738.0,"Joe Biden, the Democrat"
201501609825.0,"Joe Biden, the Democrat"
201501609904.0,"Joe Biden, the Democrat"
201501609995.0,"Donald Trump, the Republican"
201501610171.0,"Joe Biden, the Democrat"
201501610350.0,"Donald Trump, the Republican"
201501610567.0,"Joe Biden, the Democrat"
201501610651.0,"Joe Biden, the Democrat"
201501610872.0,"Joe Biden, the Democrat"
201501610962.0,"Joe Biden, the Democrat"
201501611091.0,"Joe Biden, the Democrat"
201501611174.0,"Joe Biden, the Democrat"
201501611230.0,"Joe Biden, the Democrat"
201501611392.0,"Joe Biden, the Democrat"
201501611531.0,"Joe Biden, the Democrat"
201501611628.0,"Joe Biden, the Democrat"
201501611818.0,"Joe Biden, the Democrat"
201501611912.0,"Donald Trump, the Republican"
201501611923.0,"Donald Trump, the Republican"
201501612238.0,"Donald Trump, the Republican"
201501612249.0,"Donald Trump, the Republican"
201501612338.0,"Donald Trump, the Republican"
201501612349.0,"Donald Trump, the Republican"
201501612403.0,"Joe Biden, the Democrat"
201501612694.0,
201501613005.0,"Joe Biden, the Democrat"
201501613056.0,"Joe Biden, the Democrat"
201501613180.0,"Joe Biden, the Democrat"
201501613692.0,"Donald Trump, the Republican"
201501613699.0,"Joe Biden, the Democrat"
201501613809.0,"Donald Trump, the Republican"
201501613856.0,"Joe Biden, the Democrat"
201501613872.0,
201501613977.0,"Joe Biden, the Democrat"
201501614057.0,"Joe Biden, the Democrat"
201501614270.0,"Donald Trump, the Republican"
201501614344.0,"Donald Trump, the Republican"
201501614383.0,"Joe Biden, the Democrat"
201501614487.0,"Howie Hawkins, the Green Party candidate"
201501614513.0,
201501614777.0,"Joe Biden, the Democrat"
201501614900.0,"Donald Trump, the Republican"
201501614934.0,"Joe Biden, the Democrat"
201501615009.0,"Joe Biden, the Democrat"
201501615119.0,"Joe Biden, the Democrat"
201501615153.0,"Joe Biden, the Democrat"
201501615280.0,"Donald Trump, the Republican"
201501615344.0,"Joe Biden, the Democrat"
201501615347.0,"Joe Biden, the Democrat"
201501615501.0,"Joe Biden, the Democrat"
201501615608.0,"Donald Trump, the Republican"
201501615624.0,"Donald Trump, the Republican"
201501615636.0,"Donald Trump, the Republican"
201501615820.0,"Joe Biden, the Democrat"
201501615875.0,"Joe Biden, the Democrat"
201501616057.0,"Joe Biden, the Democrat"
201501616087.0,"Donald Trump, the Republican"
201501616276.0,"Donald Trump, the Republican"
201501616297.0,"Joe Biden, the Democrat"
201501616464.0,"Joe Biden, the Democrat"
201501616605.0,"Joe Biden, the Democrat"
201501616730.0,
201501616873.0,"Joe Biden, the Democrat"
201501616918.0,"Donald Trump, the Republican"
201501616979.0,"Donald Trump, the Republican"
201501617119.0,"Donald Trump, the Republican"
201501617177.0,"Donald Trump, the Republican"
201501617219.0,"Joe Biden, the Democrat"
201501617267.0,
201501617329.0,"Joe Biden, the Democrat"
201501617649.0,"Joe Biden, the Democrat"
201501617655.0,"Joe Biden, the Democrat"
201501617739.0,"Donald Trump, the Republican"
201501618250.0,"Joe Biden, the Democrat"
201501618315.0,Refused
201501618342.0,"Joe Biden, the Democrat"
201501618691.0,"Joe Biden, the Democrat"
201501618809.0,"Joe Biden, the Democrat"
201501618962.0,"Joe Biden, the Democrat"
201501619063.0,"Joe Biden, the Democrat"
201501619161.0,"Joe Biden, the Democrat"
201501619249.0,"Joe Biden, the Democrat"
201501619644.0,"Joe Biden, the Democrat"
201501619815.0,"Donald Trump, the Republican"
201501619932.0,"Donald Trump, the Republican"
201501620080.0,"Donald Trump, the Republican"
201501620197.0,"Donald Trump, the Republican"
201501620202.0,"Joe Biden, the Democrat"
201501620506.0,"Joe Biden, the Democrat"
201501620555.0,"Joe Biden, the Democrat"
201501620602.0,"Joe Biden, the Democrat"
201501620631.0,"Joe Biden, the Democrat"
201501620791.0,"Joe Biden, the Democrat"
201501620911.0,"Donald Trump, the Republican"
201501620940.0,"Joe Biden, the Democrat"
201501620999.0,"Donald Trump, the Republican"
201501621360.0,"Donald Trump, the Republican"
201501621425.0,"Joe Biden, the Democrat"
201501621546.0,"Joe Biden, the Democrat"
201501621777.0,
201501621808.0,"Joe Biden, the Democrat"
201501622030.0,"Joe Biden, the Democrat"
201501622052.0,"Joe Biden, the Democrat"
201501622126.0,"Joe Biden, the Democrat"
201501622215.0,"Donald Trump, the Republican"
201501622346.0,"Donald Trump, the Republican"
201501622437.0,
201501622472.0,
201501622506.0,"Donald Trump, the Republican"
201501622631.0,"Donald Trump, the Republican"
201501622724.0,"Joe Biden, the Democrat"
201501622891.0,"Joe Biden, the Democrat"
201501623001.0,"Donald Trump, the Republican"
201501623142.0,"Donald Trump, the Republican"
201501623251.0,"Joe Biden, the Democrat"
201501623519.0,"Joe Biden, the Democrat"
201501623794.0,
201501623815.0,"Donald Trump, the Republican"
201501623907.0,"Donald Trump, the Republican"
201501624218.0,"Donald Trump, the Republican"
201501624257.0,"Joe Biden, the Democrat"
201501624300.0,
201501624334.0,"Donald Trump, the Republican"
201501624340.0,"Donald Trump, the Republican"
201501624480.0,"Joe Biden, the Democrat"
201501624628.0,"Donald Trump, the Republican"
201501624671.0,
201501624709.0,"Donald Trump, the Republican"
201501624860.0,"Joe Biden, the Democrat"
201501625134.0,"Joe Biden, the Democrat"
201501625143.0,Refused
201501625415.0,"Joe Biden, the Democrat"
201501625418.0,"Donald Trump, the Republican"
201501625764.0,"Donald Trump, the Republican"
201501625871.0,"Joe Biden, the Democrat"
201501626095.0,"Joe Biden, the Democrat"
201501626106.0,"Donald Trump, the Republican"
201501626417.0,"Donald Trump, the Republican"
201501626541.0,"Joe Biden, the Democrat"
201501626548.0,"Joe Biden, the Democrat"
201501626561.0,"Joe Biden, the Democrat"
201501626706.0,"Donald Trump, the Republican"
201501626731.0,"Joe Biden, the Democrat"
201501626928.0,"Donald Trump, the Republican"
201501626974.0,"Joe Biden, the Democrat"
201501627041.0,"Donald Trump, the Republican"
201501627056.0,"Donald Trump, the Republican"
201501627067.0,"Joe Biden, the Democrat"
201501627319.0,"Joe Biden, the Democrat"
201501627803.0,
201501628362.0,"Joe Biden, the Democrat"
201501630559.0,"Joe Biden, the Democrat"
201501631971.0,"Donald Trump, the Republican"
201501633958.0,"Donald Trump, the Republican"
201501636186.0,"Joe Biden, the Democrat"
201501636380.0,
201501637194.0,"Joe Biden, the Democrat"
201501637569.0,"Joe Biden, the Democrat"
201501637936.0,"Donald Trump, the Republican"
201501639977.0,"Joe Biden, the Democrat"
201501640302.0,
201501640450.0,"Donald Trump, the Republican"
201501640898.0,"Joe Biden, the Democrat"
201501640967.0,"Donald Trump, the Republican"
201501641202.0,"Joe Biden, the Democrat"
201501641428.0,"Donald Trump, the Republican"
201501641816.0,"Joe Biden, the Democrat"
201501641880.0,"Joe Biden, the Democrat"
201501642191.0,
201501642238.0,"Joe Biden, the Democrat"
201501642779.0,"Joe Biden, the Democrat"
201501643163.0,"Donald Trump, the Republican"
201501644026.0,"Donald Trump, the Republican"
201501644034.0,"Donald Trump, the Republican"
201501644301.0,"Joe Biden, the Democrat"
201501644438.0,
201501644831.0,"Donald Trump, the Republican"
201501644858.0,"Donald Trump, the Republican"
201501644990.0,"Jo Jorgensen, the Libertarian Party candidate"
201501645055.0,"Joe Biden, the Democrat"
201501645079.0,"Joe Biden, the Democrat"
201501645399.0,"Joe Biden, the Democrat"
201501646045.0,"Donald Trump, the Republican"
201501646838.0,"Joe Biden, the Democrat"
201501647491.0,"Joe Biden, the Democrat"
201501647619.0,"Donald Trump, the Republican"
201501647627.0,"Donald Trump, the Republican"
201501648255.0,"Joe Biden, the Democrat"
201501648401.0,"Donald Trump, the Republican"
201501648446.0,"Joe Biden, the Democrat"
201501649017.0,"Jo Jorgensen, the Libertarian Party candidate"
201501649213.0,"Joe Biden, the Democrat"
201501649441.0,"Joe Biden, the Democrat"
201501649465.0,
201501649475.0,"Donald Trump, the Republican"
201501649817.0,"Joe Biden, the Democrat"
201501650065.0,"Joe Biden, the Democrat"
201501650406.0,"Joe Biden, the Democrat"
201501650728.0,"Joe Biden, the Democrat"
201501650976.0,"Joe Biden, the Democrat"
201501651127.0,"Donald Trump, the Republican"
201501651138.0,"Donald Trump, the Republican"
201501651199.0,"Joe Biden, the Democrat"
201501651295.0,"Joe Biden, the Democrat"
201501651616.0,"Joe Biden, the Democrat"
201501651624.0,"Donald Trump, the Republican"
201501651797.0,"Jo Jorgensen, the Libertarian Party candidate"
201501651867.0,"Joe Biden, the Democrat"
201501651871.0,"Joe Biden, the Democrat"
201501651997.0,"Joe Biden, the Democrat"
201501652027.0,
201501652039.0,"Donald Trump, the Republican"
201501652117.0,"Joe Biden, the Democrat"
201501652164.0,"Donald Trump, the Republican"
201501652210.0,"Donald Trump, the Republican"
201501652484.0,"Donald Trump, the Republican"
201501652485.0,"Joe Biden, the Democrat"
201501652604.0,"Joe Biden, the Democrat"
201501652706.0,"Joe Biden, the Democrat"
201501652886.0,"Donald Trump, the Republican"
201501652961.0,"Joe Biden, the Democrat"
201501653261.0,"Donald Trump, the Republican"
201501653294.0,"Donald Trump, the Republican"
201501653375.0,"Joe Biden, the Democrat"
201501653601.0,"Joe Biden, the Democrat"
201501653642.0,
201501653793.0,"Joe Biden, the Democrat"
201501653875.0,"Joe Biden, the Democrat"
201501654483.0,"Joe Biden, the Democrat"
201501654684.0,"Joe Biden, the Democrat"
201501654734.0,"Joe Biden, the Democrat"
201501655063.0,"Donald Trump, the Republican"
201501655072.0,
201501655243.0,"Joe Biden, the Democrat"
201501655330.0,"Joe Biden, the Democrat"
201501655390.0,"Joe Biden, the Democrat"
201501655521.0,"Donald Trump, the Republican"
201501655635.0,"Joe Biden, the Democrat"
201501655673.0,
201501655718.0,"Joe Biden, the Democrat"
201501655726.0,"Donald Trump, the Republican"
201501655994.0,"Joe Biden, the Democrat"
201501656172.0,"Donald Trump, the Republican"
201501656226.0,"Joe Biden, the Democrat"
201501656261.0,
201501656404.0,Refused
201501656686.0,
201501656898.0,"Donald Trump, the Republican"
201501656958.0,"Joe Biden, the Democrat"
201501656974.0,"Joe Biden, the Democrat"
201501657019.0,"Donald Trump, the Republican"
201501657128.0,"Joe Biden, the Democrat"
201501657434.0,"Donald Trump, the Republican"
201501657511.0,"Donald Trump, the Republican"
201501657580.0,"Joe Biden, the Democrat"
201501657854.0,Refused
201501657917.0,"Donald Trump, the Republican"
201501657953.0,"Donald Trump, the Republican"
201501658068.0,"Joe Biden, the Democrat"
201501658152.0,"Donald Trump, the Republican"
201501658192.0,"Howie Hawkins, the Green Party candidate"
201501658291.0,"Donald Trump, the Republican"
201501658455.0,"Joe Biden, the Democrat"
201501658865.0,"Joe Biden, the Democrat"
201501659434.0,"Donald Trump, the Republican"
201501659606.0,
201501660288.0,"Joe Biden, the Democrat"
201501660822.0,"Donald Trump, the Republican"
201501661053.0,"Jo Jorgensen, the Libertarian Party candidate"
201501661283.0,"Donald Trump, the Republican"
201501661453.0,"Joe Biden, the Democrat"
201501661815.0,"Donald Trump, the Republican"
201501662630.0,"Joe Biden, the Democrat"
201501663162.0,"Donald Trump, the Republican"
201501664260.0,"Donald Trump, the Republican"
201501664561.0,"Joe Biden, the Democrat"
201501666239.0,"Joe Biden, the Democrat"
201501666850.0,"Joe Biden, the Democrat"
201501667434.0,"Donald Trump, the Republican"
201501669174.0,"Donald Trump, the Republican"
201501669386.0,"Jo Jorgensen, the Libertarian Party candidate"
201501672680.0,"Donald Trump, the Republican"
201501673039.0,"Joe Biden, the Democrat"
201501675007.0,"Joe Biden, the Democrat"
201501675023.0,"Donald Trump, the Republican"
201501675032.0,"Joe Biden, the Democrat"
201501675206.0,"Joe Biden, the Democrat"
201501675331.0,
201501675405.0,"Joe Biden, the Democrat"
201501675438.0,"Joe Biden, the Democrat"
201501675454.0,"Joe Biden, the Democrat"
201501675611.0,"Joe Biden, the Democrat"
201501675710.0,"Donald Trump, the Republican"
201501675794.0,"Joe Biden, the Democrat"
201501675884.0,
201501676022.0,"Joe Biden, the Democrat"
201501676079.0,"Joe Biden, the Democrat"
201501676100.0,"Donald Trump, the Republican"
201501676129.0,"Donald Trump, the Republican"
201501676210.0,"Donald Trump, the Republican"
201501676243.0,"Donald Trump, the Republican"
201501676648.0,"Joe Biden, the Democrat"
201501676768.0,"Donald Trump, the Republican"
201501676853.0,"Joe Biden, the Democrat"
201501676991.0,
201501677127.0,"Joe Biden, the Democrat"
201501677138.0,
201501677157.0,"Donald Trump, the Republican"
201501677638.0,"Joe Biden, the Democrat"
201501677679.0,"Donald Trump, the Republican"
201501677751.0,
201501677921.0,
201501677937.0,"Joe Biden, the Democrat"
201501677982.0,"Joe Biden, the Democrat"
201501677993.0,"Joe Biden, the Democrat"
201501678221.0,"Joe Biden, the Democrat"
201501678443.0,"Joe Biden, the Democrat"
201501678471.0,"Joe Biden, the Democrat"
201501678530.0,"Joe Biden, the Democrat"
201501678722.0,"Joe Biden, the Democrat"
201501678773.0,"Joe Biden, the Democrat"
201501678817.0,"Joe Biden, the Democrat"
201501679014.0,"Joe Biden, the Democrat"
201501679311.0,"Donald Trump, the Republican"
201501679606.0,"Donald Trump, the Republican"
201501679828.0,"Joe Biden, the Democrat"
201501679883.0,"Joe Biden, the Democrat"
201501680124.0,"Joe Biden, the Democrat"
201501680191.0,"Donald Trump, the Republican"
201501680331.0,"Joe Biden, the Democrat"
201501680449.0,"Joe Biden, the Democrat"
201501680630.0,"Joe Biden, the Democrat"
201501680761.0,
201501680788.0,"Joe Biden, the Democrat"
201501681105.0,"Donald Trump, the Republican"
201501681133.0,"Joe Biden, the Democrat"
201501681143.0,
201501681239.0,"Joe Biden, the Democrat"
201501681268.0,"Joe Biden, the Democrat"
201501681333.0,
201501681482.0,"Donald Trump, the Republican"
201501681510.0,"Donald Trump, the Republican"
201501681593.0,"Donald Trump, the Republican"
201501681684.0,"Joe Biden, the Democrat"
201501681704.0,"Joe Biden, the Democrat"
201501681893.0,"Joe Biden, the Democrat"
201501681980.0,"Donald Trump, the Republican"
201501682097.0,"Joe Biden, the Democrat"
201501682166.0,"Joe Biden, the Democrat"
201501682318.0,
201501682321.0,"Joe Biden, the Democrat"
201501682703.0,"Joe Biden, the Democrat"
201501682717.0,"Joe Biden, the Democrat"
201501683046.0,
201501683144.0,"Joe Biden, the Democrat"
201501683521.0,"Joe Biden, the Democrat"
201501683581.0,"Joe Biden, the Democrat"
201501683817.0,"Joe Biden, the Democrat"
201501683849.0,Another candidate
201501683916.0,"Donald Trump, the Republican"
201501684007.0,"Donald Trump, the Republican"
201501684131.0,"Joe Biden, the Democrat"
201501684134.0,"Joe Biden, the Democrat"
201501684265.0,"Joe Biden, the Democrat"
201501684847.0,"Joe Biden, the Democrat"
201501685003.0,"Joe Biden, the Democrat"
201501685130.0,"Joe Biden, the Democrat"
201501685261.0,"Donald Trump, the Republican"
201501685289.0,"Joe Biden, the Democrat"
201501685464.0,"Donald Trump, the Republican"
201501685504.0,"Joe Biden, the Democrat"
201501685574.0,"Joe Biden, the Democrat"
201501685731.0,"Jo Jorgensen, the Libertarian Party candidate"
201501685836.0,
201501685916.0,
201501686078.0,"Joe Biden, the Democrat"
201501686187.0,"Donald Trump, the Republican"
201501686321.0,"Joe Biden, the Democrat"
201501686333.0,"Donald Trump, the Republican"
201501686389.0,"Donald Trump, the Republican"
201501686450.0,"Joe Biden, the Democrat"
201501686729.0,"Joe Biden, the Democrat"
201501686964.0,"Donald Trump, the Republican"
201501686976.0,"Joe Biden, the Democrat"
201501687353.0,"Joe Biden, the Democrat"
201501687365.0,"Joe Biden, the Democrat"
201501687377.0,"Joe Biden, the Democrat"
201501687391.0,"Jo Jorgensen, the Libertarian Party candidate"
201501687563.0,"Joe Biden, the Democrat"
201501687650.0,"Joe Biden, the Democrat"
201501687662.0,"Donald Trump, the Republican"
201501687849.0,"Donald Trump, the Republican"
201501688012.0,"Donald Trump, the Republican"
201501688342.0,"Joe Biden, the Democrat"
201501688348.0,"Donald Trump, the Republican"
201501688495.0,
201501688533.0,"Donald Trump, the Republican"
201501688687.0,"Donald Trump, the Republican"
201501688834.0,"Donald Trump, the Republican"
201501688991.0,
201501689057.0,"Joe Biden, the Democrat"
201501689077.0,"Joe Biden, the Democrat"
201501689087.0,
201501689159.0,"Joe Biden, the Democrat"
201501689214.0,"Joe Biden, the Democrat"
201501689229.0,"Donald Trump, the Republican"
201501689278.0,
201501689348.0,"Donald Trump, the Republican"
201501689377.0,"Joe Biden, the Democrat"
201501689495.0,"Donald Trump, the Republican"
201501689501.0,"Donald Trump, the Republican"
201501689508.0,"Donald Trump, the Republican"
201501689562.0,
201501689699.0,"Joe Biden, the Democrat"
201501689772.0,"Joe Biden, the Democrat"
201501689912.0,"Donald Trump, the Republican"
201501690060.0,"Donald Trump, the Republican"
201501690238.0,"Joe Biden, the Democrat"
201501690936.0,"Donald Trump, the Republican"
201501691138.0,"Donald Trump, the Republican"
201501691173.0,"Joe Biden, the Democrat"
201501691275.0,"Joe Biden, the Democrat"
201501691401.0,"Joe Biden, the Democrat"
201501691484.0,"Joe Biden, the Democrat"
201501691562.0,"Joe Biden, the Democrat"
201501691583.0,"Joe Biden, the Democrat"
201501691614.0,"Joe Biden, the Democrat"
201501691635.0,"Joe Biden, the Democrat"
201501691661.0,"Donald Trump, the Republican"
201501691772.0,"Joe Biden, the Democrat"
201501691787.0,"Joe Biden, the Democrat"
201501691806.0,"Joe Biden, the Democrat"
201501692036.0,"Joe Biden, the Democrat"
201501692140.0,
201501692780.0,"Joe Biden, the Democrat"
201501692813.0,"Donald Trump, the Republican"
201501692883.0,"Donald Trump, the Republican"
201501693096.0,"Joe Biden, the Democrat"
201501693154.0,"Joe Biden, the Democrat"
201501693374.0,"Joe Biden, the Democrat"
201501693435.0,"Joe Biden, the Democrat"
201501693649.0,"Joe Biden, the Democrat"
201501693651.0,"Donald Trump, the Republican"
201501693666.0,"Donald Trump, the Republican"
201501693681.0,"Joe Biden, the Democrat"
201501693691.0,"Joe Biden, the Democrat"
201501693784.0,
201501694020.0,
201501694077.0,"Donald Trump, the Republican"
201501694080.0,
201501694232.0,
201501694348.0,"Donald Trump, the Republican"
201501694354.0,"Donald Trump, the Republican"
201501694402.0,"Joe Biden, the Democrat"
201501694575.0,"Joe Biden, the Democrat"
201501694693.0,"Donald Trump, the Republican"
201501694723.0,"Joe Biden, the Democrat"
201501694953.0,"Joe Biden, the Democrat"
201501695008.0,"Donald Trump, the Republican"
201501695202.0,"Joe Biden, the Democrat"
201501695269.0,
201501695428.0,"Jo Jorgensen, the Libertarian Party candidate"
201501695484.0,
201501695603.0,"Donald Trump, the Republican"
201501695644.0,"Donald Trump, the Republican"
201501695653.0,"Joe Biden, the Democrat"
201501695858.0,"Joe Biden, the Democrat"
201501695888.0,"Donald Trump, the Republican"
201501695970.0,
201501696039.0,"Joe Biden, the Democrat"
201501696068.0,
201501696105.0,"Joe Biden, the Democrat"
201501696206.0,"Donald Trump, the Republican"
201501696643.0,"Donald Trump, the Republican"
201501696835.0,"Donald Trump, the Republican"
201501696885.0,"Donald Trump, the Republican"
201501697082.0,"Donald Trump, the Republican"
201501697387.0,"Jo Jorgensen, the Libertarian Party candidate"
201501697402.0,"Donald Trump, the Republican"
201501697523.0,"Donald Trump, the Republican"
201501697631.0,"Joe Biden, the Democrat"
201501697815.0,
201501698070.0,"Donald Trump, the Republican"
201501698189.0,"Joe Biden, the Democrat"
201501698329.0,"Donald Trump, the Republican"
201501698395.0,"Howie Hawkins, the Green Party candidate"
201501698468.0,"Donald Trump, the Republican"
201501698672.0,"Jo Jorgensen, the Libertarian Party candidate"
201501698775.0,"Joe Biden, the Democrat"
201501698873.0,"Joe Biden, the Democrat"
201501698877.0,"Joe Biden, the Democrat"
201501699075.0,"Donald Trump, the Republican"
201501699169.0,
201501699183.0,"Joe Biden, the Democrat"
201501699339.0,"Donald Trump, the Republican"
201501699378.0,"Joe Biden, the Democrat"
201501699667.0,"Joe Biden, the Democrat"
201501699704.0,"Donald Trump, the Republican"
201501700042.0,"Joe Biden, the Democrat"
201501700188.0,"Joe Biden, the Democrat"
201501700255.0,"Donald Trump, the Republican"
201501700365.0,"Joe Biden, the Democrat"
201501700755.0,"Donald Trump, the Republican"
201501700859.0,"Joe Biden, the Democrat"
201501701056.0,"Joe Biden, the Democrat"
201501701072.0,
201501701163.0,"Donald Trump, the Republican"
201501701356.0,"Joe Biden, the Democrat"
201501701492.0,"Joe Biden, the Democrat"
201501701572.0,"Joe Biden, the Democrat"
201501701642.0,"Joe Biden, the Democrat"
201501701708.0,"Donald Trump, the Republican"
201501701762.0,"Joe Biden, the Democrat"
201501701956.0,"Donald Trump, the Republican"
201501701962.0,"Donald Trump, the Republican"
201501701979.0,"Donald Trump, the Republican"
201501702153.0,
201501702237.0,"Donald Trump, the Republican"
201501702243.0,"Joe Biden, the Democrat"
201501702840.0,"Joe Biden, the Democrat"
201501703266.0,"Joe Biden, the Democrat"
201501703562.0,"Joe Biden, the Democrat"
201501718596.0,"Donald Trump, the Republican"
201501725030.0,"Donald Trump, the Republican"
201501725292.0,"Donald Trump, the Republican"
201501725406.0,"Joe Biden, the Democrat"
201501725495.0,"Joe Biden, the Democrat"
201501725531.0,"Joe Biden, the Democrat"
201501725625.0,"Joe Biden, the Democrat"
201501725816.0,"Donald Trump, the Republican"
201501725890.0,"Donald Trump, the Republican"
201501726018.0,"Joe Biden, the Democrat"
201501726123.0,"Donald Trump, the Republican"
201501726288.0,"Joe Biden, the Democrat"
201501726321.0,"Donald Trump, the Republican"
201501726340.0,
201501726403.0,"Donald Trump, the Republican"
201501726762.0,"Donald Trump, the Republican"
201501726770.0,"Donald Trump, the Republican"
201501726887.0,"Joe Biden, the Democrat"
201501727268.0,"Joe Biden, the Democrat"
201501727285.0,"Joe Biden, the Democrat"
201501727377.0,"Joe Biden, the Democrat"
201501727519.0,"Joe Biden, the Democrat"
201501727817.0,"Joe Biden, the Democrat"
201501727917.0,"Donald Trump, the Republican"
201501728252.0,"Joe Biden, the Democrat"
201501728313.0,"Joe Biden, the Democrat"
201501728329.0,
201501728449.0,"Joe Biden, the Democrat"
201501728674.0,"Joe Biden, the Democrat"
201501728687.0,"Donald Trump, the Republican"
201501728726.0,"Joe Biden, the Democrat"
201501728769.0,"Joe Biden, the Democrat"
201501728967.0,
201501729133.0,
201501729156.0,"Donald Trump, the Republican"
201501729367.0,"Donald Trump, the Republican"
201501729441.0,"Joe Biden, the Democrat"
201501729806.0,"Donald Trump, the Republican"
201501729858.0,"Donald Trump, the Republican"
201501730234.0,
201501730339.0,"Joe Biden, the Democrat"
201501730810.0,"Joe Biden, the Democrat"
201501730987.0,"Joe Biden, the Democrat"
201501731014.0,"Joe Biden, the Democrat"
201501731021.0,
201501731054.0,"Donald Trump, the Republican"
201501731289.0,"Joe Biden, the Democrat"
201501731313.0,"Joe Biden, the Democrat"
201501731455.0,"Joe Biden, the Democrat"
201501731673.0,"Joe Biden, the Democrat"
201501732248.0,"Joe Biden, the Democrat"
201501732326.0,"Joe Biden, the Democrat"
201501732350.0,"Donald Trump, the Republican"
201501732509.0,"Joe Biden, the Democrat"
201501732670.0,"Donald Trump, the Republican"
201501732741.0,"Joe Biden, the Democrat"
201501732764.0,"Donald Trump, the Republican"
201501733001.0,
201501733086.0,"Donald Trump, the Republican"
201501733127.0,"Joe Biden, the Democrat"
201501733261.0,"Donald Trump, the Republican"
201501733270.0,"Joe Biden, the Democrat"
201501733490.0,"Donald Trump, the Republican"
201501733559.0,"Joe Biden, the Democrat"
201501733811.0,"Joe Biden, the Democrat"
201501734175.0,"Joe Biden, the Democrat"
201501734271.0,"Joe Biden, the Democrat"
201501734381.0,"Joe Biden, the Democrat"
201501734449.0,
201501734824.0,"Joe Biden, the Democrat"
201501734914.0,"Joe Biden, the Democrat"
201501735045.0,
201501735167.0,Another candidate
201501735187.0,"Joe Biden, the Democrat"
201501735359.0,"Joe Biden, the Democrat"
201501735493.0,"Joe Biden, the Democrat"
201501735501.0,
201501735674.0,"Joe Biden, the Democrat"
201501735701.0,"Donald Trump, the Republican"
201501735861.0,
201501735882.0,"Donald Trump, the Republican"
201501735915.0,Refused
201501735950.0,"Joe Biden, the Democrat"
201501736093.0,"Joe Biden, the Democrat"
201501736123.0,"Joe Biden, the Democrat"
201501736475.0,"Donald Trump, the Republican"
201501736485.0,"Donald Trump, the Republican"
201501736633.0,"Donald Trump, the Republican"
201501736864.0,
201501737004.0,"Joe Biden, the Democrat"
201501737048.0,"Joe Biden, the Democrat"
201501737513.0,"Donald Trump, the Republican"
201501737727.0,"Donald Trump, the Republican"
201501737852.0,"Joe Biden, the Democrat"
201501737888.0,"Joe Biden, the Democrat"
201501737966.0,"Donald Trump, the Republican"
201501738160.0,"Donald Trump, the Republican"
201501738220.0,"Joe Biden, the Democrat"
201501738561.0,"Donald Trump, the Republican"
201501738641.0,"Joe Biden, the Democrat"
201501738649.0,"Joe Biden, the Democrat"
201501738791.0,"Joe Biden, the Democrat"
201501739024.0,
201501739207.0,"Donald Trump, the Republican"
201501739266.0,"Joe Biden, the Democrat"
201501739462.0,"Joe Biden, the Democrat"
201501739514.0,"Donald Trump, the Republican"
201501739549.0,"Donald Trump, the Republican"
201501739617.0,"Donald Trump, the Republican"
201501739676.0,"Donald Trump, the Republican"
201501739839.0,"Joe Biden, the Democrat"
201501739890.0,"Jo Jorgensen, the Libertarian Party candidate"
201501739938.0,"Joe Biden, the Democrat"
201501785185.0,"Joe Biden, the Democrat"
201501786563.0,Another candidate
201501786595.0,"Joe Biden, the Democrat"
201501786789.0,"Joe Biden, the Democrat"
201501786987.0,"Joe Biden, the Democrat"
201501787357.0,"Donald Trump, the Republican"
201501789389.0,"Donald Trump, the Republican"
201501790569.0,"Donald Trump, the Republican"
201501790791.0,"Joe Biden, the Democrat"
201501791973.0,"Joe Biden, the Democrat"
201501792780.0,"Joe Biden, the Democrat"
201501793169.0,"Joe Biden, the Democrat"
201501793399.0,"Joe Biden, the Democrat"
201501793855.0,"Joe Biden, the Democrat"
201501794040.0,"Joe Biden, the Democrat"
201501794199.0,"Joe Biden, the Democrat"
201501794286.0,"Donald Trump, the Republican"
201501794979.0,"Joe Biden, the Democrat"
201501795589.0,"Donald Trump, the Republican"
201501798171.0,"Donald Trump, the Republican"
201501798368.0,
201501798829.0,
201701100752.0,"Joe Biden, the Democrat"
201701200584.0,"Donald Trump, the Republican"
201701201656.0,"Donald Trump, the Republican"
201701201679.0,"Donald Trump, the Republican"
201701201733.0,"Joe Biden, the Democrat"
201701201784.0,"Donald Trump, the Republican"
201701201793.0,"Joe Biden, the Democrat"
201701201870.0,"Joe Biden, the Democrat"
201701201902.0,"Donald Trump, the Republican"
201701202982.0,
201701203397.0,"Donald Trump, the Republican"
201701204112.0,"Donald Trump, the Republican"
201701204395.0,
201701204645.0,"Donald Trump, the Republican"
201701206374.0,"Joe Biden, the Democrat"
201701206619.0,"Donald Trump, the Republican"
201701208231.0,"Joe Biden, the Democrat"
201701209364.0,"Donald Trump, the Republican"
201701209983.0,"Donald Trump, the Republican"
201701210590.0,"Donald Trump, the Republican"
201701211015.0,"Donald Trump, the Republican"
201701212768.0,"Joe Biden, the Democrat"
201701212821.0,"Donald Trump, the Republican"
201701213304.0,"Joe Biden, the Democrat"
201701214671.0,"Joe Biden, the Democrat"
201701215280.0,"Donald Trump, the Republican"
201701215618.0,"Joe Biden, the Democrat"
201701216349.0,"Donald Trump, the Republican"
201701216494.0,"Joe Biden, the Democrat"
201701216959.0,"Joe Biden, the Democrat"
201701218611.0,"Donald Trump, the Republican"
201701218985.0,
201701219100.0,"Joe Biden, the Democrat"
201701219117.0,"Joe Biden, the Democrat"
201701219184.0,"Donald Trump, the Republican"
201701219759.0,"Donald Trump, the Republican"
201701219942.0,"Joe Biden, the Democrat"
201701223468.0,"Joe Biden, the Democrat"
201701225006.0,"Donald Trump, the Republican"
201701225857.0,"Joe Biden, the Democrat"
201701226591.0,"Donald Trump, the Republican"
201701228699.0,"Joe Biden, the Democrat"
201701230190.0,"Joe Biden, the Democrat"
201701230788.0,"Donald Trump, the Republican"
201701231007.0,"Joe Biden, the Democrat"
201701231781.0,"Joe Biden, the Democrat"
201701233601.0,"Donald Trump, the Republican"
201701235924.0,"Joe Biden, the Democrat"
201701237000.0,"Joe Biden, the Democrat"
201701237089.0,"Joe Biden, the Democrat"
201701237878.0,"Joe Biden, the Democrat"
201701239132.0,"Joe Biden, the Democrat"
201701239730.0,"Donald Trump, the Republican"
201701239846.0,"Joe Biden, the Democrat"
201701241112.0,"Joe Biden, the Democrat"
201701241137.0,"Joe Biden, the Democrat"
201701241642.0,"Donald Trump, the Republican"
201701241672.0,"Joe Biden, the Democrat"
201701241913.0,"Joe Biden, the Democrat"
201701242137.0,"Joe Biden, the Democrat"
201701242147.0,"Donald Trump, the Republican"
201701242501.0,"Joe Biden, the Democrat"
201701243138.0,"Joe Biden, the Democrat"
201701243839.0,"Donald Trump, the Republican"
201701244243.0,"Donald Trump, the Republican"
201701245388.0,"Joe Biden, the Democrat"
201701246589.0,"Joe Biden, the Democrat"
201701248969.0,"Donald Trump, the Republican"
201701250702.0,"Joe Biden, the Democrat"
201701250933.0,"Donald Trump, the Republican"
201701251752.0,"Joe Biden, the Democrat"
201701251888.0,"Donald Trump, the Republican"
201701252988.0,"Donald Trump, the Republican"
201701253214.0,"Joe Biden, the Democrat"
201701254556.0,"Joe Biden, the Democrat"
201701255360.0,"Joe Biden, the Democrat"
201701255880.0,"Joe Biden, the Democrat"
201701256039.0,"Joe Biden, the Democrat"
201701256892.0,"Joe Biden, the Democrat"
201701257013.0,"Donald Trump, the Republican"
201701257173.0,"Joe Biden, the Democrat"
201701258107.0,
201701258191.0,"Donald Trump, the Republican"
201701258551.0,"Donald Trump, the Republican"
201701259063.0,"Joe Biden, the Democrat"
201701259134.0,"Donald Trump, the Republican"
201701260307.0,"Donald Trump, the Republican"
201701260770.0,"Joe Biden, the Democrat"
201701260940.0,"Joe Biden, the Democrat"
201701261125.0,Another candidate
201701261721.0,"Donald Trump, the Republican"
201701261835.0,"Joe Biden, the Democrat"
201701263943.0,"Donald Trump, the Republican"
201701264035.0,"Donald Trump, the Republican"
201701264817.0,"Joe Biden, the Democrat"
201701264956.0,
201701265408.0,"Joe Biden, the Democrat"
201701265692.0,"Donald Trump, the Republican"
201701266283.0,"Joe Biden, the Democrat"
201701268785.0,"Joe Biden, the Democrat"
201701270781.0,"Joe Biden, the Democrat"
201701271927.0,"Joe Biden, the Democrat"
201701273413.0,"Joe Biden, the Democrat"
201701273628.0,"Donald Trump, the Republican"
201701274719.0,"Donald Trump, the Republican"
201701275040.0,"Joe Biden, the Democrat"
201701275532.0,"Donald Trump, the Republican"
201701276587.0,"Joe Biden, the Democrat"
201701277969.0,
201701278421.0,"Joe Biden, the Democrat"
201701280309.0,"Joe Biden, the Democrat"
201701283220.0,"Donald Trump, the Republican"
201701284001.0,"Joe Biden, the Democrat"
201701284756.0,"Donald Trump, the Republican"
201701285880.0,"Joe Biden, the Democrat"
201701287342.0,"Joe Biden, the Democrat"
201701289485.0,"Donald Trump, the Republican"
201701289656.0,"Donald Trump, the Republican"
201701289895.0,"Joe Biden, the Democrat"
201701290295.0,"Donald Trump, the Republican"
201701294216.0,"Donald Trump, the Republican"
201701294921.0,"Joe Biden, the Democrat"
201701600071.0,Refused
201701600231.0,"Donald Trump, the Republican"
201701600899.0,
201701601003.0,"Donald Trump, the Republican"
201701601037.0,"Joe Biden, the Democrat"
201701601497.0,"Joe Biden, the Democrat"
201701601511.0,"Joe Biden, the Democrat"
201701601725.0,"Joe Biden, the Democrat"
201701602394.0,"Joe Biden, the Democrat"
201701602937.0,"Donald Trump, the Republican"
201701602961.0,"Joe Biden, the Democrat"
201701603048.0,"Donald Trump, the Republican"
201701603139.0,"Joe Biden, the Democrat"
201701603190.0,"Joe Biden, the Democrat"
201701603266.0,"Joe Biden, the Democrat"
201701603465.0,"Donald Trump, the Republican"
201701603590.0,"Joe Biden, the Democrat"
201701603628.0,"Joe Biden, the Democrat"
201701604606.0,
201701605425.0,"Donald Trump, the Republican"
201701605699.0,"Donald Trump, the Republican"
201701605904.0,"Joe Biden, the Democrat"
201701605955.0,"Joe Biden, the Democrat"
201701606150.0,"Joe Biden, the Democrat"
201701606330.0,"Joe Biden, the Democrat"
201701606521.0,"Donald Trump, the Republican"
201701607001.0,"Joe Biden, the Democrat"
201701607476.0,"Joe Biden, the Democrat"
201701607480.0,"Joe Biden, the Democrat"
201701607819.0,"Joe Biden, the Democrat"
201701607904.0,"Joe Biden, the Democrat"
201701608023.0,"Joe Biden, the Democrat"
201701608109.0,
201701608387.0,"Donald Trump, the Republican"
201701608390.0,"Joe Biden, the Democrat"
201701608671.0,"Donald Trump, the Republican"
201701608809.0,"Donald Trump, the Republican"
201701608817.0,"Joe Biden, the Democrat"
201701609128.0,"Joe Biden, the Democrat"
201701609372.0,"Joe Biden, the Democrat"
201701609441.0,"Joe Biden, the Democrat"
201701609542.0,"Donald Trump, the Republican"
201701609652.0,"Joe Biden, the Democrat"
201701609785.0,"Joe Biden, the Democrat"
201701610403.0,"Joe Biden, the Democrat"
201701610536.0,"Donald Trump, the Republican"
201701610546.0,"Donald Trump, the Republican"
201701610930.0,"Donald Trump, the Republican"
201701611060.0,"Joe Biden, the Democrat"
201701611096.0,"Joe Biden, the Democrat"
201701612453.0,"Donald Trump, the Republican"
201701612823.0,"Joe Biden, the Democrat"
201701613286.0,
201701613524.0,"Donald Trump, the Republican"
201701613588.0,"Joe Biden, the Democrat"
201701614095.0,"Joe Biden, the Democrat"
201701614365.0,"Joe Biden, the Democrat"
201701614438.0,"Donald Trump, the Republican"
201701614640.0,"Donald Trump, the Republican"
201701614857.0,"Joe Biden, the Democrat"
201701615366.0,"Donald Trump, the Republican"
201701616369.0,"Joe Biden, the Democrat"
201701616800.0,"Joe Biden, the Democrat"
201701617146.0,"Joe Biden, the Democrat"
201701617271.0,"Joe Biden, the Democrat"
201701617387.0,"Joe Biden, the Democrat"
201701617953.0,"Donald Trump, the Republican"
201701618301.0,"Joe Biden, the Democrat"
201701618477.0,"Joe Biden, the Democrat"
201701618677.0,"Donald Trump, the Republican"
201701619446.0,"Donald Trump, the Republican"
201701619456.0,"Joe Biden, the Democrat"
201701619463.0,"Donald Trump, the Republican"
201701620095.0,"Donald Trump, the Republican"
201701620576.0,"Joe Biden, the Democrat"
201701621299.0,"Joe Biden, the Democrat"
201701621328.0,"Joe Biden, the Democrat"
201701621782.0,"Donald Trump, the Republican"
201701621926.0,"Joe Biden, the Democrat"
201701621929.0,
201701622285.0,"Joe Biden, the Democrat"
201701622534.0,"Joe Biden, the Democrat"
201701622651.0,"Joe Biden, the Democrat"
201701622914.0,"Joe Biden, the Democrat"
201701622976.0,
201701623102.0,"Joe Biden, the Democrat"
201701623394.0,"Donald Trump, the Republican"
201701624259.0,"Joe Biden, the Democrat"
201701624795.0,"Joe Biden, the Democrat"
201701625140.0,"Jo Jorgensen, the Libertarian Party candidate"
201701625717.0,"Joe Biden, the Democrat"
201701626179.0,"Donald Trump, the Republican"
201701626907.0,"Joe Biden, the Democrat"
201701627727.0,"Joe Biden, the Democrat"
201701628100.0,Another candidate
201701629027.0,"Joe Biden, the Democrat"
201701629223.0,"Donald Trump, the Republican"
201701629496.0,"Donald Trump, the Republican"
201701629537.0,"Donald Trump, the Republican"
201701630536.0,"Donald Trump, the Republican"
201701630623.0,
201701630863.0,"Joe Biden, the Democrat"
201701631071.0,"Joe Biden, the Democrat"
201701631135.0,"Joe Biden, the Democrat"
201701631249.0,
201701631683.0,
201701632649.0,"Donald Trump, the Republican"
201701632873.0,
201701633361.0,
201701633668.0,Refused
201701634066.0,"Joe Biden, the Democrat"
201701634255.0,"Donald Trump, the Republican"
201701634735.0,"Joe Biden, the Democrat"
201701634759.0,
201701635321.0,"Joe Biden, the Democrat"
201701635609.0,"Joe Biden, the Democrat"
201701635616.0,"Jo Jorgensen, the Libertarian Party candidate"
201701635769.0,"Donald Trump, the Republican"
201701635779.0,
201701636267.0,"Joe Biden, the Democrat"
201701636662.0,"Joe Biden, the Democrat"
201701636901.0,"Donald Trump, the Republican"
201701636928.0,"Donald Trump, the Republican"
201701637121.0,"Jo Jorgensen, the Libertarian Party candidate"
201701637196.0,"Jo Jorgensen, the Libertarian Party candidate"
201701638114.0,"Joe Biden, the Democrat"
201701639508.0,"Donald Trump, the Republican"
201701640014.0,"Joe Biden, the Democrat"
201701640336.0,"Joe Biden, the Democrat"
201701640523.0,"Joe Biden, the Democrat"
201701641473.0,
201701641615.0,"Donald Trump, the Republican"
201701642511.0,
201701642517.0,"Joe Biden, the Democrat"
201701642652.0,"Joe Biden, the Democrat"
201701642666.0,"Joe Biden, the Democrat"
201701642740.0,"Joe Biden, the Democrat"
201701643011.0,"Joe Biden, the Democrat"
201701643053.0,
201701643166.0,"Joe Biden, the Democrat"
201701643175.0,"Donald Trump, the Republican"
201701643262.0,"Donald Trump, the Republican"
201701643388.0,
201701643469.0,"Donald Trump, the Republican"
201701643850.0,"Donald Trump, the Republican"
201701644429.0,"Joe Biden, the Democrat"
201701644788.0,"Joe Biden, the Democrat"
201701645082.0,"Joe Biden, the Democrat"
201701645957.0,"Joe Biden, the Democrat"
201701646732.0,"Joe Biden, the Democrat"
201701646756.0,"Joe Biden, the Democrat"
201701647496.0,"Joe Biden, the Democrat"
201701647575.0,"Joe Biden, the Democrat"
201701647676.0,"Joe Biden, the Democrat"
201701647711.0,"Joe Biden, the Democrat"
201701647736.0,"Joe Biden, the Democrat"
201701647960.0,"Joe Biden, the Democrat"
201701647977.0,"Joe Biden, the Democrat"
201701648316.0,"Joe Biden, the Democrat"
201701648829.0,"Joe Biden, the Democrat"
201701648997.0,"Donald Trump, the Republican"
201701649279.0,"Donald Trump, the Republican"
201701649376.0,
201701649448.0,"Joe Biden, the Democrat"
201701649728.0,"Joe Biden, the Democrat"
201701649905.0,"Joe Biden, the Democrat"
201701650399.0,"Joe Biden, the Democrat"
201701650762.0,"Joe Biden, the Democrat"
201701651035.0,"Joe Biden, the Democrat"
201701651057.0,"Joe Biden, the Democrat"
201701651701.0,"Joe Biden, the Democrat"
201701651794.0,
201701652109.0,"Donald Trump, the Republican"
201701652152.0,"Donald Trump, the Republican"
201701653417.0,
201701653727.0,"Donald Trump, the Republican"
201701654247.0,"Joe Biden, the Democrat"
201701655314.0,
201701656157.0,"Joe Biden, the Democrat"
201701657091.0,"Joe Biden, the Democrat"
201701657354.0,"Donald Trump, the Republican"
201701657660.0,"Joe Biden, the Democrat"
201701658035.0,"Joe Biden, the Democrat"
201701658319.0,"Joe Biden, the Democrat"
201701658645.0,"Joe Biden, the Democrat"
201701658716.0,"Joe Biden, the Democrat"
201701658940.0,"Donald Trump, the Republican"
201701658949.0,"Joe Biden, the Democrat"
201701659002.0,
201701659298.0,"Donald Trump, the Republican"
201701660510.0,"Joe Biden, the Democrat"
201701660516.0,"Joe Biden, the Democrat"
201701660622.0,
201701660909.0,
201701661076.0,"Joe Biden, the Democrat"
201701661123.0,"Donald Trump, the Republican"
201701661147.0,"Donald Trump, the Republican"
201701662260.0,"Donald Trump, the Republican"
201701662550.0,"Joe Biden, the Democrat"
201701662558.0,"Donald Trump, the Republican"
201701662648.0,"Donald Trump, the Republican"
201701662714.0,"Joe Biden, the Democrat"
201701663692.0,"Donald Trump, the Republican"
201701664244.0,"Joe Biden, the Democrat"
201701664888.0,"Joe Biden, the Democrat"
201701665154.0,"Joe Biden, the Democrat"
201701665582.0,
201701665607.0,"Joe Biden, the Democrat"
201701665628.0,
201701665651.0,"Donald Trump, the Republican"
201701665792.0,"Joe Biden, the Democrat"
201701665943.0,
201701666392.0,"Joe Biden, the Democrat"
201701666727.0,
201701667125.0,
201701667233.0,"Donald Trump, the Republican"
201701668073.0,"Joe Biden, the Democrat"
201701668677.0,"Joe Biden, the Democrat"
201701669333.0,"Donald Trump, the Republican"
201701669369.0,"Joe Biden, the Democrat"
201701669511.0,"Joe Biden, the Democrat"
201701669600.0,"Donald Trump, the Republican"
201701669764.0,"Donald Trump, the Republican"
201701670581.0,"Joe Biden, the Democrat"
201701671038.0,"Joe Biden, the Democrat"
201701671197.0,"Donald Trump, the Republican"
201701671292.0,"Joe Biden, the Democrat"
201701671805.0,"Joe Biden, the Democrat"
201701671858.0,
201701671884.0,"Joe Biden, the Democrat"
201701672749.0,"Donald Trump, the Republican"
201701674853.0,"Joe Biden, the Democrat"
201701675153.0,
201701675450.0,"Joe Biden, the Democrat"
201701675847.0,
201701676350.0,"Donald Trump, the Republican"
201701676912.0,"Joe Biden, the Democrat"
201701677542.0,"Donald Trump, the Republican"
201701677591.0,"Joe Biden, the Democrat"
201701677731.0,"Joe Biden, the Democrat"
201701677878.0,"Joe Biden, the Democrat"
201701678401.0,"Joe Biden, the Democrat"
201701678593.0,"Donald Trump, the Republican"
201701678777.0,"Joe Biden, the Democrat"
201701679157.0,"Donald Trump, the Republican"
201701679209.0,"Jo Jorgensen, the Libertarian Party candidate"
201701679545.0,"Joe Biden, the Democrat"
201701679724.0,"Donald Trump, the Republican"
201701680038.0,"Joe Biden, the Democrat"
201701681031.0,"Joe Biden, the Democrat"
201701681844.0,"Joe Biden, the Democrat"
201701681985.0,"Joe Biden, the Democrat"
201701682236.0,"Donald Trump, the Republican"
201701682378.0,
201701682407.0,"Joe Biden, the Democrat"
201701682414.0,"Donald Trump, the Republican"
201701682656.0,"Donald Trump, the Republican"
201701683212.0,"Donald Trump, the Republican"
201701683292.0,"Joe Biden, the Democrat"
201701684328.0,"Donald Trump, the Republican"
201701684527.0,"Donald Trump, the Republican"
201701684661.0,"Joe Biden, the Democrat"
201701684785.0,
201701684795.0,"Joe Biden, the Democrat"
201701684911.0,"Joe Biden, the Democrat"
201701685687.0,"Joe Biden, the Democrat"
201701686124.0,"Joe Biden, the Democrat"
201701686171.0,"Joe Biden, the Democrat"
201701686476.0,"Joe Biden, the Democrat"
201701686892.0,"Jo Jorgensen, the Libertarian Party candidate"
201701687014.0,
201701687546.0,"Donald Trump, the Republican"
201701687565.0,"Joe Biden, the Democrat"
201701687851.0,"Donald Trump, the Republican"
201701688174.0,"Joe Biden, the Democrat"
201701688460.0,"Donald Trump, the Republican"
201701688857.0,"Joe Biden, the Democrat"
201701688908.0,"Joe Biden, the Democrat"
201701690119.0,"Joe Biden, the Democrat"
201701690323.0,"Joe Biden, the Democrat"
201701690429.0,"Joe Biden, the Democrat"
201701690787.0,Another candidate
201701690935.0,"Joe Biden, the Democrat"
201701691053.0,"Joe Biden, the Democrat"
201701691214.0,"Joe Biden, the Democrat"
201701691341.0,"Joe Biden, the Democrat"
201701691400.0,"Donald Trump, the Republican"
201701691633.0,"Joe Biden, the Democrat"
201701691779.0,"Donald Trump, the Republican"
201701692063.0,"Donald Trump, the Republican"
201701692167.0,"Joe Biden, the Democrat"
201701692909.0,"Joe Biden, the Democrat"
201701693435.0,"Donald Trump, the Republican"
201701693582.0,"Joe Biden, the Democrat"
201701693618.0,"Joe Biden, the Democrat"
201701693735.0,"Joe Biden, the Democrat"
201701694636.0,"Joe Biden, the Democrat"
201701694992.0,"Joe Biden, the Democrat"
201701695007.0,"Joe Biden, the Democrat"
201701695571.0,"Joe Biden, the Democrat"
201701695713.0,"Donald Trump, the Republican"
201701695901.0,"Joe Biden, the Democrat"
201701696926.0,"Donald Trump, the Republican"
201701696980.0,"Donald Trump, the Republican"
201701697127.0,"Joe Biden, the Democrat"
201701697440.0,"Donald Trump, the Republican"
201701698191.0,"Joe Biden, the Democrat"
201701698256.0,"Joe Biden, the Democrat"
201701698267.0,"Joe Biden, the Democrat"
201701698723.0,
201701699243.0,
201701699356.0,
201701699659.0,"Joe Biden, the Democrat"
201701700750.0,"Joe Biden, the Democrat"
201701701371.0,"Donald Trump, the Republican"
201701701610.0,
201701701816.0,"Donald Trump, the Republican"
201701702225.0,"Joe Biden, the Democrat"
201701702866.0,"Joe Biden, the Democrat"
201701702980.0,Another candidate
201701703253.0,"Joe Biden, the Democrat"
201701703595.0,
201701703765.0,"Joe Biden, the Democrat"
201701704165.0,"Donald Trump, the Republican"
201701704174.0,"Joe Biden, the Democrat"
201701704220.0,"Joe Biden, the Democrat"
201701704989.0,
201701705856.0,"Donald Trump, the Republican"
201701706120.0,"Howie Hawkins, the Green Party candidate"
201701706411.0,"Joe Biden, the Democrat"
201701706522.0,"Joe Biden, the Democrat"
201701707240.0,"Joe Biden, the Democrat"
201701707483.0,"Joe Biden, the Democrat"
201701708038.0,"Donald Trump, the Republican"
201701708598.0,"Donald Trump, the Republican"
201701708677.0,"Donald Trump, the Republican"
201701709488.0,"Joe Biden, the Democrat"
201701710347.0,"Joe Biden, the Democrat"
201701710900.0,"Donald Trump, the Republican"
201701711606.0,
201701711715.0,"Donald Trump, the Republican"
201701711731.0,
201701712221.0,"Joe Biden, the Democrat"
201701712793.0,"Donald Trump, the Republican"
201701713004.0,"Joe Biden, the Democrat"
201701713166.0,"Joe Biden, the Democrat"
201701713201.0,"Joe Biden, the Democrat"
201701713214.0,"Joe Biden, the Democrat"
201701713232.0,
201701713877.0,"Donald Trump, the Republican"
201701714612.0,"Joe Biden, the Democrat"
201701714802.0,"Joe Biden, the Democrat"
201701715235.0,Refused
201701715293.0,"Joe Biden, the Democrat"
201701715644.0,"Donald Trump, the Republican"
201701715648.0,"Jo Jorgensen, the Libertarian Party candidate"
201701715651.0,"Donald Trump, the Republican"
201701716103.0,"Donald Trump, the Republican"
201701716173.0,"Joe Biden, the Democrat"
201701716802.0,"Donald Trump, the Republican"
201701717168.0,"Joe Biden, the Democrat"
201701717300.0,"Donald Trump, the Republican"
201701717691.0,"Joe Biden, the Democrat"
201701717772.0,"Joe Biden, the Democrat"
201701717806.0,"Donald Trump, the Republican"
201701717982.0,"Joe Biden, the Democrat"
201701719046.0,"Donald Trump, the Republican"
201701719226.0,
201701720096.0,"Joe Biden, the Democrat"
201701720287.0,"Joe Biden, the Democrat"
201701720565.0,"Joe Biden, the Democrat"
201701720640.0,"Joe Biden, the Democrat"
201701721305.0,"Donald Trump, the Republican"
201701721329.0,"Joe Biden, the Democrat"
201701721488.0,"Joe Biden, the Democrat"
201701721736.0,"Joe Biden, the Democrat"
201701722184.0,"Donald Trump, the Republican"
201701722580.0,"Donald Trump, the Republican"
201701722944.0,"Donald Trump, the Republican"
201701723451.0,"Donald Trump, the Republican"
201701723539.0,"Joe Biden, the Democrat"
201701723603.0,
201701723640.0,"Joe Biden, the Democrat"
201701723920.0,
201701724109.0,"Joe Biden, the Democrat"
201701724122.0,"Joe Biden, the Democrat"
201701724134.0,
201701724208.0,"Donald Trump, the Republican"
201701724617.0,"Donald Trump, the Republican"
201701725053.0,"Joe Biden, the Democrat"
201701725198.0,"Joe Biden, the Democrat"
201701725307.0,"Donald Trump, the Republican"
201701726110.0,
201701726912.0,"Donald Trump, the Republican"
201701727296.0,"Joe Biden, the Democrat"
201701727498.0,"Joe Biden, the Democrat"
201701728224.0,"Joe Biden, the Democrat"
201701728644.0,"Joe Biden, the Democrat"
201701729527.0,"Joe Biden, the Democrat"
201701729596.0,"Joe Biden, the Democrat"
201701730197.0,"Joe Biden, the Democrat"
201701730250.0,
201701730532.0,"Joe Biden, the Democrat"
201701730585.0,"Donald Trump, the Republican"
201701730768.0,"Joe Biden, the Democrat"
201701730879.0,"Donald Trump, the Republican"
201701731382.0,
201701732371.0,"Jo Jorgensen, the Libertarian Party candidate"
201701732803.0,
201701734148.0,"Joe Biden, the Democrat"
201701734489.0,"Joe Biden, the Democrat"
201801000048.0,"Joe Biden, the Democrat"
201801000097.0,
201801000099.0,"Joe Biden, the Democrat"
201801000154.0,"Donald Trump, the Republican"
201801000162.0,"Donald Trump, the Republican"
201801000168.0,"Donald Trump, the Republican"
201801000329.0,"Joe Biden, the Democrat"
201801000341.0,
201801000419.0,"Donald Trump, the Republican"
201801000863.0,"Joe Biden, the Democrat"
201801000954.0,"Joe Biden, the Democrat"
201801000984.0,"Joe Biden, the Democrat"
201801001116.0,"Donald Trump, the Republican"
201801001121.0,"Joe Biden, the Democrat"
201801001147.0,
201801001158.0,"Joe Biden, the Democrat"
201801001376.0,"Donald Trump, the Republican"
201801001456.0,"Joe Biden, the Democrat"
201801001499.0,"Donald Trump, the Republican"
201801001642.0,"Joe Biden, the Democrat"
201801001705.0,"Donald Trump, the Republican"
201801001958.0,"Donald Trump, the Republican"
201801001977.0,"Donald Trump, the Republican"
201801002088.0,"Joe Biden, the Democrat"
201801002101.0,
201801002153.0,"Donald Trump, the Republican"
201801002185.0,"Donald Trump, the Republican"
201801002212.0,
201801002222.0,
201801002238.0,
201801002435.0,
201801002494.0,"Joe Biden, the Democrat"
201801002764.0,"Donald Trump, the Republican"
201801002768.0,
201801002785.0,
201801002809.0,"Joe Biden, the Democrat"
201801002837.0,
201801002884.0,"Joe Biden, the Democrat"
201801002962.0,"Joe Biden, the Democrat"
201801002992.0,"Joe Biden, the Democrat"
201801003162.0,"Joe Biden, the Democrat"
201801003191.0,"Donald Trump, the Republican"
201801003530.0,"Joe Biden, the Democrat"
201801003561.0,"Joe Biden, the Democrat"
201801003595.0,"Joe Biden, the Democrat"
201801003712.0,
201801003838.0,
201801003867.0,
201801004012.0,"Joe Biden, the Democrat"
201801004035.0,"Jo Jorgensen, the Libertarian Party candidate"
201801004146.0,
201801004255.0,
201801004314.0,
201801004432.0,"Joe Biden, the Democrat"
201801004640.0,"Joe Biden, the Democrat"
201801004877.0,
201801004898.0,"Donald Trump, the Republican"
201801004944.0,"Donald Trump, the Republican"
201801004970.0,"Joe Biden, the Democrat"
201801005038.0,"Joe Biden, the Democrat"
201801005071.0,
201801005075.0,"Joe Biden, the Democrat"
201801005136.0,"Donald Trump, the Republican"
201801005158.0,
201801005161.0,"Donald Trump, the Republican"
201801005182.0,"Joe Biden, the Democrat"
201801005282.0,"Joe Biden, the Democrat"
201801005441.0,"Joe Biden, the Democrat"
201801005483.0,"Joe Biden, the Democrat"
201801005490.0,
201801005504.0,"Joe Biden, the Democrat"
201801005624.0,"Joe Biden, the Democrat"
201801005675.0,"Joe Biden, the Democrat"
201801005767.0,"Joe Biden, the Democrat"
201801005861.0,
201801005864.0,"Joe Biden, the Democrat"
201801005905.0,"Donald Trump, the Republican"
201801006132.0,"Joe Biden, the Democrat"
201801006177.0,
201801006202.0,"Joe Biden, the Democrat"
201801006259.0,"Donald Trump, the Republican"
201801006294.0,"Joe Biden, the Democrat"
201801006306.0,"Joe Biden, the Democrat"
201801006376.0,"Donald Trump, the Republican"
201801006487.0,"Joe Biden, the Democrat"
201801006549.0,"Joe Biden, the Democrat"
201801006552.0,
201801006666.0,"Donald Trump, the Republican"
201801006729.0,
201801006778.0,"Joe Biden, the Democrat"
201801007000.0,"Howie Hawkins, the Green Party candidate"
201801007023.0,"Joe Biden, the Democrat"
201801007077.0,"Joe Biden, the Democrat"
201801007113.0,"Joe Biden, the Democrat"
201801007201.0,"Donald Trump, the Republican"
201801007224.0,"Joe Biden, the Democrat"
201801007413.0,"Donald Trump, the Republican"
201801007426.0,"Joe Biden, the Democrat"
201801007441.0,"Joe Biden, the Democrat"
201801007475.0,"Joe Biden, the Democrat"
201801007526.0,"Joe Biden, the Democrat"
201801007527.0,"Joe Biden, the Democrat"
201801007568.0,"Joe Biden, the Democrat"
201801007627.0,"Joe Biden, the Democrat"
201801007690.0,"Joe Biden, the Democrat"
201801007785.0,"Joe Biden, the Democrat"
201801007792.0,"Donald Trump, the Republican"
201801007859.0,
201801007892.0,"Donald Trump, the Republican"
201801007933.0,
201801008026.0,"Joe Biden, the Democrat"
201801008147.0,"Joe Biden, the Democrat"
201801008202.0,"Joe Biden, the Democrat"
201801008227.0,"Joe Biden, the Democrat"
201801008286.0,
201801008363.0,
201801008499.0,"Donald Trump, the Republican"
201801008522.0,
201801008718.0,"Joe Biden, the Democrat"
201801008745.0,"Joe Biden, the Democrat"
201801008759.0,"Joe Biden, the Democrat"
201801008997.0,"Donald Trump, the Republican"
201801009010.0,Another candidate
201801009064.0,
201801009096.0,"Joe Biden, the Democrat"
201801009112.0,"Joe Biden, the Democrat"
201801009141.0,"Joe Biden, the Democrat"
201801009189.0,"Joe Biden, the Democrat"
201801009197.0,"Joe Biden, the Democrat"
201801009209.0,"Joe Biden, the Democrat"
201801009233.0,"Howie Hawkins, the Green Party candidate"
201801009301.0,"Joe Biden, the Democrat"
201801009460.0,"Joe Biden, the Democrat"
201801009810.0,"Joe Biden, the Democrat"
201801009995.0,"Joe Biden, the Democrat"
201801010042.0,"Joe Biden, the Democrat"
201801010296.0,"Joe Biden, the Democrat"
201801010404.0,"Joe Biden, the Democrat"
201801010415.0,"Joe Biden, the Democrat"
201801010444.0,"Joe Biden, the Democrat"
201801010446.0,"Joe Biden, the Democrat"
201801010451.0,"Joe Biden, the Democrat"
201801010466.0,"Donald Trump, the Republican"
201801010469.0,"Joe Biden, the Democrat"
201801010520.0,"Joe Biden, the Democrat"
201801010530.0,"Donald Trump, the Republican"
201801010543.0,"Joe Biden, the Democrat"
201801010864.0,"Joe Biden, the Democrat"
201801010875.0,"Joe Biden, the Democrat"
201801010883.0,"Donald Trump, the Republican"
201801010934.0,"Donald Trump, the Republican"
201801011030.0,"Joe Biden, the Democrat"
201801011032.0,"Joe Biden, the Democrat"
201801011072.0,"Joe Biden, the Democrat"
201801011139.0,"Joe Biden, the Democrat"
201801011142.0,"Donald Trump, the Republican"
201801011170.0,
201801011187.0,"Joe Biden, the Democrat"
201801011196.0,"Joe Biden, the Democrat"
201801011274.0,"Joe Biden, the Democrat"
201801011390.0,"Joe Biden, the Democrat"
201801011392.0,"Joe Biden, the Democrat"
201801011503.0,"Joe Biden, the Democrat"
201801011633.0,
201801011648.0,"Joe Biden, the Democrat"
201801011805.0,"Joe Biden, the Democrat"
201801011816.0,"Joe Biden, the Democrat"
201801011877.0,
201801011929.0,"Donald Trump, the Republican"
201801011936.0,"Joe Biden, the Democrat"
201801011949.0,"Joe Biden, the Democrat"
201801012001.0,
201801012112.0,
201801012174.0,"Donald Trump, the Republican"
201801012191.0,"Joe Biden, the Democrat"
201801012248.0,"Joe Biden, the Democrat"
201801012339.0,
201801012434.0,"Joe Biden, the Democrat"
201801012476.0,
201801012477.0,
201801012539.0,
201801012544.0,"Donald Trump, the Republican"
201801012563.0,"Joe Biden, the Democrat"
201801012568.0,"Donald Trump, the Republican"
201801012653.0,"Jo Jorgensen, the Libertarian Party candidate"
201801012654.0,"Joe Biden, the Democrat"
201801012666.0,"Joe Biden, the Democrat"
201801012704.0,
201801012721.0,"Joe Biden, the Democrat"
201801012727.0,"Donald Trump, the Republican"
201801012729.0,"Joe Biden, the Democrat"
201801012748.0,"Donald Trump, the Republican"
201801012794.0,"Joe Biden, the Democrat"
201801012862.0,"Joe Biden, the Democrat"
201801012915.0,
201801012918.0,"Joe Biden, the Democrat"
201801012957.0,"Joe Biden, the Democrat"
201801013132.0,"Joe Biden, the Democrat"
201801013161.0,
201801013184.0,"Joe Biden, the Democrat"
201801013189.0,"Joe Biden, the Democrat"
201801013339.0,"Joe Biden, the Democrat"
201801013404.0,"Joe Biden, the Democrat"
201801013491.0,"Joe Biden, the Democrat"
201801013506.0,"Donald Trump, the Republican"
201801013592.0,"Joe Biden, the Democrat"
201801013712.0,"Joe Biden, the Democrat"
201801013784.0,"Joe Biden, the Democrat"
201801013929.0,"Joe Biden, the Democrat"
201801013943.0,"Joe Biden, the Democrat"
201801014053.0,"Donald Trump, the Republican"
201801014090.0,"Joe Biden, the Democrat"
201801014093.0,"Joe Biden, the Democrat"
201801014195.0,
201801014202.0,
201801014234.0,"Joe Biden, the Democrat"
201801014280.0,"Joe Biden, the Democrat"
201801014390.0,
201801014577.0,"Joe Biden, the Democrat"
201801014578.0,"Donald Trump, the Republican"
201801014647.0,"Donald Trump, the Republican"
201801014731.0,"Joe Biden, the Democrat"
201801014745.0,
201801014788.0,"Joe Biden, the Democrat"
201801014915.0,"Donald Trump, the Republican"
201801014939.0,"Donald Trump, the Republican"
201801014949.0,"Joe Biden, the Democrat"
201801015016.0,"Donald Trump, the Republican"
201801015035.0,"Joe Biden, the Democrat"
201801015185.0,"Joe Biden, the Democrat"
201801015275.0,"Joe Biden, the Democrat"
201801015472.0,"Joe Biden, the Democrat"
201801015500.0,
201801015522.0,"Joe Biden, the Democrat"
201801015542.0,"Joe Biden, the Democrat"
201801015581.0,
201801015620.0,"Joe Biden, the Democrat"
201801015624.0,
201801015651.0,"Donald Trump, the Republican"
201801015658.0,"Joe Biden, the Democrat"
201801015678.0,"Joe Biden, the Democrat"
201801015720.0,"Joe Biden, the Democrat"
201801015726.0,"Joe Biden, the Democrat"
201801015744.0,
201801015746.0,"Joe Biden, the Democrat"
201801015839.0,"Donald Trump, the Republican"
201801016016.0,"Joe Biden, the Democrat"
201801016020.0,"Donald Trump, the Republican"
201801016074.0,"Joe Biden, the Democrat"
201801016120.0,"Donald Trump, the Republican"
201801016180.0,"Joe Biden, the Democrat"
201801016382.0,"Donald Trump, the Republican"
201801016443.0,"Donald Trump, the Republican"
201801016496.0,
201801016520.0,"Donald Trump, the Republican"
201801016527.0,"Joe Biden, the Democrat"
201801016563.0,"Donald Trump, the Republican"
201801016575.0,"Joe Biden, the Democrat"
201801016589.0,"Joe Biden, the Democrat"
201801016606.0,"Donald Trump, the Republican"
201801016638.0,"Donald Trump, the Republican"
201801016724.0,"Donald Trump, the Republican"
201801016762.0,"Donald Trump, the Republican"
201801016774.0,"Joe Biden, the Democrat"
201801016838.0,
201801016848.0,"Joe Biden, the Democrat"
201801016880.0,
201801017037.0,"Joe Biden, the Democrat"
201801017060.0,"Joe Biden, the Democrat"
201801017081.0,"Joe Biden, the Democrat"
201801017096.0,"Joe Biden, the Democrat"
201801017228.0,
201801017237.0,"Joe Biden, the Democrat"
201801017247.0,"Joe Biden, the Democrat"
201801017407.0,"Joe Biden, the Democrat"
201801017416.0,"Joe Biden, the Democrat"
201801017422.0,"Joe Biden, the Democrat"
201801017429.0,"Donald Trump, the Republican"
201801017444.0,
201801017490.0,"Donald Trump, the Republican"
201801017510.0,"Joe Biden, the Democrat"
201801017551.0,"Joe Biden, the Democrat"
201801017602.0,"Joe Biden, the Democrat"
201801017742.0,"Donald Trump, the Republican"
201801017893.0,
201801017914.0,"Joe Biden, the Democrat"
201801017974.0,"Joe Biden, the Democrat"
201801018037.0,"Jo Jorgensen, the Libertarian Party candidate"
201801018046.0,"Donald Trump, the Republican"
201801018122.0,
201801018142.0,"Joe Biden, the Democrat"
201801018182.0,
201801018360.0,"Joe Biden, the Democrat"
201801018370.0,
201801018472.0,"Joe Biden, the Democrat"
201801018600.0,"Joe Biden, the Democrat"
201801018651.0,
201801018678.0,"Joe Biden, the Democrat"
201801018706.0,
201801018787.0,
201801018806.0,"Donald Trump, the Republican"
201801018863.0,
201801018888.0,
201801018913.0,"Joe Biden, the Democrat"
201801019061.0,
201801019064.0,"Jo Jorgensen, the Libertarian Party candidate"
201801019089.0,"Donald Trump, the Republican"
201801019118.0,"Joe Biden, the Democrat"
201801019125.0,"Donald Trump, the Republican"
201801019145.0,"Donald Trump, the Republican"
201801019166.0,"Donald Trump, the Republican"
201801019301.0,
201801019314.0,
201801019357.0,"Joe Biden, the Democrat"
201801019417.0,"Joe Biden, the Democrat"
201801019537.0,"Donald Trump, the Republican"
201801019604.0,"Joe Biden, the Democrat"
201801019645.0,"Joe Biden, the Democrat"
201801019707.0,"Joe Biden, the Democrat"
201801019747.0,"Donald Trump, the Republican"
201801019754.0,"Joe Biden, the Democrat"
201801019778.0,"Donald Trump, the Republican"
201801019802.0,"Donald Trump, the Republican"
201801019873.0,"Donald Trump, the Republican"
201801019889.0,
201801019984.0,"Joe Biden, the Democrat"
201801020031.0,"Donald Trump, the Republican"
201801020088.0,"Donald Trump, the Republican"
201801020091.0,"Donald Trump, the Republican"
201801020170.0,"Joe Biden, the Democrat"
201801020232.0,"Joe Biden, the Democrat"
201801020250.0,
201801020290.0,
201801020291.0,
201801020339.0,"Donald Trump, the Republican"
201801020386.0,"Joe Biden, the Democrat"
201801020446.0,"Donald Trump, the Republican"
201801020566.0,"Donald Trump, the Republican"
201801020611.0,
201801020891.0,"Joe Biden, the Democrat"
201801020928.0,"Donald Trump, the Republican"
201801020976.0,"Joe Biden, the Democrat"
201801020998.0,"Joe Biden, the Democrat"
201801021001.0,"Joe Biden, the Democrat"
201801021110.0,"Joe Biden, the Democrat"
201801021113.0,"Joe Biden, the Democrat"
201801021210.0,"Donald Trump, the Republican"
201801021315.0,
201801021421.0,"Joe Biden, the Democrat"
201801021438.0,
201801021448.0,"Joe Biden, the Democrat"
201801021467.0,"Joe Biden, the Democrat"
201801021513.0,"Joe Biden, the Democrat"
201801021571.0,
201801021693.0,"Joe Biden, the Democrat"
201801021763.0,"Donald Trump, the Republican"
201801021788.0,
201801021817.0,"Joe Biden, the Democrat"
201801021986.0,
201801022067.0,
201801022091.0,"Donald Trump, the Republican"
201801022099.0,"Joe Biden, the Democrat"
201801022194.0,"Joe Biden, the Democrat"
201801022207.0,
201801022366.0,"Joe Biden, the Democrat"
201801022399.0,"Donald Trump, the Republican"
201801022406.0,"Joe Biden, the Democrat"
201801022519.0,"Joe Biden, the Democrat"
201801022520.0,"Joe Biden, the Democrat"
201801022552.0,"Joe Biden, the Democrat"
201801022588.0,"Joe Biden, the Democrat"
201801022649.0,"Joe Biden, the Democrat"
201801022661.0,"Joe Biden, the Democrat"
201801022692.0,"Joe Biden, the Democrat"
201801022725.0,"Donald Trump, the Republican"
201801022862.0,"Donald Trump, the Republican"
201801023124.0,
201801023145.0,"Joe Biden, the Democrat"
201801023224.0,"Joe Biden, the Democrat"
201801023440.0,"Joe Biden, the Democrat"
201801023469.0,"Joe Biden, the Democrat"
201801023477.0,"Donald Trump, the Republican"
201801023479.0,"Donald Trump, the Republican"
201801023585.0,
201801023660.0,"Joe Biden, the Democrat"
201801023702.0,"Joe Biden, the Democrat"
201801023720.0,"Joe Biden, the Democrat"
201801023731.0,"Joe Biden, the Democrat"
201801023733.0,"Donald Trump, the Republican"
201801023734.0,"Joe Biden, the Democrat"
201801023767.0,"Joe Biden, the Democrat"
201801023796.0,"Joe Biden, the Democrat"
201801023861.0,"Joe Biden, the Democrat"
201801023941.0,"Donald Trump, the Republican"
201801023944.0,"Joe Biden, the Democrat"
201801023984.0,
201801024051.0,"Donald Trump, the Republican"
201801024090.0,"Donald Trump, the Republican"
201801024092.0,"Joe Biden, the Democrat"
201801024120.0,"Joe Biden, the Democrat"
201801024170.0,"Joe Biden, the Democrat"
201801024200.0,"Joe Biden, the Democrat"
201801024212.0,"Donald Trump, the Republican"
201801024214.0,"Joe Biden, the Democrat"
201801024229.0,"Joe Biden, the Democrat"
201801024233.0,"Donald Trump, the Republican"
201801024284.0,"Joe Biden, the Democrat"
201801024384.0,"Joe Biden, the Democrat"
201801024427.0,"Joe Biden, the Democrat"
201801024628.0,
201801024892.0,"Joe Biden, the Democrat"
201801024920.0,"Donald Trump, the Republican"
201801024944.0,"Donald Trump, the Republican"
201801024990.0,"Joe Biden, the Democrat"
201801025006.0,"Donald Trump, the Republican"
201801025064.0,"Donald Trump, the Republican"
201801025078.0,"Donald Trump, the Republican"
201801025089.0,
201801025119.0,"Joe Biden, the Democrat"
201801025120.0,"Joe Biden, the Democrat"
201801025149.0,"Joe Biden, the Democrat"
201801025294.0,"Joe Biden, the Democrat"
201801025303.0,
201801025325.0,"Donald Trump, the Republican"
201801025335.0,"Joe Biden, the Democrat"
201801025382.0,"Joe Biden, the Democrat"
201801025396.0,"Joe Biden, the Democrat"
201801025409.0,"Joe Biden, the Democrat"
201801025416.0,"Joe Biden, the Democrat"
201801025482.0,"Donald Trump, the Republican"
201801025542.0,"Joe Biden, the Democrat"
201801025548.0,"Joe Biden, the Democrat"
201801025601.0,"Joe Biden, the Democrat"
201801025673.0,
201801025674.0,
201801025692.0,"Jo Jorgensen, the Libertarian Party candidate"
201801025725.0,
201801025815.0,"Joe Biden, the Democrat"
201801025817.0,"Donald Trump, the Republican"
201801025873.0,"Joe Biden, the Democrat"
201801025928.0,"Joe Biden, the Democrat"
201801025941.0,"Joe Biden, the Democrat"
201801026068.0,"Joe Biden, the Democrat"
201801026220.0,"Joe Biden, the Democrat"
201801026228.0,
201801026424.0,"Joe Biden, the Democrat"
201801026461.0,"Joe Biden, the Democrat"
201801026531.0,"Joe Biden, the Democrat"
201801026547.0,"Joe Biden, the Democrat"
201801026612.0,"Joe Biden, the Democrat"
201801026687.0,"Joe Biden, the Democrat"
201801026702.0,
201801026804.0,"Joe Biden, the Democrat"
201801027066.0,"Joe Biden, the Democrat"
201801027120.0,"Joe Biden, the Democrat"
201801027281.0,"Joe Biden, the Democrat"
201801027461.0,"Donald Trump, the Republican"
201801027477.0,"Joe Biden, the Democrat"
201801027526.0,
201801027530.0,"Joe Biden, the Democrat"
201801027652.0,"Donald Trump, the Republican"
201801027665.0,"Donald Trump, the Republican"
201801027814.0,"Donald Trump, the Republican"
201801027867.0,"Howie Hawkins, the Green Party candidate"
201801027874.0,"Joe Biden, the Democrat"
201801027888.0,"Donald Trump, the Republican"
201801027894.0,"Joe Biden, the Democrat"
201801027914.0,"Joe Biden, the Democrat"
201801027946.0,"Donald Trump, the Republican"
201801027954.0,
201801027955.0,"Donald Trump, the Republican"
201801027958.0,"Donald Trump, the Republican"
201801028005.0,"Joe Biden, the Democrat"
201801028017.0,"Joe Biden, the Democrat"
201801028040.0,"Joe Biden, the Democrat"
201801028047.0,"Donald Trump, the Republican"
201801028082.0,
201801028152.0,
201801028171.0,
201801028345.0,"Joe Biden, the Democrat"
201801028392.0,"Joe Biden, the Democrat"
201801028536.0,"Donald Trump, the Republican"
201801028556.0,"Joe Biden, the Democrat"
201801028630.0,
201801028677.0,"Joe Biden, the Democrat"
201801028719.0,"Donald Trump, the Republican"
201801028720.0,"Joe Biden, the Democrat"
201801028729.0,"Donald Trump, the Republican"
201801028756.0,"Donald Trump, the Republican"
201801028812.0,"Donald Trump, the Republican"
201801028853.0,"Donald Trump, the Republican"
201801028869.0,"Donald Trump, the Republican"
201801028877.0,"Donald Trump, the Republican"
201801028885.0,"Joe Biden, the Democrat"
201801029055.0,
201801029056.0,"Jo Jorgensen, the Libertarian Party candidate"
201801029095.0,"Joe Biden, the Democrat"
201801029241.0,"Joe Biden, the Democrat"
201801029377.0,"Joe Biden, the Democrat"
201801029389.0,"Joe Biden, the Democrat"
201801029525.0,"Joe Biden, the Democrat"
201801029569.0,"Donald Trump, the Republican"
201801029633.0,
201801029679.0,
201801029773.0,
201801029858.0,"Joe Biden, the Democrat"
201801029860.0,"Joe Biden, the Democrat"
201801029887.0,"Donald Trump, the Republican"
201801029985.0,"Donald Trump, the Republican"
201801030104.0,"Joe Biden, the Democrat"
201801030120.0,"Joe Biden, the Democrat"
201801030142.0,
201801030467.0,"Joe Biden, the Democrat"
201801030609.0,"Donald Trump, the Republican"
201801030612.0,"Joe Biden, the Democrat"
201801030635.0,"Joe Biden, the Democrat"
201801030712.0,"Joe Biden, the Democrat"
201801030717.0,"Donald Trump, the Republican"
201801030770.0,"Donald Trump, the Republican"
201801030827.0,"Donald Trump, the Republican"
201801030843.0,"Donald Trump, the Republican"
201801030891.0,
201801030954.0,"Joe Biden, the Democrat"
201801030986.0,
201801031124.0,
201801031172.0,
201801031286.0,"Joe Biden, the Democrat"
201801031287.0,"Joe Biden, the Democrat"
201801031427.0,
201801031442.0,"Joe Biden, the Democrat"
201801031465.0,"Joe Biden, the Democrat"
201801031509.0,"Joe Biden, the Democrat"
201801031591.0,"Donald Trump, the Republican"
201801031594.0,"Joe Biden, the Democrat"
201801031827.0,
201801031871.0,"Joe Biden, the Democrat"
201801031969.0,
201801031971.0,"Joe Biden, the Democrat"
201801031979.0,"Joe Biden, the Democrat"
201801032021.0,"Joe Biden, the Democrat"
201801032024.0,
201801032061.0,
201801032119.0,
201801032256.0,"Joe Biden, the Democrat"
201801032354.0,
201801032455.0,"Joe Biden, the Democrat"
201801032456.0,"Joe Biden, the Democrat"
201801032528.0,"Donald Trump, the Republican"
201801032535.0,"Joe Biden, the Democrat"
201801032543.0,"Joe Biden, the Democrat"
201801032559.0,"Joe Biden, the Democrat"
201801032635.0,"Joe Biden, the Democrat"
201801032699.0,"Joe Biden, the Democrat"
201801032767.0,"Joe Biden, the Democrat"
201801032779.0,"Joe Biden, the Democrat"
201801032876.0,"Donald Trump, the Republican"
201801032936.0,"Joe Biden, the Democrat"
201801032954.0,
201801032972.0,"Joe Biden, the Democrat"
201801033001.0,"Joe Biden, the Democrat"
201801033049.0,"Joe Biden, the Democrat"
201801033050.0,
201801033063.0,"Joe Biden, the Democrat"
201801033070.0,"Joe Biden, the Democrat"
201801033072.0,"Joe Biden, the Democrat"
201801033150.0,
201801033515.0,"Joe Biden, the Democrat"
201801033524.0,"Joe Biden, the Democrat"
201801033541.0,"Joe Biden, the Democrat"
201801033554.0,"Donald Trump, the Republican"
201801033613.0,"Donald Trump, the Republican"
201801033662.0,"Joe Biden, the Democrat"
201801033756.0,"Joe Biden, the Democrat"
201801033760.0,"Joe Biden, the Democrat"
201801033864.0,"Joe Biden, the Democrat"
201801033979.0,"Joe Biden, the Democrat"
201801034187.0,"Joe Biden, the Democrat"
201801034285.0,"Joe Biden, the Democrat"
201801034336.0,"Joe Biden, the Democrat"
201801034414.0,"Donald Trump, the Republican"
201801034451.0,"Joe Biden, the Democrat"
201801034476.0,"Joe Biden, the Democrat"
201801034565.0,"Joe Biden, the Democrat"
201801034566.0,"Joe Biden, the Democrat"
201801034663.0,"Donald Trump, the Republican"
201801034748.0,"Joe Biden, the Democrat"
201801034777.0,"Joe Biden, the Democrat"
201801034847.0,
201801034999.0,
201801035054.0,"Donald Trump, the Republican"
201801035061.0,"Donald Trump, the Republican"
201801035067.0,"Joe Biden, the Democrat"
201801035081.0,"Joe Biden, the Democrat"
201801035087.0,"Howie Hawkins, the Green Party candidate"
201801035140.0,"Joe Biden, the Democrat"
201801035247.0,"Joe Biden, the Democrat"
201801035306.0,Another candidate
201801035347.0,
201801035385.0,"Joe Biden, the Democrat"
201801035386.0,"Joe Biden, the Democrat"
201801035431.0,"Joe Biden, the Democrat"
201801035461.0,"Joe Biden, the Democrat"
201801035717.0,"Joe Biden, the Democrat"
201801035731.0,
201801035872.0,
201801035941.0,"Joe Biden, the Democrat"
201801036052.0,"Donald Trump, the Republican"
201801036208.0,"Joe Biden, the Democrat"
201801036271.0,
201801036295.0,"Howie Hawkins, the Green Party candidate"
201801036328.0,
201801036388.0,"Joe Biden, the Democrat"
201801036404.0,"Joe Biden, the Democrat"
201801036406.0,"Joe Biden, the Democrat"
201801036436.0,"Joe Biden, the Democrat"
201801036523.0,"Joe Biden, the Democrat"
201801036666.0,"Donald Trump, the Republican"
201801036673.0,"Joe Biden, the Democrat"
201801036697.0,"Joe Biden, the Democrat"
201801036725.0,"Donald Trump, the Republican"
201801036785.0,"Joe Biden, the Democrat"
201801036849.0,"Joe Biden, the Democrat"
201801036860.0,"Joe Biden, the Democrat"
201801036896.0,"Joe Biden, the Democrat"
201801036941.0,"Joe Biden, the Democrat"
201801036988.0,"Donald Trump, the Republican"
201801037008.0,"Joe Biden, the Democrat"
201801037020.0,"Joe Biden, the Democrat"
201801037041.0,"Donald Trump, the Republican"
201801037048.0,"Donald Trump, the Republican"
201801037074.0,"Joe Biden, the Democrat"
201801037188.0,
201801037242.0,"Joe Biden, the Democrat"
201801037243.0,"Joe Biden, the Democrat"
201801037316.0,
201801037388.0,"Joe Biden, the Democrat"
201801037448.0,"Joe Biden, the Democrat"
201801037602.0,"Donald Trump, the Republican"
201801037654.0,"Joe Biden, the Democrat"
201801037657.0,"Joe Biden, the Democrat"
201801037804.0,"Joe Biden, the Democrat"
201801037812.0,"Joe Biden, the Democrat"
201801037833.0,"Joe Biden, the Democrat"
201801037837.0,"Joe Biden, the Democrat"
201801037906.0,"Joe Biden, the Democrat"
201801037927.0,"Donald Trump, the Republican"
201801037976.0,Another candidate
201801037987.0,"Joe Biden, the Democrat"
201801038005.0,"Joe Biden, the Democrat"
201801038033.0,Refused
201801038113.0,
201801038140.0,"Joe Biden, the Democrat"
201801038195.0,"Joe Biden, the Democrat"
201801038222.0,"Joe Biden, the Democrat"
201801038290.0,
201801038312.0,"Joe Biden, the Democrat"
201801038334.0,"Joe Biden, the Democrat"
201801038399.0,"Joe Biden, the Democrat"
201801038439.0,"Joe Biden, the Democrat"
201801038456.0,"Joe Biden, the Democrat"
201801038465.0,
201801038502.0,"Joe Biden, the Democrat"
201801038728.0,"Joe Biden, the Democrat"
201801038745.0,"Donald Trump, the Republican"
201801038765.0,
201801038801.0,"Joe Biden, the Democrat"
201801038840.0,"Joe Biden, the Democrat"
201801038855.0,"Joe Biden, the Democrat"
201801038861.0,"Joe Biden, the Democrat"
201801038942.0,"Joe Biden, the Democrat"
201801038950.0,"Joe Biden, the Democrat"
201801038998.0,"Joe Biden, the Democrat"
201801039030.0,"Donald Trump, the Republican"
201801039165.0,
201801039318.0,"Joe Biden, the Democrat"
201801039472.0,"Joe Biden, the Democrat"
201801039483.0,"Joe Biden, the Democrat"
201801039531.0,"Donald Trump, the Republican"
201801039560.0,"Joe Biden, the Democrat"
201801039611.0,"Joe Biden, the Democrat"
201801039637.0,"Jo Jorgensen, the Libertarian Party candidate"
201801039663.0,"Joe Biden, the Democrat"
201801039676.0,"Joe Biden, the Democrat"
201801039705.0,"Donald Trump, the Republican"
201801039744.0,
201801039751.0,"Joe Biden, the Democrat"
201801039912.0,"Joe Biden, the Democrat"
201801040000.0,"Joe Biden, the Democrat"
201801040128.0,"Joe Biden, the Democrat"
201801040152.0,"Joe Biden, the Democrat"
201801040193.0,"Joe Biden, the Democrat"
201801040275.0,"Joe Biden, the Democrat"
201801040306.0,"Joe Biden, the Democrat"
201801040318.0,"Joe Biden, the Democrat"
201801040326.0,"Joe Biden, the Democrat"
201801040533.0,"Joe Biden, the Democrat"
201801040550.0,"Joe Biden, the Democrat"
201801040575.0,"Joe Biden, the Democrat"
201801040791.0,"Joe Biden, the Democrat"
201801040829.0,"Joe Biden, the Democrat"
201801040835.0,"Joe Biden, the Democrat"
201801040959.0,"Joe Biden, the Democrat"
201801041113.0,"Donald Trump, the Republican"
201801041130.0,"Joe Biden, the Democrat"
201801041193.0,"Joe Biden, the Democrat"
201801041229.0,"Joe Biden, the Democrat"
201801041238.0,"Donald Trump, the Republican"
201801041261.0,
201801041371.0,"Donald Trump, the Republican"
201801041497.0,"Joe Biden, the Democrat"
201801041549.0,"Joe Biden, the Democrat"
201801041578.0,"Joe Biden, the Democrat"
201801041591.0,"Joe Biden, the Democrat"
201801041660.0,"Joe Biden, the Democrat"
201801041677.0,"Joe Biden, the Democrat"
201801041744.0,"Joe Biden, the Democrat"
201801041753.0,"Joe Biden, the Democrat"
201801041906.0,"Joe Biden, the Democrat"
201801041970.0,"Joe Biden, the Democrat"
201801042039.0,"Donald Trump, the Republican"
201801042041.0,"Joe Biden, the Democrat"
201801042057.0,"Donald Trump, the Republican"
201801042146.0,"Donald Trump, the Republican"
201801042198.0,"Joe Biden, the Democrat"
201801042229.0,"Joe Biden, the Democrat"
201801042236.0,"Joe Biden, the Democrat"
201801042303.0,"Joe Biden, the Democrat"
201801042319.0,"Joe Biden, the Democrat"
201801042343.0,"Joe Biden, the Democrat"
201801042352.0,"Joe Biden, the Democrat"
201801042383.0,"Joe Biden, the Democrat"
201801042426.0,"Donald Trump, the Republican"
201801042439.0,"Joe Biden, the Democrat"
201801042494.0,"Joe Biden, the Democrat"
201801042508.0,"Joe Biden, the Democrat"
201801042514.0,"Joe Biden, the Democrat"
201801042702.0,"Joe Biden, the Democrat"
201801042703.0,"Joe Biden, the Democrat"
201801042741.0,"Donald Trump, the Republican"
201801042771.0,"Joe Biden, the Democrat"
201801042802.0,
201801042809.0,"Joe Biden, the Democrat"
201801042867.0,"Joe Biden, the Democrat"
201801042885.0,"Joe Biden, the Democrat"
201801042910.0,"Joe Biden, the Democrat"
201801042973.0,"Joe Biden, the Democrat"
201801043078.0,"Joe Biden, the Democrat"
201801043151.0,"Donald Trump, the Republican"
201801043166.0,"Joe Biden, the Democrat"
201801043189.0,"Joe Biden, the Democrat"
201801043197.0,"Joe Biden, the Democrat"
201801043200.0,"Joe Biden, the Democrat"
201801043219.0,"Donald Trump, the Republican"
201801043268.0,"Joe Biden, the Democrat"
201801043276.0,
201801043371.0,"Donald Trump, the Republican"
201801043372.0,"Joe Biden, the Democrat"
201801043412.0,"Joe Biden, the Democrat"
201801043428.0,"Joe Biden, the Democrat"
201801043469.0,"Joe Biden, the Democrat"
201801043481.0,"Joe Biden, the Democrat"
201801043486.0,"Joe Biden, the Democrat"
201801043489.0,"Joe Biden, the Democrat"
201801043494.0,"Joe Biden, the Democrat"
201801043518.0,"Joe Biden, the Democrat"
201801043580.0,"Joe Biden, the Democrat"
201801043633.0,
201801043637.0,"Joe Biden, the Democrat"
201801043713.0,"Joe Biden, the Democrat"
201801043781.0,"Joe Biden, the Democrat"
201801043787.0,"Joe Biden, the Democrat"
201801043842.0,"Joe Biden, the Democrat"
201801043861.0,"Joe Biden, the Democrat"
201801043870.0,"Joe Biden, the Democrat"
201801043915.0,"Joe Biden, the Democrat"
201801043917.0,
201801043970.0,"Joe Biden, the Democrat"
201801043987.0,"Jo Jorgensen, the Libertarian Party candidate"
201801044139.0,"Joe Biden, the Democrat"
201801044168.0,
201801044170.0,"Joe Biden, the Democrat"
201801044195.0,
201801044331.0,"Donald Trump, the Republican"
201801044339.0,"Donald Trump, the Republican"
201801044350.0,"Donald Trump, the Republican"
201801044367.0,"Joe Biden, the Democrat"
201801044413.0,"Joe Biden, the Democrat"
201801044523.0,"Joe Biden, the Democrat"
201801044573.0,"Joe Biden, the Democrat"
201801044585.0,"Joe Biden, the Democrat"
201801044693.0,"Joe Biden, the Democrat"
201801044707.0,"Joe Biden, the Democrat"
201801044712.0,"Donald Trump, the Republican"
201801044777.0,"Joe Biden, the Democrat"
201801044778.0,"Donald Trump, the Republican"
201801044858.0,"Joe Biden, the Democrat"
201801044861.0,"Joe Biden, the Democrat"
201801044864.0,"Joe Biden, the Democrat"
201801044875.0,"Joe Biden, the Democrat"
201801044916.0,"Joe Biden, the Democrat"
201801044917.0,"Joe Biden, the Democrat"
201801045109.0,
201801045216.0,"Joe Biden, the Democrat"
201801045368.0,"Howie Hawkins, the Green Party candidate"
201801045369.0,"Donald Trump, the Republican"
201801045374.0,"Joe Biden, the Democrat"
201801045388.0,
201801045415.0,"Joe Biden, the Democrat"
201801045451.0,"Donald Trump, the Republican"
201801045493.0,"Donald Trump, the Republican"
201801045516.0,"Joe Biden, the Democrat"
201801045534.0,"Donald Trump, the Republican"
201801045550.0,"Donald Trump, the Republican"
201801045581.0,"Joe Biden, the Democrat"
201801045638.0,"Joe Biden, the Democrat"
201801045718.0,
201801045770.0,"Donald Trump, the Republican"
201801045918.0,
201801046063.0,
201801046087.0,"Joe Biden, the Democrat"
201801046101.0,"Joe Biden, the Democrat"
201801046147.0,"Donald Trump, the Republican"
201801046152.0,"Donald Trump, the Republican"
201801046154.0,"Joe Biden, the Democrat"
201801046156.0,"Donald Trump, the Republican"
201801046174.0,"Joe Biden, the Democrat"
201801046176.0,"Joe Biden, the Democrat"
201801046194.0,"Joe Biden, the Democrat"
201801046279.0,"Donald Trump, the Republican"
201801046325.0,"Joe Biden, the Democrat"
201801046371.0,"Donald Trump, the Republican"
201801046472.0,"Joe Biden, the Democrat"
201801046534.0,"Donald Trump, the Republican"
201801046537.0,"Donald Trump, the Republican"
201801046649.0,"Donald Trump, the Republican"
201801046680.0,"Joe Biden, the Democrat"
201801046706.0,"Donald Trump, the Republican"
201801046746.0,"Joe Biden, the Democrat"
201801046811.0,
201801046833.0,"Donald Trump, the Republican"
201801046930.0,"Joe Biden, the Democrat"
201801046937.0,"Joe Biden, the Democrat"
201801046952.0,"Joe Biden, the Democrat"
201801046965.0,"Joe Biden, the Democrat"
201801046970.0,"Donald Trump, the Republican"
201801046993.0,"Joe Biden, the Democrat"
201801047050.0,"Joe Biden, the Democrat"
201801047064.0,"Donald Trump, the Republican"
201801047080.0,"Donald Trump, the Republican"
201801047097.0,"Donald Trump, the Republican"
201801047115.0,"Joe Biden, the Democrat"
201801047132.0,"Joe Biden, the Democrat"
201801047200.0,"Joe Biden, the Democrat"
201801047206.0,"Joe Biden, the Democrat"
201801047223.0,
201801047251.0,"Joe Biden, the Democrat"
201801047252.0,"Donald Trump, the Republican"
201801047312.0,Refused
201801047406.0,"Donald Trump, the Republican"
201801047453.0,
201801047503.0,Refused
201801047547.0,
201801047559.0,"Donald Trump, the Republican"
201801047560.0,
201801047570.0,"Joe Biden, the Democrat"
201801047575.0,"Joe Biden, the Democrat"
201801047608.0,"Joe Biden, the Democrat"
201801047656.0,"Joe Biden, the Democrat"
201801047657.0,
201801047914.0,"Jo Jorgensen, the Libertarian Party candidate"
201801047960.0,"Donald Trump, the Republican"
201801047992.0,"Joe Biden, the Democrat"
201801048026.0,"Joe Biden, the Democrat"
201801048045.0,"Donald Trump, the Republican"
201801048111.0,"Joe Biden, the Democrat"
201801048123.0,"Joe Biden, the Democrat"
201801048162.0,"Donald Trump, the Republican"
201801048193.0,"Donald Trump, the Republican"
201801048385.0,
201801048403.0,"Joe Biden, the Democrat"
201801048420.0,Refused
201801048487.0,"Joe Biden, the Democrat"
201801048506.0,
201801048507.0,"Joe Biden, the Democrat"
201801048596.0,"Donald Trump, the Republican"
201801048612.0,"Donald Trump, the Republican"
201801048646.0,"Joe Biden, the Democrat"
201801048648.0,"Joe Biden, the Democrat"
201801048693.0,"Joe Biden, the Democrat"
201801048792.0,"Donald Trump, the Republican"
201801048804.0,"Joe Biden, the Democrat"
201801048862.0,
201801048872.0,
201801048902.0,"Joe Biden, the Democrat"
201801048936.0,"Joe Biden, the Democrat"
201801048937.0,"Joe Biden, the Democrat"
201801048954.0,"Joe Biden, the Democrat"
201801048996.0,"Donald Trump, the Republican"
201801049059.0,"Donald Trump, the Republican"
201801049107.0,"Donald Trump, the Republican"
201801049162.0,"Donald Trump, the Republican"
201801049205.0,"Joe Biden, the Democrat"
201801049229.0,"Joe Biden, the Democrat"
201801049370.0,"Joe Biden, the Democrat"
201801049419.0,"Donald Trump, the Republican"
201801049501.0,
201801049555.0,"Joe Biden, the Democrat"
201801049572.0,"Joe Biden, the Democrat"
201801049653.0,
201801049658.0,"Donald Trump, the Republican"
201801049850.0,
201801049929.0,"Joe Biden, the Democrat"
201801049966.0,"Donald Trump, the Republican"
201801049985.0,"Joe Biden, the Democrat"
201801049992.0,"Joe Biden, the Democrat"
201801050090.0,"Joe Biden, the Democrat"
201801050113.0,"Joe Biden, the Democrat"
201801050145.0,"Joe Biden, the Democrat"
201801050166.0,"Joe Biden, the Democrat"
201801050303.0,"Donald Trump, the Republican"
201801050331.0,"Joe Biden, the Democrat"
201801050424.0,"Donald Trump, the Republican"
201801050610.0,"Joe Biden, the Democrat"
201801050659.0,"Joe Biden, the Democrat"
201801050673.0,"Donald Trump, the Republican"
201801050685.0,"Joe Biden, the Democrat"
201801050721.0,"Donald Trump, the Republican"
201801050757.0,"Donald Trump, the Republican"
201801050786.0,"Donald Trump, the Republican"
201801050789.0,
201801050799.0,"Joe Biden, the Democrat"
201801050928.0,"Donald Trump, the Republican"
201801050996.0,"Joe Biden, the Democrat"
201801051067.0,"Joe Biden, the Democrat"
201801051122.0,"Joe Biden, the Democrat"
201801051220.0,
201801051240.0,"Donald Trump, the Republican"
201801051365.0,"Joe Biden, the Democrat"
201801051368.0,"Joe Biden, the Democrat"
201801051392.0,"Donald Trump, the Republican"
201801051515.0,"Joe Biden, the Democrat"
201801051528.0,
201801051537.0,"Joe Biden, the Democrat"
201801051627.0,
201801051753.0,"Donald Trump, the Republican"
201801051868.0,"Donald Trump, the Republican"
201801051886.0,"Joe Biden, the Democrat"
201801051939.0,"Joe Biden, the Democrat"
201801052005.0,"Joe Biden, the Democrat"
201801052015.0,"Joe Biden, the Democrat"
201801052144.0,"Joe Biden, the Democrat"
201801052373.0,"Joe Biden, the Democrat"
201801052466.0,"Donald Trump, the Republican"
201801052484.0,
201801052505.0,"Joe Biden, the Democrat"
201801052590.0,"Donald Trump, the Republican"
201801052674.0,
201801052774.0,"Joe Biden, the Democrat"
201801052775.0,"Jo Jorgensen, the Libertarian Party candidate"
201801052786.0,"Joe Biden, the Democrat"
201801052791.0,"Donald Trump, the Republican"
201801052867.0,"Joe Biden, the Democrat"
201801052874.0,"Donald Trump, the Republican"
201801052965.0,"Joe Biden, the Democrat"
201801052974.0,"Donald Trump, the Republican"
201801053033.0,"Joe Biden, the Democrat"
201801053062.0,
201801053143.0,"Joe Biden, the Democrat"
201801053254.0,"Joe Biden, the Democrat"
201801053283.0,"Donald Trump, the Republican"
201801053305.0,"Joe Biden, the Democrat"
201801053306.0,"Donald Trump, the Republican"
201801053519.0,
201801053525.0,"Joe Biden, the Democrat"
201801053558.0,"Joe Biden, the Democrat"
201801053586.0,"Donald Trump, the Republican"
201801053596.0,"Joe Biden, the Democrat"
201801053609.0,"Joe Biden, the Democrat"
201801053622.0,"Joe Biden, the Democrat"
201801053650.0,"Joe Biden, the Democrat"
201801053824.0,"Joe Biden, the Democrat"
201801053985.0,
201801054001.0,"Joe Biden, the Democrat"
201801054003.0,"Joe Biden, the Democrat"
201801054019.0,
201801054058.0,"Donald Trump, the Republican"
201801054072.0,"Joe Biden, the Democrat"
201801054155.0,"Joe Biden, the Democrat"
201801054167.0,"Joe Biden, the Democrat"
201801054260.0,"Joe Biden, the Democrat"
201801054379.0,"Joe Biden, the Democrat"
201801054430.0,"Joe Biden, the Democrat"
201801054487.0,"Joe Biden, the Democrat"
201801054518.0,"Jo Jorgensen, the Libertarian Party candidate"
201801054534.0,"Joe Biden, the Democrat"
201801054593.0,
201801054626.0,"Donald Trump, the Republican"
201801054631.0,"Donald Trump, the Republican"
201801054651.0,"Joe Biden, the Democrat"
201801054672.0,"Joe Biden, the Democrat"
201801054679.0,"Joe Biden, the Democrat"
201801054801.0,"Joe Biden, the Democrat"
201801054831.0,"Joe Biden, the Democrat"
201801054864.0,"Joe Biden, the Democrat"
201801054891.0,"Joe Biden, the Democrat"
201801054894.0,
201801054903.0,"Joe Biden, the Democrat"
201801054931.0,"Joe Biden, the Democrat"
201801054932.0,"Joe Biden, the Democrat"
201801054942.0,"Donald Trump, the Republican"
201801054987.0,
201801054990.0,
201801054991.0,"Joe Biden, the Democrat"
201801054992.0,"Joe Biden, the Democrat"
201801055010.0,"Joe Biden, the Democrat"
201801055015.0,"Joe Biden, the Democrat"
201801055016.0,"Donald Trump, the Republican"
201801055033.0,"Joe Biden, the Democrat"
201801055171.0,"Joe Biden, the Democrat"
201801055250.0,"Joe Biden, the Democrat"
201801055252.0,"Donald Trump, the Republican"
201801055263.0,"Joe Biden, the Democrat"
201801055272.0,
201801055279.0,"Donald Trump, the Republican"
201801055283.0,"Joe Biden, the Democrat"
201801055311.0,"Donald Trump, the Republican"
201801055440.0,"Joe Biden, the Democrat"
201801055477.0,"Joe Biden, the Democrat"
201801055486.0,"Joe Biden, the Democrat"
201801055488.0,"Joe Biden, the Democrat"
201801055568.0,"Donald Trump, the Republican"
201801055721.0,"Donald Trump, the Republican"
201801055724.0,"Donald Trump, the Republican"
201801055913.0,"Joe Biden, the Democrat"
201801055975.0,
201801056019.0,"Donald Trump, the Republican"
201801056050.0,"Joe Biden, the Democrat"
201801056052.0,"Joe Biden, the Democrat"
201801056069.0,"Donald Trump, the Republican"
201801056118.0,"Joe Biden, the Democrat"
201801056161.0,"Joe Biden, the Democrat"
201801056183.0,"Joe Biden, the Democrat"
201801056193.0,"Joe Biden, the Democrat"
201801056246.0,"Donald Trump, the Republican"
201801056300.0,"Donald Trump, the Republican"
201801056333.0,"Joe Biden, the Democrat"
201801056352.0,
201801056358.0,"Joe Biden, the Democrat"
201801056406.0,"Joe Biden, the Democrat"
201801056428.0,"Joe Biden, the Democrat"
201801056440.0,"Joe Biden, the Democrat"
201801056446.0,"Donald Trump, the Republican"
201801056461.0,"Joe Biden, the Democrat"
201801056491.0,"Joe Biden, the Democrat"
201801056582.0,"Joe Biden, the Democrat"
201801056612.0,"Joe Biden, the Democrat"
201801056668.0,"Joe Biden, the Democrat"
201801056837.0,"Joe Biden, the Democrat"
201801056858.0,"Joe Biden, the Democrat"
201801057037.0,"Donald Trump, the Republican"
201801057052.0,"Joe Biden, the Democrat"
201801057086.0,"Joe Biden, the Democrat"
201801057156.0,"Joe Biden, the Democrat"
201801057183.0,
201801057292.0,"Joe Biden, the Democrat"
201801057325.0,
201801057374.0,"Joe Biden, the Democrat"
201801057457.0,"Donald Trump, the Republican"
201801057535.0,"Donald Trump, the Republican"
201801057572.0,"Joe Biden, the Democrat"
201801057582.0,"Joe Biden, the Democrat"
201801057868.0,"Joe Biden, the Democrat"
201801057894.0,
201801057928.0,"Joe Biden, the Democrat"
201801057956.0,"Joe Biden, the Democrat"
201801057976.0,"Donald Trump, the Republican"
201801058008.0,"Joe Biden, the Democrat"
201801058036.0,"Donald Trump, the Republican"
201801058059.0,"Joe Biden, the Democrat"
201801058144.0,"Donald Trump, the Republican"
201801058156.0,"Joe Biden, the Democrat"
201801058184.0,"Joe Biden, the Democrat"
201801058202.0,"Donald Trump, the Republican"
201801058253.0,"Joe Biden, the Democrat"
201801058449.0,"Donald Trump, the Republican"
201801058477.0,"Joe Biden, the Democrat"
201801058480.0,"Joe Biden, the Democrat"
201801058496.0,
201801058545.0,"Joe Biden, the Democrat"
201801058620.0,"Donald Trump, the Republican"
201801058653.0,"Joe Biden, the Democrat"
201801058731.0,"Joe Biden, the Democrat"
201801058768.0,"Joe Biden, the Democrat"
201801058812.0,"Joe Biden, the Democrat"
201801058836.0,"Donald Trump, the Republican"
201801058959.0,"Joe Biden, the Democrat"
201801058984.0,"Joe Biden, the Democrat"
201801058996.0,"Donald Trump, the Republican"
201801059020.0,
201801059126.0,"Joe Biden, the Democrat"
201801059207.0,"Donald Trump, the Republican"
201801059293.0,"Joe Biden, the Democrat"
201801059322.0,"Joe Biden, the Democrat"
201801059332.0,
201801059362.0,
201801059406.0,"Joe Biden, the Democrat"
201801059412.0,"Joe Biden, the Democrat"
201801059478.0,"Joe Biden, the Democrat"
201801059544.0,"Donald Trump, the Republican"
201801059584.0,"Joe Biden, the Democrat"
201801059595.0,"Donald Trump, the Republican"
201801059624.0,
201801059738.0,"Donald Trump, the Republican"
201801059766.0,"Joe Biden, the Democrat"
201801059817.0,
201801059876.0,"Joe Biden, the Democrat"
201801059880.0,"Joe Biden, the Democrat"
201801059975.0,"Joe Biden, the Democrat"
201801060084.0,"Joe Biden, the Democrat"
201801060183.0,"Joe Biden, the Democrat"
201801060261.0,"Joe Biden, the Democrat"
201801060308.0,"Joe Biden, the Democrat"
201801060335.0,"Donald Trump, the Republican"
201801060363.0,"Joe Biden, the Democrat"
201801060415.0,"Joe Biden, the Democrat"
201801060464.0,"Joe Biden, the Democrat"
201801060501.0,Refused
201801060511.0,
201801060526.0,"Joe Biden, the Democrat"
201801060539.0,"Joe Biden, the Democrat"
201801060563.0,
201801060620.0,"Jo Jorgensen, the Libertarian Party candidate"
201801060644.0,"Donald Trump, the Republican"
201801060760.0,
201801060775.0,
201801060802.0,"Joe Biden, the Democrat"
201801060810.0,"Joe Biden, the Democrat"
201801060823.0,"Joe Biden, the Democrat"
201801060845.0,"Joe Biden, the Democrat"
201801060866.0,"Donald Trump, the Republican"
201801060898.0,"Donald Trump, the Republican"
201801060937.0,"Joe Biden, the Democrat"
201801060960.0,"Joe Biden, the Democrat"
201801061021.0,"Donald Trump, the Republican"
201801061056.0,"Joe Biden, the Democrat"
201801061072.0,"Joe Biden, the Democrat"
201801061089.0,"Donald Trump, the Republican"
201801061090.0,"Joe Biden, the Democrat"
201801061110.0,"Joe Biden, the Democrat"
201801061134.0,"Joe Biden, the Democrat"
201801061142.0,"Donald Trump, the Republican"
201801061168.0,"Howie Hawkins, the Green Party candidate"
201801061294.0,"Joe Biden, the Democrat"
201801061302.0,"Donald Trump, the Republican"
201801061322.0,"Joe Biden, the Democrat"
201801061325.0,"Donald Trump, the Republican"
201801061331.0,"Donald Trump, the Republican"
201801061344.0,"Joe Biden, the Democrat"
201801061359.0,"Donald Trump, the Republican"
201801061360.0,"Donald Trump, the Republican"
201801061442.0,"Donald Trump, the Republican"
201801061463.0,"Joe Biden, the Democrat"
201801061516.0,
201801061558.0,"Joe Biden, the Democrat"
201801061613.0,"Joe Biden, the Democrat"
201801061623.0,"Donald Trump, the Republican"
201801061633.0,"Joe Biden, the Democrat"
201801061658.0,"Joe Biden, the Democrat"
201801061713.0,
201801061714.0,"Joe Biden, the Democrat"
201801061814.0,"Donald Trump, the Republican"
201801061822.0,"Donald Trump, the Republican"
201801061838.0,"Donald Trump, the Republican"
201801061880.0,"Joe Biden, the Democrat"
201801061904.0,"Joe Biden, the Democrat"
201801061958.0,"Donald Trump, the Republican"
201801061985.0,"Donald Trump, the Republican"
201801061991.0,"Donald Trump, the Republican"
201801062012.0,"Donald Trump, the Republican"
201801062015.0,"Donald Trump, the Republican"
201801062051.0,"Donald Trump, the Republican"
201801062072.0,"Joe Biden, the Democrat"
201801062118.0,"Joe Biden, the Democrat"
201801062154.0,"Joe Biden, the Democrat"
201801062179.0,
201801062253.0,"Donald Trump, the Republican"
201801062280.0,"Donald Trump, the Republican"
201801062297.0,"Donald Trump, the Republican"
201801062310.0,
201801062327.0,"Joe Biden, the Democrat"
201801062334.0,
201801062381.0,
201801062404.0,"Joe Biden, the Democrat"
201801062405.0,"Donald Trump, the Republican"
201801062420.0,"Joe Biden, the Democrat"
201801062435.0,"Donald Trump, the Republican"
201801062465.0,Refused
201801062476.0,
201801062481.0,"Donald Trump, the Republican"
201801062486.0,"Joe Biden, the Democrat"
201801062493.0,"Donald Trump, the Republican"
201801062510.0,
201801062517.0,
201801062543.0,"Joe Biden, the Democrat"
201801062558.0,"Joe Biden, the Democrat"
201801062562.0,"Joe Biden, the Democrat"
201801062571.0,"Joe Biden, the Democrat"
201801062583.0,"Joe Biden, the Democrat"
201801062676.0,"Donald Trump, the Republican"
201801062729.0,
201801062813.0,"Donald Trump, the Republican"
201801062847.0,"Joe Biden, the Democrat"
201801062870.0,
201801062889.0,"Joe Biden, the Democrat"
201801062894.0,"Donald Trump, the Republican"
201801062899.0,"Joe Biden, the Democrat"
201801062921.0,"Donald Trump, the Republican"
201801062924.0,"Joe Biden, the Democrat"
201801062946.0,"Joe Biden, the Democrat"
201801062978.0,"Joe Biden, the Democrat"
201801062998.0,"Donald Trump, the Republican"
201801063000.0,"Joe Biden, the Democrat"
201801063009.0,"Donald Trump, the Republican"
201801063036.0,"Donald Trump, the Republican"
201801063038.0,"Donald Trump, the Republican"
201801063104.0,"Joe Biden, the Democrat"
201801063110.0,
201801063118.0,"Donald Trump, the Republican"
201801063203.0,"Donald Trump, the Republican"
201801063213.0,"Joe Biden, the Democrat"
201801063225.0,"Joe Biden, the Democrat"
201801063274.0,"Joe Biden, the Democrat"
201801063283.0,"Donald Trump, the Republican"
201801063305.0,"Joe Biden, the Democrat"
201801063469.0,"Donald Trump, the Republican"
201801063491.0,"Donald Trump, the Republican"
201801063504.0,
201801063523.0,
201801063534.0,"Joe Biden, the Democrat"
201801063677.0,"Donald Trump, the Republican"
201801063689.0,"Joe Biden, the Democrat"
201801063759.0,
201801063844.0,
201801063894.0,"Donald Trump, the Republican"
201801064024.0,"Donald Trump, the Republican"
201801064060.0,"Joe Biden, the Democrat"
201801064096.0,"Donald Trump, the Republican"
201801064106.0,"Joe Biden, the Democrat"
201801064116.0,"Donald Trump, the Republican"
201801064151.0,"Donald Trump, the Republican"
201801064193.0,"Joe Biden, the Democrat"
201801064208.0,"Joe Biden, the Democrat"
201801064209.0,"Joe Biden, the Democrat"
201801064352.0,"Joe Biden, the Democrat"
201801064540.0,"Donald Trump, the Republican"
201801064631.0,"Donald Trump, the Republican"
201801064718.0,"Joe Biden, the Democrat"
201801064751.0,"Donald Trump, the Republican"
201801064754.0,"Donald Trump, the Republican"
201801064853.0,"Donald Trump, the Republican"
201801064877.0,"Donald Trump, the Republican"
201801064899.0,"Donald Trump, the Republican"
201801064901.0,"Donald Trump, the Republican"
201801064913.0,"Joe Biden, the Democrat"
201801064922.0,"Jo Jorgensen, the Libertarian Party candidate"
201801064923.0,"Donald Trump, the Republican"
201801064970.0,"Joe Biden, the Democrat"
201801064990.0,"Joe Biden, the Democrat"
201801065093.0,"Donald Trump, the Republican"
201801065102.0,
201801065123.0,"Donald Trump, the Republican"
201801065223.0,"Donald Trump, the Republican"
201801065288.0,"Donald Trump, the Republican"
201801065329.0,"Donald Trump, the Republican"
201801065336.0,"Donald Trump, the Republican"
201801065451.0,"Donald Trump, the Republican"
201801065487.0,"Donald Trump, the Republican"
201801065510.0,"Joe Biden, the Democrat"
201801065525.0,
201801065564.0,"Donald Trump, the Republican"
201801065578.0,"Donald Trump, the Republican"
201801065587.0,"Donald Trump, the Republican"
201801065593.0,"Joe Biden, the Democrat"
201801065596.0,"Joe Biden, the Democrat"
201801065601.0,"Joe Biden, the Democrat"
201801065668.0,"Donald Trump, the Republican"
201801065708.0,"Joe Biden, the Democrat"
201801065741.0,
201801065803.0,"Joe Biden, the Democrat"
201801065890.0,
201801065919.0,"Joe Biden, the Democrat"
201801066053.0,"Joe Biden, the Democrat"
201801066086.0,"Donald Trump, the Republican"
201801066109.0,"Donald Trump, the Republican"
201801066221.0,Refused
201801066251.0,"Donald Trump, the Republican"
201801066275.0,"Donald Trump, the Republican"
201801066314.0,"Donald Trump, the Republican"
201801066318.0,"Joe Biden, the Democrat"
201801066362.0,"Donald Trump, the Republican"
201801066373.0,"Joe Biden, the Democrat"
201801066404.0,"Donald Trump, the Republican"
201801066434.0,"Joe Biden, the Democrat"
201801066449.0,"Joe Biden, the Democrat"
201801066472.0,
201801066487.0,"Joe Biden, the Democrat"
201801066560.0,"Jo Jorgensen, the Libertarian Party candidate"
201801066565.0,"Joe Biden, the Democrat"
201801066594.0,"Donald Trump, the Republican"
201801066637.0,"Joe Biden, the Democrat"
201801066673.0,"Donald Trump, the Republican"
201801066700.0,"Donald Trump, the Republican"
201801066773.0,"Donald Trump, the Republican"
201801066779.0,"Joe Biden, the Democrat"
201801066821.0,"Joe Biden, the Democrat"
201801066824.0,"Joe Biden, the Democrat"
201801066858.0,"Donald Trump, the Republican"
201801066860.0,"Joe Biden, the Democrat"
201801066887.0,"Donald Trump, the Republican"
201801066901.0,"Joe Biden, the Democrat"
201801066904.0,"Donald Trump, the Republican"
201801066920.0,"Donald Trump, the Republican"
201801066924.0,
201801066936.0,"Joe Biden, the Democrat"
201801066948.0,"Donald Trump, the Republican"
201801066975.0,"Donald Trump, the Republican"
201801066988.0,"Joe Biden, the Democrat"
201801067021.0,"Joe Biden, the Democrat"
201801067037.0,"Joe Biden, the Democrat"
201801067117.0,"Joe Biden, the Democrat"
201801067154.0,"Jo Jorgensen, the Libertarian Party candidate"
201801067185.0,"Joe Biden, the Democrat"
201801067209.0,"Donald Trump, the Republican"
201801067241.0,"Joe Biden, the Democrat"
201801067288.0,"Joe Biden, the Democrat"
201801067349.0,"Jo Jorgensen, the Libertarian Party candidate"
201801067366.0,
201801067412.0,"Joe Biden, the Democrat"
201801067428.0,"Joe Biden, the Democrat"
201801067429.0,"Joe Biden, the Democrat"
201801067455.0,"Donald Trump, the Republican"
201801067478.0,"Joe Biden, the Democrat"
201801067511.0,
201801067608.0,"Donald Trump, the Republican"
201801067655.0,"Donald Trump, the Republican"
201801067682.0,
201801067784.0,"Donald Trump, the Republican"
201801067788.0,
201801067793.0,"Joe Biden, the Democrat"
201801067856.0,"Joe Biden, the Democrat"
201801067880.0,"Donald Trump, the Republican"
201801067910.0,"Joe Biden, the Democrat"
201801067912.0,"Joe Biden, the Democrat"
201801067915.0,"Joe Biden, the Democrat"
201801067930.0,"Donald Trump, the Republican"
201801067990.0,"Donald Trump, the Republican"
201801068005.0,"Donald Trump, the Republican"
201801068009.0,"Joe Biden, the Democrat"
201801068056.0,"Joe Biden, the Democrat"
201801068069.0,"Joe Biden, the Democrat"
201801068101.0,"Joe Biden, the Democrat"
201801068212.0,"Donald Trump, the Republican"
201801068235.0,"Jo Jorgensen, the Libertarian Party candidate"
201801068263.0,"Jo Jorgensen, the Libertarian Party candidate"
201801068270.0,"Joe Biden, the Democrat"
201801068366.0,"Donald Trump, the Republican"
201801068446.0,Another candidate
201801068450.0,"Donald Trump, the Republican"
201801068481.0,"Joe Biden, the Democrat"
201801068603.0,"Donald Trump, the Republican"
201801068635.0,"Donald Trump, the Republican"
201801068636.0,
201801068669.0,
201801068715.0,"Donald Trump, the Republican"
201801068732.0,"Donald Trump, the Republican"
201801068736.0,"Joe Biden, the Democrat"
201801068784.0,
201801068838.0,"Joe Biden, the Democrat"
201801069017.0,
201801069022.0,"Joe Biden, the Democrat"
201801069121.0,
201801069122.0,"Joe Biden, the Democrat"
201801069208.0,"Joe Biden, the Democrat"
201801069222.0,"Donald Trump, the Republican"
201801069294.0,"Donald Trump, the Republican"
201801069310.0,"Joe Biden, the Democrat"
201801069313.0,
201801069434.0,
201801069441.0,"Joe Biden, the Democrat"
201801069447.0,"Joe Biden, the Democrat"
201801069482.0,
201801069491.0,"Joe Biden, the Democrat"
201801069511.0,"Donald Trump, the Republican"
201801069540.0,"Donald Trump, the Republican"
201801069577.0,"Donald Trump, the Republican"
201801069599.0,"Donald Trump, the Republican"
201801069656.0,"Joe Biden, the Democrat"
201801069682.0,"Joe Biden, the Democrat"
201801069734.0,"Donald Trump, the Republican"
201801069769.0,Another candidate
201801069783.0,"Joe Biden, the Democrat"
201801069786.0,Another candidate
201801069803.0,
201801069821.0,"Joe Biden, the Democrat"
201801069868.0,"Donald Trump, the Republican"
201801069894.0,"Joe Biden, the Democrat"
201801069954.0,
201801069991.0,"Donald Trump, the Republican"
201801069995.0,"Donald Trump, the Republican"
201801070062.0,"Jo Jorgensen, the Libertarian Party candidate"
201801070144.0,"Joe Biden, the Democrat"
201801070175.0,"Donald Trump, the Republican"
201801070178.0,"Joe Biden, the Democrat"
201801070194.0,"Joe Biden, the Democrat"
201801070285.0,"Joe Biden, the Democrat"
201801070376.0,"Joe Biden, the Democrat"
201801070397.0,"Donald Trump, the Republican"
201801070404.0,"Joe Biden, the Democrat"
201801070416.0,"Joe Biden, the Democrat"
201801070459.0,"Joe Biden, the Democrat"
201801070466.0,"Joe Biden, the Democrat"
201801070495.0,"Joe Biden, the Democrat"
201801070518.0,"Joe Biden, the Democrat"
201801070547.0,"Joe Biden, the Democrat"
201801070574.0,"Joe Biden, the Democrat"
201801070658.0,"Donald Trump, the Republican"
201801070664.0,"Donald Trump, the Republican"
201801070706.0,"Donald Trump, the Republican"
201801070745.0,"Joe Biden, the Democrat"
201801070769.0,"Joe Biden, the Democrat"
201801070773.0,"Joe Biden, the Democrat"
201801070775.0,"Joe Biden, the Democrat"
201801070798.0,"Joe Biden, the Democrat"
201801070839.0,"Joe Biden, the Democrat"
201801070865.0,"Joe Biden, the Democrat"
201801070942.0,"Donald Trump, the Republican"
201801070979.0,"Donald Trump, the Republican"
201801070984.0,"Donald Trump, the Republican"
201801070996.0,"Joe Biden, the Democrat"
201801071032.0,"Joe Biden, the Democrat"
201801071113.0,"Joe Biden, the Democrat"
201801071122.0,"Donald Trump, the Republican"
201801071141.0,"Joe Biden, the Democrat"
201801071146.0,
201801071154.0,"Donald Trump, the Republican"
201801071165.0,"Joe Biden, the Democrat"
201801071172.0,
201801071199.0,"Donald Trump, the Republican"
201801071206.0,"Donald Trump, the Republican"
201801071240.0,"Joe Biden, the Democrat"
201801071258.0,
201801071270.0,"Joe Biden, the Democrat"
201801071284.0,"Joe Biden, the Democrat"
201801071289.0,"Joe Biden, the Democrat"
201801071322.0,"Joe Biden, the Democrat"
201801071384.0,"Joe Biden, the Democrat"
201801071417.0,"Joe Biden, the Democrat"
201801071436.0,"Joe Biden, the Democrat"
201801071437.0,"Joe Biden, the Democrat"
201801071514.0,"Joe Biden, the Democrat"
201801071546.0,
201801071569.0,"Joe Biden, the Democrat"
201801071570.0,"Joe Biden, the Democrat"
201801071576.0,"Joe Biden, the Democrat"
201801071600.0,"Joe Biden, the Democrat"
201801071618.0,"Howie Hawkins, the Green Party candidate"
201801071658.0,"Donald Trump, the Republican"
201801071708.0,"Joe Biden, the Democrat"
201801071740.0,
201801071757.0,"Donald Trump, the Republican"
201801071802.0,"Joe Biden, the Democrat"
201801071811.0,"Joe Biden, the Democrat"
201801071854.0,"Donald Trump, the Republican"
201801071858.0,"Donald Trump, the Republican"
201801071948.0,"Donald Trump, the Republican"
201801071956.0,"Donald Trump, the Republican"
201801071964.0,"Joe Biden, the Democrat"
201801071968.0,"Donald Trump, the Republican"
201801072035.0,"Joe Biden, the Democrat"
201801072043.0,"Joe Biden, the Democrat"
201801072056.0,"Joe Biden, the Democrat"
201801072110.0,"Joe Biden, the Democrat"
201801072212.0,"Joe Biden, the Democrat"
201801072218.0,"Joe Biden, the Democrat"
201801072223.0,"Donald Trump, the Republican"
201801072273.0,"Donald Trump, the Republican"
201801072282.0,"Joe Biden, the Democrat"
201801072323.0,"Donald Trump, the Republican"
201801072429.0,"Joe Biden, the Democrat"
201801072490.0,"Joe Biden, the Democrat"
201801072550.0,
201801072594.0,
201801072663.0,"Joe Biden, the Democrat"
201801072665.0,
201801072708.0,"Joe Biden, the Democrat"
201801072722.0,"Joe Biden, the Democrat"
201801072729.0,"Joe Biden, the Democrat"
201801072737.0,"Joe Biden, the Democrat"
201801072739.0,"Joe Biden, the Democrat"
201801072773.0,"Joe Biden, the Democrat"
201801072906.0,"Donald Trump, the Republican"
201801072978.0,"Joe Biden, the Democrat"
201801072979.0,"Joe Biden, the Democrat"
201801072983.0,"Joe Biden, the Democrat"
201801072994.0,"Joe Biden, the Democrat"
201801073024.0,"Joe Biden, the Democrat"
201801073107.0,"Joe Biden, the Democrat"
201801073137.0,"Joe Biden, the Democrat"
201801073148.0,"Joe Biden, the Democrat"
201801073163.0,"Joe Biden, the Democrat"
201801073192.0,"Joe Biden, the Democrat"
201801073242.0,
201801073245.0,"Joe Biden, the Democrat"
201801073253.0,
201801073254.0,"Joe Biden, the Democrat"
201801073256.0,
201801073355.0,"Joe Biden, the Democrat"
201801073409.0,"Joe Biden, the Democrat"
201801073423.0,
201801073489.0,
201801073543.0,"Joe Biden, the Democrat"
201801073544.0,"Joe Biden, the Democrat"
201801073604.0,"Joe Biden, the Democrat"
201801073635.0,"Joe Biden, the Democrat"
201801073685.0,"Joe Biden, the Democrat"
201801073705.0,"Joe Biden, the Democrat"
201801073727.0,"Joe Biden, the Democrat"
201801073730.0,"Donald Trump, the Republican"
201801073742.0,"Joe Biden, the Democrat"
201801073782.0,"Joe Biden, the Democrat"
201801073787.0,"Joe Biden, the Democrat"
201801073790.0,"Joe Biden, the Democrat"
201801073812.0,"Joe Biden, the Democrat"
201801073819.0,"Joe Biden, the Democrat"
201801073841.0,"Joe Biden, the Democrat"
201801073850.0,"Joe Biden, the Democrat"
201801073865.0,Another candidate
201801073873.0,"Joe Biden, the Democrat"
201801073934.0,
201801073970.0,"Joe Biden, the Democrat"
201801074050.0,"Joe Biden, the Democrat"
201801074145.0,"Joe Biden, the Democrat"
201801074171.0,"Joe Biden, the Democrat"
201801074332.0,
201801074395.0,"Joe Biden, the Democrat"
201801074456.0,"Joe Biden, the Democrat"
201801074535.0,"Joe Biden, the Democrat"
201801074536.0,"Joe Biden, the Democrat"
201801074624.0,"Joe Biden, the Democrat"
201801074671.0,"Donald Trump, the Republican"
201801074678.0,"Donald Trump, the Republican"
201801074694.0,"Joe Biden, the Democrat"
201801074698.0,"Joe Biden, the Democrat"
201801074710.0,"Joe Biden, the Democrat"
201801074774.0,"Donald Trump, the Republican"
201801074778.0,"Donald Trump, the Republican"
201801074829.0,"Donald Trump, the Republican"
201801074871.0,"Joe Biden, the Democrat"
201801074876.0,"Joe Biden, the Democrat"
201801074916.0,"Joe Biden, the Democrat"
201801074961.0,"Joe Biden, the Democrat"
201801075003.0,"Jo Jorgensen, the Libertarian Party candidate"
201801075012.0,"Joe Biden, the Democrat"
201801075089.0,"Joe Biden, the Democrat"
201801075091.0,"Joe Biden, the Democrat"
201801075175.0,"Joe Biden, the Democrat"
201801075224.0,"Joe Biden, the Democrat"
201801075254.0,"Donald Trump, the Republican"
201801075259.0,"Joe Biden, the Democrat"
201801075270.0,"Joe Biden, the Democrat"
201801075279.0,"Joe Biden, the Democrat"
201801075295.0,"Joe Biden, the Democrat"
201801075331.0,"Donald Trump, the Republican"
201801075338.0,
201801075339.0,"Joe Biden, the Democrat"
201801075345.0,"Donald Trump, the Republican"
201801075436.0,"Joe Biden, the Democrat"
201801075439.0,"Joe Biden, the Democrat"
201801075501.0,"Donald Trump, the Republican"
201801075525.0,"Donald Trump, the Republican"
201801075531.0,"Donald Trump, the Republican"
201801075534.0,"Joe Biden, the Democrat"
201801075543.0,"Joe Biden, the Democrat"
201801075613.0,"Joe Biden, the Democrat"
201801075634.0,"Joe Biden, the Democrat"
201801075650.0,"Donald Trump, the Republican"
201801075662.0,"Joe Biden, the Democrat"
201801075675.0,
201801075681.0,
201801075745.0,
201801075754.0,
201801075769.0,"Joe Biden, the Democrat"
201801075826.0,"Joe Biden, the Democrat"
201801075883.0,
201801075887.0,
201801075912.0,"Joe Biden, the Democrat"
201801075946.0,"Joe Biden, the Democrat"
201801075948.0,Another candidate
201801075973.0,"Joe Biden, the Democrat"
201801075984.0,"Donald Trump, the Republican"
201801076049.0,"Joe Biden, the Democrat"
201801076051.0,"Joe Biden, the Democrat"
201801076059.0,"Joe Biden, the Democrat"
201801076119.0,
201801076125.0,"Joe Biden, the Democrat"
201801076128.0,"Donald Trump, the Republican"
201801076138.0,"Joe Biden, the Democrat"
201801076144.0,"Donald Trump, the Republican"
201801076155.0,"Donald Trump, the Republican"
201801076175.0,"Donald Trump, the Republican"
201801076181.0,"Joe Biden, the Democrat"
201801076190.0,"Joe Biden, the Democrat"
201801076285.0,
201801076294.0,"Donald Trump, the Republican"
201801076321.0,"Joe Biden, the Democrat"
201801076350.0,"Joe Biden, the Democrat"
201801076361.0,"Joe Biden, the Democrat"
201801076365.0,"Donald Trump, the Republican"
201801076374.0,"Joe Biden, the Democrat"
201801076381.0,
201801076385.0,"Joe Biden, the Democrat"
201801076403.0,"Joe Biden, the Democrat"
201801076405.0,"Joe Biden, the Democrat"
201801076421.0,"Joe Biden, the Democrat"
201801076424.0,"Donald Trump, the Republican"
201801076454.0,
201801076457.0,"Donald Trump, the Republican"
201801076460.0,"Joe Biden, the Democrat"
201801076501.0,"Joe Biden, the Democrat"
201801076561.0,"Joe Biden, the Democrat"
201801076563.0,"Joe Biden, the Democrat"
201801076564.0,"Joe Biden, the Democrat"
201801076714.0,"Joe Biden, the Democrat"
201801076757.0,"Donald Trump, the Republican"
201801076775.0,"Joe Biden, the Democrat"
201801076794.0,"Donald Trump, the Republican"
201801076847.0,
201801076868.0,"Donald Trump, the Republican"
201801076947.0,"Donald Trump, the Republican"
201801076949.0,"Joe Biden, the Democrat"
201801076984.0,"Donald Trump, the Republican"
201801077002.0,
201801077014.0,"Joe Biden, the Democrat"
201801077041.0,"Joe Biden, the Democrat"
201801077098.0,"Donald Trump, the Republican"
201801077111.0,"Donald Trump, the Republican"
201801077112.0,"Joe Biden, the Democrat"
201801077133.0,
201801077164.0,"Donald Trump, the Republican"
201801077181.0,
201801077224.0,"Joe Biden, the Democrat"
201801077234.0,"Joe Biden, the Democrat"
201801077248.0,"Joe Biden, the Democrat"
201801077276.0,"Donald Trump, the Republican"
201801077284.0,"Donald Trump, the Republican"
201801077294.0,Another candidate
201801077295.0,"Joe Biden, the Democrat"
201801077422.0,"Donald Trump, the Republican"
201801077586.0,"Joe Biden, the Democrat"
201801077650.0,"Joe Biden, the Democrat"
201801077685.0,"Donald Trump, the Republican"
201801077699.0,
201801077708.0,"Joe Biden, the Democrat"
201801077747.0,"Joe Biden, the Democrat"
201801077748.0,"Joe Biden, the Democrat"
201801077765.0,
201801077811.0,"Joe Biden, the Democrat"
201801077868.0,"Joe Biden, the Democrat"
201801077953.0,"Joe Biden, the Democrat"
201801078151.0,"Donald Trump, the Republican"
201801078154.0,"Joe Biden, the Democrat"
201801078198.0,
201801078244.0,"Donald Trump, the Republican"
201801078289.0,"Joe Biden, the Democrat"
201801078323.0,"Joe Biden, the Democrat"
201801078350.0,"Donald Trump, the Republican"
201801078385.0,"Donald Trump, the Republican"
201801078392.0,"Jo Jorgensen, the Libertarian Party candidate"
201801078396.0,"Joe Biden, the Democrat"
201801078430.0,"Joe Biden, the Democrat"
201801078446.0,"Howie Hawkins, the Green Party candidate"
201801078544.0,"Joe Biden, the Democrat"
201801078547.0,"Joe Biden, the Democrat"
201801078553.0,"Joe Biden, the Democrat"
201801078652.0,"Donald Trump, the Republican"
201801078690.0,"Donald Trump, the Republican"
201801078704.0,"Joe Biden, the Democrat"
201801078773.0,"Donald Trump, the Republican"
201801078843.0,"Donald Trump, the Republican"
201801078911.0,"Donald Trump, the Republican"
201801078961.0,"Donald Trump, the Republican"
201801078971.0,"Donald Trump, the Republican"
201801079059.0,"Joe Biden, the Democrat"
201801079062.0,"Donald Trump, the Republican"
201801079121.0,"Joe Biden, the Democrat"
201801079137.0,"Donald Trump, the Republican"
201801079141.0,"Donald Trump, the Republican"
201801079157.0,"Donald Trump, the Republican"
201801079164.0,"Joe Biden, the Democrat"
201801079278.0,"Joe Biden, the Democrat"
201801079340.0,"Joe Biden, the Democrat"
201801079414.0,"Donald Trump, the Republican"
201801079424.0,"Joe Biden, the Democrat"
201801079435.0,"Donald Trump, the Republican"
201801079502.0,"Joe Biden, the Democrat"
201801079514.0,"Joe Biden, the Democrat"
201801079611.0,"Donald Trump, the Republican"
201801079644.0,"Joe Biden, the Democrat"
201801079662.0,"Joe Biden, the Democrat"
201801079675.0,Another candidate
201801079688.0,"Joe Biden, the Democrat"
201801079712.0,"Joe Biden, the Democrat"
201801079728.0,
201801079775.0,
201801079787.0,"Joe Biden, the Democrat"
201801079809.0,"Donald Trump, the Republican"
201801079834.0,"Donald Trump, the Republican"
201801079895.0,"Joe Biden, the Democrat"
201801079962.0,"Donald Trump, the Republican"
201801079968.0,"Donald Trump, the Republican"
201801080024.0,"Joe Biden, the Democrat"
201801080037.0,"Joe Biden, the Democrat"
201801080062.0,"Joe Biden, the Democrat"
201801080084.0,"Joe Biden, the Democrat"
201801080085.0,"Donald Trump, the Republican"
201801080110.0,"Joe Biden, the Democrat"
201801080146.0,"Donald Trump, the Republican"
201801080258.0,"Donald Trump, the Republican"
201801080264.0,"Joe Biden, the Democrat"
201801080307.0,"Donald Trump, the Republican"
201801080347.0,"Joe Biden, the Democrat"
201801080380.0,"Joe Biden, the Democrat"
201801080453.0,
201801080531.0,"Joe Biden, the Democrat"
201801080542.0,"Donald Trump, the Republican"
201801080556.0,"Joe Biden, the Democrat"
201801080559.0,"Joe Biden, the Democrat"
201801080561.0,"Donald Trump, the Republican"
201801080718.0,"Joe Biden, the Democrat"
201801080756.0,"Joe Biden, the Democrat"
201801080769.0,"Donald Trump, the Republican"
201801080871.0,"Joe Biden, the Democrat"
201801080959.0,"Joe Biden, the Democrat"
201801080969.0,"Joe Biden, the Democrat"
201801081003.0,"Joe Biden, the Democrat"
201801081020.0,"Joe Biden, the Democrat"
201801081022.0,"Joe Biden, the Democrat"
201801081041.0,"Donald Trump, the Republican"
201801081122.0,"Joe Biden, the Democrat"
201801081127.0,"Joe Biden, the Democrat"
201801081135.0,"Joe Biden, the Democrat"
201801081137.0,"Joe Biden, the Democrat"
201801081202.0,"Joe Biden, the Democrat"
201801081253.0,"Joe Biden, the Democrat"
201801081269.0,"Joe Biden, the Democrat"
201801081441.0,"Joe Biden, the Democrat"
201801081476.0,"Joe Biden, the Democrat"
201801081543.0,"Donald Trump, the Republican"
201801081563.0,
201801081723.0,
201801081843.0,
201801081908.0,"Joe Biden, the Democrat"
201801081910.0,"Donald Trump, the Republican"
201801081949.0,"Joe Biden, the Democrat"
201801082007.0,"Joe Biden, the Democrat"
201801082040.0,"Joe Biden, the Democrat"
201801082102.0,"Donald Trump, the Republican"
201801082109.0,"Joe Biden, the Democrat"
201801082114.0,"Joe Biden, the Democrat"
201801082123.0,"Joe Biden, the Democrat"
201801082145.0,
201801082187.0,"Donald Trump, the Republican"
201801082227.0,"Joe Biden, the Democrat"
201801082360.0,"Joe Biden, the Democrat"
201801082397.0,"Joe Biden, the Democrat"
201801082460.0,
201801082522.0,"Joe Biden, the Democrat"
201801082597.0,"Joe Biden, the Democrat"
201801082624.0,"Joe Biden, the Democrat"
201801082627.0,"Donald Trump, the Republican"
201801082857.0,"Joe Biden, the Democrat"
201801082868.0,"Joe Biden, the Democrat"
201801082874.0,"Joe Biden, the Democrat"
201801082915.0,"Joe Biden, the Democrat"
201801082941.0,"Joe Biden, the Democrat"
201801082942.0,"Joe Biden, the Democrat"
201801082967.0,
201801083019.0,"Joe Biden, the Democrat"
201801083071.0,"Joe Biden, the Democrat"
201801083195.0,"Joe Biden, the Democrat"
201801083246.0,"Joe Biden, the Democrat"
201801083252.0,"Joe Biden, the Democrat"
201801083276.0,"Donald Trump, the Republican"
201801083296.0,"Joe Biden, the Democrat"
201801083305.0,"Joe Biden, the Democrat"
201801083396.0,"Joe Biden, the Democrat"
201801083419.0,"Joe Biden, the Democrat"
201801083478.0,"Joe Biden, the Democrat"
201801083599.0,"Joe Biden, the Democrat"
201801083650.0,"Donald Trump, the Republican"
201801083748.0,"Joe Biden, the Democrat"
201801083766.0,"Joe Biden, the Democrat"
201801083830.0,"Joe Biden, the Democrat"
201801083964.0,"Joe Biden, the Democrat"
201801083973.0,"Donald Trump, the Republican"
201801084067.0,"Joe Biden, the Democrat"
201801084120.0,"Joe Biden, the Democrat"
201801084122.0,"Joe Biden, the Democrat"
201801084160.0,"Joe Biden, the Democrat"
201801084182.0,"Joe Biden, the Democrat"
201801084200.0,"Donald Trump, the Republican"
201801084211.0,"Joe Biden, the Democrat"
201801084308.0,"Donald Trump, the Republican"
201801084317.0,"Donald Trump, the Republican"
201801084345.0,"Donald Trump, the Republican"
201801084397.0,"Donald Trump, the Republican"
201801084445.0,"Joe Biden, the Democrat"
201801084531.0,"Joe Biden, the Democrat"
201801084547.0,"Donald Trump, the Republican"
201801084555.0,"Joe Biden, the Democrat"
201801084571.0,"Joe Biden, the Democrat"
201801084578.0,"Joe Biden, the Democrat"
201801084590.0,"Joe Biden, the Democrat"
201801084596.0,"Joe Biden, the Democrat"
201801084696.0,"Donald Trump, the Republican"
201801084697.0,"Joe Biden, the Democrat"
201801084705.0,"Donald Trump, the Republican"
201801084711.0,"Joe Biden, the Democrat"
201801084739.0,"Donald Trump, the Republican"
201801084822.0,"Joe Biden, the Democrat"
201801084825.0,"Joe Biden, the Democrat"
201801084834.0,"Joe Biden, the Democrat"
201801084844.0,"Joe Biden, the Democrat"
201801084871.0,"Joe Biden, the Democrat"
201801084899.0,
201801084931.0,Another candidate
201801084937.0,"Joe Biden, the Democrat"
201801084998.0,"Joe Biden, the Democrat"
201801085016.0,"Joe Biden, the Democrat"
201801085032.0,"Donald Trump, the Republican"
201801085041.0,"Joe Biden, the Democrat"
201801085098.0,"Howie Hawkins, the Green Party candidate"
201801085112.0,"Joe Biden, the Democrat"
201801085242.0,
201801085261.0,"Donald Trump, the Republican"
201801085279.0,"Joe Biden, the Democrat"
201801085292.0,"Joe Biden, the Democrat"
201801085303.0,"Joe Biden, the Democrat"
201801085349.0,"Joe Biden, the Democrat"
201801085360.0,"Joe Biden, the Democrat"
201801085369.0,"Joe Biden, the Democrat"
201801085370.0,"Donald Trump, the Republican"
201801085379.0,"Donald Trump, the Republican"
201801085381.0,"Donald Trump, the Republican"
201801085394.0,"Joe Biden, the Democrat"
201801085401.0,"Donald Trump, the Republican"
201801085405.0,"Joe Biden, the Democrat"
201801085444.0,"Joe Biden, the Democrat"
201801085477.0,"Joe Biden, the Democrat"
201801085478.0,"Donald Trump, the Republican"
201801085508.0,"Joe Biden, the Democrat"
201801085554.0,"Joe Biden, the Democrat"
201801085559.0,"Joe Biden, the Democrat"
201801085611.0,
201801085678.0,"Joe Biden, the Democrat"
201801085683.0,"Joe Biden, the Democrat"
201801085687.0,"Joe Biden, the Democrat"
201801085703.0,"Joe Biden, the Democrat"
201801085726.0,"Joe Biden, the Democrat"
201801085731.0,"Donald Trump, the Republican"
201801085832.0,"Donald Trump, the Republican"
201801085837.0,"Joe Biden, the Democrat"
201801085855.0,"Joe Biden, the Democrat"
201801085914.0,"Joe Biden, the Democrat"
201801085928.0,"Joe Biden, the Democrat"
201801085969.0,"Donald Trump, the Republican"
201801085973.0,
201801086018.0,"Donald Trump, the Republican"
201801086110.0,"Donald Trump, the Republican"
201801086112.0,"Donald Trump, the Republican"
201801086133.0,"Joe Biden, the Democrat"
201801086141.0,"Joe Biden, the Democrat"
201801086151.0,"Joe Biden, the Democrat"
201801086169.0,"Donald Trump, the Republican"
201801086209.0,"Donald Trump, the Republican"
201801086213.0,"Joe Biden, the Democrat"
201801086234.0,"Joe Biden, the Democrat"
201801086258.0,"Joe Biden, the Democrat"
201801086316.0,"Joe Biden, the Democrat"
201801086329.0,
201801086361.0,"Donald Trump, the Republican"
201801086378.0,"Joe Biden, the Democrat"
201801086385.0,
201801086388.0,"Donald Trump, the Republican"
201801086389.0,"Donald Trump, the Republican"
201801086391.0,"Joe Biden, the Democrat"
201801086397.0,
201801086420.0,"Donald Trump, the Republican"
201801086499.0,"Joe Biden, the Democrat"
201801086516.0,"Joe Biden, the Democrat"
201801086522.0,"Donald Trump, the Republican"
201801086555.0,"Joe Biden, the Democrat"
201801086568.0,"Joe Biden, the Democrat"
201801086665.0,"Joe Biden, the Democrat"
201801086686.0,"Joe Biden, the Democrat"
201801086699.0,"Donald Trump, the Republican"
201801086715.0,"Joe Biden, the Democrat"
201801086774.0,"Donald Trump, the Republican"
201801086824.0,"Joe Biden, the Democrat"
201801086883.0,"Donald Trump, the Republican"
201801086908.0,"Donald Trump, the Republican"
201801086922.0,"Joe Biden, the Democrat"
201801086937.0,"Donald Trump, the Republican"
201801087003.0,"Joe Biden, the Democrat"
201801087089.0,Refused
201801087103.0,"Joe Biden, the Democrat"
201801087113.0,"Joe Biden, the Democrat"
201801087117.0,"Donald Trump, the Republican"
201801087154.0,"Donald Trump, the Republican"
201801087181.0,"Donald Trump, the Republican"
201801087244.0,"Joe Biden, the Democrat"
201801087253.0,"Donald Trump, the Republican"
201801087258.0,"Joe Biden, the Democrat"
201801087268.0,"Donald Trump, the Republican"
201801087334.0,"Joe Biden, the Democrat"
201801087381.0,
201801087415.0,"Jo Jorgensen, the Libertarian Party candidate"
201801087452.0,"Donald Trump, the Republican"
201801087456.0,
201801087478.0,"Donald Trump, the Republican"
201801087498.0,"Donald Trump, the Republican"
201801087528.0,"Joe Biden, the Democrat"
201801087636.0,"Joe Biden, the Democrat"
201801087677.0,"Donald Trump, the Republican"
201801087698.0,"Joe Biden, the Democrat"
201801087733.0,"Joe Biden, the Democrat"
201801087734.0,"Donald Trump, the Republican"
201801087743.0,"Joe Biden, the Democrat"
201801087746.0,"Donald Trump, the Republican"
201801087839.0,"Joe Biden, the Democrat"
201801087883.0,"Joe Biden, the Democrat"
201801087949.0,"Donald Trump, the Republican"
201801087978.0,"Joe Biden, the Democrat"
201801088015.0,"Joe Biden, the Democrat"
201801088018.0,"Joe Biden, the Democrat"
201801088031.0,"Joe Biden, the Democrat"
201801088040.0,"Joe Biden, the Democrat"
201801088055.0,"Donald Trump, the Republican"
201801088076.0,"Joe Biden, the Democrat"
201801088085.0,"Donald Trump, the Republican"
201801088145.0,"Donald Trump, the Republican"
201801088242.0,"Joe Biden, the Democrat"
201801088308.0,"Donald Trump, the Republican"
201801088312.0,"Joe Biden, the Democrat"
201801088313.0,"Donald Trump, the Republican"
201801088334.0,"Donald Trump, the Republican"
201801088347.0,"Joe Biden, the Democrat"
201801088353.0,"Donald Trump, the Republican"
201801088377.0,"Donald Trump, the Republican"
201801088381.0,"Joe Biden, the Democrat"
201801088407.0,"Donald Trump, the Republican"
201801088412.0,"Donald Trump, the Republican"
201801088441.0,"Joe Biden, the Democrat"
201801088480.0,"Joe Biden, the Democrat"
201801088483.0,"Donald Trump, the Republican"
201801088536.0,"Donald Trump, the Republican"
201801088555.0,"Joe Biden, the Democrat"
201801088556.0,"Joe Biden, the Democrat"
201801088582.0,"Donald Trump, the Republican"
201801088584.0,"Joe Biden, the Democrat"
201801088623.0,"Donald Trump, the Republican"
201801088644.0,"Donald Trump, the Republican"
201801088675.0,"Donald Trump, the Republican"
201801088729.0,"Joe Biden, the Democrat"
201801088774.0,"Donald Trump, the Republican"
201801088815.0,"Donald Trump, the Republican"
201801088897.0,"Joe Biden, the Democrat"
201801088950.0,"Donald Trump, the Republican"
201801088968.0,"Donald Trump, the Republican"
201801088987.0,"Donald Trump, the Republican"
201801089028.0,"Donald Trump, the Republican"
201801089069.0,"Donald Trump, the Republican"
201801089109.0,"Donald Trump, the Republican"
201801089125.0,"Joe Biden, the Democrat"
201801089129.0,"Joe Biden, the Democrat"
201801089177.0,"Donald Trump, the Republican"
201801089239.0,"Joe Biden, the Democrat"
201801089245.0,"Joe Biden, the Democrat"
201801089287.0,"Joe Biden, the Democrat"
201801089291.0,"Donald Trump, the Republican"
201801089317.0,"Joe Biden, the Democrat"
201801089332.0,"Donald Trump, the Republican"
201801089336.0,"Joe Biden, the Democrat"
201801089400.0,"Donald Trump, the Republican"
201801089418.0,
201801089427.0,"Donald Trump, the Republican"
201801089467.0,"Donald Trump, the Republican"
201801089488.0,"Donald Trump, the Republican"
201801089527.0,"Donald Trump, the Republican"
201801089539.0,"Joe Biden, the Democrat"
201801089567.0,"Joe Biden, the Democrat"
201801089620.0,"Donald Trump, the Republican"
201801089668.0,"Donald Trump, the Republican"
201801089703.0,"Donald Trump, the Republican"
201801089737.0,"Joe Biden, the Democrat"
201801089792.0,"Donald Trump, the Republican"
201801089821.0,"Joe Biden, the Democrat"
201801089861.0,"Donald Trump, the Republican"
201801089882.0,"Joe Biden, the Democrat"
201801089896.0,"Donald Trump, the Republican"
201801089901.0,"Joe Biden, the Democrat"
201801089914.0,"Donald Trump, the Republican"
201801089917.0,"Joe Biden, the Democrat"
201801089969.0,"Donald Trump, the Republican"
201801089999.0,"Donald Trump, the Republican"
201801090006.0,"Donald Trump, the Republican"
201801090017.0,Another candidate
201801090027.0,"Donald Trump, the Republican"
201801090052.0,"Joe Biden, the Democrat"
201801090077.0,"Joe Biden, the Democrat"
201801090083.0,"Joe Biden, the Democrat"
201801090088.0,"Joe Biden, the Democrat"
201801090128.0,"Donald Trump, the Republican"
201801090158.0,"Donald Trump, the Republican"
201801090175.0,"Jo Jorgensen, the Libertarian Party candidate"
201801090211.0,"Donald Trump, the Republican"
201801090232.0,"Donald Trump, the Republican"
201801090369.0,Refused
201801090389.0,"Joe Biden, the Democrat"
201801090415.0,"Joe Biden, the Democrat"
201801090430.0,"Joe Biden, the Democrat"
201801090447.0,"Joe Biden, the Democrat"
201801090455.0,"Joe Biden, the Democrat"
201801090459.0,"Donald Trump, the Republican"
201801090470.0,"Donald Trump, the Republican"
201801090480.0,"Donald Trump, the Republican"
201801090487.0,"Donald Trump, the Republican"
201801090526.0,"Joe Biden, the Democrat"
201801090535.0,"Joe Biden, the Democrat"
201801090609.0,
201801090649.0,"Donald Trump, the Republican"
201801090653.0,"Joe Biden, the Democrat"
201801090699.0,"Joe Biden, the Democrat"
201801090736.0,"Joe Biden, the Democrat"
201801090744.0,"Joe Biden, the Democrat"
201801090751.0,"Donald Trump, the Republican"
201801090819.0,
201801090951.0,"Donald Trump, the Republican"
201801090957.0,"Joe Biden, the Democrat"
201801090974.0,"Donald Trump, the Republican"
201801091011.0,"Donald Trump, the Republican"
201801091024.0,"Donald Trump, the Republican"
201801091032.0,"Joe Biden, the Democrat"
201801091043.0,"Donald Trump, the Republican"
201801091075.0,"Joe Biden, the Democrat"
201801091088.0,"Joe Biden, the Democrat"
201801091114.0,
201801091143.0,"Joe Biden, the Democrat"
201801091158.0,"Joe Biden, the Democrat"
201801091180.0,"Joe Biden, the Democrat"
201801091183.0,"Joe Biden, the Democrat"
201801091219.0,"Joe Biden, the Democrat"
201801091236.0,"Joe Biden, the Democrat"
201801091280.0,Another candidate
201801091301.0,"Joe Biden, the Democrat"
201801091303.0,"Joe Biden, the Democrat"
201801091411.0,"Donald Trump, the Republican"
201801091455.0,"Donald Trump, the Republican"
201801091508.0,
201801091598.0,"Joe Biden, the Democrat"
201801091606.0,"Joe Biden, the Democrat"
201801091658.0,"Donald Trump, the Republican"
201801091662.0,"Joe Biden, the Democrat"
201801091672.0,"Joe Biden, the Democrat"
201801091688.0,"Joe Biden, the Democrat"
201801091715.0,"Joe Biden, the Democrat"
201801091796.0,
201801091859.0,"Joe Biden, the Democrat"
201801091896.0,"Joe Biden, the Democrat"
201801091910.0,"Joe Biden, the Democrat"
201801091928.0,"Joe Biden, the Democrat"
201801091936.0,"Donald Trump, the Republican"
201801092104.0,"Joe Biden, the Democrat"
201801092149.0,"Donald Trump, the Republican"
201801092202.0,"Joe Biden, the Democrat"
201801092225.0,"Joe Biden, the Democrat"
201801092298.0,"Joe Biden, the Democrat"
201801092342.0,"Joe Biden, the Democrat"
201801092344.0,"Joe Biden, the Democrat"
201801092502.0,"Joe Biden, the Democrat"
201801092510.0,"Donald Trump, the Republican"
201801092536.0,"Joe Biden, the Democrat"
201801092568.0,"Donald Trump, the Republican"
201801092581.0,"Joe Biden, the Democrat"
201801092650.0,"Donald Trump, the Republican"
201801092658.0,"Joe Biden, the Democrat"
201801092688.0,"Joe Biden, the Democrat"
201801092735.0,"Joe Biden, the Democrat"
201801092743.0,"Joe Biden, the Democrat"
201801092797.0,"Donald Trump, the Republican"
201801092946.0,"Joe Biden, the Democrat"
201801093067.0,"Joe Biden, the Democrat"
201801093083.0,"Joe Biden, the Democrat"
201801093090.0,"Joe Biden, the Democrat"
201801093148.0,"Joe Biden, the Democrat"
201801093178.0,"Joe Biden, the Democrat"
201801093183.0,"Joe Biden, the Democrat"
201801093190.0,"Joe Biden, the Democrat"
201801093197.0,"Jo Jorgensen, the Libertarian Party candidate"
201801093233.0,"Joe Biden, the Democrat"
201801093257.0,"Joe Biden, the Democrat"
201801093263.0,"Joe Biden, the Democrat"
201801093293.0,"Joe Biden, the Democrat"
201801093319.0,"Donald Trump, the Republican"
201801093355.0,"Joe Biden, the Democrat"
201801093361.0,"Joe Biden, the Democrat"
201801093365.0,"Joe Biden, the Democrat"
201801093381.0,"Joe Biden, the Democrat"
201801093397.0,"Joe Biden, the Democrat"
201801093401.0,"Donald Trump, the Republican"
201801093434.0,"Joe Biden, the Democrat"
201801093484.0,"Donald Trump, the Republican"
201801093533.0,"Donald Trump, the Republican"
201801093552.0,"Joe Biden, the Democrat"
201801093566.0,"Donald Trump, the Republican"
201801093593.0,"Donald Trump, the Republican"
201801093598.0,"Joe Biden, the Democrat"
201801093601.0,"Donald Trump, the Republican"
201801093606.0,"Joe Biden, the Democrat"
201801093622.0,"Joe Biden, the Democrat"
201801093634.0,"Donald Trump, the Republican"
201801093641.0,
201801093671.0,"Joe Biden, the Democrat"
201801093684.0,"Joe Biden, the Democrat"
201801093712.0,"Joe Biden, the Democrat"
201801093715.0,"Joe Biden, the Democrat"
201801093717.0,"Joe Biden, the Democrat"
201801093721.0,"Joe Biden, the Democrat"
201801093783.0,"Joe Biden, the Democrat"
201801093790.0,
201801093795.0,"Jo Jorgensen, the Libertarian Party candidate"
201801093846.0,"Joe Biden, the Democrat"
201801093849.0,"Joe Biden, the Democrat"
201801093874.0,"Joe Biden, the Democrat"
201801093878.0,"Donald Trump, the Republican"
201801093900.0,"Joe Biden, the Democrat"
201801093909.0,"Joe Biden, the Democrat"
201801093934.0,"Joe Biden, the Democrat"
201801093973.0,"Joe Biden, the Democrat"
201801093984.0,"Joe Biden, the Democrat"
201801094011.0,"Joe Biden, the Democrat"
201801094035.0,"Joe Biden, the Democrat"
201801094075.0,"Joe Biden, the Democrat"
201801094076.0,"Joe Biden, the Democrat"
201801094086.0,"Joe Biden, the Democrat"
201801094094.0,"Joe Biden, the Democrat"
201801094104.0,"Donald Trump, the Republican"
201801094114.0,"Joe Biden, the Democrat"
201801094116.0,"Donald Trump, the Republican"
201801094164.0,"Donald Trump, the Republican"
201801094219.0,"Donald Trump, the Republican"
201801094238.0,"Joe Biden, the Democrat"
201801094244.0,"Joe Biden, the Democrat"
201801094266.0,"Joe Biden, the Democrat"
201801094282.0,"Joe Biden, the Democrat"
201801094319.0,"Joe Biden, the Democrat"
201801094331.0,"Joe Biden, the Democrat"
201801094332.0,Refused
201801094419.0,"Joe Biden, the Democrat"
201801094471.0,"Joe Biden, the Democrat"
201801094481.0,"Donald Trump, the Republican"
201801094495.0,"Donald Trump, the Republican"
201801094501.0,"Joe Biden, the Democrat"
201801094520.0,Refused
201801094536.0,"Donald Trump, the Republican"
201801094556.0,"Joe Biden, the Democrat"
201801094557.0,"Joe Biden, the Democrat"
201801094567.0,"Joe Biden, the Democrat"
201801094569.0,"Joe Biden, the Democrat"
201801094633.0,"Donald Trump, the Republican"
201801094645.0,"Donald Trump, the Republican"
201801094724.0,"Joe Biden, the Democrat"
201801094729.0,"Donald Trump, the Republican"
201801094731.0,"Donald Trump, the Republican"
201801094759.0,"Joe Biden, the Democrat"
201801094769.0,"Joe Biden, the Democrat"
201801094794.0,"Donald Trump, the Republican"
201801094795.0,"Joe Biden, the Democrat"
201801094797.0,"Donald Trump, the Republican"
201801094824.0,"Donald Trump, the Republican"
201801094897.0,"Donald Trump, the Republican"
201801094905.0,"Joe Biden, the Democrat"
201801094913.0,"Joe Biden, the Democrat"
201801094918.0,"Joe Biden, the Democrat"
201801094933.0,"Joe Biden, the Democrat"
201801094940.0,"Joe Biden, the Democrat"
201801094959.0,
201801094964.0,"Joe Biden, the Democrat"
201801094968.0,"Joe Biden, the Democrat"
201801094972.0,"Donald Trump, the Republican"
201801094988.0,"Joe Biden, the Democrat"
201801094991.0,"Joe Biden, the Democrat"
201801095047.0,"Joe Biden, the Democrat"
201801095051.0,"Joe Biden, the Democrat"
201801095148.0,"Joe Biden, the Democrat"
201801095185.0,"Joe Biden, the Democrat"
201801095244.0,"Joe Biden, the Democrat"
201801095301.0,"Donald Trump, the Republican"
201801095313.0,"Joe Biden, the Democrat"
201801095401.0,"Joe Biden, the Democrat"
201801095412.0,"Joe Biden, the Democrat"
201801095420.0,"Joe Biden, the Democrat"
201801095429.0,"Donald Trump, the Republican"
201801095468.0,"Joe Biden, the Democrat"
201801095487.0,"Joe Biden, the Democrat"
201801095490.0,"Donald Trump, the Republican"
201801095613.0,"Donald Trump, the Republican"
201801095647.0,"Donald Trump, the Republican"
201801095650.0,"Joe Biden, the Democrat"
201801095664.0,"Donald Trump, the Republican"
201801095672.0,"Donald Trump, the Republican"
201801095731.0,"Joe Biden, the Democrat"
201801095739.0,"Joe Biden, the Democrat"
201801095786.0,"Joe Biden, the Democrat"
201801095845.0,"Joe Biden, the Democrat"
201801095881.0,"Joe Biden, the Democrat"
201801095960.0,Refused
201801095965.0,"Joe Biden, the Democrat"
201801095990.0,"Joe Biden, the Democrat"
201801096010.0,"Joe Biden, the Democrat"
201801096113.0,"Joe Biden, the Democrat"
201801096135.0,"Donald Trump, the Republican"
201801096144.0,"Joe Biden, the Democrat"
201801096153.0,"Joe Biden, the Democrat"
201801096183.0,"Joe Biden, the Democrat"
201801096185.0,
201801096210.0,"Joe Biden, the Democrat"
201801096219.0,"Joe Biden, the Democrat"
201801096225.0,"Joe Biden, the Democrat"
201801096255.0,"Joe Biden, the Democrat"
201801096274.0,"Joe Biden, the Democrat"
201801096342.0,
201801096421.0,"Joe Biden, the Democrat"
201801096443.0,
201801096461.0,"Joe Biden, the Democrat"
201801096498.0,"Joe Biden, the Democrat"
201801096566.0,"Donald Trump, the Republican"
201801096577.0,"Joe Biden, the Democrat"
201801096603.0,"Donald Trump, the Republican"
201801096605.0,"Joe Biden, the Democrat"
201801096640.0,"Joe Biden, the Democrat"
201801096656.0,"Joe Biden, the Democrat"
201801096779.0,"Joe Biden, the Democrat"
201801096790.0,"Joe Biden, the Democrat"
201801096812.0,"Donald Trump, the Republican"
201801096814.0,"Donald Trump, the Republican"
201801096826.0,"Joe Biden, the Democrat"
201801096890.0,"Joe Biden, the Democrat"
201801096902.0,"Joe Biden, the Democrat"
201801096907.0,"Donald Trump, the Republican"
201801096942.0,"Joe Biden, the Democrat"
201801096946.0,"Joe Biden, the Democrat"
201801096961.0,"Joe Biden, the Democrat"
201801097019.0,"Donald Trump, the Republican"
201801097031.0,"Donald Trump, the Republican"
201801097056.0,"Donald Trump, the Republican"
201801097200.0,"Joe Biden, the Democrat"
201801097225.0,"Donald Trump, the Republican"
201801097410.0,"Joe Biden, the Democrat"
201801097471.0,"Donald Trump, the Republican"
201801097512.0,"Donald Trump, the Republican"
201801097604.0,"Joe Biden, the Democrat"
201801097664.0,"Joe Biden, the Democrat"
201801097696.0,"Joe Biden, the Democrat"
201801097762.0,"Joe Biden, the Democrat"
201801097823.0,"Joe Biden, the Democrat"
201801097889.0,"Joe Biden, the Democrat"
201801097937.0,"Donald Trump, the Republican"
201801097960.0,"Joe Biden, the Democrat"
201801097978.0,"Donald Trump, the Republican"
201801098111.0,"Donald Trump, the Republican"
201801098142.0,"Donald Trump, the Republican"
201801098177.0,"Donald Trump, the Republican"
201801098248.0,"Donald Trump, the Republican"
201801098348.0,"Joe Biden, the Democrat"
201801098368.0,"Donald Trump, the Republican"
201801098386.0,"Donald Trump, the Republican"
201801098389.0,"Joe Biden, the Democrat"
201801098392.0,
201801098427.0,"Joe Biden, the Democrat"
201801098431.0,"Donald Trump, the Republican"
201801098583.0,"Joe Biden, the Democrat"
201801098607.0,"Joe Biden, the Democrat"
201801098620.0,
201801098667.0,"Donald Trump, the Republican"
201801098701.0,"Donald Trump, the Republican"
201801098719.0,"Joe Biden, the Democrat"
201801098754.0,"Joe Biden, the Democrat"
201801098759.0,
201801098768.0,"Donald Trump, the Republican"
201801098825.0,
201801098831.0,"Joe Biden, the Democrat"
201801098949.0,"Joe Biden, the Democrat"
201801098967.0,"Joe Biden, the Democrat"
201801099079.0,"Donald Trump, the Republican"
201801099103.0,"Donald Trump, the Republican"
201801099115.0,"Donald Trump, the Republican"
201801099130.0,"Joe Biden, the Democrat"
201801099134.0,"Donald Trump, the Republican"
201801099200.0,"Donald Trump, the Republican"
201801099213.0,"Joe Biden, the Democrat"
201801099252.0,"Joe Biden, the Democrat"
201801099255.0,"Joe Biden, the Democrat"
201801099390.0,"Joe Biden, the Democrat"
201801099471.0,"Donald Trump, the Republican"
201801099479.0,"Donald Trump, the Republican"
201801099503.0,"Joe Biden, the Democrat"
201801099508.0,"Joe Biden, the Democrat"
201801099535.0,"Joe Biden, the Democrat"
201801099537.0,"Donald Trump, the Republican"
201801099541.0,"Joe Biden, the Democrat"
201801099599.0,"Joe Biden, the Democrat"
201801099611.0,"Donald Trump, the Republican"
201801099674.0,"Donald Trump, the Republican"
201801099717.0,"Donald Trump, the Republican"
201801099726.0,"Donald Trump, the Republican"
201801099735.0,"Joe Biden, the Democrat"
201801099840.0,"Donald Trump, the Republican"
201801099842.0,"Joe Biden, the Democrat"
201801099899.0,"Joe Biden, the Democrat"
201801099909.0,"Joe Biden, the Democrat"
201801099911.0,"Donald Trump, the Republican"
201801099917.0,"Donald Trump, the Republican"
201801099940.0,"Joe Biden, the Democrat"
201801100004.0,"Joe Biden, the Democrat"
201801100007.0,"Joe Biden, the Democrat"
201801100013.0,
201801100036.0,"Joe Biden, the Democrat"
201801100048.0,"Joe Biden, the Democrat"
201801100064.0,"Donald Trump, the Republican"
201801100122.0,"Joe Biden, the Democrat"
201801100141.0,Refused
201801100159.0,"Joe Biden, the Democrat"
201801100170.0,
201801100182.0,"Joe Biden, the Democrat"
201801100184.0,"Joe Biden, the Democrat"
201801100194.0,"Joe Biden, the Democrat"
201801100220.0,
201801100347.0,"Joe Biden, the Democrat"
201801100416.0,"Jo Jorgensen, the Libertarian Party candidate"
201801100457.0,"Donald Trump, the Republican"
201801100510.0,"Donald Trump, the Republican"
201801100547.0,"Joe Biden, the Democrat"
201801100569.0,
201801100580.0,"Donald Trump, the Republican"
201801100584.0,"Joe Biden, the Democrat"
201801100679.0,"Joe Biden, the Democrat"
201801100716.0,"Joe Biden, the Democrat"
201801100725.0,"Joe Biden, the Democrat"
201801100770.0,"Joe Biden, the Democrat"
201801100823.0,"Joe Biden, the Democrat"
201801100828.0,"Donald Trump, the Republican"
201801100867.0,"Joe Biden, the Democrat"
201801100884.0,"Donald Trump, the Republican"
201801100915.0,"Donald Trump, the Republican"
201801100924.0,"Donald Trump, the Republican"
201801100986.0,
201801101041.0,"Joe Biden, the Democrat"
201801101054.0,
201801101137.0,"Joe Biden, the Democrat"
201801101149.0,"Joe Biden, the Democrat"
201801101186.0,"Donald Trump, the Republican"
201801101234.0,"Donald Trump, the Republican"
201801101242.0,"Donald Trump, the Republican"
201801101253.0,"Joe Biden, the Democrat"
201801101262.0,"Joe Biden, the Democrat"
201801101268.0,
201801101272.0,"Donald Trump, the Republican"
201801101296.0,"Donald Trump, the Republican"
201801101377.0,"Donald Trump, the Republican"
201801101406.0,"Donald Trump, the Republican"
201801101486.0,"Donald Trump, the Republican"
201801101512.0,"Joe Biden, the Democrat"
201801101515.0,"Joe Biden, the Democrat"
201801101567.0,"Joe Biden, the Democrat"
201801101594.0,"Joe Biden, the Democrat"
201801101617.0,"Joe Biden, the Democrat"
201801101625.0,
201801101639.0,"Joe Biden, the Democrat"
201801101683.0,"Joe Biden, the Democrat"
201801101686.0,"Joe Biden, the Democrat"
201801101691.0,
201801101692.0,"Joe Biden, the Democrat"
201801101757.0,"Joe Biden, the Democrat"
201801101765.0,"Donald Trump, the Republican"
201801101846.0,"Joe Biden, the Democrat"
201801101872.0,"Joe Biden, the Democrat"
201801101878.0,"Howie Hawkins, the Green Party candidate"
201801101902.0,"Donald Trump, the Republican"
201801101943.0,
201801101976.0,"Joe Biden, the Democrat"
201801101984.0,"Joe Biden, the Democrat"
201801102026.0,"Donald Trump, the Republican"
201801102031.0,"Joe Biden, the Democrat"
201801102090.0,"Joe Biden, the Democrat"
201801102119.0,"Joe Biden, the Democrat"
201801102237.0,"Donald Trump, the Republican"
201801102241.0,"Joe Biden, the Democrat"
201801102250.0,"Donald Trump, the Republican"
201801102257.0,"Joe Biden, the Democrat"
201801102280.0,
201801102320.0,"Donald Trump, the Republican"
201801102329.0,"Donald Trump, the Republican"
201801102332.0,"Joe Biden, the Democrat"
201801102344.0,"Joe Biden, the Democrat"
201801102358.0,"Joe Biden, the Democrat"
201801102431.0,
201801102503.0,"Joe Biden, the Democrat"
201801102510.0,"Joe Biden, the Democrat"
201801102512.0,"Donald Trump, the Republican"
201801102513.0,"Joe Biden, the Democrat"
201801102518.0,"Joe Biden, the Democrat"
201801102526.0,"Donald Trump, the Republican"
201801102549.0,"Joe Biden, the Democrat"
201801102597.0,"Joe Biden, the Democrat"
201801102736.0,"Joe Biden, the Democrat"
201801102794.0,"Donald Trump, the Republican"
201801102850.0,"Joe Biden, the Democrat"
201801102873.0,"Joe Biden, the Democrat"
201801102973.0,"Donald Trump, the Republican"
201801102980.0,"Donald Trump, the Republican"
201801102991.0,"Donald Trump, the Republican"
201801103001.0,"Joe Biden, the Democrat"
201801103006.0,"Joe Biden, the Democrat"
201801103047.0,"Joe Biden, the Democrat"
201801103057.0,"Joe Biden, the Democrat"
201801103068.0,"Donald Trump, the Republican"
201801103074.0,"Donald Trump, the Republican"
201801103085.0,"Joe Biden, the Democrat"
201801103099.0,"Joe Biden, the Democrat"
201801103119.0,
201801103145.0,"Joe Biden, the Democrat"
201801103157.0,"Joe Biden, the Democrat"
201801103163.0,"Joe Biden, the Democrat"
201801103266.0,
201801103272.0,
201801103279.0,"Joe Biden, the Democrat"
201801103317.0,"Donald Trump, the Republican"
201801103342.0,"Joe Biden, the Democrat"
201801103453.0,"Donald Trump, the Republican"
201801103493.0,
201801103553.0,"Donald Trump, the Republican"
201801103596.0,"Joe Biden, the Democrat"
201801103606.0,"Donald Trump, the Republican"
201801103680.0,"Donald Trump, the Republican"
201801103759.0,"Donald Trump, the Republican"
201801103779.0,"Donald Trump, the Republican"
201801103783.0,"Donald Trump, the Republican"
201801103867.0,
201801103929.0,"Joe Biden, the Democrat"
201801104013.0,
201801104051.0,"Donald Trump, the Republican"
201801104073.0,"Joe Biden, the Democrat"
201801104126.0,"Donald Trump, the Republican"
201801104167.0,"Donald Trump, the Republican"
201801104182.0,
201801104197.0,"Donald Trump, the Republican"
201801104273.0,"Joe Biden, the Democrat"
201801104283.0,"Donald Trump, the Republican"
201801104304.0,"Donald Trump, the Republican"
201801104315.0,
201801104323.0,"Donald Trump, the Republican"
201801104345.0,"Donald Trump, the Republican"
201801104346.0,"Joe Biden, the Democrat"
201801104363.0,"Joe Biden, the Democrat"
201801104376.0,"Donald Trump, the Republican"
201801104411.0,Refused
201801104433.0,
201801104456.0,"Donald Trump, the Republican"
201801104457.0,"Donald Trump, the Republican"
201801104493.0,"Joe Biden, the Democrat"
201801104506.0,Refused
201801104534.0,"Joe Biden, the Democrat"
201801104574.0,"Donald Trump, the Republican"
201801104597.0,"Donald Trump, the Republican"
201801104608.0,"Donald Trump, the Republican"
201801104654.0,"Joe Biden, the Democrat"
201801104684.0,"Donald Trump, the Republican"
201801104772.0,"Joe Biden, the Democrat"
201801104788.0,"Donald Trump, the Republican"
201801104821.0,"Joe Biden, the Democrat"
201801104845.0,"Joe Biden, the Democrat"
201801104852.0,"Donald Trump, the Republican"
201801104901.0,"Joe Biden, the Democrat"
201801104916.0,"Joe Biden, the Democrat"
201801104920.0,"Donald Trump, the Republican"
201801104927.0,"Joe Biden, the Democrat"
201801104959.0,"Donald Trump, the Republican"
201801105005.0,"Joe Biden, the Democrat"
201801105017.0,"Donald Trump, the Republican"
201801105046.0,"Joe Biden, the Democrat"
201801105054.0,"Joe Biden, the Democrat"
201801105120.0,"Joe Biden, the Democrat"
201801105125.0,"Donald Trump, the Republican"
201801105246.0,"Joe Biden, the Democrat"
201801105264.0,"Joe Biden, the Democrat"
201801105329.0,"Joe Biden, the Democrat"
201801105354.0,"Donald Trump, the Republican"
201801105376.0,"Joe Biden, the Democrat"
201801105381.0,"Joe Biden, the Democrat"
201801105505.0,"Joe Biden, the Democrat"
201801105552.0,"Donald Trump, the Republican"
201801105609.0,"Donald Trump, the Republican"
201801105659.0,"Donald Trump, the Republican"
201801105672.0,"Joe Biden, the Democrat"
201801105683.0,"Joe Biden, the Democrat"
201801105695.0,"Donald Trump, the Republican"
201801105720.0,"Donald Trump, the Republican"
201801105777.0,"Donald Trump, the Republican"
201801105804.0,"Donald Trump, the Republican"
201801105815.0,"Donald Trump, the Republican"
201801105856.0,"Donald Trump, the Republican"
201801105864.0,"Joe Biden, the Democrat"
201801105891.0,"Joe Biden, the Democrat"
201801105905.0,"Joe Biden, the Democrat"
201801106036.0,"Donald Trump, the Republican"
201801106085.0,"Joe Biden, the Democrat"
201801106112.0,"Donald Trump, the Republican"
201801106115.0,"Joe Biden, the Democrat"
201801106117.0,"Joe Biden, the Democrat"
201801106209.0,"Donald Trump, the Republican"
201801106210.0,"Donald Trump, the Republican"
201801106247.0,"Donald Trump, the Republican"
201801106249.0,"Joe Biden, the Democrat"
201801106300.0,"Joe Biden, the Democrat"
201801106336.0,"Donald Trump, the Republican"
201801106365.0,"Donald Trump, the Republican"
201801106366.0,"Donald Trump, the Republican"
201801106434.0,"Joe Biden, the Democrat"
201801106438.0,"Donald Trump, the Republican"
201801106440.0,"Jo Jorgensen, the Libertarian Party candidate"
201801106445.0,"Joe Biden, the Democrat"
201801106467.0,
201801106490.0,"Joe Biden, the Democrat"
201801106555.0,
201801106565.0,"Donald Trump, the Republican"
201801106580.0,"Joe Biden, the Democrat"
201801106624.0,
201801106644.0,"Joe Biden, the Democrat"
201801106657.0,"Donald Trump, the Republican"
201801106685.0,"Joe Biden, the Democrat"
201801106695.0,"Donald Trump, the Republican"
201801106701.0,"Joe Biden, the Democrat"
201801106728.0,"Joe Biden, the Democrat"
201801106731.0,"Donald Trump, the Republican"
201801106737.0,"Joe Biden, the Democrat"
201801106813.0,"Joe Biden, the Democrat"
201801106820.0,"Joe Biden, the Democrat"
201801106827.0,"Joe Biden, the Democrat"
201801106829.0,"Donald Trump, the Republican"
201801106992.0,"Joe Biden, the Democrat"
201801107018.0,"Donald Trump, the Republican"
201801107026.0,"Donald Trump, the Republican"
201801107038.0,"Donald Trump, the Republican"
201801107059.0,"Donald Trump, the Republican"
201801107098.0,"Howie Hawkins, the Green Party candidate"
201801107104.0,"Joe Biden, the Democrat"
201801107113.0,Another candidate
201801107151.0,"Joe Biden, the Democrat"
201801107152.0,"Donald Trump, the Republican"
201801107182.0,"Donald Trump, the Republican"
201801107243.0,"Joe Biden, the Democrat"
201801107248.0,"Joe Biden, the Democrat"
201801107256.0,
201801107375.0,
201801107447.0,"Donald Trump, the Republican"
201801107508.0,"Donald Trump, the Republican"
201801107544.0,"Donald Trump, the Republican"
201801107545.0,"Donald Trump, the Republican"
201801107599.0,"Donald Trump, the Republican"
201801107651.0,
201801107668.0,"Joe Biden, the Democrat"
201801107722.0,
201801107826.0,"Joe Biden, the Democrat"
201801107852.0,"Donald Trump, the Republican"
201801107856.0,"Joe Biden, the Democrat"
201801107887.0,"Donald Trump, the Republican"
201801107942.0,
201801107958.0,"Joe Biden, the Democrat"
201801107972.0,"Joe Biden, the Democrat"
201801107993.0,"Donald Trump, the Republican"
201801108000.0,"Joe Biden, the Democrat"
201801108131.0,
201801108141.0,
201801108172.0,"Donald Trump, the Republican"
201801108207.0,
201801108212.0,"Donald Trump, the Republican"
201801108225.0,"Joe Biden, the Democrat"
201801108258.0,"Joe Biden, the Democrat"
201801108274.0,"Joe Biden, the Democrat"
201801108290.0,"Joe Biden, the Democrat"
201801108293.0,
201801108320.0,"Joe Biden, the Democrat"
201801108351.0,"Donald Trump, the Republican"
201801108372.0,"Donald Trump, the Republican"
201801108393.0,"Donald Trump, the Republican"
201801108412.0,
201801108425.0,
201801108547.0,"Joe Biden, the Democrat"
201801108559.0,"Joe Biden, the Democrat"
201801108580.0,"Donald Trump, the Republican"
201801108582.0,"Donald Trump, the Republican"
201801108660.0,"Donald Trump, the Republican"
201801108723.0,"Donald Trump, the Republican"
201801108728.0,"Joe Biden, the Democrat"
201801108733.0,"Donald Trump, the Republican"
201801108752.0,"Joe Biden, the Democrat"
201801108790.0,"Donald Trump, the Republican"
201801108823.0,"Donald Trump, the Republican"
201801108828.0,"Donald Trump, the Republican"
201801108853.0,"Joe Biden, the Democrat"
201801108859.0,"Joe Biden, the Democrat"
201801108879.0,"Donald Trump, the Republican"
201801108904.0,"Joe Biden, the Democrat"
201801108920.0,"Joe Biden, the Democrat"
201801108927.0,"Donald Trump, the Republican"
201801109000.0,"Joe Biden, the Democrat"
201801109096.0,"Donald Trump, the Republican"
201801109130.0,"Joe Biden, the Democrat"
201801109154.0,"Donald Trump, the Republican"
201801109260.0,
201801109342.0,"Donald Trump, the Republican"
201801109377.0,"Joe Biden, the Democrat"
201801109386.0,"Joe Biden, the Democrat"
201801109405.0,"Joe Biden, the Democrat"
201801109418.0,
201801109456.0,"Donald Trump, the Republican"
201801109459.0,"Howie Hawkins, the Green Party candidate"
201801109484.0,"Joe Biden, the Democrat"
201801109602.0,"Donald Trump, the Republican"
201801109613.0,"Donald Trump, the Republican"
201801109734.0,"Joe Biden, the Democrat"
201801109743.0,"Joe Biden, the Democrat"
201801109782.0,"Donald Trump, the Republican"
201801109808.0,"Donald Trump, the Republican"
201801109843.0,"Donald Trump, the Republican"
201801109849.0,
201801109869.0,"Donald Trump, the Republican"
201801109875.0,"Donald Trump, the Republican"
201801109882.0,"Donald Trump, the Republican"
201801109896.0,"Donald Trump, the Republican"
201801109900.0,"Donald Trump, the Republican"
201801109935.0,"Joe Biden, the Democrat"
201801109983.0,"Joe Biden, the Democrat"
201801109985.0,"Donald Trump, the Republican"
201801110054.0,"Donald Trump, the Republican"
201801110109.0,
201801110141.0,"Joe Biden, the Democrat"
201801110143.0,"Donald Trump, the Republican"
201801110176.0,"Donald Trump, the Republican"
201801110190.0,"Donald Trump, the Republican"
201801110206.0,
201801110213.0,"Donald Trump, the Republican"
201801110309.0,"Joe Biden, the Democrat"
201801110315.0,"Donald Trump, the Republican"
201801110344.0,"Donald Trump, the Republican"
201801110358.0,"Joe Biden, the Democrat"
201801110391.0,"Donald Trump, the Republican"
201801110439.0,"Joe Biden, the Democrat"
201801110451.0,"Joe Biden, the Democrat"
201801110490.0,"Joe Biden, the Democrat"
201801110512.0,"Joe Biden, the Democrat"
201801110515.0,"Joe Biden, the Democrat"
201801110573.0,"Donald Trump, the Republican"
201801110641.0,"Joe Biden, the Democrat"
201801110663.0,"Joe Biden, the Democrat"
201801110681.0,"Joe Biden, the Democrat"
201801110718.0,"Donald Trump, the Republican"
201801110728.0,"Joe Biden, the Democrat"
201801110785.0,"Donald Trump, the Republican"
201801110817.0,"Joe Biden, the Democrat"
201801110880.0,"Joe Biden, the Democrat"
201801110901.0,"Donald Trump, the Republican"
201801110904.0,"Joe Biden, the Democrat"
201801110936.0,
201801110958.0,"Donald Trump, the Republican"
201801111010.0,"Joe Biden, the Democrat"
201801111023.0,"Joe Biden, the Democrat"
201801111029.0,"Donald Trump, the Republican"
201801111037.0,"Joe Biden, the Democrat"
201801111056.0,"Joe Biden, the Democrat"
201801111099.0,
201801111294.0,"Joe Biden, the Democrat"
201801111333.0,"Donald Trump, the Republican"
201801111533.0,"Joe Biden, the Democrat"
201801111581.0,"Joe Biden, the Democrat"
201801111739.0,"Joe Biden, the Democrat"
201801111789.0,"Donald Trump, the Republican"
201801111914.0,"Donald Trump, the Republican"
201801111988.0,"Joe Biden, the Democrat"
201801112078.0,"Donald Trump, the Republican"
201801112121.0,"Donald Trump, the Republican"
201801112131.0,"Joe Biden, the Democrat"
201801112137.0,"Donald Trump, the Republican"
201801112144.0,"Joe Biden, the Democrat"
201801112160.0,"Joe Biden, the Democrat"
201801112192.0,"Donald Trump, the Republican"
201801112209.0,"Joe Biden, the Democrat"
201801112228.0,"Donald Trump, the Republican"
201801112261.0,"Donald Trump, the Republican"
201801112268.0,"Joe Biden, the Democrat"
201801112336.0,"Donald Trump, the Republican"
201801112366.0,"Donald Trump, the Republican"
201801112446.0,"Donald Trump, the Republican"
201801112468.0,"Joe Biden, the Democrat"
201801112524.0,"Joe Biden, the Democrat"
201801112599.0,"Joe Biden, the Democrat"
201801112631.0,"Joe Biden, the Democrat"
201801112674.0,"Donald Trump, the Republican"
201801112709.0,"Joe Biden, the Democrat"
201801112768.0,"Donald Trump, the Republican"
201801112772.0,"Donald Trump, the Republican"
201801112819.0,
201801112822.0,"Donald Trump, the Republican"
201801112859.0,"Joe Biden, the Democrat"
201801112870.0,"Donald Trump, the Republican"
201801112921.0,"Donald Trump, the Republican"
201801112960.0,"Joe Biden, the Democrat"
201801112979.0,"Donald Trump, the Republican"
201801112989.0,"Joe Biden, the Democrat"
201801112998.0,"Joe Biden, the Democrat"
201801113022.0,"Donald Trump, the Republican"
201801113025.0,"Joe Biden, the Democrat"
201801113026.0,"Joe Biden, the Democrat"
201801113031.0,"Donald Trump, the Republican"
201801113097.0,"Donald Trump, the Republican"
201801113129.0,"Joe Biden, the Democrat"
201801113220.0,"Joe Biden, the Democrat"
201801113265.0,"Joe Biden, the Democrat"
201801113305.0,"Joe Biden, the Democrat"
201801113333.0,"Joe Biden, the Democrat"
201801113338.0,"Joe Biden, the Democrat"
201801113340.0,"Joe Biden, the Democrat"
201801113373.0,"Joe Biden, the Democrat"
201801113387.0,"Joe Biden, the Democrat"
201801113413.0,"Joe Biden, the Democrat"
201801113416.0,Refused
201801113468.0,"Joe Biden, the Democrat"
201801113512.0,"Donald Trump, the Republican"
201801113650.0,"Joe Biden, the Democrat"
201801113717.0,
201801113790.0,"Donald Trump, the Republican"
201801113796.0,"Donald Trump, the Republican"
201801113814.0,"Donald Trump, the Republican"
201801113848.0,"Joe Biden, the Democrat"
201801113857.0,"Donald Trump, the Republican"
201801113955.0,"Donald Trump, the Republican"
201801113994.0,"Donald Trump, the Republican"
201801114023.0,"Donald Trump, the Republican"
201801114024.0,"Donald Trump, the Republican"
201801114079.0,"Donald Trump, the Republican"
201801114107.0,"Donald Trump, the Republican"
201801114130.0,"Donald Trump, the Republican"
201801114147.0,"Donald Trump, the Republican"
201801114161.0,"Donald Trump, the Republican"
201801114192.0,"Joe Biden, the Democrat"
201801114265.0,"Donald Trump, the Republican"
201801114272.0,"Joe Biden, the Democrat"
201801114336.0,"Donald Trump, the Republican"
201801114398.0,"Joe Biden, the Democrat"
201801114416.0,"Joe Biden, the Democrat"
201801114419.0,"Joe Biden, the Democrat"
201801114430.0,"Joe Biden, the Democrat"
201801114459.0,
201801114465.0,"Donald Trump, the Republican"
201801114502.0,"Donald Trump, the Republican"
201801114506.0,"Donald Trump, the Republican"
201801114509.0,"Joe Biden, the Democrat"
201801114518.0,"Donald Trump, the Republican"
201801114525.0,
201801114555.0,Another candidate
201801114576.0,"Joe Biden, the Democrat"
201801114630.0,"Joe Biden, the Democrat"
201801114712.0,"Donald Trump, the Republican"
201801114716.0,"Donald Trump, the Republican"
201801114726.0,"Joe Biden, the Democrat"
201801114758.0,"Joe Biden, the Democrat"
201801114800.0,"Donald Trump, the Republican"
201801114814.0,"Joe Biden, the Democrat"
201801114897.0,"Donald Trump, the Republican"
201801114941.0,"Donald Trump, the Republican"
201801114991.0,"Donald Trump, the Republican"
201801114996.0,"Donald Trump, the Republican"
201801115014.0,"Jo Jorgensen, the Libertarian Party candidate"
201801115059.0,"Donald Trump, the Republican"
201801115108.0,"Donald Trump, the Republican"
201801115241.0,"Donald Trump, the Republican"
201801115299.0,"Donald Trump, the Republican"
201801115315.0,"Joe Biden, the Democrat"
201801115317.0,
201801115354.0,"Donald Trump, the Republican"
201801115360.0,"Joe Biden, the Democrat"
201801115378.0,
201801115494.0,"Donald Trump, the Republican"
201801115525.0,"Donald Trump, the Republican"
201801115699.0,"Donald Trump, the Republican"
201801115757.0,"Donald Trump, the Republican"
201801115836.0,"Donald Trump, the Republican"
201801115845.0,"Joe Biden, the Democrat"
201801115862.0,"Donald Trump, the Republican"
201801115912.0,"Donald Trump, the Republican"
201801115919.0,
201801115933.0,"Donald Trump, the Republican"
201801116029.0,"Joe Biden, the Democrat"
201801116103.0,"Joe Biden, the Democrat"
201801116112.0,"Joe Biden, the Democrat"
201801116153.0,"Donald Trump, the Republican"
201801116156.0,
201801116192.0,"Joe Biden, the Democrat"
201801116217.0,"Joe Biden, the Democrat"
201801116259.0,"Donald Trump, the Republican"
201801116351.0,"Donald Trump, the Republican"
201801116416.0,"Joe Biden, the Democrat"
201801116438.0,"Donald Trump, the Republican"
201801116493.0,"Donald Trump, the Republican"
201801116515.0,"Joe Biden, the Democrat"
201801116548.0,"Donald Trump, the Republican"
201801116570.0,"Donald Trump, the Republican"
201801116588.0,"Donald Trump, the Republican"
201801116597.0,"Joe Biden, the Democrat"
201801116620.0,"Donald Trump, the Republican"
201801116632.0,"Joe Biden, the Democrat"
201801116673.0,
201801116733.0,"Donald Trump, the Republican"
201801116774.0,"Donald Trump, the Republican"
201801116875.0,"Donald Trump, the Republican"
201801116917.0,"Joe Biden, the Democrat"
201801116953.0,"Donald Trump, the Republican"
201801116962.0,"Joe Biden, the Democrat"
201801116995.0,"Donald Trump, the Republican"
201801117002.0,"Donald Trump, the Republican"
201801117006.0,"Joe Biden, the Democrat"
201801117071.0,"Donald Trump, the Republican"
201801117083.0,"Jo Jorgensen, the Libertarian Party candidate"
201801117089.0,
201801117121.0,"Donald Trump, the Republican"
201801117136.0,"Joe Biden, the Democrat"
201801117150.0,"Joe Biden, the Democrat"
201801117181.0,
201801117241.0,"Donald Trump, the Republican"
201801117271.0,"Donald Trump, the Republican"
201801117364.0,"Donald Trump, the Republican"
201801117367.0,"Joe Biden, the Democrat"
201801117373.0,"Donald Trump, the Republican"
201801117443.0,"Donald Trump, the Republican"
201801117516.0,"Joe Biden, the Democrat"
201801117554.0,"Donald Trump, the Republican"
201801117555.0,"Donald Trump, the Republican"
201801117618.0,"Joe Biden, the Democrat"
201801117643.0,"Joe Biden, the Democrat"
201801117672.0,"Joe Biden, the Democrat"
201801117754.0,"Joe Biden, the Democrat"
201801117780.0,"Donald Trump, the Republican"
201801117791.0,"Donald Trump, the Republican"
201801117801.0,"Joe Biden, the Democrat"
201801117805.0,"Joe Biden, the Democrat"
201801117867.0,"Joe Biden, the Democrat"
201801117927.0,"Joe Biden, the Democrat"
201801118037.0,"Joe Biden, the Democrat"
201801118083.0,"Joe Biden, the Democrat"
201801118097.0,"Joe Biden, the Democrat"
201801118120.0,"Joe Biden, the Democrat"
201801118212.0,
201801118242.0,"Joe Biden, the Democrat"
201801118301.0,"Donald Trump, the Republican"
201801118302.0,"Joe Biden, the Democrat"
201801118319.0,"Joe Biden, the Democrat"
201801118320.0,"Joe Biden, the Democrat"
201801118341.0,"Donald Trump, the Republican"
201801118406.0,"Joe Biden, the Democrat"
201801118420.0,"Joe Biden, the Democrat"
201801118503.0,"Joe Biden, the Democrat"
201801118506.0,"Donald Trump, the Republican"
201801118540.0,"Donald Trump, the Republican"
201801118555.0,"Donald Trump, the Republican"
201801118579.0,"Donald Trump, the Republican"
201801118611.0,"Joe Biden, the Democrat"
201801118633.0,"Joe Biden, the Democrat"
201801118642.0,
201801118718.0,
201801118748.0,"Joe Biden, the Democrat"
201801118776.0,"Donald Trump, the Republican"
201801118836.0,"Joe Biden, the Democrat"
201801118856.0,"Joe Biden, the Democrat"
201801118982.0,"Joe Biden, the Democrat"
201801119046.0,
201801119047.0,
201801119053.0,"Donald Trump, the Republican"
201801119084.0,
201801119088.0,"Joe Biden, the Democrat"
201801119093.0,"Jo Jorgensen, the Libertarian Party candidate"
201801119142.0,"Donald Trump, the Republican"
201801119163.0,"Donald Trump, the Republican"
201801119198.0,"Donald Trump, the Republican"
201801119202.0,
201801119222.0,"Donald Trump, the Republican"
201801119228.0,"Donald Trump, the Republican"
201801119234.0,"Donald Trump, the Republican"
201801119259.0,"Donald Trump, the Republican"
201801119283.0,"Donald Trump, the Republican"
201801119294.0,"Joe Biden, the Democrat"
201801119302.0,"Donald Trump, the Republican"
201801119337.0,"Donald Trump, the Republican"
201801119346.0,"Donald Trump, the Republican"
201801119453.0,"Donald Trump, the Republican"
201801119499.0,"Donald Trump, the Republican"
201801119542.0,"Donald Trump, the Republican"
201801119562.0,"Donald Trump, the Republican"
201801119678.0,"Joe Biden, the Democrat"
201801119693.0,"Donald Trump, the Republican"
201801119732.0,"Donald Trump, the Republican"
201801119741.0,Refused
201801119884.0,"Donald Trump, the Republican"
201801119939.0,Another candidate
201801119943.0,"Joe Biden, the Democrat"
201801119950.0,"Donald Trump, the Republican"
201801120037.0,"Donald Trump, the Republican"
201801120038.0,
201801120040.0,"Donald Trump, the Republican"
201801120049.0,"Donald Trump, the Republican"
201801120067.0,"Donald Trump, the Republican"
201801120082.0,
201801120195.0,
201801120235.0,"Jo Jorgensen, the Libertarian Party candidate"
201801120249.0,"Donald Trump, the Republican"
201801120260.0,"Donald Trump, the Republican"
201801120315.0,"Donald Trump, the Republican"
201801120453.0,
201801120524.0,"Donald Trump, the Republican"
201801120543.0,"Donald Trump, the Republican"
201801120578.0,
201801120593.0,"Donald Trump, the Republican"
201801120596.0,"Donald Trump, the Republican"
201801120625.0,"Joe Biden, the Democrat"
201801120659.0,"Joe Biden, the Democrat"
201801120804.0,"Donald Trump, the Republican"
201801120820.0,
201801120843.0,"Donald Trump, the Republican"
201801120846.0,
201801120900.0,"Joe Biden, the Democrat"
201801120960.0,"Joe Biden, the Democrat"
201801120973.0,"Donald Trump, the Republican"
201801120983.0,"Donald Trump, the Republican"
201801120993.0,"Donald Trump, the Republican"
201801121032.0,
201801121063.0,"Joe Biden, the Democrat"
201801121065.0,"Joe Biden, the Democrat"
201801121079.0,
201801121112.0,
201801121301.0,"Donald Trump, the Republican"
201801121303.0,"Donald Trump, the Republican"
201801121322.0,"Joe Biden, the Democrat"
201801121337.0,"Joe Biden, the Democrat"
201801121386.0,"Donald Trump, the Republican"
201801121404.0,"Joe Biden, the Democrat"
201801121419.0,"Joe Biden, the Democrat"
201801121425.0,
201801121454.0,"Joe Biden, the Democrat"
201801121461.0,"Joe Biden, the Democrat"
201801121465.0,"Joe Biden, the Democrat"
201801121531.0,"Joe Biden, the Democrat"
201801121584.0,"Donald Trump, the Republican"
201801121610.0,"Joe Biden, the Democrat"
201801121632.0,"Donald Trump, the Republican"
201801121641.0,"Donald Trump, the Republican"
201801121752.0,"Donald Trump, the Republican"
201801121817.0,"Joe Biden, the Democrat"
201801121845.0,"Joe Biden, the Democrat"
201801121847.0,"Joe Biden, the Democrat"
201801121872.0,"Joe Biden, the Democrat"
201801121880.0,"Joe Biden, the Democrat"
201801122068.0,"Joe Biden, the Democrat"
201801122091.0,"Joe Biden, the Democrat"
201801122110.0,Another candidate
201801122147.0,"Joe Biden, the Democrat"
201801122167.0,"Joe Biden, the Democrat"
201801122168.0,"Joe Biden, the Democrat"
201801122174.0,"Joe Biden, the Democrat"
201801122200.0,"Joe Biden, the Democrat"
201801122204.0,"Donald Trump, the Republican"
201801122366.0,
201801122479.0,"Donald Trump, the Republican"
201801122682.0,"Donald Trump, the Republican"
201801122698.0,"Donald Trump, the Republican"
201801122703.0,"Joe Biden, the Democrat"
201801122769.0,"Joe Biden, the Democrat"
201801122878.0,"Joe Biden, the Democrat"
201801122896.0,"Joe Biden, the Democrat"
201801122968.0,
201801122980.0,"Donald Trump, the Republican"
201801123002.0,"Donald Trump, the Republican"
201801123004.0,"Joe Biden, the Democrat"
201801123018.0,"Donald Trump, the Republican"
201801123037.0,
201801123052.0,"Donald Trump, the Republican"
201801123081.0,"Joe Biden, the Democrat"
201801123084.0,"Donald Trump, the Republican"
201801123094.0,"Donald Trump, the Republican"
201801123205.0,"Donald Trump, the Republican"
201801123280.0,"Joe Biden, the Democrat"
201801123312.0,"Donald Trump, the Republican"
201801123316.0,"Donald Trump, the Republican"
201801123324.0,"Donald Trump, the Republican"
201801123361.0,"Donald Trump, the Republican"
201801123391.0,"Joe Biden, the Democrat"
201801123395.0,"Joe Biden, the Democrat"
201801123400.0,"Joe Biden, the Democrat"
201801123437.0,"Joe Biden, the Democrat"
201801123500.0,"Donald Trump, the Republican"
201801123531.0,"Joe Biden, the Democrat"
201801123592.0,"Donald Trump, the Republican"
201801123676.0,"Donald Trump, the Republican"
201801123709.0,"Donald Trump, the Republican"
201801123762.0,"Joe Biden, the Democrat"
201801123791.0,"Joe Biden, the Democrat"
201801123794.0,"Joe Biden, the Democrat"
201801123819.0,"Joe Biden, the Democrat"
201801123822.0,"Joe Biden, the Democrat"
201801123832.0,"Joe Biden, the Democrat"
201801123844.0,"Joe Biden, the Democrat"
201801123858.0,
201801123945.0,"Joe Biden, the Democrat"
201801123946.0,"Joe Biden, the Democrat"
201801123959.0,"Joe Biden, the Democrat"
201801123969.0,"Joe Biden, the Democrat"
201801123978.0,"Joe Biden, the Democrat"
201801123987.0,"Joe Biden, the Democrat"
201801124020.0,"Donald Trump, the Republican"
201801124078.0,"Joe Biden, the Democrat"
201801124081.0,"Joe Biden, the Democrat"
201801124115.0,"Donald Trump, the Republican"
201801124135.0,"Joe Biden, the Democrat"
201801124206.0,"Donald Trump, the Republican"
201801124313.0,"Donald Trump, the Republican"
201801124320.0,"Donald Trump, the Republican"
201801124321.0,"Donald Trump, the Republican"
201801124336.0,"Joe Biden, the Democrat"
201801124340.0,"Jo Jorgensen, the Libertarian Party candidate"
201801124344.0,
201801124369.0,"Joe Biden, the Democrat"
201801124390.0,"Donald Trump, the Republican"
201801124399.0,"Donald Trump, the Republican"
201801124405.0,"Donald Trump, the Republican"
201801124406.0,"Donald Trump, the Republican"
201801124418.0,"Joe Biden, the Democrat"
201801124449.0,
201801124456.0,"Joe Biden, the Democrat"
201801124485.0,Refused
201801124516.0,"Joe Biden, the Democrat"
201801124553.0,"Donald Trump, the Republican"
201801124587.0,"Joe Biden, the Democrat"
201801124632.0,"Joe Biden, the Democrat"
201801124682.0,
201801124810.0,"Donald Trump, the Republican"
201801124869.0,"Donald Trump, the Republican"
201801124870.0,"Donald Trump, the Republican"
201801124941.0,"Donald Trump, the Republican"
201801124980.0,"Donald Trump, the Republican"
201801125020.0,"Joe Biden, the Democrat"
201801125026.0,
201801125039.0,"Donald Trump, the Republican"
201801125048.0,"Joe Biden, the Democrat"
201801125095.0,"Joe Biden, the Democrat"
201801125107.0,"Joe Biden, the Democrat"
201801125110.0,"Joe Biden, the Democrat"
201801125137.0,"Joe Biden, the Democrat"
201801125163.0,"Donald Trump, the Republican"
201801125171.0,"Joe Biden, the Democrat"
201801125187.0,"Donald Trump, the Republican"
201801125236.0,"Joe Biden, the Democrat"
201801125248.0,"Joe Biden, the Democrat"
201801125260.0,"Joe Biden, the Democrat"
201801125269.0,"Joe Biden, the Democrat"
201801125303.0,Refused
201801125418.0,"Joe Biden, the Democrat"
201801125499.0,"Joe Biden, the Democrat"
201801125623.0,"Donald Trump, the Republican"
201801125653.0,"Donald Trump, the Republican"
201801125679.0,"Donald Trump, the Republican"
201801125691.0,
201801125694.0,"Joe Biden, the Democrat"
201801125732.0,"Joe Biden, the Democrat"
201801125755.0,"Joe Biden, the Democrat"
201801125775.0,"Donald Trump, the Republican"
201801125779.0,"Donald Trump, the Republican"
201801125784.0,
201801125798.0,"Joe Biden, the Democrat"
201801125812.0,"Joe Biden, the Democrat"
201801125924.0,"Joe Biden, the Democrat"
201801125972.0,"Joe Biden, the Democrat"
201801126004.0,"Donald Trump, the Republican"
201801126011.0,"Joe Biden, the Democrat"
201801126040.0,"Donald Trump, the Republican"
201801126045.0,
201801126057.0,"Donald Trump, the Republican"
201801126070.0,"Joe Biden, the Democrat"
201801126072.0,"Joe Biden, the Democrat"
201801126096.0,"Donald Trump, the Republican"
201801126200.0,"Joe Biden, the Democrat"
201801126253.0,"Donald Trump, the Republican"
201801126255.0,"Joe Biden, the Democrat"
201801126265.0,"Joe Biden, the Democrat"
201801126282.0,"Donald Trump, the Republican"
201801126294.0,"Joe Biden, the Democrat"
201801126295.0,"Donald Trump, the Republican"
201801126383.0,"Joe Biden, the Democrat"
201801126387.0,
201801126440.0,"Joe Biden, the Democrat"
201801126450.0,"Joe Biden, the Democrat"
201801126542.0,"Donald Trump, the Republican"
201801126633.0,"Joe Biden, the Democrat"
201801126656.0,
201801126667.0,
201801126710.0,
201801126729.0,"Donald Trump, the Republican"
201801126740.0,"Donald Trump, the Republican"
201801126774.0,"Joe Biden, the Democrat"
201801126789.0,"Joe Biden, the Democrat"
201801126816.0,"Joe Biden, the Democrat"
201801126835.0,"Joe Biden, the Democrat"
201801126867.0,
201801126915.0,"Joe Biden, the Democrat"
201801126967.0,Refused
201801126987.0,"Donald Trump, the Republican"
201801126994.0,"Joe Biden, the Democrat"
201801127054.0,"Joe Biden, the Democrat"
201801127064.0,"Joe Biden, the Democrat"
201801127136.0,"Donald Trump, the Republican"
201801127144.0,"Donald Trump, the Republican"
201801127312.0,"Joe Biden, the Democrat"
201801127331.0,"Donald Trump, the Republican"
201801127393.0,"Donald Trump, the Republican"
201801127407.0,
201801127436.0,"Donald Trump, the Republican"
201801127484.0,"Joe Biden, the Democrat"
201801127492.0,"Donald Trump, the Republican"
201801127552.0,"Donald Trump, the Republican"
201801127566.0,
201801127577.0,"Joe Biden, the Democrat"
201801127589.0,"Joe Biden, the Democrat"
201801127603.0,"Joe Biden, the Democrat"
201801127614.0,"Joe Biden, the Democrat"
201801127729.0,"Donald Trump, the Republican"
201801127744.0,"Donald Trump, the Republican"
201801127773.0,"Donald Trump, the Republican"
201801127787.0,"Joe Biden, the Democrat"
201801127789.0,
201801127790.0,"Joe Biden, the Democrat"
201801127849.0,"Jo Jorgensen, the Libertarian Party candidate"
201801127970.0,"Joe Biden, the Democrat"
201801128066.0,"Donald Trump, the Republican"
201801128070.0,
201801128101.0,"Joe Biden, the Democrat"
201801128104.0,"Donald Trump, the Republican"
201801128145.0,"Joe Biden, the Democrat"
201801128173.0,"Jo Jorgensen, the Libertarian Party candidate"
201801128195.0,"Donald Trump, the Republican"
201801128214.0,"Donald Trump, the Republican"
201801128243.0,"Joe Biden, the Democrat"
201801128293.0,Refused
201801128297.0,"Donald Trump, the Republican"
201801128299.0,"Donald Trump, the Republican"
201801128311.0,"Joe Biden, the Democrat"
201801128347.0,"Donald Trump, the Republican"
201801128370.0,"Donald Trump, the Republican"
201801128400.0,"Donald Trump, the Republican"
201801128455.0,"Donald Trump, the Republican"
201801128487.0,
201801128508.0,
201801128534.0,"Donald Trump, the Republican"
201801128591.0,"Jo Jorgensen, the Libertarian Party candidate"
201801128592.0,"Joe Biden, the Democrat"
201801128636.0,"Donald Trump, the Republican"
201801128681.0,"Donald Trump, the Republican"
201801128690.0,"Donald Trump, the Republican"
201801128695.0,"Donald Trump, the Republican"
201801128698.0,"Donald Trump, the Republican"
201801128708.0,"Donald Trump, the Republican"
201801128745.0,
201801128755.0,"Joe Biden, the Democrat"
201801128762.0,"Joe Biden, the Democrat"
201801128763.0,
201801128813.0,"Joe Biden, the Democrat"
201801128832.0,"Donald Trump, the Republican"
201801128834.0,"Joe Biden, the Democrat"
201801128840.0,"Donald Trump, the Republican"
201801128842.0,
201801128855.0,
201801128860.0,
201801128871.0,"Joe Biden, the Democrat"
201801128943.0,"Joe Biden, the Democrat"
201801128946.0,"Donald Trump, the Republican"
201801128986.0,"Donald Trump, the Republican"
201801129021.0,"Donald Trump, the Republican"
201801129097.0,"Donald Trump, the Republican"
201801129100.0,
201801129165.0,
201801129192.0,"Joe Biden, the Democrat"
201801129194.0,"Joe Biden, the Democrat"
201801129203.0,"Donald Trump, the Republican"
201801129250.0,"Donald Trump, the Republican"
201801129310.0,"Donald Trump, the Republican"
201801129328.0,"Joe Biden, the Democrat"
201801129369.0,"Donald Trump, the Republican"
201801129397.0,
201801129431.0,"Joe Biden, the Democrat"
201801129454.0,"Donald Trump, the Republican"
201801129483.0,
201801129538.0,"Donald Trump, the Republican"
201801129597.0,"Joe Biden, the Democrat"
201801129719.0,"Donald Trump, the Republican"
201801129726.0,"Joe Biden, the Democrat"
201801129732.0,
201801129769.0,"Joe Biden, the Democrat"
201801129772.0,
201801129799.0,"Joe Biden, the Democrat"
201801129813.0,"Joe Biden, the Democrat"
201801129817.0,"Jo Jorgensen, the Libertarian Party candidate"
201801129869.0,
201801129918.0,"Joe Biden, the Democrat"
201801129966.0,"Donald Trump, the Republican"
201801129970.0,
201801129989.0,"Joe Biden, the Democrat"
201801130086.0,"Donald Trump, the Republican"
201801130106.0,"Donald Trump, the Republican"
201801130116.0,"Donald Trump, the Republican"
201801130149.0,"Donald Trump, the Republican"
201801130164.0,"Donald Trump, the Republican"
201801130199.0,"Donald Trump, the Republican"
201801130231.0,Another candidate
201801130246.0,"Donald Trump, the Republican"
201801130254.0,"Donald Trump, the Republican"
201801130255.0,"Donald Trump, the Republican"
201801130260.0,
201801130285.0,"Donald Trump, the Republican"
201801130345.0,"Joe Biden, the Democrat"
201801130434.0,"Joe Biden, the Democrat"
201801130449.0,"Jo Jorgensen, the Libertarian Party candidate"
201801130472.0,"Joe Biden, the Democrat"
201801130481.0,"Donald Trump, the Republican"
201801130484.0,"Joe Biden, the Democrat"
201801130521.0,"Joe Biden, the Democrat"
201801130576.0,"Donald Trump, the Republican"
201801130636.0,"Joe Biden, the Democrat"
201801130743.0,"Joe Biden, the Democrat"
201801130758.0,"Donald Trump, the Republican"
201801130771.0,"Joe Biden, the Democrat"
201801130789.0,"Donald Trump, the Republican"
201801130819.0,"Joe Biden, the Democrat"
201801130851.0,"Joe Biden, the Democrat"
201801130854.0,"Donald Trump, the Republican"
201801130868.0,"Donald Trump, the Republican"
201801130874.0,Refused
201801130881.0,"Donald Trump, the Republican"
201801130887.0,"Joe Biden, the Democrat"
201801130969.0,"Joe Biden, the Democrat"
201801130986.0,"Donald Trump, the Republican"
201801131013.0,Refused
201801131028.0,Refused
201801131043.0,"Donald Trump, the Republican"
201801131051.0,"Joe Biden, the Democrat"
201801131058.0,"Joe Biden, the Democrat"
201801131065.0,"Donald Trump, the Republican"
201801131100.0,"Donald Trump, the Republican"
201801131108.0,"Joe Biden, the Democrat"
201801131180.0,"Joe Biden, the Democrat"
201801131211.0,"Donald Trump, the Republican"
201801131244.0,"Donald Trump, the Republican"
201801131254.0,"Joe Biden, the Democrat"
201801131259.0,"Donald Trump, the Republican"
201801131272.0,"Donald Trump, the Republican"
201801131295.0,"Joe Biden, the Democrat"
201801131359.0,"Joe Biden, the Democrat"
201801131445.0,"Joe Biden, the Democrat"
201801131457.0,"Joe Biden, the Democrat"
201801131489.0,"Joe Biden, the Democrat"
201801131512.0,"Joe Biden, the Democrat"
201801131520.0,"Joe Biden, the Democrat"
201801131522.0,"Joe Biden, the Democrat"
201801131584.0,"Donald Trump, the Republican"
201801131658.0,"Joe Biden, the Democrat"
201801131668.0,"Donald Trump, the Republican"
201801131689.0,"Donald Trump, the Republican"
201801131690.0,"Donald Trump, the Republican"
201801131764.0,"Donald Trump, the Republican"
201801131775.0,"Joe Biden, the Democrat"
201801131916.0,"Donald Trump, the Republican"
201801131920.0,
201801131979.0,"Joe Biden, the Democrat"
201801132055.0,"Donald Trump, the Republican"
201801132091.0,"Donald Trump, the Republican"
201801132129.0,"Joe Biden, the Democrat"
201801132131.0,"Jo Jorgensen, the Libertarian Party candidate"
201801132137.0,"Joe Biden, the Democrat"
201801132162.0,Another candidate
201801132256.0,"Donald Trump, the Republican"
201801132299.0,"Joe Biden, the Democrat"
201801132327.0,"Donald Trump, the Republican"
201801132371.0,"Donald Trump, the Republican"
201801132378.0,"Joe Biden, the Democrat"
201801132409.0,"Donald Trump, the Republican"
201801132497.0,"Donald Trump, the Republican"
201801132569.0,
201801132584.0,"Donald Trump, the Republican"
201801132591.0,"Jo Jorgensen, the Libertarian Party candidate"
201801132614.0,"Joe Biden, the Democrat"
201801132622.0,"Joe Biden, the Democrat"
201801132627.0,"Jo Jorgensen, the Libertarian Party candidate"
201801132663.0,"Donald Trump, the Republican"
201801132821.0,"Joe Biden, the Democrat"
201801132871.0,Refused
201801132888.0,"Joe Biden, the Democrat"
201801132953.0,"Joe Biden, the Democrat"
201801132994.0,Refused
201801133013.0,"Joe Biden, the Democrat"
201801133036.0,"Joe Biden, the Democrat"
201801133073.0,"Joe Biden, the Democrat"
201801133136.0,"Donald Trump, the Republican"
201801133149.0,"Donald Trump, the Republican"
201801133263.0,"Joe Biden, the Democrat"
201801133272.0,"Donald Trump, the Republican"
201801133311.0,"Donald Trump, the Republican"
201801133326.0,"Donald Trump, the Republican"
201801133329.0,"Donald Trump, the Republican"
201801133359.0,
201801133366.0,"Joe Biden, the Democrat"
201801133370.0,"Joe Biden, the Democrat"
201801133376.0,"Joe Biden, the Democrat"
201801133394.0,"Joe Biden, the Democrat"
201801133563.0,"Donald Trump, the Republican"
201801133564.0,"Donald Trump, the Republican"
201801133570.0,"Donald Trump, the Republican"
201801133605.0,"Joe Biden, the Democrat"
201801133641.0,"Joe Biden, the Democrat"
201801133651.0,"Joe Biden, the Democrat"
201801133662.0,"Joe Biden, the Democrat"
201801133675.0,
201801133684.0,"Joe Biden, the Democrat"
201801133697.0,
201801133702.0,"Donald Trump, the Republican"
201801133729.0,"Donald Trump, the Republican"
201801133736.0,"Donald Trump, the Republican"
201801133769.0,"Joe Biden, the Democrat"
201801133790.0,"Joe Biden, the Democrat"
201801133852.0,
201801133878.0,"Joe Biden, the Democrat"
201801133960.0,"Joe Biden, the Democrat"
201801133980.0,"Joe Biden, the Democrat"
201801133995.0,"Joe Biden, the Democrat"
201801134041.0,"Donald Trump, the Republican"
201801134079.0,"Joe Biden, the Democrat"
201801134198.0,"Joe Biden, the Democrat"
201801134212.0,"Donald Trump, the Republican"
201801134238.0,"Donald Trump, the Republican"
201801134242.0,"Joe Biden, the Democrat"
201801134270.0,"Joe Biden, the Democrat"
201801134315.0,"Donald Trump, the Republican"
201801134328.0,"Donald Trump, the Republican"
201801134353.0,"Donald Trump, the Republican"
201801134373.0,"Joe Biden, the Democrat"
201801134386.0,"Joe Biden, the Democrat"
201801134388.0,"Joe Biden, the Democrat"
201801134391.0,"Joe Biden, the Democrat"
201801134499.0,"Joe Biden, the Democrat"
201801134506.0,"Donald Trump, the Republican"
201801134529.0,"Donald Trump, the Republican"
201801134550.0,"Joe Biden, the Democrat"
201801134589.0,"Joe Biden, the Democrat"
201801134603.0,"Donald Trump, the Republican"
201801134607.0,"Joe Biden, the Democrat"
201801134732.0,
201801134758.0,"Donald Trump, the Republican"
201801134770.0,"Joe Biden, the Democrat"
201801134774.0,"Donald Trump, the Republican"
201801134808.0,"Joe Biden, the Democrat"
201801134823.0,"Joe Biden, the Democrat"
201801134826.0,"Joe Biden, the Democrat"
201801134865.0,"Donald Trump, the Republican"
201801134876.0,
201801134953.0,"Joe Biden, the Democrat"
201801135014.0,"Donald Trump, the Republican"
201801135019.0,"Donald Trump, the Republican"
201801135033.0,"Joe Biden, the Democrat"
201801135059.0,"Joe Biden, the Democrat"
201801135074.0,"Joe Biden, the Democrat"
201801135075.0,"Joe Biden, the Democrat"
201801135091.0,"Donald Trump, the Republican"
201801135095.0,"Joe Biden, the Democrat"
201801135107.0,"Joe Biden, the Democrat"
201801135108.0,"Donald Trump, the Republican"
201801135127.0,"Donald Trump, the Republican"
201801135133.0,"Joe Biden, the Democrat"
201801135217.0,Refused
201801135240.0,
201801135271.0,
201801135294.0,"Joe Biden, the Democrat"
201801135306.0,"Joe Biden, the Democrat"
201801135363.0,"Donald Trump, the Republican"
201801135382.0,
201801135394.0,"Joe Biden, the Democrat"
201801135401.0,"Donald Trump, the Republican"
201801135444.0,"Joe Biden, the Democrat"
201801135447.0,"Joe Biden, the Democrat"
201801135454.0,"Donald Trump, the Republican"
201801135458.0,"Joe Biden, the Democrat"
201801135487.0,"Donald Trump, the Republican"
201801135489.0,"Joe Biden, the Democrat"
201801135503.0,"Donald Trump, the Republican"
201801135540.0,"Donald Trump, the Republican"
201801135548.0,"Joe Biden, the Democrat"
201801135572.0,"Donald Trump, the Republican"
201801135585.0,"Joe Biden, the Democrat"
201801135725.0,"Donald Trump, the Republican"
201801135772.0,"Donald Trump, the Republican"
201801135795.0,"Joe Biden, the Democrat"
201801135801.0,"Donald Trump, the Republican"
201801135824.0,
201801135855.0,"Joe Biden, the Democrat"
201801135858.0,"Joe Biden, the Democrat"
201801135882.0,"Donald Trump, the Republican"
201801135910.0,"Joe Biden, the Democrat"
201801135919.0,"Joe Biden, the Democrat"
201801135999.0,"Joe Biden, the Democrat"
201801136027.0,"Joe Biden, the Democrat"
201801136029.0,"Joe Biden, the Democrat"
201801136032.0,"Joe Biden, the Democrat"
201801136035.0,"Joe Biden, the Democrat"
201801136041.0,"Donald Trump, the Republican"
201801136048.0,
201801136050.0,"Joe Biden, the Democrat"
201801136143.0,"Joe Biden, the Democrat"
201801136313.0,"Joe Biden, the Democrat"
201801136367.0,"Joe Biden, the Democrat"
201801136375.0,"Joe Biden, the Democrat"
201801136394.0,"Donald Trump, the Republican"
201801136409.0,"Joe Biden, the Democrat"
201801136423.0,"Donald Trump, the Republican"
201801136438.0,"Joe Biden, the Democrat"
201801136497.0,"Donald Trump, the Republican"
201801136559.0,"Donald Trump, the Republican"
201801136565.0,"Joe Biden, the Democrat"
201801136569.0,"Donald Trump, the Republican"
201801136593.0,
201801136622.0,"Donald Trump, the Republican"
201801136625.0,"Joe Biden, the Democrat"
201801136631.0,"Donald Trump, the Republican"
201801136633.0,"Donald Trump, the Republican"
201801136658.0,"Donald Trump, the Republican"
201801136687.0,"Donald Trump, the Republican"
201801136759.0,"Joe Biden, the Democrat"
201801136783.0,"Donald Trump, the Republican"
201801136838.0,"Joe Biden, the Democrat"
201801136864.0,"Joe Biden, the Democrat"
201801136872.0,"Joe Biden, the Democrat"
201801136924.0,"Donald Trump, the Republican"
201801136967.0,"Donald Trump, the Republican"
201801137033.0,"Joe Biden, the Democrat"
201801137035.0,"Donald Trump, the Republican"
201801137039.0,"Joe Biden, the Democrat"
201801137059.0,"Joe Biden, the Democrat"
201801137127.0,"Joe Biden, the Democrat"
201801137129.0,"Joe Biden, the Democrat"
201801137133.0,"Joe Biden, the Democrat"
201801137153.0,"Joe Biden, the Democrat"
201801137173.0,"Joe Biden, the Democrat"
201801137192.0,"Joe Biden, the Democrat"
201801137254.0,"Joe Biden, the Democrat"
201801137260.0,"Donald Trump, the Republican"
201801137306.0,"Donald Trump, the Republican"
201801137386.0,"Joe Biden, the Democrat"
201801137404.0,"Donald Trump, the Republican"
201801137415.0,"Joe Biden, the Democrat"
201801137449.0,"Joe Biden, the Democrat"
201801137461.0,"Donald Trump, the Republican"
201801137479.0,"Joe Biden, the Democrat"
201801137484.0,"Joe Biden, the Democrat"
201801137499.0,"Donald Trump, the Republican"
201801137505.0,"Joe Biden, the Democrat"
201801137507.0,"Joe Biden, the Democrat"
201801137523.0,"Joe Biden, the Democrat"
201801137536.0,"Joe Biden, the Democrat"
201801137555.0,"Joe Biden, the Democrat"
201801137573.0,"Joe Biden, the Democrat"
201801137582.0,"Joe Biden, the Democrat"
201801137595.0,"Donald Trump, the Republican"
201801137604.0,"Joe Biden, the Democrat"
201801137614.0,"Joe Biden, the Democrat"
201801137617.0,"Joe Biden, the Democrat"
201801137624.0,"Joe Biden, the Democrat"
201801137625.0,"Joe Biden, the Democrat"
201801137633.0,"Joe Biden, the Democrat"
201801137637.0,"Joe Biden, the Democrat"
201801137638.0,"Joe Biden, the Democrat"
201801137659.0,"Joe Biden, the Democrat"
201801137667.0,"Joe Biden, the Democrat"
201801137694.0,"Joe Biden, the Democrat"
201801137705.0,"Joe Biden, the Democrat"
201801137710.0,"Joe Biden, the Democrat"
201801137715.0,"Joe Biden, the Democrat"
201801137731.0,"Jo Jorgensen, the Libertarian Party candidate"
201801137746.0,"Joe Biden, the Democrat"
201801137756.0,"Joe Biden, the Democrat"
201801137759.0,"Joe Biden, the Democrat"
201801137781.0,"Donald Trump, the Republican"
201801137846.0,"Donald Trump, the Republican"
201801137893.0,"Joe Biden, the Democrat"
201801137915.0,"Joe Biden, the Democrat"
201801137958.0,"Donald Trump, the Republican"
201801137967.0,"Jo Jorgensen, the Libertarian Party candidate"
201801137978.0,"Joe Biden, the Democrat"
201801137981.0,"Donald Trump, the Republican"
201801137984.0,"Donald Trump, the Republican"
201801137985.0,"Joe Biden, the Democrat"
201801137989.0,"Donald Trump, the Republican"
201801138000.0,"Joe Biden, the Democrat"
201801138015.0,"Donald Trump, the Republican"
201801138024.0,"Joe Biden, the Democrat"
201801138029.0,"Donald Trump, the Republican"
201801138058.0,"Joe Biden, the Democrat"
201801138062.0,
201801138081.0,"Donald Trump, the Republican"
201801138120.0,"Joe Biden, the Democrat"
201801138129.0,"Donald Trump, the Republican"
201801138148.0,"Joe Biden, the Democrat"
201801138169.0,"Donald Trump, the Republican"
201801138172.0,"Donald Trump, the Republican"
201801138203.0,
201801138208.0,"Donald Trump, the Republican"
201801138304.0,"Joe Biden, the Democrat"
201801138339.0,"Jo Jorgensen, the Libertarian Party candidate"
201801138340.0,"Donald Trump, the Republican"
201801138350.0,"Donald Trump, the Republican"
201801138352.0,"Donald Trump, the Republican"
201801138416.0,Refused
201801138434.0,"Joe Biden, the Democrat"
201801138479.0,"Donald Trump, the Republican"
201801138494.0,"Joe Biden, the Democrat"
201801138505.0,"Donald Trump, the Republican"
201801138520.0,"Donald Trump, the Republican"
201801138553.0,"Joe Biden, the Democrat"
201801138584.0,"Joe Biden, the Democrat"
201801138601.0,"Joe Biden, the Democrat"
201801138642.0,"Donald Trump, the Republican"
201801138663.0,"Donald Trump, the Republican"
201801138703.0,"Donald Trump, the Republican"
201801138719.0,"Joe Biden, the Democrat"
201801138739.0,"Donald Trump, the Republican"
201801138757.0,"Donald Trump, the Republican"
201801138803.0,"Joe Biden, the Democrat"
201801138806.0,"Joe Biden, the Democrat"
201801138834.0,"Joe Biden, the Democrat"
201801138860.0,"Donald Trump, the Republican"
201801138862.0,"Donald Trump, the Republican"
201801138876.0,
201801138890.0,"Donald Trump, the Republican"
201801138909.0,"Joe Biden, the Democrat"
201801138919.0,"Donald Trump, the Republican"
201801138932.0,"Donald Trump, the Republican"
201801138942.0,"Donald Trump, the Republican"
201801138989.0,"Donald Trump, the Republican"
201801139000.0,"Joe Biden, the Democrat"
201801139007.0,"Donald Trump, the Republican"
201801139015.0,"Joe Biden, the Democrat"
201801139036.0,"Joe Biden, the Democrat"
201801139038.0,"Donald Trump, the Republican"
201801139080.0,
201801139108.0,"Joe Biden, the Democrat"
201801139157.0,"Joe Biden, the Democrat"
201801139164.0,"Joe Biden, the Democrat"
201801139170.0,"Donald Trump, the Republican"
201801139196.0,"Joe Biden, the Democrat"
201801139200.0,
201801139212.0,"Donald Trump, the Republican"
201801139216.0,"Joe Biden, the Democrat"
201801139222.0,"Jo Jorgensen, the Libertarian Party candidate"
201801139233.0,"Joe Biden, the Democrat"
201801139251.0,Refused
201801139253.0,"Joe Biden, the Democrat"
201801139276.0,"Joe Biden, the Democrat"
201801139279.0,"Joe Biden, the Democrat"
201801139291.0,"Joe Biden, the Democrat"
201801139292.0,"Joe Biden, the Democrat"
201801139306.0,"Joe Biden, the Democrat"
201801139310.0,"Joe Biden, the Democrat"
201801139337.0,"Joe Biden, the Democrat"
201801139359.0,"Joe Biden, the Democrat"
201801139408.0,"Joe Biden, the Democrat"
201801139412.0,"Donald Trump, the Republican"
201801139427.0,"Joe Biden, the Democrat"
201801139470.0,"Donald Trump, the Republican"
201801139500.0,"Joe Biden, the Democrat"
201801139501.0,
201801139510.0,"Joe Biden, the Democrat"
201801139513.0,"Joe Biden, the Democrat"
201801139520.0,"Joe Biden, the Democrat"
201801139533.0,"Joe Biden, the Democrat"
201801139543.0,"Joe Biden, the Democrat"
201801139569.0,"Joe Biden, the Democrat"
201801139621.0,"Joe Biden, the Democrat"
201801139624.0,"Donald Trump, the Republican"
201801139640.0,"Donald Trump, the Republican"
201801139642.0,"Donald Trump, the Republican"
201801139651.0,"Joe Biden, the Democrat"
201801139666.0,"Joe Biden, the Democrat"
201801139667.0,
201801139669.0,"Donald Trump, the Republican"
201801139694.0,Refused
201801139696.0,"Donald Trump, the Republican"
201801139704.0,"Donald Trump, the Republican"
201801139725.0,"Joe Biden, the Democrat"
201801139746.0,"Joe Biden, the Democrat"
201801139773.0,"Joe Biden, the Democrat"
201801139799.0,"Donald Trump, the Republican"
201801139819.0,"Donald Trump, the Republican"
201801139864.0,
201801139874.0,"Joe Biden, the Democrat"
201801139977.0,"Donald Trump, the Republican"
201801139978.0,"Donald Trump, the Republican"
201801139991.0,"Joe Biden, the Democrat"
201801140035.0,"Joe Biden, the Democrat"
201801140040.0,"Joe Biden, the Democrat"
201801140044.0,"Joe Biden, the Democrat"
201801140059.0,"Joe Biden, the Democrat"
201801140070.0,"Joe Biden, the Democrat"
201801140115.0,"Joe Biden, the Democrat"
201801140140.0,"Joe Biden, the Democrat"
201801140179.0,"Joe Biden, the Democrat"
201801140190.0,"Joe Biden, the Democrat"
201801140191.0,"Joe Biden, the Democrat"
201801140198.0,"Joe Biden, the Democrat"
201801140200.0,"Joe Biden, the Democrat"
201801140203.0,"Howie Hawkins, the Green Party candidate"
201801140222.0,"Joe Biden, the Democrat"
201801140287.0,"Joe Biden, the Democrat"
201801140297.0,"Donald Trump, the Republican"
201801140322.0,"Joe Biden, the Democrat"
201801140393.0,"Joe Biden, the Democrat"
201801140404.0,"Joe Biden, the Democrat"
201801140424.0,"Joe Biden, the Democrat"
201801140425.0,"Joe Biden, the Democrat"
201801140442.0,"Joe Biden, the Democrat"
201801140491.0,"Joe Biden, the Democrat"
201801140512.0,"Donald Trump, the Republican"
201801140529.0,"Joe Biden, the Democrat"
201801140536.0,"Donald Trump, the Republican"
201801140601.0,"Donald Trump, the Republican"
201801140622.0,"Donald Trump, the Republican"
201801140641.0,"Donald Trump, the Republican"
201801140658.0,
201801140678.0,
201801140679.0,"Joe Biden, the Democrat"
201801140717.0,"Donald Trump, the Republican"
201801140730.0,"Joe Biden, the Democrat"
201801140744.0,"Donald Trump, the Republican"
201801140771.0,Refused
201801140773.0,"Joe Biden, the Democrat"
201801140843.0,"Joe Biden, the Democrat"
201801140850.0,
201801140856.0,"Donald Trump, the Republican"
201801140858.0,"Joe Biden, the Democrat"
201801140868.0,"Joe Biden, the Democrat"
201801140880.0,"Donald Trump, the Republican"
201801140882.0,"Donald Trump, the Republican"
201801140918.0,"Joe Biden, the Democrat"
201801140953.0,
201801140972.0,"Donald Trump, the Republican"
201801140992.0,"Joe Biden, the Democrat"
201801141010.0,"Donald Trump, the Republican"
201801141046.0,"Joe Biden, the Democrat"
201801141057.0,"Donald Trump, the Republican"
201801141094.0,"Donald Trump, the Republican"
201801141107.0,"Joe Biden, the Democrat"
201801141132.0,"Donald Trump, the Republican"
201801141152.0,
201801141168.0,"Jo Jorgensen, the Libertarian Party candidate"
201801141176.0,"Joe Biden, the Democrat"
201801141215.0,"Donald Trump, the Republican"
201801141273.0,"Donald Trump, the Republican"
201801141321.0,"Donald Trump, the Republican"
201801141330.0,"Joe Biden, the Democrat"
201801141362.0,"Donald Trump, the Republican"
201801141391.0,"Joe Biden, the Democrat"
201801141398.0,Refused
201801141400.0,"Donald Trump, the Republican"
201801141520.0,"Donald Trump, the Republican"
201801141536.0,"Joe Biden, the Democrat"
201801141679.0,
201801141697.0,"Donald Trump, the Republican"
201801141701.0,"Donald Trump, the Republican"
201801141704.0,"Joe Biden, the Democrat"
201801141713.0,"Joe Biden, the Democrat"
201801141779.0,"Donald Trump, the Republican"
201801141818.0,"Joe Biden, the Democrat"
201801141843.0,"Donald Trump, the Republican"
201801141958.0,"Donald Trump, the Republican"
201801141959.0,"Donald Trump, the Republican"
201801142007.0,"Donald Trump, the Republican"
201801142030.0,
201801142113.0,"Donald Trump, the Republican"
201801142154.0,"Donald Trump, the Republican"
201801142163.0,
201801142213.0,
201801142224.0,"Joe Biden, the Democrat"
201801142230.0,
201801142263.0,"Joe Biden, the Democrat"
201801142271.0,"Donald Trump, the Republican"
201801142276.0,"Donald Trump, the Republican"
201801142285.0,"Donald Trump, the Republican"
201801142289.0,
201801142302.0,"Donald Trump, the Republican"
201801142370.0,"Donald Trump, the Republican"
201801142379.0,"Joe Biden, the Democrat"
201801142383.0,"Joe Biden, the Democrat"
201801142403.0,"Joe Biden, the Democrat"
201801142415.0,"Donald Trump, the Republican"
201801142461.0,"Donald Trump, the Republican"
201801142507.0,"Joe Biden, the Democrat"
201801142510.0,"Joe Biden, the Democrat"
201801142516.0,"Joe Biden, the Democrat"
201801142528.0,"Donald Trump, the Republican"
201801142545.0,"Joe Biden, the Democrat"
201801142679.0,"Joe Biden, the Democrat"
201801142704.0,"Joe Biden, the Democrat"
201801142739.0,"Joe Biden, the Democrat"
201801142772.0,"Joe Biden, the Democrat"
201801142774.0,"Joe Biden, the Democrat"
201801142786.0,"Joe Biden, the Democrat"
201801142815.0,"Donald Trump, the Republican"
201801142831.0,"Donald Trump, the Republican"
201801142861.0,"Donald Trump, the Republican"
201801142863.0,"Joe Biden, the Democrat"
201801142948.0,
201801142968.0,"Donald Trump, the Republican"
201801142972.0,"Donald Trump, the Republican"
201801142976.0,"Joe Biden, the Democrat"
201801142995.0,"Joe Biden, the Democrat"
201801142998.0,"Joe Biden, the Democrat"
201801143024.0,"Joe Biden, the Democrat"
201801143030.0,"Joe Biden, the Democrat"
201801143036.0,"Donald Trump, the Republican"
201801143040.0,"Joe Biden, the Democrat"
201801143041.0,
201801143061.0,"Donald Trump, the Republican"
201801143094.0,"Jo Jorgensen, the Libertarian Party candidate"
201801143113.0,"Joe Biden, the Democrat"
201801143130.0,"Donald Trump, the Republican"
201801143238.0,"Joe Biden, the Democrat"
201801143242.0,"Donald Trump, the Republican"
201801143248.0,"Donald Trump, the Republican"
201801143311.0,"Jo Jorgensen, the Libertarian Party candidate"
201801143331.0,"Donald Trump, the Republican"
201801143391.0,"Donald Trump, the Republican"
201801143393.0,"Joe Biden, the Democrat"
201801143494.0,"Donald Trump, the Republican"
201801143518.0,"Joe Biden, the Democrat"
201801143582.0,"Joe Biden, the Democrat"
201801143600.0,"Donald Trump, the Republican"
201801143602.0,"Joe Biden, the Democrat"
201801143611.0,"Donald Trump, the Republican"
201801143637.0,"Donald Trump, the Republican"
201801143639.0,"Joe Biden, the Democrat"
201801143651.0,
201801143685.0,"Joe Biden, the Democrat"
201801143688.0,"Joe Biden, the Democrat"
201801143732.0,"Donald Trump, the Republican"
201801143774.0,"Joe Biden, the Democrat"
201801143800.0,"Joe Biden, the Democrat"
201801143850.0,"Donald Trump, the Republican"
201801143873.0,
201801143877.0,"Donald Trump, the Republican"
201801143900.0,"Joe Biden, the Democrat"
201801143924.0,
201801143961.0,"Joe Biden, the Democrat"
201801143964.0,"Donald Trump, the Republican"
201801143966.0,"Joe Biden, the Democrat"
201801143997.0,"Joe Biden, the Democrat"
201801144006.0,
201801144063.0,
201801144075.0,"Donald Trump, the Republican"
201801144088.0,"Joe Biden, the Democrat"
201801144164.0,"Joe Biden, the Democrat"
201801144173.0,"Joe Biden, the Democrat"
201801144194.0,"Joe Biden, the Democrat"
201801144206.0,"Joe Biden, the Democrat"
201801144213.0,"Joe Biden, the Democrat"
201801144232.0,"Joe Biden, the Democrat"
201801144281.0,"Donald Trump, the Republican"
201801144329.0,"Joe Biden, the Democrat"
201801144345.0,"Howie Hawkins, the Green Party candidate"
201801144373.0,Refused
201801144377.0,"Joe Biden, the Democrat"
201801144386.0,"Joe Biden, the Democrat"
201801144388.0,"Joe Biden, the Democrat"
201801144410.0,"Donald Trump, the Republican"
201801144434.0,"Joe Biden, the Democrat"
201801144442.0,"Donald Trump, the Republican"
201801144449.0,"Donald Trump, the Republican"
201801144467.0,"Joe Biden, the Democrat"
201801144500.0,"Donald Trump, the Republican"
201801144526.0,"Joe Biden, the Democrat"
201801144569.0,"Joe Biden, the Democrat"
201801144579.0,"Joe Biden, the Democrat"
201801144618.0,"Joe Biden, the Democrat"
201801144660.0,"Joe Biden, the Democrat"
201801144709.0,"Joe Biden, the Democrat"
201801144717.0,
201801144720.0,"Joe Biden, the Democrat"
201801144788.0,"Joe Biden, the Democrat"
201801144797.0,"Joe Biden, the Democrat"
201801144844.0,
201801144937.0,"Joe Biden, the Democrat"
201801144944.0,"Joe Biden, the Democrat"
201801145037.0,"Joe Biden, the Democrat"
201801145066.0,"Joe Biden, the Democrat"
201801145114.0,"Joe Biden, the Democrat"
201801145138.0,"Joe Biden, the Democrat"
201801145171.0,"Donald Trump, the Republican"
201801145194.0,"Joe Biden, the Democrat"
201801145196.0,"Joe Biden, the Democrat"
201801145285.0,"Joe Biden, the Democrat"
201801145291.0,"Donald Trump, the Republican"
201801145347.0,"Joe Biden, the Democrat"
201801145367.0,"Joe Biden, the Democrat"
201801145384.0,"Joe Biden, the Democrat"
201801145389.0,"Joe Biden, the Democrat"
201801145436.0,"Donald Trump, the Republican"
201801145458.0,"Joe Biden, the Democrat"
201801145466.0,"Joe Biden, the Democrat"
201801145538.0,"Joe Biden, the Democrat"
201801145557.0,"Donald Trump, the Republican"
201801145582.0,"Joe Biden, the Democrat"
201801145670.0,"Joe Biden, the Democrat"
201801145696.0,"Joe Biden, the Democrat"
201801145735.0,"Donald Trump, the Republican"
201801145791.0,"Donald Trump, the Republican"
201801145796.0,"Donald Trump, the Republican"
201801145812.0,"Joe Biden, the Democrat"
201801145815.0,"Donald Trump, the Republican"
201801145861.0,"Donald Trump, the Republican"
201801145969.0,"Joe Biden, the Democrat"
201801145987.0,"Joe Biden, the Democrat"
201801146113.0,"Donald Trump, the Republican"
201801146168.0,"Howie Hawkins, the Green Party candidate"
201801146226.0,"Joe Biden, the Democrat"
201801146258.0,"Joe Biden, the Democrat"
201801146272.0,"Joe Biden, the Democrat"
201801146276.0,"Joe Biden, the Democrat"
201801146395.0,"Donald Trump, the Republican"
201801146402.0,"Donald Trump, the Republican"
201801146425.0,"Donald Trump, the Republican"
201801146431.0,"Joe Biden, the Democrat"
201801146530.0,
201801146643.0,"Joe Biden, the Democrat"
201801146651.0,
201801146661.0,"Donald Trump, the Republican"
201801146743.0,"Donald Trump, the Republican"
201801146851.0,"Joe Biden, the Democrat"
201801146853.0,"Donald Trump, the Republican"
201801146904.0,"Donald Trump, the Republican"
201801146983.0,"Joe Biden, the Democrat"
201801147025.0,"Donald Trump, the Republican"
201801147065.0,"Joe Biden, the Democrat"
201801147111.0,
201801147134.0,"Joe Biden, the Democrat"
201801147166.0,"Donald Trump, the Republican"
201801147207.0,"Joe Biden, the Democrat"
201801147240.0,"Donald Trump, the Republican"
201801147256.0,"Joe Biden, the Democrat"
201801147260.0,"Donald Trump, the Republican"
201801147286.0,"Joe Biden, the Democrat"
201801147290.0,"Joe Biden, the Democrat"
201801147292.0,"Donald Trump, the Republican"
201801147325.0,
201801147352.0,"Joe Biden, the Democrat"
201801147358.0,"Joe Biden, the Democrat"
201801147397.0,"Joe Biden, the Democrat"
201801147426.0,"Joe Biden, the Democrat"
201801147493.0,"Joe Biden, the Democrat"
201801147527.0,"Joe Biden, the Democrat"
201801147532.0,"Joe Biden, the Democrat"
201801147539.0,"Joe Biden, the Democrat"
201801147551.0,"Joe Biden, the Democrat"
201801147562.0,"Joe Biden, the Democrat"
201801147567.0,"Joe Biden, the Democrat"
201801147572.0,"Joe Biden, the Democrat"
201801147693.0,"Donald Trump, the Republican"
201801147704.0,"Donald Trump, the Republican"
201801147764.0,"Donald Trump, the Republican"
201801147801.0,"Joe Biden, the Democrat"
201801147864.0,"Joe Biden, the Democrat"
201801147996.0,"Donald Trump, the Republican"
201801148011.0,"Joe Biden, the Democrat"
201801148031.0,"Donald Trump, the Republican"
201801148033.0,"Joe Biden, the Democrat"
201801148038.0,"Joe Biden, the Democrat"
201801148041.0,"Joe Biden, the Democrat"
201801148050.0,"Donald Trump, the Republican"
201801148076.0,"Donald Trump, the Republican"
201801148100.0,"Joe Biden, the Democrat"
201801148103.0,"Donald Trump, the Republican"
201801148106.0,"Donald Trump, the Republican"
201801148159.0,"Donald Trump, the Republican"
201801148185.0,"Donald Trump, the Republican"
201801148195.0,"Donald Trump, the Republican"
201801148228.0,"Donald Trump, the Republican"
201801148364.0,"Donald Trump, the Republican"
201801148386.0,"Jo Jorgensen, the Libertarian Party candidate"
201801148476.0,
201801148568.0,"Donald Trump, the Republican"
201801148603.0,"Joe Biden, the Democrat"
201801148615.0,
201801148621.0,"Donald Trump, the Republican"
201801148647.0,"Joe Biden, the Democrat"
201801148649.0,"Joe Biden, the Democrat"
201801148662.0,"Howie Hawkins, the Green Party candidate"
201801148665.0,"Joe Biden, the Democrat"
201801148684.0,"Donald Trump, the Republican"
201801148733.0,"Joe Biden, the Democrat"
201801148846.0,"Donald Trump, the Republican"
201801148911.0,"Joe Biden, the Democrat"
201801148918.0,"Donald Trump, the Republican"
201801148928.0,"Donald Trump, the Republican"
201801148930.0,"Joe Biden, the Democrat"
201801148960.0,
201801149020.0,"Donald Trump, the Republican"
201801149023.0,"Joe Biden, the Democrat"
201801149048.0,
201801149143.0,"Donald Trump, the Republican"
201801149167.0,
201801149188.0,"Donald Trump, the Republican"
201801149200.0,"Donald Trump, the Republican"
201801149233.0,"Joe Biden, the Democrat"
201801149238.0,"Joe Biden, the Democrat"
201801149273.0,"Joe Biden, the Democrat"
201801149303.0,"Joe Biden, the Democrat"
201801149311.0,"Donald Trump, the Republican"
201801149361.0,"Donald Trump, the Republican"
201801149390.0,"Jo Jorgensen, the Libertarian Party candidate"
201801149462.0,"Donald Trump, the Republican"
201801149467.0,"Donald Trump, the Republican"
201801149496.0,
201801149546.0,
201801149559.0,Another candidate
201801149580.0,"Joe Biden, the Democrat"
201801149581.0,
201801149610.0,"Joe Biden, the Democrat"
201801149616.0,"Donald Trump, the Republican"
201801149630.0,"Joe Biden, the Democrat"
201801149640.0,"Donald Trump, the Republican"
201801149688.0,
201801149691.0,"Joe Biden, the Democrat"
201801149708.0,"Donald Trump, the Republican"
201801149780.0,Refused
201801149796.0,"Donald Trump, the Republican"
201801149858.0,
201801149881.0,Refused
201801149928.0,"Joe Biden, the Democrat"
201801149935.0,"Joe Biden, the Democrat"
201801149954.0,"Joe Biden, the Democrat"
201801149970.0,"Joe Biden, the Democrat"
201801150001.0,"Donald Trump, the Republican"
201801150074.0,"Joe Biden, the Democrat"
201801150088.0,"Donald Trump, the Republican"
201801150142.0,"Joe Biden, the Democrat"
201801150144.0,"Donald Trump, the Republican"
201801150222.0,"Joe Biden, the Democrat"
201801150277.0,"Joe Biden, the Democrat"
201801150298.0,
201801150324.0,"Donald Trump, the Republican"
201801150341.0,"Joe Biden, the Democrat"
201801150530.0,"Donald Trump, the Republican"
201801150534.0,"Donald Trump, the Republican"
201801150540.0,"Donald Trump, the Republican"
201801150555.0,"Joe Biden, the Democrat"
201801150581.0,"Joe Biden, the Democrat"
201801150614.0,"Joe Biden, the Democrat"
201801150723.0,"Joe Biden, the Democrat"
201801150743.0,
201801150777.0,"Joe Biden, the Democrat"
201801150799.0,"Joe Biden, the Democrat"
201801150805.0,"Donald Trump, the Republican"
201801150806.0,"Joe Biden, the Democrat"
201801150851.0,"Joe Biden, the Democrat"
201801150873.0,"Donald Trump, the Republican"
201801150898.0,"Donald Trump, the Republican"
201801150939.0,"Donald Trump, the Republican"
201801151003.0,"Donald Trump, the Republican"
201801151012.0,"Joe Biden, the Democrat"
201801151067.0,"Donald Trump, the Republican"
201801151084.0,
201801151111.0,
201801151120.0,"Joe Biden, the Democrat"
201801151121.0,"Donald Trump, the Republican"
201801151154.0,"Joe Biden, the Democrat"
201801151178.0,"Joe Biden, the Democrat"
201801151195.0,"Donald Trump, the Republican"
201801151205.0,"Jo Jorgensen, the Libertarian Party candidate"
201801151212.0,"Joe Biden, the Democrat"
201801151219.0,"Donald Trump, the Republican"
201801151268.0,Refused
201801151281.0,"Joe Biden, the Democrat"
201801151301.0,"Joe Biden, the Democrat"
201801151376.0,"Jo Jorgensen, the Libertarian Party candidate"
201801151406.0,"Donald Trump, the Republican"
201801151427.0,"Joe Biden, the Democrat"
201801151431.0,"Jo Jorgensen, the Libertarian Party candidate"
201801151447.0,"Joe Biden, the Democrat"
201801151468.0,"Joe Biden, the Democrat"
201801151470.0,"Joe Biden, the Democrat"
201801151499.0,"Joe Biden, the Democrat"
201801151530.0,"Donald Trump, the Republican"
201801151548.0,
201801151561.0,"Donald Trump, the Republican"
201801151574.0,"Donald Trump, the Republican"
201801151687.0,"Joe Biden, the Democrat"
201801151801.0,"Joe Biden, the Democrat"
201801151824.0,"Donald Trump, the Republican"
201801151839.0,"Donald Trump, the Republican"
201801151843.0,"Joe Biden, the Democrat"
201801151852.0,"Donald Trump, the Republican"
201801151854.0,"Joe Biden, the Democrat"
201801151900.0,"Joe Biden, the Democrat"
201801151935.0,"Donald Trump, the Republican"
201801152012.0,"Joe Biden, the Democrat"
201801152117.0,"Donald Trump, the Republican"
201801152181.0,"Joe Biden, the Democrat"
201801152266.0,"Donald Trump, the Republican"
201801152285.0,"Donald Trump, the Republican"
201801152311.0,
201801152377.0,"Joe Biden, the Democrat"
201801152382.0,"Joe Biden, the Democrat"
201801152401.0,"Donald Trump, the Republican"
201801152403.0,"Donald Trump, the Republican"
201801152450.0,"Donald Trump, the Republican"
201801152583.0,"Donald Trump, the Republican"
201801152701.0,"Joe Biden, the Democrat"
201801152746.0,"Donald Trump, the Republican"
201801152767.0,"Donald Trump, the Republican"
201801152812.0,"Donald Trump, the Republican"
201801152828.0,"Donald Trump, the Republican"
201801152901.0,
201801153001.0,
201801153002.0,"Joe Biden, the Democrat"
201801153007.0,"Donald Trump, the Republican"
201801153031.0,"Joe Biden, the Democrat"
201801153062.0,"Donald Trump, the Republican"
201801153142.0,"Joe Biden, the Democrat"
201801153161.0,"Joe Biden, the Democrat"
201801153187.0,"Joe Biden, the Democrat"
201801153188.0,"Joe Biden, the Democrat"
201801153196.0,"Joe Biden, the Democrat"
201801153243.0,"Joe Biden, the Democrat"
201801153270.0,"Donald Trump, the Republican"
201801153273.0,"Donald Trump, the Republican"
201801153304.0,"Donald Trump, the Republican"
201801153331.0,"Donald Trump, the Republican"
201801153340.0,"Joe Biden, the Democrat"
201801153349.0,
201801153428.0,"Joe Biden, the Democrat"
201801153470.0,"Joe Biden, the Democrat"
201801153485.0,"Donald Trump, the Republican"
201801153580.0,"Donald Trump, the Republican"
201801153586.0,
201801153631.0,"Joe Biden, the Democrat"
201801153637.0,"Donald Trump, the Republican"
201801153646.0,
201801153651.0,"Donald Trump, the Republican"
201801153699.0,"Joe Biden, the Democrat"
201801153722.0,"Joe Biden, the Democrat"
201801153749.0,"Donald Trump, the Republican"
201801153762.0,"Joe Biden, the Democrat"
201801153828.0,"Howie Hawkins, the Green Party candidate"
201801153845.0,"Joe Biden, the Democrat"
201801153920.0,"Joe Biden, the Democrat"
201801153965.0,"Donald Trump, the Republican"
201801153974.0,"Joe Biden, the Democrat"
201801154060.0,"Donald Trump, the Republican"
201801154159.0,
201801154171.0,"Donald Trump, the Republican"
201801154191.0,"Donald Trump, the Republican"
201801154214.0,"Joe Biden, the Democrat"
201801154215.0,"Joe Biden, the Democrat"
201801154244.0,"Donald Trump, the Republican"
201801154253.0,"Donald Trump, the Republican"
201801154307.0,
201801154320.0,"Joe Biden, the Democrat"
201801154335.0,"Joe Biden, the Democrat"
201801154339.0,"Donald Trump, the Republican"
201801154385.0,"Howie Hawkins, the Green Party candidate"
201801154412.0,
201801154471.0,"Donald Trump, the Republican"
201801154489.0,"Donald Trump, the Republican"
201801154608.0,"Donald Trump, the Republican"
201801154626.0,"Donald Trump, the Republican"
201801154667.0,"Jo Jorgensen, the Libertarian Party candidate"
201801154678.0,"Donald Trump, the Republican"
201801154693.0,
201801154702.0,"Joe Biden, the Democrat"
201801154731.0,"Donald Trump, the Republican"
201801154733.0,"Joe Biden, the Democrat"
201801154752.0,"Donald Trump, the Republican"
201801154754.0,Refused
201801154810.0,"Joe Biden, the Democrat"
201801154846.0,"Joe Biden, the Democrat"
201801154866.0,"Donald Trump, the Republican"
201801154918.0,"Joe Biden, the Democrat"
201801154932.0,
201801154997.0,"Donald Trump, the Republican"
201801155023.0,"Joe Biden, the Democrat"
201801155103.0,"Joe Biden, the Democrat"
201801155181.0,"Joe Biden, the Democrat"
201801155235.0,"Joe Biden, the Democrat"
201801155242.0,"Donald Trump, the Republican"
201801155320.0,"Joe Biden, the Democrat"
201801155340.0,"Donald Trump, the Republican"
201801155356.0,"Donald Trump, the Republican"
201801155358.0,
201801155368.0,"Donald Trump, the Republican"
201801155519.0,"Donald Trump, the Republican"
201801155585.0,"Joe Biden, the Democrat"
201801155588.0,"Donald Trump, the Republican"
201801155599.0,"Joe Biden, the Democrat"
201801155650.0,"Joe Biden, the Democrat"
201801155654.0,"Joe Biden, the Democrat"
201801155678.0,"Jo Jorgensen, the Libertarian Party candidate"
201801155733.0,
201801155739.0,"Joe Biden, the Democrat"
201801155746.0,"Donald Trump, the Republican"
201801155862.0,"Donald Trump, the Republican"
201801155899.0,"Donald Trump, the Republican"
201801155909.0,"Joe Biden, the Democrat"
201801156026.0,"Donald Trump, the Republican"
201801156072.0,"Joe Biden, the Democrat"
201801156141.0,"Donald Trump, the Republican"
201801156169.0,"Donald Trump, the Republican"
201801156195.0,"Donald Trump, the Republican"
201801156220.0,"Donald Trump, the Republican"
201801156266.0,"Donald Trump, the Republican"
201801156312.0,"Donald Trump, the Republican"
201801156332.0,"Joe Biden, the Democrat"
201801156349.0,"Joe Biden, the Democrat"
201801156371.0,"Donald Trump, the Republican"
201801156397.0,"Joe Biden, the Democrat"
201801156414.0,"Joe Biden, the Democrat"
201801156569.0,"Jo Jorgensen, the Libertarian Party candidate"
201801156575.0,"Joe Biden, the Democrat"
201801156616.0,"Joe Biden, the Democrat"
201801156656.0,"Donald Trump, the Republican"
201801156732.0,"Donald Trump, the Republican"
201801156754.0,"Donald Trump, the Republican"
201801156825.0,"Joe Biden, the Democrat"
201801156839.0,"Joe Biden, the Democrat"
201801156873.0,"Joe Biden, the Democrat"
201801156884.0,
201801156889.0,"Joe Biden, the Democrat"
201801156891.0,"Donald Trump, the Republican"
201801156893.0,"Joe Biden, the Democrat"
201801156899.0,"Joe Biden, the Democrat"
201801156934.0,"Donald Trump, the Republican"
201801156935.0,"Donald Trump, the Republican"
201801156954.0,"Joe Biden, the Democrat"
201801156957.0,"Donald Trump, the Republican"
201801156961.0,
201801157003.0,"Donald Trump, the Republican"
201801157084.0,"Joe Biden, the Democrat"
201801157139.0,"Donald Trump, the Republican"
201801157373.0,"Joe Biden, the Democrat"
201801157381.0,"Donald Trump, the Republican"
201801157445.0,"Joe Biden, the Democrat"
201801157451.0,"Joe Biden, the Democrat"
201801157488.0,
201801157504.0,"Joe Biden, the Democrat"
201801157563.0,"Joe Biden, the Democrat"
201801157606.0,"Joe Biden, the Democrat"
201801157616.0,"Joe Biden, the Democrat"
201801157681.0,"Joe Biden, the Democrat"
201801157780.0,"Joe Biden, the Democrat"
201801157802.0,"Joe Biden, the Democrat"
201801157815.0,"Donald Trump, the Republican"
201801157934.0,"Donald Trump, the Republican"
201801157998.0,
201801158020.0,
201801158083.0,"Donald Trump, the Republican"
201801158104.0,"Donald Trump, the Republican"
201801158136.0,"Donald Trump, the Republican"
201801158236.0,"Joe Biden, the Democrat"
201801158278.0,"Donald Trump, the Republican"
201801158338.0,"Donald Trump, the Republican"
201801158352.0,
201801158375.0,"Joe Biden, the Democrat"
201801158493.0,
201801158519.0,"Donald Trump, the Republican"
201801158599.0,"Joe Biden, the Democrat"
201801158634.0,"Donald Trump, the Republican"
201801158713.0,
201801158736.0,"Joe Biden, the Democrat"
201801158824.0,"Joe Biden, the Democrat"
201801158874.0,"Donald Trump, the Republican"
201801158915.0,"Joe Biden, the Democrat"
201801159011.0,"Donald Trump, the Republican"
201801159013.0,
201801159040.0,"Donald Trump, the Republican"
201801159159.0,"Donald Trump, the Republican"
201801159189.0,"Joe Biden, the Democrat"
201801159213.0,"Donald Trump, the Republican"
201801159236.0,"Joe Biden, the Democrat"
201801159269.0,"Donald Trump, the Republican"
201801159279.0,"Joe Biden, the Democrat"
201801159302.0,
201801159422.0,"Donald Trump, the Republican"
201801159478.0,"Donald Trump, the Republican"
201801159490.0,"Donald Trump, the Republican"
201801159527.0,"Joe Biden, the Democrat"
201801159532.0,"Joe Biden, the Democrat"
201801159546.0,
201801159570.0,"Donald Trump, the Republican"
201801159582.0,"Joe Biden, the Democrat"
201801159589.0,"Joe Biden, the Democrat"
201801159593.0,"Donald Trump, the Republican"
201801159670.0,"Donald Trump, the Republican"
201801159671.0,"Joe Biden, the Democrat"
201801159703.0,"Joe Biden, the Democrat"
201801159708.0,"Joe Biden, the Democrat"
201801159716.0,"Donald Trump, the Republican"
201801159728.0,
201801159755.0,"Joe Biden, the Democrat"
201801159857.0,"Joe Biden, the Democrat"
201801159989.0,"Joe Biden, the Democrat"
201801160052.0,
201801160066.0,"Donald Trump, the Republican"
201801160082.0,"Joe Biden, the Democrat"
201801160141.0,Another candidate
201801160143.0,
201801160226.0,"Donald Trump, the Republican"
201801160333.0,"Donald Trump, the Republican"
201801160405.0,"Joe Biden, the Democrat"
201801160415.0,"Donald Trump, the Republican"
201801160421.0,"Donald Trump, the Republican"
201801160455.0,"Joe Biden, the Democrat"
201801160489.0,"Donald Trump, the Republican"
201801160540.0,"Joe Biden, the Democrat"
201801160579.0,"Donald Trump, the Republican"
201801160609.0,"Donald Trump, the Republican"
201801160621.0,
201801160629.0,"Donald Trump, the Republican"
201801160638.0,"Jo Jorgensen, the Libertarian Party candidate"
201801160667.0,"Joe Biden, the Democrat"
201801160686.0,"Donald Trump, the Republican"
201801160694.0,"Joe Biden, the Democrat"
201801160720.0,"Joe Biden, the Democrat"
201801160749.0,"Donald Trump, the Republican"
201801160843.0,"Donald Trump, the Republican"
201801160848.0,"Donald Trump, the Republican"
201801160849.0,"Donald Trump, the Republican"
201801160954.0,"Joe Biden, the Democrat"
201801160970.0,"Donald Trump, the Republican"
201801161037.0,
201801161092.0,"Joe Biden, the Democrat"
201801161094.0,"Joe Biden, the Democrat"
201801161101.0,"Joe Biden, the Democrat"
201801161127.0,"Donald Trump, the Republican"
201801161178.0,"Donald Trump, the Republican"
201801161245.0,"Joe Biden, the Democrat"
201801161252.0,
201801161360.0,"Joe Biden, the Democrat"
201801161367.0,"Joe Biden, the Democrat"
201801161385.0,"Donald Trump, the Republican"
201801161390.0,"Donald Trump, the Republican"
201801161433.0,
201801161471.0,"Joe Biden, the Democrat"
201801161481.0,
201801161497.0,"Donald Trump, the Republican"
201801161524.0,"Donald Trump, the Republican"
201801161526.0,"Joe Biden, the Democrat"
201801161563.0,"Joe Biden, the Democrat"
201801161723.0,"Donald Trump, the Republican"
201801161740.0,"Joe Biden, the Democrat"
201801161750.0,"Donald Trump, the Republican"
201801161790.0,"Donald Trump, the Republican"
201801161806.0,"Joe Biden, the Democrat"
201801161831.0,"Donald Trump, the Republican"
201801161859.0,"Joe Biden, the Democrat"
201801161977.0,"Joe Biden, the Democrat"
201801161982.0,
201801161996.0,"Donald Trump, the Republican"
201801162001.0,"Donald Trump, the Republican"
201801162019.0,"Donald Trump, the Republican"
201801162051.0,
201801162100.0,"Joe Biden, the Democrat"
201801162123.0,"Joe Biden, the Democrat"
201801162129.0,"Joe Biden, the Democrat"
201801162136.0,"Joe Biden, the Democrat"
201801162197.0,
201801162202.0,"Donald Trump, the Republican"
201801162219.0,"Donald Trump, the Republican"
201801162255.0,"Joe Biden, the Democrat"
201801162322.0,"Joe Biden, the Democrat"
201801162324.0,Refused
201801162331.0,"Howie Hawkins, the Green Party candidate"
201801162360.0,"Donald Trump, the Republican"
201801162385.0,"Joe Biden, the Democrat"
201801162469.0,"Donald Trump, the Republican"
201801162512.0,"Joe Biden, the Democrat"
201801162516.0,"Donald Trump, the Republican"
201801162556.0,"Joe Biden, the Democrat"
201801162654.0,"Joe Biden, the Democrat"
201801162662.0,"Joe Biden, the Democrat"
201801162669.0,"Joe Biden, the Democrat"
201801162704.0,"Joe Biden, the Democrat"
201801162732.0,"Donald Trump, the Republican"
201801162743.0,"Donald Trump, the Republican"
201801162752.0,"Donald Trump, the Republican"
201801162837.0,"Donald Trump, the Republican"
201801162841.0,"Joe Biden, the Democrat"
201801162869.0,
201801162903.0,"Donald Trump, the Republican"
201801162974.0,"Joe Biden, the Democrat"
201801163045.0,"Joe Biden, the Democrat"
201801163060.0,"Donald Trump, the Republican"
201801163101.0,"Donald Trump, the Republican"
201801163162.0,"Donald Trump, the Republican"
201801163178.0,"Donald Trump, the Republican"
201801163179.0,"Donald Trump, the Republican"
201801163201.0,"Joe Biden, the Democrat"
201801163229.0,"Donald Trump, the Republican"
201801163237.0,Refused
201801163250.0,"Jo Jorgensen, the Libertarian Party candidate"
201801163253.0,"Joe Biden, the Democrat"
201801163268.0,
201801163281.0,
201801163343.0,"Joe Biden, the Democrat"
201801163369.0,"Joe Biden, the Democrat"
201801163395.0,"Joe Biden, the Democrat"
201801163400.0,"Joe Biden, the Democrat"
201801163406.0,"Joe Biden, the Democrat"
201801163427.0,"Joe Biden, the Democrat"
201801163442.0,"Donald Trump, the Republican"
201801163458.0,"Joe Biden, the Democrat"
201801163471.0,"Joe Biden, the Democrat"
201801163485.0,"Joe Biden, the Democrat"
201801163492.0,
201801163509.0,"Joe Biden, the Democrat"
201801163590.0,"Joe Biden, the Democrat"
201801163597.0,Another candidate
201801163603.0,"Donald Trump, the Republican"
201801163678.0,
201801163738.0,"Joe Biden, the Democrat"
201801163789.0,"Joe Biden, the Democrat"
201801163902.0,"Donald Trump, the Republican"
201801163944.0,"Donald Trump, the Republican"
201801163999.0,"Jo Jorgensen, the Libertarian Party candidate"
201801164008.0,"Donald Trump, the Republican"
201801164036.0,"Joe Biden, the Democrat"
201801164079.0,"Joe Biden, the Democrat"
201801164102.0,"Joe Biden, the Democrat"
201801164185.0,
201801164194.0,"Donald Trump, the Republican"
201801164218.0,"Joe Biden, the Democrat"
201801164238.0,"Joe Biden, the Democrat"
201801164292.0,"Joe Biden, the Democrat"
201801164410.0,
201801164428.0,"Donald Trump, the Republican"
201801164458.0,"Jo Jorgensen, the Libertarian Party candidate"
201801164477.0,"Joe Biden, the Democrat"
201801164496.0,"Joe Biden, the Democrat"
201801164510.0,"Joe Biden, the Democrat"
201801164516.0,"Donald Trump, the Republican"
201801164583.0,"Joe Biden, the Democrat"
201801164594.0,Another candidate
201801164598.0,"Donald Trump, the Republican"
201801164606.0,"Joe Biden, the Democrat"
201801164762.0,"Joe Biden, the Democrat"
201801164768.0,"Donald Trump, the Republican"
201801164776.0,"Joe Biden, the Democrat"
201801164843.0,"Donald Trump, the Republican"
201801164848.0,"Joe Biden, the Democrat"
201801164864.0,"Donald Trump, the Republican"
201801164943.0,"Joe Biden, the Democrat"
201801164985.0,"Donald Trump, the Republican"
201801165022.0,"Joe Biden, the Democrat"
201801165035.0,"Joe Biden, the Democrat"
201801165054.0,"Donald Trump, the Republican"
201801165079.0,"Joe Biden, the Democrat"
201801165100.0,"Donald Trump, the Republican"
201801165140.0,"Joe Biden, the Democrat"
201801165142.0,"Joe Biden, the Democrat"
201801165161.0,"Joe Biden, the Democrat"
201801165241.0,"Joe Biden, the Democrat"
201801165251.0,"Joe Biden, the Democrat"
201801165317.0,"Jo Jorgensen, the Libertarian Party candidate"
201801165318.0,"Joe Biden, the Democrat"
201801165331.0,"Joe Biden, the Democrat"
201801165359.0,"Joe Biden, the Democrat"
201801165413.0,"Joe Biden, the Democrat"
201801165414.0,"Howie Hawkins, the Green Party candidate"
201801165439.0,
201801165461.0,"Joe Biden, the Democrat"
201801165466.0,"Joe Biden, the Democrat"
201801165488.0,"Joe Biden, the Democrat"
201801165555.0,"Joe Biden, the Democrat"
201801165566.0,"Joe Biden, the Democrat"
201801165595.0,"Joe Biden, the Democrat"
201801165599.0,"Donald Trump, the Republican"
201801165610.0,
201801165623.0,Refused
201801165632.0,"Joe Biden, the Democrat"
201801165666.0,"Joe Biden, the Democrat"
201801165671.0,"Joe Biden, the Democrat"
201801165706.0,"Joe Biden, the Democrat"
201801165744.0,"Joe Biden, the Democrat"
201801165785.0,"Donald Trump, the Republican"
201801165799.0,"Joe Biden, the Democrat"
201801165867.0,"Joe Biden, the Democrat"
201801165882.0,"Donald Trump, the Republican"
201801165887.0,"Donald Trump, the Republican"
201801165893.0,"Donald Trump, the Republican"
201801165931.0,"Joe Biden, the Democrat"
201801165938.0,"Joe Biden, the Democrat"
201801166064.0,"Donald Trump, the Republican"
201801166080.0,"Joe Biden, the Democrat"
201801166150.0,
201801166169.0,"Joe Biden, the Democrat"
201801166184.0,"Donald Trump, the Republican"
201801166205.0,"Donald Trump, the Republican"
201801166263.0,"Donald Trump, the Republican"
201801166265.0,"Donald Trump, the Republican"
201801166316.0,"Joe Biden, the Democrat"
201801166335.0,"Donald Trump, the Republican"
201801166376.0,"Donald Trump, the Republican"
201801166467.0,"Joe Biden, the Democrat"
201801166489.0,"Joe Biden, the Democrat"
201801166524.0,"Joe Biden, the Democrat"
201801166566.0,"Donald Trump, the Republican"
201801166589.0,"Donald Trump, the Republican"
201801166591.0,"Donald Trump, the Republican"
201801166608.0,"Donald Trump, the Republican"
201801166661.0,"Joe Biden, the Democrat"
201801166671.0,"Donald Trump, the Republican"
201801166768.0,"Joe Biden, the Democrat"
201801166772.0,"Joe Biden, the Democrat"
201801166794.0,"Donald Trump, the Republican"
201801166830.0,
201801166831.0,"Joe Biden, the Democrat"
201801166833.0,"Donald Trump, the Republican"
201801166839.0,"Donald Trump, the Republican"
201801166856.0,
201801166857.0,"Donald Trump, the Republican"
201801166868.0,"Donald Trump, the Republican"
201801166877.0,
201801166910.0,"Donald Trump, the Republican"
201801166934.0,"Donald Trump, the Republican"
201801167027.0,Refused
201801167031.0,"Donald Trump, the Republican"
201801167037.0,"Donald Trump, the Republican"
201801167043.0,"Donald Trump, the Republican"
201801167072.0,
201801167132.0,"Donald Trump, the Republican"
201801167167.0,"Donald Trump, the Republican"
201801167168.0,"Donald Trump, the Republican"
201801167210.0,"Joe Biden, the Democrat"
201801167214.0,"Jo Jorgensen, the Libertarian Party candidate"
201801167254.0,"Joe Biden, the Democrat"
201801167282.0,"Joe Biden, the Democrat"
201801167288.0,"Joe Biden, the Democrat"
201801167295.0,"Donald Trump, the Republican"
201801167300.0,"Joe Biden, the Democrat"
201801167303.0,"Joe Biden, the Democrat"
201801167315.0,"Joe Biden, the Democrat"
201801167372.0,"Joe Biden, the Democrat"
201801167398.0,"Joe Biden, the Democrat"
201801167410.0,"Joe Biden, the Democrat"
201801167438.0,"Joe Biden, the Democrat"
201801167446.0,"Donald Trump, the Republican"
201801167499.0,
201801167506.0,"Joe Biden, the Democrat"
201801167512.0,"Donald Trump, the Republican"
201801167525.0,"Donald Trump, the Republican"
201801167527.0,"Donald Trump, the Republican"
201801167541.0,"Donald Trump, the Republican"
201801167559.0,"Donald Trump, the Republican"
201801167569.0,"Donald Trump, the Republican"
201801167574.0,"Joe Biden, the Democrat"
201801167614.0,"Donald Trump, the Republican"
201801167625.0,"Donald Trump, the Republican"
201801167649.0,"Donald Trump, the Republican"
201801167653.0,"Donald Trump, the Republican"
201801167708.0,
201801167739.0,"Donald Trump, the Republican"
201801167822.0,"Joe Biden, the Democrat"
201801167856.0,"Donald Trump, the Republican"
201801167874.0,
201801167954.0,"Donald Trump, the Republican"
201801167987.0,
201801167999.0,"Joe Biden, the Democrat"
201801168001.0,"Joe Biden, the Democrat"
201801168008.0,"Joe Biden, the Democrat"
201801168014.0,"Joe Biden, the Democrat"
201801168032.0,"Donald Trump, the Republican"
201801168036.0,"Joe Biden, the Democrat"
201801168040.0,"Joe Biden, the Democrat"
201801168147.0,"Joe Biden, the Democrat"
201801168167.0,"Joe Biden, the Democrat"
201801168169.0,Refused
201801168199.0,"Joe Biden, the Democrat"
201801168237.0,"Donald Trump, the Republican"
201801168251.0,
201801168265.0,"Donald Trump, the Republican"
201801168285.0,"Donald Trump, the Republican"
201801168310.0,"Donald Trump, the Republican"
201801168313.0,"Joe Biden, the Democrat"
201801168338.0,"Donald Trump, the Republican"
201801168350.0,"Donald Trump, the Republican"
201801168353.0,"Joe Biden, the Democrat"
201801168484.0,"Joe Biden, the Democrat"
201801168494.0,"Joe Biden, the Democrat"
201801168511.0,"Donald Trump, the Republican"
201801168522.0,"Joe Biden, the Democrat"
201801168607.0,"Joe Biden, the Democrat"
201801168619.0,"Joe Biden, the Democrat"
201801168646.0,"Joe Biden, the Democrat"
201801168715.0,
201801168726.0,"Donald Trump, the Republican"
201801168729.0,"Donald Trump, the Republican"
201801168749.0,"Donald Trump, the Republican"
201801168767.0,
201801168854.0,"Donald Trump, the Republican"
201801168877.0,Another candidate
201801168902.0,"Donald Trump, the Republican"
201801168907.0,"Joe Biden, the Democrat"
201801168913.0,"Donald Trump, the Republican"
201801168927.0,"Joe Biden, the Democrat"
201801168958.0,"Joe Biden, the Democrat"
201801169105.0,"Donald Trump, the Republican"
201801169134.0,"Joe Biden, the Democrat"
201801169148.0,"Donald Trump, the Republican"
201801169217.0,"Donald Trump, the Republican"
201801169222.0,"Joe Biden, the Democrat"
201801169224.0,
201801169245.0,"Donald Trump, the Republican"
201801169317.0,"Joe Biden, the Democrat"
201801169405.0,
201801169409.0,"Donald Trump, the Republican"
201801169444.0,"Donald Trump, the Republican"
201801169534.0,"Donald Trump, the Republican"
201801169539.0,"Joe Biden, the Democrat"
201801169541.0,"Joe Biden, the Democrat"
201801169563.0,"Joe Biden, the Democrat"
201801169658.0,"Joe Biden, the Democrat"
201801169662.0,"Joe Biden, the Democrat"
201801169681.0,"Joe Biden, the Democrat"
201801169693.0,"Donald Trump, the Republican"
201801169727.0,"Joe Biden, the Democrat"
201801169772.0,"Joe Biden, the Democrat"
201801169841.0,"Joe Biden, the Democrat"
201801169860.0,"Donald Trump, the Republican"
201801169886.0,"Joe Biden, the Democrat"
201801169923.0,"Joe Biden, the Democrat"
201801169948.0,"Donald Trump, the Republican"
201801169952.0,"Joe Biden, the Democrat"
201801169994.0,"Donald Trump, the Republican"
201801170054.0,"Joe Biden, the Democrat"
201801170061.0,"Joe Biden, the Democrat"
201801170098.0,"Joe Biden, the Democrat"
201801170128.0,
201801170173.0,"Joe Biden, the Democrat"
201801170174.0,"Donald Trump, the Republican"
201801170181.0,"Donald Trump, the Republican"
201801170212.0,"Donald Trump, the Republican"
201801170222.0,"Donald Trump, the Republican"
201801170256.0,"Donald Trump, the Republican"
201801170295.0,"Donald Trump, the Republican"
201801170299.0,"Joe Biden, the Democrat"
201801170317.0,"Joe Biden, the Democrat"
201801170321.0,"Donald Trump, the Republican"
201801170351.0,"Donald Trump, the Republican"
201801170369.0,"Donald Trump, the Republican"
201801170396.0,"Joe Biden, the Democrat"
201801170403.0,"Joe Biden, the Democrat"
201801170409.0,"Joe Biden, the Democrat"
201801170459.0,
201801170481.0,"Joe Biden, the Democrat"
201801170497.0,"Joe Biden, the Democrat"
201801170505.0,"Joe Biden, the Democrat"
201801170557.0,"Donald Trump, the Republican"
201801170559.0,
201801170576.0,"Joe Biden, the Democrat"
201801170585.0,"Donald Trump, the Republican"
201801170603.0,"Donald Trump, the Republican"
201801170620.0,"Joe Biden, the Democrat"
201801170631.0,"Donald Trump, the Republican"
201801170669.0,"Donald Trump, the Republican"
201801170744.0,"Joe Biden, the Democrat"
201801170808.0,"Joe Biden, the Democrat"
201801170832.0,"Donald Trump, the Republican"
201801170848.0,"Donald Trump, the Republican"
201801170867.0,"Donald Trump, the Republican"
201801170910.0,"Donald Trump, the Republican"
201801170923.0,"Joe Biden, the Democrat"
201801170924.0,
201801170943.0,
201801171012.0,"Joe Biden, the Democrat"
201801171033.0,"Joe Biden, the Democrat"
201801171054.0,Refused
201801171058.0,"Joe Biden, the Democrat"
201801171085.0,"Donald Trump, the Republican"
201801171120.0,"Donald Trump, the Republican"
201801171123.0,"Joe Biden, the Democrat"
201801171129.0,"Joe Biden, the Democrat"
201801171133.0,"Donald Trump, the Republican"
201801171200.0,"Jo Jorgensen, the Libertarian Party candidate"
201801171205.0,"Donald Trump, the Republican"
201801171210.0,
201801171235.0,"Joe Biden, the Democrat"
201801171243.0,"Donald Trump, the Republican"
201801171324.0,"Joe Biden, the Democrat"
201801171333.0,"Joe Biden, the Democrat"
201801171352.0,"Joe Biden, the Democrat"
201801171355.0,"Joe Biden, the Democrat"
201801171357.0,"Joe Biden, the Democrat"
201801171454.0,"Donald Trump, the Republican"
201801171488.0,"Joe Biden, the Democrat"
201801171491.0,"Donald Trump, the Republican"
201801171536.0,"Joe Biden, the Democrat"
201801171546.0,"Donald Trump, the Republican"
201801171549.0,"Joe Biden, the Democrat"
201801171563.0,"Donald Trump, the Republican"
201801171567.0,"Donald Trump, the Republican"
201801171576.0,"Joe Biden, the Democrat"
201801171611.0,"Joe Biden, the Democrat"
201801171634.0,"Donald Trump, the Republican"
201801171649.0,"Donald Trump, the Republican"
201801171655.0,"Joe Biden, the Democrat"
201801171662.0,"Donald Trump, the Republican"
201801171737.0,"Joe Biden, the Democrat"
201801171761.0,"Joe Biden, the Democrat"
201801171837.0,"Donald Trump, the Republican"
201801171937.0,"Joe Biden, the Democrat"
201801171993.0,
201801172056.0,"Donald Trump, the Republican"
201801172073.0,"Donald Trump, the Republican"
201801172081.0,"Donald Trump, the Republican"
201801172105.0,"Donald Trump, the Republican"
201801172108.0,Refused
201801172115.0,"Joe Biden, the Democrat"
201801172165.0,
201801172238.0,"Donald Trump, the Republican"
201801172290.0,"Joe Biden, the Democrat"
201801172292.0,"Jo Jorgensen, the Libertarian Party candidate"
201801172296.0,"Joe Biden, the Democrat"
201801172300.0,"Donald Trump, the Republican"
201801172332.0,"Joe Biden, the Democrat"
201801172348.0,"Donald Trump, the Republican"
201801172374.0,"Donald Trump, the Republican"
201801172442.0,
201801172452.0,"Joe Biden, the Democrat"
201801172533.0,"Donald Trump, the Republican"
201801172572.0,"Donald Trump, the Republican"
201801172594.0,"Joe Biden, the Democrat"
201801172679.0,"Joe Biden, the Democrat"
201801172718.0,
201801172815.0,
201801172867.0,"Donald Trump, the Republican"
201801172884.0,"Joe Biden, the Democrat"
201801172913.0,"Joe Biden, the Democrat"
201801172939.0,"Donald Trump, the Republican"
201801173027.0,
201801173042.0,"Joe Biden, the Democrat"
201801173050.0,"Joe Biden, the Democrat"
201801173166.0,"Joe Biden, the Democrat"
201801173226.0,"Joe Biden, the Democrat"
201801173253.0,"Joe Biden, the Democrat"
201801173370.0,"Donald Trump, the Republican"
201801173374.0,"Donald Trump, the Republican"
201801173436.0,"Joe Biden, the Democrat"
201801173449.0,"Donald Trump, the Republican"
201801173459.0,"Joe Biden, the Democrat"
201801173482.0,"Joe Biden, the Democrat"
201801173546.0,"Joe Biden, the Democrat"
201801173563.0,"Joe Biden, the Democrat"
201801173583.0,
201801173584.0,"Joe Biden, the Democrat"
201801173624.0,"Joe Biden, the Democrat"
201801173635.0,"Joe Biden, the Democrat"
201801173651.0,"Donald Trump, the Republican"
201801173680.0,"Joe Biden, the Democrat"
201801173699.0,"Donald Trump, the Republican"
201801173739.0,"Joe Biden, the Democrat"
201801173744.0,
201801173759.0,"Donald Trump, the Republican"
201801173787.0,"Joe Biden, the Democrat"
201801173814.0,"Donald Trump, the Republican"
201801173922.0,"Joe Biden, the Democrat"
201801173936.0,"Joe Biden, the Democrat"
201801173982.0,"Joe Biden, the Democrat"
201801173990.0,"Joe Biden, the Democrat"
201801173997.0,"Joe Biden, the Democrat"
201801174067.0,"Joe Biden, the Democrat"
201801174113.0,"Donald Trump, the Republican"
201801174121.0,"Joe Biden, the Democrat"
201801174160.0,"Joe Biden, the Democrat"
201801174177.0,"Donald Trump, the Republican"
201801174179.0,"Joe Biden, the Democrat"
201801174191.0,"Joe Biden, the Democrat"
201801174253.0,"Joe Biden, the Democrat"
201801174263.0,"Joe Biden, the Democrat"
201801174279.0,
201801174337.0,Another candidate
201801174340.0,"Donald Trump, the Republican"
201801174409.0,"Donald Trump, the Republican"
201801174460.0,
201801174471.0,"Joe Biden, the Democrat"
201801174499.0,"Joe Biden, the Democrat"
201801174527.0,"Donald Trump, the Republican"
201801174572.0,Refused
201801174612.0,"Joe Biden, the Democrat"
201801174617.0,"Joe Biden, the Democrat"
201801174649.0,"Donald Trump, the Republican"
201801174684.0,
201801174757.0,"Donald Trump, the Republican"
201801174780.0,"Joe Biden, the Democrat"
201801174788.0,"Joe Biden, the Democrat"
201801174789.0,
201801174793.0,"Joe Biden, the Democrat"
201801175023.0,"Donald Trump, the Republican"
201801175038.0,"Joe Biden, the Democrat"
201801175071.0,"Joe Biden, the Democrat"
201801175084.0,"Joe Biden, the Democrat"
201801175214.0,"Donald Trump, the Republican"
201801175265.0,"Joe Biden, the Democrat"
201801175330.0,"Joe Biden, the Democrat"
201801175372.0,"Joe Biden, the Democrat"
201801175378.0,"Donald Trump, the Republican"
201801175384.0,"Howie Hawkins, the Green Party candidate"
201801175405.0,"Joe Biden, the Democrat"
201801175406.0,"Donald Trump, the Republican"
201801175409.0,"Donald Trump, the Republican"
201801175529.0,"Donald Trump, the Republican"
201801175533.0,"Donald Trump, the Republican"
201801175615.0,"Joe Biden, the Democrat"
201801175617.0,"Joe Biden, the Democrat"
201801175625.0,
201801175668.0,
201801175751.0,"Joe Biden, the Democrat"
201801175756.0,"Joe Biden, the Democrat"
201801175845.0,"Joe Biden, the Democrat"
201801175863.0,"Donald Trump, the Republican"
201801175888.0,"Donald Trump, the Republican"
201801175895.0,"Donald Trump, the Republican"
201801175921.0,"Joe Biden, the Democrat"
201801175962.0,
201801175965.0,"Donald Trump, the Republican"
201801175979.0,"Donald Trump, the Republican"
201801176001.0,"Jo Jorgensen, the Libertarian Party candidate"
201801176007.0,"Joe Biden, the Democrat"
201801176027.0,"Joe Biden, the Democrat"
201801176029.0,"Joe Biden, the Democrat"
201801176085.0,"Joe Biden, the Democrat"
201801176107.0,"Joe Biden, the Democrat"
201801176121.0,"Joe Biden, the Democrat"
201801176168.0,"Joe Biden, the Democrat"
201801176264.0,"Joe Biden, the Democrat"
201801176360.0,"Joe Biden, the Democrat"
201801176387.0,"Joe Biden, the Democrat"
201801176405.0,"Joe Biden, the Democrat"
201801176440.0,"Joe Biden, the Democrat"
201801176448.0,"Donald Trump, the Republican"
201801176460.0,
201801176471.0,"Joe Biden, the Democrat"
201801176508.0,"Joe Biden, the Democrat"
201801176521.0,"Joe Biden, the Democrat"
201801176522.0,Refused
201801176545.0,"Joe Biden, the Democrat"
201801176553.0,"Donald Trump, the Republican"
201801176557.0,"Joe Biden, the Democrat"
201801176560.0,"Joe Biden, the Democrat"
201801176604.0,"Donald Trump, the Republican"
201801176627.0,"Joe Biden, the Democrat"
201801176637.0,"Donald Trump, the Republican"
201801176653.0,"Joe Biden, the Democrat"
201801176687.0,"Joe Biden, the Democrat"
201801176699.0,"Joe Biden, the Democrat"
201801176820.0,"Donald Trump, the Republican"
201801176964.0,"Donald Trump, the Republican"
201801177068.0,
201801177096.0,"Donald Trump, the Republican"
201801177107.0,"Joe Biden, the Democrat"
201801177178.0,"Donald Trump, the Republican"
201801177183.0,
201801177268.0,
201801177312.0,"Donald Trump, the Republican"
201801177319.0,"Donald Trump, the Republican"
201801177349.0,"Joe Biden, the Democrat"
201801177373.0,"Donald Trump, the Republican"
201801177382.0,Refused
201801177408.0,"Donald Trump, the Republican"
201801177436.0,"Joe Biden, the Democrat"
201801177443.0,
201801177454.0,"Joe Biden, the Democrat"
201801177467.0,"Joe Biden, the Democrat"
201801177470.0,"Joe Biden, the Democrat"
201801177476.0,"Donald Trump, the Republican"
201801177513.0,"Joe Biden, the Democrat"
201801177514.0,"Donald Trump, the Republican"
201801177543.0,"Joe Biden, the Democrat"
201801177602.0,"Donald Trump, the Republican"
201801177632.0,"Joe Biden, the Democrat"
201801177657.0,"Joe Biden, the Democrat"
201801177699.0,"Joe Biden, the Democrat"
201801177708.0,"Donald Trump, the Republican"
201801177771.0,"Joe Biden, the Democrat"
201801177796.0,"Joe Biden, the Democrat"
201801177849.0,"Joe Biden, the Democrat"
201801177861.0,"Joe Biden, the Democrat"
201801177864.0,"Donald Trump, the Republican"
201801177869.0,"Donald Trump, the Republican"
201801177907.0,"Donald Trump, the Republican"
201801177910.0,"Joe Biden, the Democrat"
201801177916.0,"Joe Biden, the Democrat"
201801177937.0,"Joe Biden, the Democrat"
201801177959.0,"Joe Biden, the Democrat"
201801178033.0,"Donald Trump, the Republican"
201801178124.0,"Joe Biden, the Democrat"
201801178125.0,"Joe Biden, the Democrat"
201801178200.0,"Joe Biden, the Democrat"
201801178205.0,
201801178264.0,
201801178334.0,"Joe Biden, the Democrat"
201801178398.0,"Joe Biden, the Democrat"
201801178449.0,"Donald Trump, the Republican"
201801178458.0,"Donald Trump, the Republican"
201801178564.0,"Joe Biden, the Democrat"
201801178623.0,"Joe Biden, the Democrat"
201801178795.0,"Donald Trump, the Republican"
201801178898.0,"Donald Trump, the Republican"
201801178944.0,"Joe Biden, the Democrat"
201801179019.0,"Donald Trump, the Republican"
201801179025.0,"Joe Biden, the Democrat"
201801179049.0,Refused
201801179066.0,"Joe Biden, the Democrat"
201801179097.0,"Joe Biden, the Democrat"
201801179165.0,Refused
201801179214.0,"Joe Biden, the Democrat"
201801179274.0,"Joe Biden, the Democrat"
201801179312.0,"Joe Biden, the Democrat"
201801179349.0,"Joe Biden, the Democrat"
201801179378.0,
201801179384.0,"Donald Trump, the Republican"
201801179388.0,"Joe Biden, the Democrat"
201801179401.0,"Joe Biden, the Democrat"
201801179434.0,"Donald Trump, the Republican"
201801179436.0,"Joe Biden, the Democrat"
201801179484.0,"Joe Biden, the Democrat"
201801179541.0,"Joe Biden, the Democrat"
201801179559.0,"Joe Biden, the Democrat"
201801179582.0,"Joe Biden, the Democrat"
201801179595.0,"Joe Biden, the Democrat"
201801179650.0,"Joe Biden, the Democrat"
201801179657.0,"Joe Biden, the Democrat"
201801179703.0,"Donald Trump, the Republican"
201801179721.0,"Joe Biden, the Democrat"
201801179733.0,"Joe Biden, the Democrat"
201801179784.0,"Joe Biden, the Democrat"
201801179785.0,"Joe Biden, the Democrat"
201801179787.0,"Joe Biden, the Democrat"
201801179890.0,"Joe Biden, the Democrat"
201801179899.0,"Joe Biden, the Democrat"
201801179900.0,"Joe Biden, the Democrat"
201801179909.0,"Joe Biden, the Democrat"
201801179914.0,"Joe Biden, the Democrat"
201801179922.0,"Joe Biden, the Democrat"
201801179946.0,"Joe Biden, the Democrat"
201801179953.0,"Joe Biden, the Democrat"
201801180048.0,
201801180050.0,"Joe Biden, the Democrat"
201801180081.0,"Joe Biden, the Democrat"
201801180095.0,"Joe Biden, the Democrat"
201801180107.0,"Joe Biden, the Democrat"
201801180109.0,"Joe Biden, the Democrat"
201801180141.0,"Joe Biden, the Democrat"
201801180148.0,"Joe Biden, the Democrat"
201801180192.0,Another candidate
201801180228.0,"Joe Biden, the Democrat"
201801180257.0,"Joe Biden, the Democrat"
201801180326.0,"Joe Biden, the Democrat"
201801180327.0,"Joe Biden, the Democrat"
201801180385.0,"Joe Biden, the Democrat"
201801180404.0,"Joe Biden, the Democrat"
201801180415.0,"Joe Biden, the Democrat"
201801180426.0,Another candidate
201801180451.0,"Donald Trump, the Republican"
201801180460.0,"Joe Biden, the Democrat"
201801180469.0,"Donald Trump, the Republican"
201801180487.0,
201801180526.0,"Donald Trump, the Republican"
201801180551.0,"Joe Biden, the Democrat"
201801180560.0,"Joe Biden, the Democrat"
201801180562.0,"Joe Biden, the Democrat"
201801180578.0,"Joe Biden, the Democrat"
201801180610.0,"Donald Trump, the Republican"
201801180616.0,Refused
201801180635.0,
201801180642.0,
201801180666.0,
201801180691.0,"Joe Biden, the Democrat"
201801180693.0,"Joe Biden, the Democrat"
201801180694.0,"Joe Biden, the Democrat"
201801180739.0,"Donald Trump, the Republican"
201801180760.0,"Joe Biden, the Democrat"
201801180795.0,"Donald Trump, the Republican"
201801180808.0,"Joe Biden, the Democrat"
201801180809.0,"Donald Trump, the Republican"
201801180820.0,"Donald Trump, the Republican"
201801180827.0,"Joe Biden, the Democrat"
201801180848.0,"Joe Biden, the Democrat"
201801180858.0,"Joe Biden, the Democrat"
201801180933.0,"Donald Trump, the Republican"
201801180940.0,
201801180941.0,"Joe Biden, the Democrat"
201801180947.0,"Joe Biden, the Democrat"
201801181004.0,"Joe Biden, the Democrat"
201801181034.0,"Joe Biden, the Democrat"
201801181092.0,"Donald Trump, the Republican"
201801181150.0,"Joe Biden, the Democrat"
201801181172.0,"Joe Biden, the Democrat"
201801181193.0,"Joe Biden, the Democrat"
201801181251.0,"Joe Biden, the Democrat"
201801181256.0,"Joe Biden, the Democrat"
201801181298.0,"Joe Biden, the Democrat"
201801181305.0,"Joe Biden, the Democrat"
201801181325.0,"Joe Biden, the Democrat"
201801181335.0,"Joe Biden, the Democrat"
201801181342.0,"Joe Biden, the Democrat"
201801181346.0,"Joe Biden, the Democrat"
201801181349.0,"Joe Biden, the Democrat"
201801181363.0,"Jo Jorgensen, the Libertarian Party candidate"
201801181377.0,"Joe Biden, the Democrat"
201801181393.0,
201801181409.0,"Joe Biden, the Democrat"
201801181450.0,"Joe Biden, the Democrat"
201801181453.0,"Joe Biden, the Democrat"
201801181456.0,"Joe Biden, the Democrat"
201801181491.0,"Joe Biden, the Democrat"
201801181583.0,"Joe Biden, the Democrat"
201801181585.0,"Joe Biden, the Democrat"
201801181591.0,"Joe Biden, the Democrat"
201801181604.0,"Joe Biden, the Democrat"
201801181615.0,"Donald Trump, the Republican"
201801181642.0,Another candidate
201801181665.0,"Joe Biden, the Democrat"
201801181717.0,"Donald Trump, the Republican"
201801181772.0,"Joe Biden, the Democrat"
201801181776.0,"Joe Biden, the Democrat"
201801181815.0,"Joe Biden, the Democrat"
201801181817.0,"Joe Biden, the Democrat"
201801181839.0,"Donald Trump, the Republican"
201801181845.0,"Joe Biden, the Democrat"
201801181884.0,Refused
201801181892.0,"Joe Biden, the Democrat"
201801181908.0,"Donald Trump, the Republican"
201801181948.0,"Joe Biden, the Democrat"
201801181993.0,"Joe Biden, the Democrat"
201801182117.0,"Donald Trump, the Republican"
201801182135.0,
201801182143.0,"Joe Biden, the Democrat"
201801182160.0,"Joe Biden, the Democrat"
201801182237.0,
201801182271.0,"Joe Biden, the Democrat"
201801182334.0,"Joe Biden, the Democrat"
201801182365.0,"Joe Biden, the Democrat"
201801182372.0,"Donald Trump, the Republican"
201801182402.0,"Donald Trump, the Republican"
201801182501.0,
201801182535.0,"Joe Biden, the Democrat"
201801182559.0,"Joe Biden, the Democrat"
201801182569.0,"Donald Trump, the Republican"
201801182580.0,"Donald Trump, the Republican"
201801182598.0,"Donald Trump, the Republican"
201801182616.0,"Joe Biden, the Democrat"
201801182653.0,"Joe Biden, the Democrat"
201801182674.0,"Joe Biden, the Democrat"
201801182677.0,"Joe Biden, the Democrat"
201801182742.0,"Joe Biden, the Democrat"
201801182745.0,"Joe Biden, the Democrat"
201801182746.0,"Joe Biden, the Democrat"
201801182749.0,"Joe Biden, the Democrat"
201801182779.0,"Donald Trump, the Republican"
201801182789.0,Refused
201801182799.0,"Joe Biden, the Democrat"
201801182903.0,"Joe Biden, the Democrat"
201801182931.0,"Joe Biden, the Democrat"
201801182942.0,"Joe Biden, the Democrat"
201801182952.0,"Joe Biden, the Democrat"
201801183013.0,"Donald Trump, the Republican"
201801183049.0,"Donald Trump, the Republican"
201801183132.0,"Donald Trump, the Republican"
201801183150.0,"Joe Biden, the Democrat"
201801183153.0,"Donald Trump, the Republican"
201801183163.0,
201801183285.0,"Joe Biden, the Democrat"
201801183375.0,"Joe Biden, the Democrat"
201801183389.0,"Joe Biden, the Democrat"
201801183404.0,Another candidate
201801183407.0,"Donald Trump, the Republican"
201801183418.0,"Joe Biden, the Democrat"
201801183485.0,
201801183575.0,"Joe Biden, the Democrat"
201801183613.0,"Donald Trump, the Republican"
201801183624.0,"Joe Biden, the Democrat"
201801183650.0,"Joe Biden, the Democrat"
201801183671.0,"Joe Biden, the Democrat"
201801183676.0,
201801183718.0,"Joe Biden, the Democrat"
201801183764.0,"Joe Biden, the Democrat"
201801183772.0,"Jo Jorgensen, the Libertarian Party candidate"
201801183785.0,"Howie Hawkins, the Green Party candidate"
201801183819.0,"Joe Biden, the Democrat"
201801183823.0,"Donald Trump, the Republican"
201801183854.0,"Joe Biden, the Democrat"
201801183856.0,"Donald Trump, the Republican"
201801183916.0,"Joe Biden, the Democrat"
201801183924.0,"Joe Biden, the Democrat"
201801183930.0,"Joe Biden, the Democrat"
201801183937.0,"Donald Trump, the Republican"
201801183945.0,"Donald Trump, the Republican"
201801183972.0,"Donald Trump, the Republican"
201801184013.0,"Joe Biden, the Democrat"
201801184027.0,"Joe Biden, the Democrat"
201801184093.0,"Donald Trump, the Republican"
201801184097.0,"Donald Trump, the Republican"
201801184119.0,"Donald Trump, the Republican"
201801184222.0,"Joe Biden, the Democrat"
201801184346.0,"Joe Biden, the Democrat"
201801184381.0,"Joe Biden, the Democrat"
201801184436.0,"Joe Biden, the Democrat"
201801184464.0,"Joe Biden, the Democrat"
201801184499.0,"Donald Trump, the Republican"
201801184535.0,
201801184540.0,Refused
201801184553.0,"Joe Biden, the Democrat"
201801184572.0,"Donald Trump, the Republican"
201801184588.0,"Donald Trump, the Republican"
201801184609.0,"Joe Biden, the Democrat"
201801184628.0,"Donald Trump, the Republican"
201801184669.0,"Donald Trump, the Republican"
201801184699.0,"Joe Biden, the Democrat"
201801184820.0,"Joe Biden, the Democrat"
201801184824.0,"Joe Biden, the Democrat"
201801184846.0,"Donald Trump, the Republican"
201801184905.0,"Donald Trump, the Republican"
201801184913.0,"Joe Biden, the Democrat"
201801184933.0,"Joe Biden, the Democrat"
201801184941.0,"Jo Jorgensen, the Libertarian Party candidate"
201801184981.0,"Joe Biden, the Democrat"
201801185024.0,"Joe Biden, the Democrat"
201801185038.0,"Joe Biden, the Democrat"
201801185042.0,"Joe Biden, the Democrat"
201801185045.0,"Joe Biden, the Democrat"
201801185053.0,"Joe Biden, the Democrat"
201801185067.0,"Joe Biden, the Democrat"
201801185073.0,"Joe Biden, the Democrat"
201801185074.0,"Joe Biden, the Democrat"
201801185095.0,
201801185107.0,"Joe Biden, the Democrat"
201801185109.0,"Joe Biden, the Democrat"
201801185122.0,"Joe Biden, the Democrat"
201801185148.0,"Joe Biden, the Democrat"
201801185189.0,"Joe Biden, the Democrat"
201801185192.0,"Joe Biden, the Democrat"
201801185202.0,
201801185209.0,"Joe Biden, the Democrat"
201801185253.0,"Donald Trump, the Republican"
201801185256.0,"Joe Biden, the Democrat"
201801185258.0,"Joe Biden, the Democrat"
201801185276.0,
201801185286.0,"Joe Biden, the Democrat"
201801185296.0,"Joe Biden, the Democrat"
201801185319.0,"Joe Biden, the Democrat"
201801185321.0,"Joe Biden, the Democrat"
201801185409.0,"Joe Biden, the Democrat"
201801185413.0,"Joe Biden, the Democrat"
201801185425.0,"Joe Biden, the Democrat"
201801185448.0,"Joe Biden, the Democrat"
201801185490.0,"Donald Trump, the Republican"
201801185495.0,"Joe Biden, the Democrat"
201801185508.0,"Joe Biden, the Democrat"
201801185543.0,"Donald Trump, the Republican"
201801185553.0,"Joe Biden, the Democrat"
201801185596.0,"Donald Trump, the Republican"
201801185622.0,"Donald Trump, the Republican"
201801185623.0,"Jo Jorgensen, the Libertarian Party candidate"
201801185678.0,"Joe Biden, the Democrat"
201801185686.0,
201801185744.0,"Joe Biden, the Democrat"
201801185751.0,"Joe Biden, the Democrat"
201801185765.0,"Joe Biden, the Democrat"
201801185791.0,"Joe Biden, the Democrat"
201801185805.0,"Donald Trump, the Republican"
201801185827.0,"Donald Trump, the Republican"
201801185852.0,"Joe Biden, the Democrat"
201801185868.0,"Joe Biden, the Democrat"
201801185907.0,"Joe Biden, the Democrat"
201801185987.0,"Joe Biden, the Democrat"
201801185994.0,"Donald Trump, the Republican"
201801186001.0,"Donald Trump, the Republican"
201801186033.0,"Joe Biden, the Democrat"
201801186066.0,
201801186075.0,"Joe Biden, the Democrat"
201801186090.0,"Donald Trump, the Republican"
201801186113.0,"Joe Biden, the Democrat"
201801186116.0,Refused
201801186171.0,"Joe Biden, the Democrat"
201801186217.0,"Donald Trump, the Republican"
201801186221.0,"Donald Trump, the Republican"
201801186237.0,"Donald Trump, the Republican"
201801186270.0,"Donald Trump, the Republican"
201801186295.0,"Joe Biden, the Democrat"
201801186308.0,"Joe Biden, the Democrat"
201801186310.0,
201801186331.0,"Donald Trump, the Republican"
201801186364.0,"Joe Biden, the Democrat"
201801186383.0,"Joe Biden, the Democrat"
201801186387.0,"Joe Biden, the Democrat"
201801186395.0,"Joe Biden, the Democrat"
201801186396.0,"Donald Trump, the Republican"
201801186404.0,"Joe Biden, the Democrat"
201801186435.0,"Joe Biden, the Democrat"
201801186483.0,"Joe Biden, the Democrat"
201801186501.0,"Donald Trump, the Republican"
201801186509.0,"Joe Biden, the Democrat"
201801186527.0,
201801186581.0,"Joe Biden, the Democrat"
201801186658.0,"Donald Trump, the Republican"
201801186674.0,"Joe Biden, the Democrat"
201801186684.0,"Joe Biden, the Democrat"
201801186698.0,
201801186710.0,"Joe Biden, the Democrat"
201801186813.0,
201801186834.0,"Joe Biden, the Democrat"
201801186884.0,"Joe Biden, the Democrat"
201801186893.0,"Joe Biden, the Democrat"
201801186905.0,"Joe Biden, the Democrat"
201801186909.0,"Joe Biden, the Democrat"
201801186948.0,"Joe Biden, the Democrat"
201801186951.0,
201801186968.0,"Joe Biden, the Democrat"
201801186972.0,"Joe Biden, the Democrat"
201801186974.0,"Joe Biden, the Democrat"
201801187027.0,"Joe Biden, the Democrat"
201801187062.0,"Joe Biden, the Democrat"
201801187070.0,"Joe Biden, the Democrat"
201801187077.0,"Joe Biden, the Democrat"
201801187082.0,"Joe Biden, the Democrat"
201801187085.0,"Joe Biden, the Democrat"
201801187088.0,"Joe Biden, the Democrat"
201801187103.0,"Joe Biden, the Democrat"
201801187127.0,"Joe Biden, the Democrat"
201801187144.0,"Joe Biden, the Democrat"
201801187159.0,"Joe Biden, the Democrat"
201801187171.0,"Joe Biden, the Democrat"
201801187212.0,"Joe Biden, the Democrat"
201801187243.0,"Joe Biden, the Democrat"
201801187268.0,"Joe Biden, the Democrat"
201801187298.0,"Joe Biden, the Democrat"
201801187322.0,"Joe Biden, the Democrat"
201801187342.0,"Joe Biden, the Democrat"
201801187343.0,"Joe Biden, the Democrat"
201801187356.0,"Joe Biden, the Democrat"
201801187426.0,"Donald Trump, the Republican"
201801187438.0,"Donald Trump, the Republican"
201801187463.0,"Donald Trump, the Republican"
201801187525.0,"Joe Biden, the Democrat"
201801187526.0,"Donald Trump, the Republican"
201801187549.0,"Joe Biden, the Democrat"
201801187568.0,"Donald Trump, the Republican"
201801187570.0,"Joe Biden, the Democrat"
201801187574.0,"Joe Biden, the Democrat"
201801187602.0,"Donald Trump, the Republican"
201801187605.0,
201801187616.0,Another candidate
201801187765.0,"Joe Biden, the Democrat"
201801187792.0,"Donald Trump, the Republican"
201801187836.0,"Joe Biden, the Democrat"
201801187890.0,"Donald Trump, the Republican"
201801187893.0,"Joe Biden, the Democrat"
201801187904.0,"Joe Biden, the Democrat"
201801187943.0,"Donald Trump, the Republican"
201801187975.0,"Joe Biden, the Democrat"
201801188049.0,"Donald Trump, the Republican"
201801188129.0,"Donald Trump, the Republican"
201801188193.0,"Donald Trump, the Republican"
201801188224.0,"Joe Biden, the Democrat"
201801188237.0,"Joe Biden, the Democrat"
201801188238.0,"Joe Biden, the Democrat"
201801188249.0,"Donald Trump, the Republican"
201801188260.0,"Joe Biden, the Democrat"
201801188264.0,"Joe Biden, the Democrat"
201801188311.0,"Joe Biden, the Democrat"
201801188328.0,"Joe Biden, the Democrat"
201801188335.0,"Joe Biden, the Democrat"
201801188351.0,"Donald Trump, the Republican"
201801188378.0,"Joe Biden, the Democrat"
201801188379.0,"Joe Biden, the Democrat"
201801188386.0,"Donald Trump, the Republican"
201801188446.0,"Joe Biden, the Democrat"
201801188478.0,"Donald Trump, the Republican"
201801188508.0,"Joe Biden, the Democrat"
201801188514.0,"Joe Biden, the Democrat"
201801188581.0,"Joe Biden, the Democrat"
201801188585.0,"Joe Biden, the Democrat"
201801188605.0,"Donald Trump, the Republican"
201801188616.0,"Joe Biden, the Democrat"
201801188626.0,"Joe Biden, the Democrat"
201801188643.0,"Donald Trump, the Republican"
201801188663.0,"Joe Biden, the Democrat"
201801188708.0,"Donald Trump, the Republican"
201801188786.0,"Donald Trump, the Republican"
201801188879.0,"Joe Biden, the Democrat"
201801188893.0,"Donald Trump, the Republican"
201801188901.0,"Joe Biden, the Democrat"
201801188933.0,"Joe Biden, the Democrat"
201801188973.0,"Joe Biden, the Democrat"
201801189002.0,
201801189041.0,"Joe Biden, the Democrat"
201801189069.0,"Joe Biden, the Democrat"
201801189083.0,"Joe Biden, the Democrat"
201801189088.0,"Donald Trump, the Republican"
201801189104.0,"Joe Biden, the Democrat"
201801189132.0,"Donald Trump, the Republican"
201801189171.0,"Donald Trump, the Republican"
201801189173.0,"Joe Biden, the Democrat"
201801189182.0,"Joe Biden, the Democrat"
201801189221.0,"Donald Trump, the Republican"
201801189229.0,"Joe Biden, the Democrat"
201801189235.0,"Joe Biden, the Democrat"
201801189295.0,"Donald Trump, the Republican"
201801189301.0,"Joe Biden, the Democrat"
201801189348.0,"Donald Trump, the Republican"
201801189351.0,"Joe Biden, the Democrat"
201801189424.0,"Donald Trump, the Republican"
201901000007.0,"Joe Biden, the Democrat"
201901000026.0,"Donald Trump, the Republican"
201901000038.0,"Joe Biden, the Democrat"
201901000076.0,"Donald Trump, the Republican"
201901000132.0,"Joe Biden, the Democrat"
201901000152.0,"Joe Biden, the Democrat"
201901000161.0,"Donald Trump, the Republican"
201901000177.0,"Joe Biden, the Democrat"
201901000179.0,
201901000190.0,"Joe Biden, the Democrat"
201901000193.0,"Donald Trump, the Republican"
201901000206.0,"Joe Biden, the Democrat"
201901000224.0,"Joe Biden, the Democrat"
201901000243.0,"Joe Biden, the Democrat"
201901000274.0,"Joe Biden, the Democrat"
201901000318.0,"Donald Trump, the Republican"
201901000324.0,"Joe Biden, the Democrat"
201901000325.0,"Donald Trump, the Republican"
201901000330.0,"Donald Trump, the Republican"
201901000389.0,"Joe Biden, the Democrat"
201901000413.0,"Donald Trump, the Republican"
201901000416.0,"Joe Biden, the Democrat"
201901000421.0,
201901000432.0,
201901000446.0,"Joe Biden, the Democrat"
201901000452.0,"Donald Trump, the Republican"
201901000473.0,"Donald Trump, the Republican"
201901000478.0,"Joe Biden, the Democrat"
201901000489.0,"Joe Biden, the Democrat"
201901000492.0,"Donald Trump, the Republican"
201901000504.0,"Joe Biden, the Democrat"
201901000518.0,"Joe Biden, the Democrat"
201901000535.0,"Joe Biden, the Democrat"
201901000574.0,"Joe Biden, the Democrat"
201901000576.0,"Joe Biden, the Democrat"
201901000599.0,"Donald Trump, the Republican"
201901000601.0,"Donald Trump, the Republican"
201901000626.0,"Donald Trump, the Republican"
201901000637.0,"Donald Trump, the Republican"
201901000650.0,"Joe Biden, the Democrat"
201901000654.0,"Donald Trump, the Republican"
201901000657.0,"Joe Biden, the Democrat"
201901000658.0,"Donald Trump, the Republican"
201901000659.0,"Donald Trump, the Republican"
201901000685.0,"Donald Trump, the Republican"
201901000697.0,"Joe Biden, the Democrat"
201901000717.0,"Joe Biden, the Democrat"
201901000721.0,"Donald Trump, the Republican"
201901000728.0,"Donald Trump, the Republican"
201901000739.0,"Joe Biden, the Democrat"
201901000763.0,"Joe Biden, the Democrat"
201901000788.0,
201901000797.0,"Joe Biden, the Democrat"
201901000822.0,"Joe Biden, the Democrat"
201901000846.0,"Joe Biden, the Democrat"
201901000848.0,"Joe Biden, the Democrat"
201901000856.0,"Joe Biden, the Democrat"
201901000861.0,"Joe Biden, the Democrat"
201901000863.0,"Joe Biden, the Democrat"
201901000865.0,"Joe Biden, the Democrat"
201901000874.0,"Donald Trump, the Republican"
201901000887.0,"Donald Trump, the Republican"
201901000906.0,"Joe Biden, the Democrat"
201901000916.0,"Joe Biden, the Democrat"
201901000924.0,"Joe Biden, the Democrat"
201901000930.0,"Joe Biden, the Democrat"
201901000967.0,"Joe Biden, the Democrat"
201901000968.0,"Joe Biden, the Democrat"
201901000998.0,"Donald Trump, the Republican"
201901001003.0,"Joe Biden, the Democrat"
201901001026.0,"Joe Biden, the Democrat"
201901001038.0,"Joe Biden, the Democrat"
201901001062.0,"Donald Trump, the Republican"
201901001082.0,"Joe Biden, the Democrat"
201901001102.0,"Joe Biden, the Democrat"
201901001142.0,"Joe Biden, the Democrat"
201901001145.0,"Joe Biden, the Democrat"
201901001169.0,"Donald Trump, the Republican"
201901001173.0,"Donald Trump, the Republican"
201901001175.0,"Joe Biden, the Democrat"
201901001197.0,"Joe Biden, the Democrat"
201901001234.0,"Joe Biden, the Democrat"
201901001250.0,"Joe Biden, the Democrat"
201901001295.0,"Joe Biden, the Democrat"
201901001322.0,"Joe Biden, the Democrat"
201901001323.0,"Donald Trump, the Republican"
201901001329.0,"Donald Trump, the Republican"
201901001346.0,"Joe Biden, the Democrat"
201901001394.0,"Joe Biden, the Democrat"
201901001408.0,
201901001415.0,"Joe Biden, the Democrat"
201901001436.0,"Joe Biden, the Democrat"
201901001466.0,"Donald Trump, the Republican"
201901001467.0,"Donald Trump, the Republican"
201901001471.0,"Joe Biden, the Democrat"
201901001477.0,
201901001483.0,"Joe Biden, the Democrat"
201901001533.0,"Donald Trump, the Republican"
201901001541.0,"Joe Biden, the Democrat"
201901001546.0,"Joe Biden, the Democrat"
201901001550.0,"Joe Biden, the Democrat"
201901001553.0,"Donald Trump, the Republican"
201901001554.0,"Joe Biden, the Democrat"
201901001557.0,"Joe Biden, the Democrat"
201901001569.0,
201901001576.0,"Donald Trump, the Republican"
201901001589.0,"Joe Biden, the Democrat"
201901001599.0,
201901001609.0,"Donald Trump, the Republican"
201901001614.0,"Joe Biden, the Democrat"
201901001615.0,"Joe Biden, the Democrat"
201901001656.0,"Joe Biden, the Democrat"
201901001667.0,"Joe Biden, the Democrat"
201901001669.0,"Joe Biden, the Democrat"
201901001683.0,
201901001686.0,
201901001744.0,
201901001746.0,"Donald Trump, the Republican"
201901001751.0,"Joe Biden, the Democrat"
201901001769.0,"Donald Trump, the Republican"
201901001788.0,"Joe Biden, the Democrat"
201901001802.0,"Donald Trump, the Republican"
201901001808.0,
201901001822.0,"Joe Biden, the Democrat"
201901001856.0,"Joe Biden, the Democrat"
201901001877.0,"Joe Biden, the Democrat"
201901001892.0,
201901001900.0,"Joe Biden, the Democrat"
201901001915.0,"Joe Biden, the Democrat"
201901001916.0,"Joe Biden, the Democrat"
201901001918.0,
201901001956.0,"Joe Biden, the Democrat"
201901001962.0,"Joe Biden, the Democrat"
201901002003.0,"Donald Trump, the Republican"
201901002005.0,"Donald Trump, the Republican"
201901002008.0,"Joe Biden, the Democrat"
201901002025.0,
201901002033.0,"Donald Trump, the Republican"
201901002050.0,
201901002068.0,"Joe Biden, the Democrat"
201901002089.0,"Joe Biden, the Democrat"
201901002102.0,
201901002104.0,"Joe Biden, the Democrat"
201901002110.0,"Joe Biden, the Democrat"
201901002122.0,"Joe Biden, the Democrat"
201901002170.0,"Donald Trump, the Republican"
201901002187.0,"Donald Trump, the Republican"
201901002189.0,"Joe Biden, the Democrat"
201901002222.0,"Joe Biden, the Democrat"
201901002244.0,"Donald Trump, the Republican"
201901002249.0,"Joe Biden, the Democrat"
201901002260.0,"Donald Trump, the Republican"
201901002281.0,"Joe Biden, the Democrat"
201901002286.0,"Joe Biden, the Democrat"
201901002319.0,"Donald Trump, the Republican"
201901002352.0,"Joe Biden, the Democrat"
201901002357.0,"Donald Trump, the Republican"
201901002358.0,"Joe Biden, the Democrat"
201901002359.0,"Joe Biden, the Democrat"
201901002380.0,"Donald Trump, the Republican"
201901002383.0,"Joe Biden, the Democrat"
201901002405.0,Refused
201901002419.0,"Donald Trump, the Republican"
201901002437.0,"Donald Trump, the Republican"
201901002464.0,"Donald Trump, the Republican"
201901002492.0,"Joe Biden, the Democrat"
201901002498.0,"Joe Biden, the Democrat"
201901002504.0,"Joe Biden, the Democrat"
201901002505.0,"Donald Trump, the Republican"
201901002509.0,"Joe Biden, the Democrat"
201901002513.0,"Joe Biden, the Democrat"
201901002515.0,
201901002529.0,"Donald Trump, the Republican"
201901002569.0,"Joe Biden, the Democrat"
201901002570.0,
201901002620.0,"Joe Biden, the Democrat"
201901002622.0,
201901002629.0,"Donald Trump, the Republican"
201901002661.0,"Joe Biden, the Democrat"
201901002689.0,"Joe Biden, the Democrat"
201901002714.0,
201901002715.0,
201901002747.0,"Joe Biden, the Democrat"
201901002749.0,"Joe Biden, the Democrat"
201901002765.0,"Joe Biden, the Democrat"
201901002809.0,"Donald Trump, the Republican"
201901002813.0,"Joe Biden, the Democrat"
201901002815.0,"Joe Biden, the Democrat"
201901002816.0,"Donald Trump, the Republican"
201901002844.0,"Joe Biden, the Democrat"
201901002864.0,Refused
201901002869.0,"Donald Trump, the Republican"
201901002878.0,"Joe Biden, the Democrat"
201901002895.0,"Donald Trump, the Republican"
201901002909.0,"Joe Biden, the Democrat"
201901002941.0,"Joe Biden, the Democrat"
201901002954.0,
201901002964.0,"Joe Biden, the Democrat"
201901002965.0,
201901002973.0,"Joe Biden, the Democrat"
201901002999.0,"Donald Trump, the Republican"
201901003024.0,"Joe Biden, the Democrat"
201901003044.0,"Joe Biden, the Democrat"
201901003057.0,"Joe Biden, the Democrat"
201901003060.0,"Joe Biden, the Democrat"
201901003091.0,"Donald Trump, the Republican"
201901003092.0,"Joe Biden, the Democrat"
201901003096.0,"Joe Biden, the Democrat"
201901003100.0,"Joe Biden, the Democrat"
201901003131.0,"Donald Trump, the Republican"
201901003145.0,"Donald Trump, the Republican"
201901003154.0,"Joe Biden, the Democrat"
201901003161.0,"Joe Biden, the Democrat"
201901003183.0,"Donald Trump, the Republican"
201901003184.0,"Joe Biden, the Democrat"
201901003191.0,"Joe Biden, the Democrat"
201901003196.0,"Joe Biden, the Democrat"
201901003197.0,
201901003206.0,"Joe Biden, the Democrat"
201901003222.0,"Donald Trump, the Republican"
201901003246.0,"Jo Jorgensen, the Libertarian Party candidate"
201901003249.0,"Joe Biden, the Democrat"
201901003294.0,"Joe Biden, the Democrat"
201901003295.0,"Donald Trump, the Republican"
201901003310.0,"Joe Biden, the Democrat"
201901003364.0,"Joe Biden, the Democrat"
201901003367.0,"Donald Trump, the Republican"
201901003368.0,"Joe Biden, the Democrat"
201901003423.0,
201901003466.0,
201901003505.0,"Joe Biden, the Democrat"
201901003533.0,
201901003535.0,
201901003537.0,"Donald Trump, the Republican"
201901003541.0,"Donald Trump, the Republican"
201901003542.0,"Joe Biden, the Democrat"
201901003551.0,
201901003574.0,"Donald Trump, the Republican"
201901003584.0,
201901003599.0,"Joe Biden, the Democrat"
201901003614.0,"Joe Biden, the Democrat"
201901003621.0,"Joe Biden, the Democrat"
201901003633.0,
201901003664.0,"Donald Trump, the Republican"
201901003681.0,"Joe Biden, the Democrat"
201901003693.0,"Donald Trump, the Republican"
201901003793.0,"Joe Biden, the Democrat"
201901003802.0,"Joe Biden, the Democrat"
201901004074.0,
201901004087.0,
201901004162.0,"Joe Biden, the Democrat"
201901004246.0,
201901004351.0,"Donald Trump, the Republican"
201901004368.0,"Joe Biden, the Democrat"
201901004402.0,
201901004452.0,
201901004508.0,"Joe Biden, the Democrat"
201901004575.0,
201901004585.0,
201901004591.0,"Joe Biden, the Democrat"
201901004644.0,"Joe Biden, the Democrat"
201901004664.0,"Donald Trump, the Republican"
201901004757.0,
201901004823.0,
201901004944.0,
201901004977.0,"Joe Biden, the Democrat"
201901005058.0,"Joe Biden, the Democrat"
201901005134.0,"Joe Biden, the Democrat"
201901005137.0,
201901005221.0,
201901005237.0,"Joe Biden, the Democrat"
201901005279.0,"Joe Biden, the Democrat"
201901005340.0,"Howie Hawkins, the Green Party candidate"
201901005405.0,
201901005538.0,
201901005704.0,Another candidate
201901005804.0,"Donald Trump, the Republican"
201901005849.0,"Joe Biden, the Democrat"
201901006312.0,"Joe Biden, the Democrat"
201901006328.0,"Donald Trump, the Republican"
201901006362.0,"Donald Trump, the Republican"
201901006401.0,"Joe Biden, the Democrat"
201901006481.0,"Joe Biden, the Democrat"
201901006579.0,"Joe Biden, the Democrat"
201901006736.0,"Donald Trump, the Republican"
201901006918.0,"Joe Biden, the Democrat"
201901007166.0,"Donald Trump, the Republican"
201901007254.0,"Joe Biden, the Democrat"
201901007262.0,"Joe Biden, the Democrat"
201901007299.0,"Joe Biden, the Democrat"
201901007349.0,
201901007381.0,"Donald Trump, the Republican"
201901007408.0,"Donald Trump, the Republican"
201901007546.0,"Joe Biden, the Democrat"
201901007563.0,
201901007592.0,
201901007677.0,
201901007704.0,
201901007767.0,
201901007835.0,
201901007843.0,"Joe Biden, the Democrat"
201901007870.0,"Donald Trump, the Republican"
201901007916.0,"Joe Biden, the Democrat"
201901007928.0,"Joe Biden, the Democrat"
201901007974.0,"Joe Biden, the Democrat"
201901008037.0,
201901008275.0,
201901008671.0,
201901008685.0,"Donald Trump, the Republican"
201901008949.0,"Joe Biden, the Democrat"
201901009101.0,"Joe Biden, the Democrat"
201901009121.0,
201901009232.0,
201901009292.0,"Donald Trump, the Republican"
201901009303.0,"Donald Trump, the Republican"
201901009414.0,"Donald Trump, the Republican"
201901009634.0,"Joe Biden, the Democrat"
201901009747.0,
201901009792.0,
201901009874.0,"Joe Biden, the Democrat"
201901009904.0,"Joe Biden, the Democrat"
201901009922.0,"Joe Biden, the Democrat"
201901009937.0,"Donald Trump, the Republican"
201901009959.0,
201901010182.0,"Joe Biden, the Democrat"
201901010326.0,
201901010416.0,
201901010421.0,
201901010499.0,"Donald Trump, the Republican"
201901010521.0,"Donald Trump, the Republican"
201901010644.0,"Joe Biden, the Democrat"
201901010736.0,
201901010939.0,"Joe Biden, the Democrat"
201901010945.0,"Joe Biden, the Democrat"
201901010979.0,"Joe Biden, the Democrat"
201901011035.0,"Joe Biden, the Democrat"
201901011041.0,
201901011086.0,
201901011127.0,"Donald Trump, the Republican"
201901011141.0,"Joe Biden, the Democrat"
201901011146.0,"Joe Biden, the Democrat"
201901011176.0,"Donald Trump, the Republican"
201901011459.0,
201901011750.0,"Donald Trump, the Republican"
201901011762.0,
201901011823.0,"Joe Biden, the Democrat"
201901011908.0,"Joe Biden, the Democrat"
201901011927.0,"Joe Biden, the Democrat"
201901011956.0,
201901011993.0,
201901012094.0,"Joe Biden, the Democrat"
201901012113.0,
201901012124.0,"Donald Trump, the Republican"
201901012154.0,
201901012186.0,"Donald Trump, the Republican"
201901012232.0,
201901012252.0,"Donald Trump, the Republican"
201901012255.0,"Joe Biden, the Democrat"
201901012337.0,
201901012441.0,"Donald Trump, the Republican"
201901012658.0,"Joe Biden, the Democrat"
201901012770.0,
201901012789.0,"Joe Biden, the Democrat"
201901012811.0,"Joe Biden, the Democrat"
201901012839.0,
201901013054.0,Refused
201901013176.0,"Joe Biden, the Democrat"
201901013190.0,
201901013312.0,
201901013372.0,"Donald Trump, the Republican"
201901013472.0,Refused
201901013515.0,
201901013530.0,"Donald Trump, the Republican"
201901013585.0,
201901013661.0,
201901013784.0,"Joe Biden, the Democrat"
201901013917.0,"Joe Biden, the Democrat"
201901013991.0,"Joe Biden, the Democrat"
201901014031.0,
201901014084.0,"Joe Biden, the Democrat"
201901014106.0,"Joe Biden, the Democrat"
201901014191.0,"Joe Biden, the Democrat"
201901014281.0,
201901014284.0,"Joe Biden, the Democrat"
201901014453.0,"Joe Biden, the Democrat"
201901014470.0,
201901014542.0,"Donald Trump, the Republican"
201901014589.0,Refused
201901014703.0,"Donald Trump, the Republican"
201901014754.0,
201901014817.0,"Joe Biden, the Democrat"
201901014821.0,
201901014946.0,"Donald Trump, the Republican"
201901015009.0,"Joe Biden, the Democrat"
201901015026.0,Refused
201901015122.0,
201901015217.0,
201901015222.0,"Donald Trump, the Republican"
201901015258.0,"Donald Trump, the Republican"
201901015302.0,
201901015371.0,"Joe Biden, the Democrat"
201901015414.0,"Joe Biden, the Democrat"
201901015533.0,
201901015592.0,"Donald Trump, the Republican"
201901015598.0,
201901015688.0,
201901015765.0,
201901015819.0,"Donald Trump, the Republican"
201901015869.0,
201901016510.0,"Joe Biden, the Democrat"
201901016518.0,"Joe Biden, the Democrat"
201901016539.0,"Joe Biden, the Democrat"
201901016561.0,"Joe Biden, the Democrat"
201901016567.0,"Joe Biden, the Democrat"
201901016597.0,"Joe Biden, the Democrat"
201901016611.0,"Donald Trump, the Republican"
201901016626.0,"Joe Biden, the Democrat"
201901016657.0,"Joe Biden, the Democrat"
201901016670.0,"Joe Biden, the Democrat"
201901016676.0,"Joe Biden, the Democrat"
201901016693.0,"Joe Biden, the Democrat"
201901016694.0,"Donald Trump, the Republican"
201901016707.0,"Donald Trump, the Republican"
201901016725.0,"Donald Trump, the Republican"
201901016767.0,"Joe Biden, the Democrat"
201901016788.0,"Joe Biden, the Democrat"
201901016796.0,"Donald Trump, the Republican"
201901016805.0,"Donald Trump, the Republican"
201901016889.0,"Joe Biden, the Democrat"
201901016890.0,"Donald Trump, the Republican"
201901016897.0,"Joe Biden, the Democrat"
201901016919.0,"Jo Jorgensen, the Libertarian Party candidate"
201901016930.0,"Joe Biden, the Democrat"
201901016949.0,"Donald Trump, the Republican"
201901016957.0,"Donald Trump, the Republican"
201901016975.0,"Donald Trump, the Republican"
201901016979.0,"Donald Trump, the Republican"
201901016995.0,"Joe Biden, the Democrat"
201901017006.0,"Donald Trump, the Republican"
201901017015.0,"Donald Trump, the Republican"
201901017017.0,"Joe Biden, the Democrat"
201901017032.0,"Donald Trump, the Republican"
201901017041.0,"Joe Biden, the Democrat"
201901017071.0,"Joe Biden, the Democrat"
201901017128.0,"Donald Trump, the Republican"
201901017130.0,"Joe Biden, the Democrat"
201901017140.0,"Howie Hawkins, the Green Party candidate"
201901017144.0,"Joe Biden, the Democrat"
201901017158.0,"Joe Biden, the Democrat"
201901017165.0,"Joe Biden, the Democrat"
201901017201.0,"Donald Trump, the Republican"
201901017265.0,"Joe Biden, the Democrat"
201901017295.0,"Joe Biden, the Democrat"
201901017314.0,
201901017332.0,
201901017370.0,"Joe Biden, the Democrat"
201901017372.0,"Joe Biden, the Democrat"
201901017378.0,"Joe Biden, the Democrat"
201901017380.0,"Joe Biden, the Democrat"
201901017395.0,"Donald Trump, the Republican"
201901017429.0,
201901017488.0,"Donald Trump, the Republican"
201901017510.0,Another candidate
201901017553.0,"Joe Biden, the Democrat"
201901017554.0,"Joe Biden, the Democrat"
201901017563.0,"Joe Biden, the Democrat"
201901017575.0,"Donald Trump, the Republican"
201901017588.0,"Joe Biden, the Democrat"
201901017618.0,"Donald Trump, the Republican"
201901017629.0,"Joe Biden, the Democrat"
201901017646.0,"Joe Biden, the Democrat"
201901017651.0,"Joe Biden, the Democrat"
201901017680.0,"Donald Trump, the Republican"
201901017694.0,"Donald Trump, the Republican"
201901017707.0,"Joe Biden, the Democrat"
201901017714.0,"Joe Biden, the Democrat"
201901017736.0,"Donald Trump, the Republican"
201901017750.0,"Joe Biden, the Democrat"
201901017753.0,
201901017759.0,"Joe Biden, the Democrat"
201901017766.0,"Donald Trump, the Republican"
201901017788.0,"Joe Biden, the Democrat"
201901017801.0,"Joe Biden, the Democrat"
201901017861.0,"Donald Trump, the Republican"
201901017877.0,"Joe Biden, the Democrat"
201901017912.0,"Joe Biden, the Democrat"
201901017914.0,"Joe Biden, the Democrat"
201901017916.0,"Joe Biden, the Democrat"
201901017929.0,"Joe Biden, the Democrat"
201901017945.0,"Donald Trump, the Republican"
201901017962.0,"Joe Biden, the Democrat"
201901017993.0,
201901018007.0,"Joe Biden, the Democrat"
201901018014.0,"Joe Biden, the Democrat"
201901018037.0,"Donald Trump, the Republican"
201901018053.0,"Donald Trump, the Republican"
201901018057.0,"Donald Trump, the Republican"
201901018069.0,"Joe Biden, the Democrat"
201901018114.0,"Joe Biden, the Democrat"
201901018124.0,"Joe Biden, the Democrat"
201901018134.0,"Joe Biden, the Democrat"
201901018179.0,"Joe Biden, the Democrat"
201901018184.0,"Joe Biden, the Democrat"
201901018186.0,"Joe Biden, the Democrat"
201901018212.0,
201901018219.0,"Joe Biden, the Democrat"
201901018226.0,"Donald Trump, the Republican"
201901018230.0,"Joe Biden, the Democrat"
201901018235.0,"Joe Biden, the Democrat"
201901018271.0,"Joe Biden, the Democrat"
201901018298.0,"Donald Trump, the Republican"
201901018304.0,"Joe Biden, the Democrat"
201901018325.0,"Joe Biden, the Democrat"
201901018326.0,"Donald Trump, the Republican"
201901018365.0,
201901018371.0,"Joe Biden, the Democrat"
201901018373.0,"Joe Biden, the Democrat"
201901018381.0,"Joe Biden, the Democrat"
201901018401.0,"Joe Biden, the Democrat"
201901018418.0,"Joe Biden, the Democrat"
201901018421.0,
201901018438.0,
201901018475.0,"Joe Biden, the Democrat"
201901018506.0,"Joe Biden, the Democrat"
201901018558.0,"Joe Biden, the Democrat"
201901018568.0,"Joe Biden, the Democrat"
201901018585.0,"Joe Biden, the Democrat"
201901018616.0,
201901018618.0,"Joe Biden, the Democrat"
201901018634.0,"Joe Biden, the Democrat"
201901018657.0,"Joe Biden, the Democrat"
201901018659.0,"Donald Trump, the Republican"
201901018680.0,"Donald Trump, the Republican"
201901018683.0,"Joe Biden, the Democrat"
201901018693.0,"Joe Biden, the Democrat"
201901018730.0,"Donald Trump, the Republican"
201901018761.0,"Joe Biden, the Democrat"
201901018768.0,"Joe Biden, the Democrat"
201901018769.0,"Joe Biden, the Democrat"
201901018800.0,"Donald Trump, the Republican"
201901018817.0,"Joe Biden, the Democrat"
201901018820.0,"Donald Trump, the Republican"
201901018859.0,
201901018861.0,"Donald Trump, the Republican"
201901018874.0,"Donald Trump, the Republican"
201901018884.0,
201901018886.0,"Joe Biden, the Democrat"
201901018898.0,"Joe Biden, the Democrat"
201901018911.0,"Donald Trump, the Republican"
201901018922.0,"Joe Biden, the Democrat"
201901018925.0,"Donald Trump, the Republican"
201901018937.0,
201901018942.0,"Joe Biden, the Democrat"
201901018981.0,"Joe Biden, the Democrat"
201901019013.0,
201901019028.0,"Joe Biden, the Democrat"
201901019034.0,"Joe Biden, the Democrat"
201901019046.0,"Donald Trump, the Republican"
201901019058.0,
201901019065.0,"Donald Trump, the Republican"
201901019069.0,"Joe Biden, the Democrat"
201901019116.0,"Joe Biden, the Democrat"
201901019134.0,"Donald Trump, the Republican"
201901019149.0,"Joe Biden, the Democrat"
201901019167.0,"Joe Biden, the Democrat"
201901019194.0,"Joe Biden, the Democrat"
201901019201.0,"Joe Biden, the Democrat"
201901019203.0,"Donald Trump, the Republican"
201901019251.0,"Donald Trump, the Republican"
201901019256.0,"Joe Biden, the Democrat"
201901019264.0,"Donald Trump, the Republican"
201901019273.0,
201901019283.0,
201901019319.0,"Jo Jorgensen, the Libertarian Party candidate"
201901019344.0,"Donald Trump, the Republican"
201901019347.0,"Joe Biden, the Democrat"
201901019362.0,"Joe Biden, the Democrat"
201901019389.0,"Donald Trump, the Republican"
201901019397.0,
201901019455.0,"Joe Biden, the Democrat"
201901019488.0,"Donald Trump, the Republican"
201901019537.0,"Joe Biden, the Democrat"
201901019556.0,
201901019576.0,"Joe Biden, the Democrat"
201901019602.0,Refused
201901019616.0,"Donald Trump, the Republican"
201901019623.0,"Donald Trump, the Republican"
201901019653.0,
201901019672.0,"Joe Biden, the Democrat"
201901019682.0,"Joe Biden, the Democrat"
201901019683.0,"Donald Trump, the Republican"
201901019697.0,"Donald Trump, the Republican"
201901019707.0,"Donald Trump, the Republican"
201901019757.0,"Donald Trump, the Republican"
201901019761.0,"Joe Biden, the Democrat"
201901019784.0,
201901019793.0,"Donald Trump, the Republican"
201901019802.0,"Donald Trump, the Republican"
201901019849.0,"Joe Biden, the Democrat"
201901019858.0,"Joe Biden, the Democrat"
201901019870.0,"Donald Trump, the Republican"
201901019883.0,
201901019919.0,
201901019929.0,"Joe Biden, the Democrat"
201901019936.0,"Joe Biden, the Democrat"
201901019949.0,
201901019955.0,"Donald Trump, the Republican"
201901019961.0,"Joe Biden, the Democrat"
201901019963.0,
201901019996.0,"Joe Biden, the Democrat"
201901020017.0,"Joe Biden, the Democrat"
201901020032.0,"Joe Biden, the Democrat"
201901020054.0,"Joe Biden, the Democrat"
201901020058.0,
201901020093.0,"Joe Biden, the Democrat"
201901020105.0,"Joe Biden, the Democrat"
201901020110.0,"Joe Biden, the Democrat"
201901020114.0,"Joe Biden, the Democrat"
201901020118.0,"Joe Biden, the Democrat"
201901020147.0,"Donald Trump, the Republican"
201901020165.0,"Donald Trump, the Republican"
201901020189.0,"Donald Trump, the Republican"
201901020211.0,"Joe Biden, the Democrat"
201901020279.0,"Joe Biden, the Democrat"
201901020284.0,"Joe Biden, the Democrat"
201901020330.0,"Donald Trump, the Republican"
201901020332.0,"Joe Biden, the Democrat"
201901020340.0,"Donald Trump, the Republican"
201901020344.0,"Donald Trump, the Republican"
201901020357.0,"Donald Trump, the Republican"
201901020359.0,
201901020369.0,"Donald Trump, the Republican"
201901020370.0,"Joe Biden, the Democrat"
201901020371.0,"Joe Biden, the Democrat"
201901020400.0,"Donald Trump, the Republican"
201901020426.0,"Donald Trump, the Republican"
201901020428.0,"Donald Trump, the Republican"
201901020434.0,"Donald Trump, the Republican"
201901020437.0,"Jo Jorgensen, the Libertarian Party candidate"
201901020464.0,"Joe Biden, the Democrat"
201901020479.0,"Joe Biden, the Democrat"
201901020508.0,"Donald Trump, the Republican"
201901020514.0,
201901020521.0,"Donald Trump, the Republican"
201901020533.0,"Donald Trump, the Republican"
201901020556.0,"Joe Biden, the Democrat"
201901020560.0,
201901020602.0,"Donald Trump, the Republican"
201901020610.0,"Jo Jorgensen, the Libertarian Party candidate"
201901020617.0,"Joe Biden, the Democrat"
201901020619.0,
201901020630.0,"Joe Biden, the Democrat"
201901020653.0,"Donald Trump, the Republican"
201901020668.0,
201901020670.0,"Donald Trump, the Republican"
201901020682.0,
201901020736.0,"Donald Trump, the Republican"
201901020757.0,"Joe Biden, the Democrat"
201901020789.0,"Donald Trump, the Republican"
201901020800.0,"Joe Biden, the Democrat"
201901020820.0,"Donald Trump, the Republican"
201901020840.0,"Joe Biden, the Democrat"
201901020841.0,"Donald Trump, the Republican"
201901020852.0,"Jo Jorgensen, the Libertarian Party candidate"
201901020854.0,"Joe Biden, the Democrat"
201901020885.0,"Donald Trump, the Republican"
201901020900.0,"Joe Biden, the Democrat"
201901020905.0,"Joe Biden, the Democrat"
201901020923.0,"Donald Trump, the Republican"
201901020946.0,"Donald Trump, the Republican"
201901020953.0,"Donald Trump, the Republican"
201901021014.0,Refused
201901021028.0,"Joe Biden, the Democrat"
201901021046.0,"Joe Biden, the Democrat"
201901021079.0,"Joe Biden, the Democrat"
201901021082.0,
201901021092.0,"Donald Trump, the Republican"
201901021109.0,
201901021112.0,"Joe Biden, the Democrat"
201901021153.0,"Joe Biden, the Democrat"
201901021162.0,"Joe Biden, the Democrat"
201901021165.0,"Joe Biden, the Democrat"
201901021167.0,"Joe Biden, the Democrat"
201901021200.0,"Joe Biden, the Democrat"
201901021229.0,"Joe Biden, the Democrat"
201901021239.0,"Joe Biden, the Democrat"
201901021280.0,
201901021291.0,
201901021298.0,"Donald Trump, the Republican"
201901021305.0,Refused
201901021328.0,"Joe Biden, the Democrat"
201901021355.0,"Donald Trump, the Republican"
201901021362.0,"Joe Biden, the Democrat"
201901021371.0,
201901021378.0,"Donald Trump, the Republican"
201901021419.0,"Donald Trump, the Republican"
201901021422.0,"Joe Biden, the Democrat"
201901021433.0,"Donald Trump, the Republican"
201901021466.0,"Donald Trump, the Republican"
201901021467.0,"Joe Biden, the Democrat"
201901021477.0,"Joe Biden, the Democrat"
201901021494.0,"Joe Biden, the Democrat"
201901021598.0,"Joe Biden, the Democrat"
201901021616.0,"Donald Trump, the Republican"
201901021617.0,"Joe Biden, the Democrat"
201901021650.0,"Joe Biden, the Democrat"
201901021652.0,"Donald Trump, the Republican"
201901021653.0,"Donald Trump, the Republican"
201901021660.0,"Joe Biden, the Democrat"
201901021668.0,"Joe Biden, the Democrat"
201901021683.0,"Donald Trump, the Republican"
201901021689.0,"Donald Trump, the Republican"
201901021702.0,"Joe Biden, the Democrat"
201901021739.0,"Joe Biden, the Democrat"
201901021740.0,"Joe Biden, the Democrat"
201901021760.0,"Donald Trump, the Republican"
201901021768.0,"Joe Biden, the Democrat"
201901021788.0,
201901021794.0,"Howie Hawkins, the Green Party candidate"
201901021824.0,"Joe Biden, the Democrat"
201901021847.0,"Joe Biden, the Democrat"
201901021873.0,"Joe Biden, the Democrat"
201901021899.0,"Joe Biden, the Democrat"
201901021905.0,"Joe Biden, the Democrat"
201901021916.0,"Donald Trump, the Republican"
201901021947.0,"Donald Trump, the Republican"
201901021958.0,"Joe Biden, the Democrat"
201901021963.0,
201901022011.0,"Joe Biden, the Democrat"
201901022041.0,"Joe Biden, the Democrat"
201901022046.0,"Joe Biden, the Democrat"
201901022057.0,"Donald Trump, the Republican"
201901022063.0,"Joe Biden, the Democrat"
201901022073.0,"Donald Trump, the Republican"
201901022078.0,"Donald Trump, the Republican"
201901022083.0,"Joe Biden, the Democrat"
201901022086.0,
201901022093.0,"Joe Biden, the Democrat"
201901022109.0,"Joe Biden, the Democrat"
201901022111.0,"Donald Trump, the Republican"
201901022116.0,"Donald Trump, the Republican"
201901022126.0,"Donald Trump, the Republican"
201901022144.0,"Donald Trump, the Republican"
201901022149.0,"Donald Trump, the Republican"
201901022172.0,"Joe Biden, the Democrat"
201901022180.0,"Joe Biden, the Democrat"
201901022181.0,"Jo Jorgensen, the Libertarian Party candidate"
201901022208.0,"Joe Biden, the Democrat"
201901022210.0,"Donald Trump, the Republican"
201901022220.0,"Joe Biden, the Democrat"
201901022224.0,
201901022244.0,"Donald Trump, the Republican"
201901022267.0,"Donald Trump, the Republican"
201901022306.0,"Joe Biden, the Democrat"
201901022346.0,"Joe Biden, the Democrat"
201901022360.0,"Joe Biden, the Democrat"
201901022372.0,
201901022386.0,"Joe Biden, the Democrat"
201901022401.0,"Joe Biden, the Democrat"
201901022402.0,"Donald Trump, the Republican"
201901022406.0,"Joe Biden, the Democrat"
201901022408.0,"Donald Trump, the Republican"
201901022411.0,"Donald Trump, the Republican"
201901022424.0,
201901022435.0,"Joe Biden, the Democrat"
201901022436.0,"Joe Biden, the Democrat"
201901022457.0,"Joe Biden, the Democrat"
201901022458.0,"Donald Trump, the Republican"
201901022498.0,"Joe Biden, the Democrat"
201901022506.0,"Donald Trump, the Republican"
201901022507.0,"Joe Biden, the Democrat"
201901022530.0,"Joe Biden, the Democrat"
201901022554.0,"Joe Biden, the Democrat"
201901022573.0,"Joe Biden, the Democrat"
201901022592.0,"Joe Biden, the Democrat"
201901022601.0,"Joe Biden, the Democrat"
201901022628.0,"Joe Biden, the Democrat"
201901022646.0,"Joe Biden, the Democrat"
201901022647.0,
201901022649.0,"Donald Trump, the Republican"
201901022668.0,Another candidate
201901022699.0,"Joe Biden, the Democrat"
201901022702.0,"Joe Biden, the Democrat"
201901022706.0,"Joe Biden, the Democrat"
201901022710.0,"Donald Trump, the Republican"
201901022711.0,"Donald Trump, the Republican"
201901022726.0,"Joe Biden, the Democrat"
201901022740.0,"Joe Biden, the Democrat"
201901022772.0,"Joe Biden, the Democrat"
201901022781.0,"Donald Trump, the Republican"
201901022785.0,"Joe Biden, the Democrat"
201901022802.0,"Joe Biden, the Democrat"
201901022806.0,
201901022836.0,"Joe Biden, the Democrat"
201901022849.0,"Donald Trump, the Republican"
201901022853.0,"Joe Biden, the Democrat"
201901022867.0,"Joe Biden, the Democrat"
201901022869.0,Another candidate
201901022912.0,
201901022928.0,"Joe Biden, the Democrat"
201901022932.0,"Donald Trump, the Republican"
201901022933.0,"Joe Biden, the Democrat"
201901022967.0,"Joe Biden, the Democrat"
201901022996.0,"Joe Biden, the Democrat"
201901023019.0,"Donald Trump, the Republican"
201901023028.0,"Donald Trump, the Republican"
201901023052.0,"Joe Biden, the Democrat"
201901023055.0,"Donald Trump, the Republican"
201901023062.0,"Jo Jorgensen, the Libertarian Party candidate"
201901023066.0,"Joe Biden, the Democrat"
201901023093.0,"Joe Biden, the Democrat"
201901023103.0,"Donald Trump, the Republican"
201901023109.0,"Joe Biden, the Democrat"
201901023112.0,"Joe Biden, the Democrat"
201901023116.0,"Donald Trump, the Republican"
201901023133.0,"Joe Biden, the Democrat"
201901023143.0,"Joe Biden, the Democrat"
201901023195.0,"Donald Trump, the Republican"
201901023201.0,"Donald Trump, the Republican"
201901023232.0,"Donald Trump, the Republican"
201901023233.0,"Donald Trump, the Republican"
201901023236.0,"Donald Trump, the Republican"
201901023240.0,"Joe Biden, the Democrat"
201901023243.0,"Donald Trump, the Republican"
201901023246.0,
201901023253.0,
201901023274.0,"Donald Trump, the Republican"
201901023301.0,"Donald Trump, the Republican"
201901023311.0,"Donald Trump, the Republican"
201901023317.0,"Donald Trump, the Republican"
201901023323.0,"Joe Biden, the Democrat"
201901023343.0,"Donald Trump, the Republican"
201901023348.0,"Donald Trump, the Republican"
201901023433.0,"Jo Jorgensen, the Libertarian Party candidate"
201901023454.0,"Joe Biden, the Democrat"
201901023465.0,"Joe Biden, the Democrat"
201901023488.0,"Joe Biden, the Democrat"
201901023497.0,"Joe Biden, the Democrat"
201901023518.0,"Donald Trump, the Republican"
201901023535.0,"Joe Biden, the Democrat"
201901023550.0,
201901023563.0,"Joe Biden, the Democrat"
201901023584.0,"Joe Biden, the Democrat"
201901023603.0,"Joe Biden, the Democrat"
201901023616.0,"Donald Trump, the Republican"
201901023628.0,"Donald Trump, the Republican"
201901023632.0,
201901023640.0,"Donald Trump, the Republican"
201901023641.0,"Joe Biden, the Democrat"
201901023661.0,"Joe Biden, the Democrat"
201901023666.0,"Joe Biden, the Democrat"
201901023681.0,
201901023721.0,
201901023741.0,"Joe Biden, the Democrat"
201901023830.0,
201901023831.0,"Donald Trump, the Republican"
201901023853.0,"Donald Trump, the Republican"
201901023856.0,"Joe Biden, the Democrat"
201901023864.0,"Joe Biden, the Democrat"
201901023881.0,"Donald Trump, the Republican"
201901023894.0,"Joe Biden, the Democrat"
201901023916.0,
201901023927.0,"Joe Biden, the Democrat"
201901023986.0,"Donald Trump, the Republican"
201901024003.0,
201901024027.0,"Joe Biden, the Democrat"
201901024032.0,"Joe Biden, the Democrat"
201901024034.0,"Joe Biden, the Democrat"
201901024077.0,"Joe Biden, the Democrat"
201901024088.0,
201901024089.0,"Joe Biden, the Democrat"
201901024123.0,
201901024124.0,"Joe Biden, the Democrat"
201901024131.0,"Joe Biden, the Democrat"
201901024142.0,"Donald Trump, the Republican"
201901024153.0,"Joe Biden, the Democrat"
201901024185.0,
201901024207.0,"Donald Trump, the Republican"
201901024214.0,"Donald Trump, the Republican"
201901024240.0,"Joe Biden, the Democrat"
201901024255.0,"Donald Trump, the Republican"
201901024262.0,"Joe Biden, the Democrat"
201901024264.0,"Joe Biden, the Democrat"
201901024266.0,"Joe Biden, the Democrat"
201901024276.0,"Joe Biden, the Democrat"
201901024318.0,"Jo Jorgensen, the Libertarian Party candidate"
201901024377.0,"Joe Biden, the Democrat"
201901024380.0,"Joe Biden, the Democrat"
201901024398.0,"Donald Trump, the Republican"
201901024408.0,
201901024446.0,"Joe Biden, the Democrat"
201901024459.0,"Joe Biden, the Democrat"
201901024531.0,"Joe Biden, the Democrat"
201901024538.0,"Donald Trump, the Republican"
201901024540.0,"Joe Biden, the Democrat"
201901024575.0,"Donald Trump, the Republican"
201901024582.0,"Donald Trump, the Republican"
201901024607.0,"Donald Trump, the Republican"
201901024612.0,"Donald Trump, the Republican"
201901024640.0,"Joe Biden, the Democrat"
201901024678.0,"Joe Biden, the Democrat"
201901024721.0,"Joe Biden, the Democrat"
201901024722.0,"Donald Trump, the Republican"
201901024723.0,"Donald Trump, the Republican"
201901024751.0,"Joe Biden, the Democrat"
201901024752.0,"Joe Biden, the Democrat"
201901024761.0,"Donald Trump, the Republican"
201901024764.0,"Donald Trump, the Republican"
201901024767.0,"Joe Biden, the Democrat"
201901024797.0,"Joe Biden, the Democrat"
201901024799.0,"Joe Biden, the Democrat"
201901024818.0,"Joe Biden, the Democrat"
201901024821.0,"Joe Biden, the Democrat"
201901024832.0,"Jo Jorgensen, the Libertarian Party candidate"
201901024871.0,"Joe Biden, the Democrat"
201901024901.0,"Jo Jorgensen, the Libertarian Party candidate"
201901024913.0,"Joe Biden, the Democrat"
201901024925.0,"Joe Biden, the Democrat"
201901024929.0,"Joe Biden, the Democrat"
201901024932.0,"Joe Biden, the Democrat"
201901024942.0,"Donald Trump, the Republican"
201901024956.0,"Joe Biden, the Democrat"
201901024968.0,"Jo Jorgensen, the Libertarian Party candidate"
201901024988.0,"Donald Trump, the Republican"
201901025025.0,"Donald Trump, the Republican"
201901025029.0,"Donald Trump, the Republican"
201901025076.0,"Donald Trump, the Republican"
201901025077.0,"Joe Biden, the Democrat"
201901025102.0,"Donald Trump, the Republican"
201901025137.0,"Donald Trump, the Republican"
201901025140.0,"Joe Biden, the Democrat"
201901025157.0,"Donald Trump, the Republican"
201901025164.0,"Joe Biden, the Democrat"
201901025184.0,"Joe Biden, the Democrat"
201901025193.0,"Donald Trump, the Republican"
201901025234.0,"Joe Biden, the Democrat"
201901025263.0,"Joe Biden, the Democrat"
201901025286.0,"Joe Biden, the Democrat"
201901025310.0,"Joe Biden, the Democrat"
201901025326.0,"Joe Biden, the Democrat"
201901025327.0,
201901025329.0,"Joe Biden, the Democrat"
201901025333.0,"Joe Biden, the Democrat"
201901025341.0,"Joe Biden, the Democrat"
201901025347.0,"Joe Biden, the Democrat"
201901025371.0,"Joe Biden, the Democrat"
201901025378.0,"Joe Biden, the Democrat"
201901025385.0,"Jo Jorgensen, the Libertarian Party candidate"
201901025409.0,"Joe Biden, the Democrat"
201901025463.0,"Donald Trump, the Republican"
201901025466.0,"Joe Biden, the Democrat"
201901025487.0,Another candidate
201901025493.0,"Donald Trump, the Republican"
201901025501.0,"Joe Biden, the Democrat"
201901025502.0,
201901025506.0,
201901025513.0,"Donald Trump, the Republican"
201901025540.0,"Joe Biden, the Democrat"
201901025541.0,"Joe Biden, the Democrat"
201901025542.0,"Joe Biden, the Democrat"
201901025610.0,"Joe Biden, the Democrat"
201901025618.0,
201901025623.0,"Donald Trump, the Republican"
201901025626.0,"Joe Biden, the Democrat"
201901025630.0,"Joe Biden, the Democrat"
201901025651.0,"Joe Biden, the Democrat"
201901025670.0,"Donald Trump, the Republican"
201901025679.0,"Joe Biden, the Democrat"
201901025682.0,"Joe Biden, the Democrat"
201901025723.0,"Joe Biden, the Democrat"
201901025730.0,"Joe Biden, the Democrat"
201901025741.0,"Joe Biden, the Democrat"
201901025774.0,"Joe Biden, the Democrat"
201901025790.0,
201901025808.0,"Donald Trump, the Republican"
201901025810.0,"Donald Trump, the Republican"
201901025832.0,"Joe Biden, the Democrat"
201901025839.0,"Joe Biden, the Democrat"
201901025841.0,"Joe Biden, the Democrat"
201901025853.0,
201901025857.0,"Joe Biden, the Democrat"
201901025864.0,"Joe Biden, the Democrat"
201901025877.0,
201901025908.0,"Donald Trump, the Republican"
201901025911.0,"Joe Biden, the Democrat"
201901025986.0,"Donald Trump, the Republican"
201901026011.0,
201901026021.0,"Joe Biden, the Democrat"
201901026031.0,"Donald Trump, the Republican"
201901026032.0,"Joe Biden, the Democrat"
201901026052.0,"Joe Biden, the Democrat"
201901026059.0,"Joe Biden, the Democrat"
201901026064.0,"Joe Biden, the Democrat"
201901026075.0,"Joe Biden, the Democrat"
201901026091.0,"Donald Trump, the Republican"
201901026093.0,"Donald Trump, the Republican"
201901026123.0,"Joe Biden, the Democrat"
201901026152.0,"Donald Trump, the Republican"
201901026156.0,"Donald Trump, the Republican"
201901026214.0,"Donald Trump, the Republican"
201901026227.0,"Joe Biden, the Democrat"
201901026266.0,"Joe Biden, the Democrat"
201901026279.0,"Joe Biden, the Democrat"
201901026286.0,"Joe Biden, the Democrat"
201901026353.0,
201901026354.0,"Donald Trump, the Republican"
201901026361.0,"Joe Biden, the Democrat"
201901026363.0,"Donald Trump, the Republican"
201901026391.0,"Joe Biden, the Democrat"
201901026407.0,"Donald Trump, the Republican"
201901026437.0,"Joe Biden, the Democrat"
201901026447.0,"Donald Trump, the Republican"
201901026463.0,"Jo Jorgensen, the Libertarian Party candidate"
201901026471.0,"Donald Trump, the Republican"
201901026500.0,"Joe Biden, the Democrat"
201901026526.0,"Donald Trump, the Republican"
201901026529.0,"Joe Biden, the Democrat"
201901026566.0,"Joe Biden, the Democrat"
201901026593.0,"Joe Biden, the Democrat"
201901026603.0,"Donald Trump, the Republican"
201901026620.0,"Joe Biden, the Democrat"
201901026627.0,
201901026639.0,"Donald Trump, the Republican"
201901026661.0,"Joe Biden, the Democrat"
201901026670.0,"Joe Biden, the Democrat"
201901026682.0,"Joe Biden, the Democrat"
201901026689.0,"Donald Trump, the Republican"
201901026691.0,
201901026695.0,"Joe Biden, the Democrat"
201901026697.0,"Joe Biden, the Democrat"
201901026708.0,"Joe Biden, the Democrat"
201901026734.0,"Joe Biden, the Democrat"
201901026739.0,"Joe Biden, the Democrat"
201901026742.0,"Joe Biden, the Democrat"
201901026754.0,"Joe Biden, the Democrat"
201901026760.0,"Donald Trump, the Republican"
201901026778.0,
201901026790.0,"Donald Trump, the Republican"
201901026802.0,
201901026803.0,"Donald Trump, the Republican"
201901026817.0,"Donald Trump, the Republican"
201901026827.0,
201901026837.0,"Donald Trump, the Republican"
201901026860.0,
201901026870.0,"Donald Trump, the Republican"
201901026905.0,"Donald Trump, the Republican"
201901026907.0,"Donald Trump, the Republican"
201901026908.0,"Donald Trump, the Republican"
201901026925.0,"Joe Biden, the Democrat"
201901026943.0,"Joe Biden, the Democrat"
201901026996.0,"Donald Trump, the Republican"
201901027000.0,
201901027010.0,"Joe Biden, the Democrat"
201901027035.0,"Joe Biden, the Democrat"
201901027050.0,
201901027059.0,"Donald Trump, the Republican"
201901027106.0,"Joe Biden, the Democrat"
201901027152.0,"Joe Biden, the Democrat"
201901027155.0,"Donald Trump, the Republican"
201901027166.0,"Donald Trump, the Republican"
201901027185.0,"Donald Trump, the Republican"
201901027211.0,"Donald Trump, the Republican"
201901027219.0,"Jo Jorgensen, the Libertarian Party candidate"
201901027250.0,"Joe Biden, the Democrat"
201901027257.0,"Donald Trump, the Republican"
201901027260.0,"Donald Trump, the Republican"
201901027318.0,"Donald Trump, the Republican"
201901027327.0,
201901027374.0,"Joe Biden, the Democrat"
201901027384.0,"Joe Biden, the Democrat"
201901027386.0,"Donald Trump, the Republican"
201901027398.0,"Joe Biden, the Democrat"
201901027399.0,
201901027428.0,"Donald Trump, the Republican"
201901027430.0,
201901027437.0,"Joe Biden, the Democrat"
201901027458.0,"Donald Trump, the Republican"
201901027484.0,"Joe Biden, the Democrat"
201901027499.0,
201901027504.0,"Donald Trump, the Republican"
201901027550.0,"Joe Biden, the Democrat"
201901027572.0,"Joe Biden, the Democrat"
201901027573.0,"Joe Biden, the Democrat"
201901027601.0,"Joe Biden, the Democrat"
201901027613.0,
201901027629.0,"Donald Trump, the Republican"
201901027632.0,"Joe Biden, the Democrat"
201901027634.0,"Donald Trump, the Republican"
201901027650.0,"Joe Biden, the Democrat"
201901027654.0,"Donald Trump, the Republican"
201901027674.0,"Donald Trump, the Republican"
201901027679.0,"Joe Biden, the Democrat"
201901027686.0,"Joe Biden, the Democrat"
201901027694.0,"Donald Trump, the Republican"
201901027701.0,"Joe Biden, the Democrat"
201901027723.0,"Donald Trump, the Republican"
201901027775.0,"Joe Biden, the Democrat"
201901027776.0,"Donald Trump, the Republican"
201901027832.0,"Joe Biden, the Democrat"
201901027880.0,"Donald Trump, the Republican"
201901027894.0,"Joe Biden, the Democrat"
201901027897.0,"Joe Biden, the Democrat"
201901027898.0,"Joe Biden, the Democrat"
201901027910.0,"Donald Trump, the Republican"
201901027921.0,
201901027926.0,"Joe Biden, the Democrat"
201901027927.0,"Joe Biden, the Democrat"
201901027931.0,"Joe Biden, the Democrat"
201901027954.0,"Joe Biden, the Democrat"
201901027980.0,"Jo Jorgensen, the Libertarian Party candidate"
201901027981.0,"Joe Biden, the Democrat"
201901028031.0,"Joe Biden, the Democrat"
201901028033.0,
201901028040.0,"Donald Trump, the Republican"
201901028047.0,"Joe Biden, the Democrat"
201901028062.0,"Donald Trump, the Republican"
201901028075.0,"Donald Trump, the Republican"
201901028078.0,"Joe Biden, the Democrat"
201901028085.0,"Donald Trump, the Republican"
201901028096.0,"Joe Biden, the Democrat"
201901028104.0,Refused
201901028144.0,"Donald Trump, the Republican"
201901028174.0,
201901028197.0,"Donald Trump, the Republican"
201901028219.0,"Joe Biden, the Democrat"
201901028225.0,"Donald Trump, the Republican"
201901028242.0,"Joe Biden, the Democrat"
201901028263.0,"Donald Trump, the Republican"
201901028279.0,"Joe Biden, the Democrat"
201901028280.0,"Joe Biden, the Democrat"
201901028313.0,"Joe Biden, the Democrat"
201901028316.0,"Donald Trump, the Republican"
201901028365.0,"Joe Biden, the Democrat"
201901028369.0,"Jo Jorgensen, the Libertarian Party candidate"
201901028381.0,"Joe Biden, the Democrat"
201901028420.0,"Donald Trump, the Republican"
201901028432.0,"Donald Trump, the Republican"
201901028439.0,"Joe Biden, the Democrat"
201901028466.0,"Joe Biden, the Democrat"
201901028482.0,"Joe Biden, the Democrat"
201901028509.0,"Donald Trump, the Republican"
201901028518.0,"Joe Biden, the Democrat"
201901028546.0,"Donald Trump, the Republican"
201901028573.0,"Joe Biden, the Democrat"
201901028617.0,"Joe Biden, the Democrat"
201901028636.0,"Joe Biden, the Democrat"
201901028653.0,"Joe Biden, the Democrat"
201901028681.0,"Joe Biden, the Democrat"
201901028721.0,"Joe Biden, the Democrat"
201901028725.0,"Joe Biden, the Democrat"
201901028729.0,"Joe Biden, the Democrat"
201901028747.0,
201901028752.0,"Joe Biden, the Democrat"
201901028755.0,"Joe Biden, the Democrat"
201901028778.0,
201901028801.0,"Donald Trump, the Republican"
201901028812.0,"Joe Biden, the Democrat"
201901028829.0,"Joe Biden, the Democrat"
201901028831.0,"Joe Biden, the Democrat"
201901028846.0,"Donald Trump, the Republican"
201901028858.0,"Joe Biden, the Democrat"
201901028869.0,"Joe Biden, the Democrat"
201901028912.0,"Donald Trump, the Republican"
201901028916.0,"Donald Trump, the Republican"
201901028934.0,"Joe Biden, the Democrat"
201901028938.0,"Joe Biden, the Democrat"
201901028975.0,Refused
201901028978.0,
201901028992.0,"Donald Trump, the Republican"
201901029011.0,"Donald Trump, the Republican"
201901029015.0,"Joe Biden, the Democrat"
201901029021.0,"Donald Trump, the Republican"
201901029025.0,"Joe Biden, the Democrat"
201901029034.0,"Donald Trump, the Republican"
201901029037.0,"Joe Biden, the Democrat"
201901029066.0,"Joe Biden, the Democrat"
201901029120.0,"Joe Biden, the Democrat"
201901029128.0,"Joe Biden, the Democrat"
201901029135.0,"Joe Biden, the Democrat"
201901029143.0,"Donald Trump, the Republican"
201901029147.0,"Joe Biden, the Democrat"
201901029154.0,"Joe Biden, the Democrat"
201901029181.0,"Joe Biden, the Democrat"
201901029189.0,"Donald Trump, the Republican"
201901029224.0,"Donald Trump, the Republican"
201901029226.0,"Donald Trump, the Republican"
201901029258.0,Refused
201901029274.0,"Joe Biden, the Democrat"
201901029283.0,
201901029306.0,"Joe Biden, the Democrat"
201901029340.0,"Joe Biden, the Democrat"
201901029376.0,"Donald Trump, the Republican"
201901029385.0,"Donald Trump, the Republican"
201901029422.0,"Joe Biden, the Democrat"
201901029426.0,
201901029559.0,"Joe Biden, the Democrat"
201901029569.0,"Joe Biden, the Democrat"
201901029652.0,"Joe Biden, the Democrat"
201901029656.0,"Joe Biden, the Democrat"
201901029676.0,"Donald Trump, the Republican"
201901029681.0,"Donald Trump, the Republican"
201901029683.0,
201901029695.0,"Joe Biden, the Democrat"
201901029697.0,"Donald Trump, the Republican"
201901029699.0,"Joe Biden, the Democrat"
201901029736.0,"Joe Biden, the Democrat"
201901029757.0,"Joe Biden, the Democrat"
201901029789.0,"Joe Biden, the Democrat"
201901029802.0,"Donald Trump, the Republican"
201901029818.0,"Donald Trump, the Republican"
201901029826.0,"Donald Trump, the Republican"
201901029828.0,"Joe Biden, the Democrat"
201901029832.0,"Donald Trump, the Republican"
201901029905.0,"Donald Trump, the Republican"
201901029912.0,"Donald Trump, the Republican"
201901029952.0,"Jo Jorgensen, the Libertarian Party candidate"
201901029975.0,"Joe Biden, the Democrat"
201901029980.0,"Donald Trump, the Republican"
201901029984.0,"Joe Biden, the Democrat"
201901029999.0,"Joe Biden, the Democrat"
201901030008.0,"Donald Trump, the Republican"
201901030013.0,"Joe Biden, the Democrat"
201901030024.0,Another candidate
201901030051.0,"Howie Hawkins, the Green Party candidate"
201901030088.0,"Joe Biden, the Democrat"
201901030150.0,"Joe Biden, the Democrat"
201901030152.0,"Donald Trump, the Republican"
201901030154.0,"Joe Biden, the Democrat"
201901030161.0,"Joe Biden, the Democrat"
201901030204.0,"Donald Trump, the Republican"
201901030230.0,"Joe Biden, the Democrat"
201901030276.0,"Donald Trump, the Republican"
201901030284.0,"Joe Biden, the Democrat"
201901030300.0,"Joe Biden, the Democrat"
201901030307.0,"Joe Biden, the Democrat"
201901030323.0,"Joe Biden, the Democrat"
201901030327.0,"Donald Trump, the Republican"
201901030358.0,
201901030367.0,"Joe Biden, the Democrat"
201901030376.0,"Donald Trump, the Republican"
201901030431.0,"Donald Trump, the Republican"
201901030435.0,"Joe Biden, the Democrat"
201901030456.0,"Joe Biden, the Democrat"
201901030503.0,"Joe Biden, the Democrat"
201901030524.0,"Donald Trump, the Republican"
201901030526.0,"Joe Biden, the Democrat"
201901030554.0,"Donald Trump, the Republican"
201901030560.0,"Joe Biden, the Democrat"
201901030567.0,"Joe Biden, the Democrat"
201901030578.0,"Donald Trump, the Republican"
201901030587.0,"Joe Biden, the Democrat"
201901030618.0,"Donald Trump, the Republican"
201901030661.0,"Joe Biden, the Democrat"
201901030665.0,Another candidate
201901030679.0,"Joe Biden, the Democrat"
201901030709.0,"Joe Biden, the Democrat"
201901030720.0,"Joe Biden, the Democrat"
201901030746.0,"Donald Trump, the Republican"
201901030805.0,"Donald Trump, the Republican"
201901030807.0,"Donald Trump, the Republican"
201901030808.0,"Joe Biden, the Democrat"
201901030812.0,"Donald Trump, the Republican"
201901030815.0,"Joe Biden, the Democrat"
201901030851.0,"Joe Biden, the Democrat"
201901030861.0,"Joe Biden, the Democrat"
201901030863.0,
201901030866.0,"Donald Trump, the Republican"
201901030882.0,
201901030885.0,"Donald Trump, the Republican"
201901030923.0,"Joe Biden, the Democrat"
201901030984.0,"Joe Biden, the Democrat"
201901031008.0,"Donald Trump, the Republican"
201901031032.0,"Joe Biden, the Democrat"
201901031040.0,"Joe Biden, the Democrat"
201901031063.0,"Donald Trump, the Republican"
201901031064.0,"Joe Biden, the Democrat"
201901031121.0,Refused
201901031202.0,"Joe Biden, the Democrat"
201901031208.0,"Donald Trump, the Republican"
201901031212.0,"Joe Biden, the Democrat"
201901031256.0,"Donald Trump, the Republican"
201901031267.0,"Donald Trump, the Republican"
201901031287.0,"Joe Biden, the Democrat"
201901031311.0,"Joe Biden, the Democrat"
201901031344.0,"Joe Biden, the Democrat"
201901031373.0,"Joe Biden, the Democrat"
201901031377.0,"Joe Biden, the Democrat"
201901031405.0,"Joe Biden, the Democrat"
201901031462.0,"Joe Biden, the Democrat"
201901031465.0,"Donald Trump, the Republican"
201901031482.0,"Donald Trump, the Republican"
201901031513.0,"Donald Trump, the Republican"
201901031553.0,"Joe Biden, the Democrat"
201901031577.0,"Joe Biden, the Democrat"
201901031595.0,"Joe Biden, the Democrat"
201901031634.0,"Joe Biden, the Democrat"
201901031659.0,"Donald Trump, the Republican"
201901031661.0,"Joe Biden, the Democrat"
201901031667.0,
201901031708.0,Refused
201901031743.0,"Joe Biden, the Democrat"
201901031758.0,"Donald Trump, the Republican"
201901031763.0,"Joe Biden, the Democrat"
201901031771.0,"Donald Trump, the Republican"
201901031774.0,"Donald Trump, the Republican"
201901031804.0,"Joe Biden, the Democrat"
201901031876.0,"Joe Biden, the Democrat"
201901031921.0,"Donald Trump, the Republican"
201901031970.0,
201901032142.0,"Joe Biden, the Democrat"
201901032301.0,"Donald Trump, the Republican"
201901032340.0,"Donald Trump, the Republican"
201901032355.0,"Joe Biden, the Democrat"
201901032464.0,"Joe Biden, the Democrat"
201901032518.0,
201901032598.0,
201901032626.0,
201901032683.0,"Howie Hawkins, the Green Party candidate"
201901032712.0,"Donald Trump, the Republican"
201901032756.0,
201901032794.0,
201901032821.0,"Joe Biden, the Democrat"
201901032986.0,"Joe Biden, the Democrat"
201901033067.0,
201901033119.0,
201901033269.0,"Joe Biden, the Democrat"
201901033313.0,"Donald Trump, the Republican"
201901033489.0,"Joe Biden, the Democrat"
201901033804.0,
201901033981.0,"Joe Biden, the Democrat"
201901033982.0,
201901034187.0,
201901034428.0,"Joe Biden, the Democrat"
201901034533.0,
201901034658.0,
201901034683.0,
201901034833.0,
201901034881.0,"Joe Biden, the Democrat"
201901035187.0,"Donald Trump, the Republican"
201901035265.0,
201901035302.0,
201901035395.0,
201901035475.0,"Joe Biden, the Democrat"
201901035499.0,
201901035767.0,Another candidate
201901035842.0,"Donald Trump, the Republican"
201901036059.0,"Joe Biden, the Democrat"
201901036076.0,"Joe Biden, the Democrat"
201901036181.0,
201901036279.0,
201901036312.0,"Joe Biden, the Democrat"
201901036379.0,
201901036461.0,"Donald Trump, the Republican"
201901036471.0,"Donald Trump, the Republican"
201901036548.0,"Donald Trump, the Republican"
201901036647.0,
201901036656.0,"Joe Biden, the Democrat"
201901036659.0,"Donald Trump, the Republican"
201901036765.0,"Joe Biden, the Democrat"
201901036809.0,
201901036814.0,
201901036881.0,
201901037156.0,"Joe Biden, the Democrat"
201901037170.0,"Joe Biden, the Democrat"
201901037214.0,
201901037255.0,
201901037258.0,"Joe Biden, the Democrat"
201901037405.0,
201901037448.0,Refused
201901037513.0,
201901037580.0,
201901037593.0,"Donald Trump, the Republican"
201901037601.0,"Joe Biden, the Democrat"
201901037689.0,
201901037764.0,"Donald Trump, the Republican"
201901037789.0,
201901037820.0,
201901037835.0,"Donald Trump, the Republican"
201901037940.0,
201901038016.0,"Joe Biden, the Democrat"
201901038029.0,
201901038041.0,"Joe Biden, the Democrat"
201901038081.0,"Joe Biden, the Democrat"
201901038284.0,"Joe Biden, the Democrat"
201901038354.0,
201901038370.0,"Joe Biden, the Democrat"
201901038458.0,"Donald Trump, the Republican"
201901038463.0,"Joe Biden, the Democrat"
201901038568.0,
201901038724.0,"Joe Biden, the Democrat"
201901038823.0,"Donald Trump, the Republican"
201901038830.0,"Donald Trump, the Republican"
201901038880.0,
201901038938.0,"Joe Biden, the Democrat"
201901039026.0,
201901039222.0,"Donald Trump, the Republican"
201901039253.0,
201901039319.0,
201901039333.0,
201901039387.0,
201901039426.0,"Joe Biden, the Democrat"
201901039579.0,
201901039707.0,"Joe Biden, the Democrat"
201901039731.0,"Joe Biden, the Democrat"
201901039764.0,"Joe Biden, the Democrat"
201901039835.0,"Joe Biden, the Democrat"
201901039870.0,
201901039943.0,"Joe Biden, the Democrat"
201901040108.0,
201901040204.0,"Joe Biden, the Democrat"
201901040233.0,"Joe Biden, the Democrat"
201901040305.0,"Joe Biden, the Democrat"
201901040458.0,"Joe Biden, the Democrat"
201901040606.0,"Joe Biden, the Democrat"
201901040652.0,"Joe Biden, the Democrat"
201901040705.0,"Donald Trump, the Republican"
201901040732.0,"Donald Trump, the Republican"
201901040911.0,"Donald Trump, the Republican"
201901041025.0,"Joe Biden, the Democrat"
201901041028.0,"Joe Biden, the Democrat"
201901041085.0,"Joe Biden, the Democrat"
201901041106.0,"Joe Biden, the Democrat"
201901041142.0,"Joe Biden, the Democrat"
201901041188.0,"Donald Trump, the Republican"
201901041322.0,"Joe Biden, the Democrat"
201901041356.0,"Joe Biden, the Democrat"
201901041472.0,"Joe Biden, the Democrat"
201901041542.0,"Joe Biden, the Democrat"
201901041630.0,
201901041675.0,"Joe Biden, the Democrat"
201901041682.0,"Joe Biden, the Democrat"
201901041704.0,"Joe Biden, the Democrat"
201901041842.0,
201901041882.0,"Joe Biden, the Democrat"
201901041890.0,"Donald Trump, the Republican"
201901041909.0,"Joe Biden, the Democrat"
201901041958.0,"Donald Trump, the Republican"
201901041969.0,
201901042283.0,
201901042297.0,"Joe Biden, the Democrat"
201901042334.0,"Joe Biden, the Democrat"
201901042456.0,"Joe Biden, the Democrat"
201901042474.0,
201901042541.0,
201901042585.0,
201901042590.0,"Joe Biden, the Democrat"
201901042651.0,"Joe Biden, the Democrat"
201901042888.0,"Jo Jorgensen, the Libertarian Party candidate"
201901043047.0,"Donald Trump, the Republican"
201901043194.0,
201901043326.0,
201901043339.0,"Donald Trump, the Republican"
201901043389.0,"Joe Biden, the Democrat"
201901043440.0,
201901043500.0,"Joe Biden, the Democrat"
201901043552.0,"Joe Biden, the Democrat"
201901043570.0,"Joe Biden, the Democrat"
201901043600.0,"Donald Trump, the Republican"
201901043799.0,"Donald Trump, the Republican"
201901043803.0,"Donald Trump, the Republican"
201901043862.0,
201901043880.0,
201901043955.0,"Joe Biden, the Democrat"
201901044092.0,
201901044166.0,
201901044186.0,
201901044206.0,"Donald Trump, the Republican"
201901044309.0,"Donald Trump, the Republican"
201901044471.0,"Donald Trump, the Republican"
201901044503.0,
201901044539.0,
201901044614.0,"Donald Trump, the Republican"
201901044635.0,"Donald Trump, the Republican"
201901044649.0,
201901044729.0,"Joe Biden, the Democrat"
201901044755.0,"Joe Biden, the Democrat"
201901044861.0,"Joe Biden, the Democrat"
201901044934.0,"Joe Biden, the Democrat"
201901045050.0,
201901045217.0,"Donald Trump, the Republican"
201901045218.0,"Donald Trump, the Republican"
201901045283.0,
201901045327.0,
201901045357.0,"Joe Biden, the Democrat"
201901045412.0,
201901045472.0,"Joe Biden, the Democrat"
201901045529.0,"Joe Biden, the Democrat"
201901045560.0,
201901045589.0,
201901045608.0,"Joe Biden, the Democrat"
201901045623.0,
201901045646.0,"Joe Biden, the Democrat"
201901045784.0,"Joe Biden, the Democrat"
201901045787.0,"Joe Biden, the Democrat"
201901045831.0,"Donald Trump, the Republican"
201901046055.0,"Joe Biden, the Democrat"
201901046073.0,"Donald Trump, the Republican"
201901046197.0,"Donald Trump, the Republican"
201901046281.0,"Joe Biden, the Democrat"
201901046293.0,"Donald Trump, the Republican"
201901046374.0,"Joe Biden, the Democrat"
201901046592.0,"Joe Biden, the Democrat"
201901046600.0,
201901046722.0,"Joe Biden, the Democrat"
201901046953.0,"Donald Trump, the Republican"
201901046972.0,"Joe Biden, the Democrat"
201901046976.0,
201901046984.0,"Donald Trump, the Republican"
201901047020.0,"Joe Biden, the Democrat"
201901047049.0,"Donald Trump, the Republican"
201901047206.0,
201901047242.0,
201901047313.0,
201901047315.0,"Donald Trump, the Republican"
201901047347.0,"Joe Biden, the Democrat"
201901047357.0,"Joe Biden, the Democrat"
201901047402.0,"Joe Biden, the Democrat"
201901047410.0,
201901047426.0,"Donald Trump, the Republican"
201901047471.0,"Joe Biden, the Democrat"
201901047515.0,"Joe Biden, the Democrat"
201901047548.0,
201901047576.0,"Joe Biden, the Democrat"
201901047870.0,"Joe Biden, the Democrat"
201901047919.0,"Joe Biden, the Democrat"
201901047965.0,
201901047989.0,"Joe Biden, the Democrat"
201901048166.0,
201901048285.0,
201901048364.0,"Joe Biden, the Democrat"
201901048610.0,"Joe Biden, the Democrat"
201901048759.0,"Joe Biden, the Democrat"
201901048814.0,"Donald Trump, the Republican"
201901049062.0,"Joe Biden, the Democrat"
201901049128.0,
201901049187.0,"Donald Trump, the Republican"
201901049246.0,"Joe Biden, the Democrat"
201901049382.0,"Joe Biden, the Democrat"
201901049400.0,
201901049410.0,"Donald Trump, the Republican"
201901049425.0,"Joe Biden, the Democrat"
201901049430.0,"Joe Biden, the Democrat"
201901049460.0,"Donald Trump, the Republican"
201901049492.0,
201901049746.0,"Donald Trump, the Republican"
201901049801.0,"Donald Trump, the Republican"
201901049846.0,
201901049869.0,"Joe Biden, the Democrat"
201901049958.0,
201901050020.0,
201901050135.0,"Joe Biden, the Democrat"
201901050162.0,
201901050176.0,"Howie Hawkins, the Green Party candidate"
201901050254.0,"Joe Biden, the Democrat"
201901050275.0,
201901050339.0,
201901050351.0,"Donald Trump, the Republican"
201901050412.0,"Donald Trump, the Republican"
201901050425.0,
201901050441.0,"Donald Trump, the Republican"
201901050467.0,"Joe Biden, the Democrat"
201901050779.0,"Joe Biden, the Democrat"
201901050857.0,"Donald Trump, the Republican"
201901050935.0,"Donald Trump, the Republican"
201901050943.0,
201901050954.0,
201901051054.0,"Joe Biden, the Democrat"
201901051194.0,Refused
201901051229.0,
201901051279.0,"Joe Biden, the Democrat"
201901051338.0,
201901051357.0,"Joe Biden, the Democrat"
201901051481.0,"Joe Biden, the Democrat"
201901051512.0,"Donald Trump, the Republican"
201901051575.0,"Joe Biden, the Democrat"
201901051584.0,"Donald Trump, the Republican"
201901051595.0,"Joe Biden, the Democrat"
201901051604.0,
201901051663.0,"Joe Biden, the Democrat"
201901051768.0,
201901051863.0,"Joe Biden, the Democrat"
201901051910.0,"Joe Biden, the Democrat"
201901051939.0,"Donald Trump, the Republican"
201901051977.0,"Joe Biden, the Democrat"
201901052016.0,"Joe Biden, the Democrat"
201901052062.0,
201901052115.0,"Donald Trump, the Republican"
201901052120.0,"Donald Trump, the Republican"
201901052124.0,"Joe Biden, the Democrat"
201901052125.0,"Joe Biden, the Democrat"
201901052238.0,"Joe Biden, the Democrat"
201901052341.0,"Joe Biden, the Democrat"
201901052378.0,"Joe Biden, the Democrat"
201901052592.0,"Joe Biden, the Democrat"
201901052650.0,"Joe Biden, the Democrat"
201901052850.0,"Joe Biden, the Democrat"
201901052949.0,"Joe Biden, the Democrat"
201901053076.0,"Donald Trump, the Republican"
201901053080.0,"Joe Biden, the Democrat"
201901053136.0,"Joe Biden, the Democrat"
201901053254.0,"Joe Biden, the Democrat"
201901053314.0,"Donald Trump, the Republican"
201901053317.0,"Donald Trump, the Republican"
201901053370.0,
201901053383.0,"Donald Trump, the Republican"
201901053483.0,
201901053548.0,"Joe Biden, the Democrat"
201901053619.0,
201901053625.0,"Joe Biden, the Democrat"
201901053990.0,
201901054013.0,"Joe Biden, the Democrat"
201901054067.0,"Donald Trump, the Republican"
201901054071.0,
201901054403.0,"Joe Biden, the Democrat"
201901054444.0,
201901054463.0,"Joe Biden, the Democrat"
201901054477.0,
201901054496.0,"Joe Biden, the Democrat"
201901054617.0,"Joe Biden, the Democrat"
201901054699.0,
201901054726.0,"Joe Biden, the Democrat"
201901054806.0,
201901054865.0,"Joe Biden, the Democrat"
201901054967.0,
201901055010.0,"Joe Biden, the Democrat"
201901055109.0,"Joe Biden, the Democrat"
201901055206.0,"Joe Biden, the Democrat"
201901055207.0,
201901055227.0,"Joe Biden, the Democrat"
201901055245.0,
201901055248.0,"Donald Trump, the Republican"
201901055261.0,"Donald Trump, the Republican"
201901055272.0,"Joe Biden, the Democrat"
201901055278.0,"Donald Trump, the Republican"
201901055520.0,
201901055546.0,"Joe Biden, the Democrat"
201901055555.0,"Joe Biden, the Democrat"
201901055590.0,"Donald Trump, the Republican"
201901055650.0,"Joe Biden, the Democrat"
201901055806.0,
201901056001.0,"Jo Jorgensen, the Libertarian Party candidate"
201901056228.0,"Joe Biden, the Democrat"
201901056396.0,"Joe Biden, the Democrat"
201901056464.0,"Joe Biden, the Democrat"
201901056504.0,
201901056547.0,"Joe Biden, the Democrat"
201901056548.0,"Joe Biden, the Democrat"
201901056592.0,
201901056638.0,"Joe Biden, the Democrat"
201901056643.0,"Donald Trump, the Republican"
201901056705.0,
201901056742.0,"Donald Trump, the Republican"
201901056753.0,"Joe Biden, the Democrat"
201901056872.0,"Joe Biden, the Democrat"
201901056933.0,"Joe Biden, the Democrat"
201901056944.0,
201901056964.0,
201901056993.0,"Howie Hawkins, the Green Party candidate"
201901057008.0,"Joe Biden, the Democrat"
201901057108.0,
201901057209.0,
201901057219.0,
201901057262.0,
201901057281.0,"Donald Trump, the Republican"
201901057344.0,
201901057353.0,"Joe Biden, the Democrat"
201901057400.0,
201901057439.0,
201901057448.0,"Jo Jorgensen, the Libertarian Party candidate"
201901057488.0,
201901057528.0,"Joe Biden, the Democrat"
201901057633.0,
201901057728.0,"Joe Biden, the Democrat"
201901058107.0,"Joe Biden, the Democrat"
201901058127.0,"Joe Biden, the Democrat"
201901058158.0,"Joe Biden, the Democrat"
201901058261.0,"Donald Trump, the Republican"
201901058298.0,"Joe Biden, the Democrat"
201901058348.0,
201901058375.0,"Donald Trump, the Republican"
201901058387.0,"Donald Trump, the Republican"
201901058554.0,
201901058672.0,"Joe Biden, the Democrat"
201901058827.0,
201901059006.0,
201901059014.0,"Donald Trump, the Republican"
201901059067.0,
201901059189.0,
201901059230.0,
201901059250.0,"Joe Biden, the Democrat"
201901059388.0,"Joe Biden, the Democrat"
201901059462.0,"Joe Biden, the Democrat"
201901059523.0,"Joe Biden, the Democrat"
201901059558.0,"Donald Trump, the Republican"
201901059624.0,"Joe Biden, the Democrat"
201901059652.0,"Joe Biden, the Democrat"
201901059654.0,"Joe Biden, the Democrat"
201901059731.0,
201901059763.0,"Donald Trump, the Republican"
201901059814.0,"Joe Biden, the Democrat"
201901059848.0,
201901059849.0,
201901059993.0,
201901060021.0,
201901060056.0,"Joe Biden, the Democrat"
201901060065.0,
201901060067.0,"Joe Biden, the Democrat"
201901060093.0,
201901060125.0,"Joe Biden, the Democrat"
201901060152.0,
201901060199.0,"Joe Biden, the Democrat"
201901060238.0,
201901060277.0,
201901060587.0,
201901060660.0,
201901060741.0,"Donald Trump, the Republican"
201901060815.0,"Donald Trump, the Republican"
201901060818.0,Refused
201901060871.0,"Donald Trump, the Republican"
201901060927.0,"Joe Biden, the Democrat"
201901060942.0,
201901061058.0,
201901061066.0,
201901061137.0,"Joe Biden, the Democrat"
201901061151.0,
201901061370.0,"Joe Biden, the Democrat"
201901061445.0,
201901061477.0,"Joe Biden, the Democrat"
201901061849.0,"Donald Trump, the Republican"
201901061929.0,"Howie Hawkins, the Green Party candidate"
201901061943.0,"Joe Biden, the Democrat"
201901062032.0,
201901062086.0,
201901062127.0,
201901062163.0,"Joe Biden, the Democrat"
201901062221.0,"Donald Trump, the Republican"
201901062237.0,
201901062359.0,
201901062431.0,
201901062516.0,"Donald Trump, the Republican"
201901062554.0,"Donald Trump, the Republican"
201901062637.0,
201901062639.0,"Donald Trump, the Republican"
201901062784.0,"Joe Biden, the Democrat"
201901062785.0,"Donald Trump, the Republican"
201901062927.0,"Joe Biden, the Democrat"
201901063121.0,
201901063156.0,"Donald Trump, the Republican"
201901063447.0,"Donald Trump, the Republican"
201901063539.0,"Joe Biden, the Democrat"
201901063670.0,"Donald Trump, the Republican"
201901063674.0,"Donald Trump, the Republican"
201901063734.0,"Joe Biden, the Democrat"
201901063916.0,"Donald Trump, the Republican"
201901063937.0,"Donald Trump, the Republican"
201901064362.0,
201901064384.0,
201901064524.0,"Joe Biden, the Democrat"
201901064588.0,"Donald Trump, the Republican"
201901064636.0,"Donald Trump, the Republican"
201901064788.0,
201901064791.0,"Donald Trump, the Republican"
201901064864.0,
201901064884.0,
201901064914.0,
201901064947.0,
201901065041.0,Refused
201901065093.0,
201901065100.0,"Joe Biden, the Democrat"
201901065260.0,"Joe Biden, the Democrat"
201901065514.0,"Howie Hawkins, the Green Party candidate"
201901065608.0,"Joe Biden, the Democrat"
201901065778.0,Refused
201901066032.0,"Joe Biden, the Democrat"
201901066121.0,"Donald Trump, the Republican"
201901066154.0,"Donald Trump, the Republican"
201901066163.0,"Donald Trump, the Republican"
201901066272.0,"Joe Biden, the Democrat"
201901066323.0,"Joe Biden, the Democrat"
201901066366.0,"Joe Biden, the Democrat"
201901066395.0,"Joe Biden, the Democrat"
201901066517.0,
201901066562.0,Refused
201901066628.0,"Joe Biden, the Democrat"
201901066708.0,"Joe Biden, the Democrat"
201901066950.0,
201901066969.0,
201901067135.0,
201901067164.0,"Joe Biden, the Democrat"
201901067209.0,
201901067257.0,"Donald Trump, the Republican"
201901067310.0,"Donald Trump, the Republican"
201901067319.0,
201901067440.0,"Donald Trump, the Republican"
201901067493.0,
201901067718.0,"Joe Biden, the Democrat"
201901067732.0,"Joe Biden, the Democrat"
201901067808.0,
201901067878.0,
201901067888.0,"Donald Trump, the Republican"
201901067935.0,"Joe Biden, the Democrat"
201901067981.0,
201901068003.0,"Joe Biden, the Democrat"
201901068010.0,"Joe Biden, the Democrat"
201901068039.0,
201901068092.0,"Donald Trump, the Republican"
201901068108.0,"Joe Biden, the Democrat"
201901068203.0,"Joe Biden, the Democrat"
201901068237.0,
201901068242.0,"Joe Biden, the Democrat"
201901068274.0,
201901068319.0,
201901068325.0,"Jo Jorgensen, the Libertarian Party candidate"
201901068360.0,"Joe Biden, the Democrat"
201901068368.0,
201901068370.0,"Joe Biden, the Democrat"
201901068501.0,"Donald Trump, the Republican"
201901068526.0,
201901068653.0,"Joe Biden, the Democrat"
201901068678.0,"Joe Biden, the Democrat"
201901068691.0,
201901068764.0,
201901068852.0,
201901068904.0,"Donald Trump, the Republican"
201901068943.0,"Donald Trump, the Republican"
201901068971.0,
201901069057.0,"Joe Biden, the Democrat"
201901069084.0,"Joe Biden, the Democrat"
201901069143.0,"Joe Biden, the Democrat"
201901069163.0,"Donald Trump, the Republican"
201901069171.0,"Joe Biden, the Democrat"
201901069200.0,
201901069231.0,
201901069368.0,
201901069375.0,"Donald Trump, the Republican"
201901069475.0,
201901069485.0,"Joe Biden, the Democrat"
201901069498.0,
201901069759.0,"Joe Biden, the Democrat"
201901069810.0,"Donald Trump, the Republican"
201901069811.0,"Joe Biden, the Democrat"
201901069815.0,"Donald Trump, the Republican"
201901069849.0,"Donald Trump, the Republican"
201901069851.0,Refused
201901070107.0,
201901070219.0,"Joe Biden, the Democrat"
201901070238.0,"Joe Biden, the Democrat"
201901070483.0,"Joe Biden, the Democrat"
201901070501.0,"Joe Biden, the Democrat"
201901070530.0,
201901070641.0,"Joe Biden, the Democrat"
201901070648.0,"Joe Biden, the Democrat"
201901070721.0,
201901070770.0,
201901070798.0,
201901070883.0,
201901070899.0,
201901070904.0,
201901070905.0,"Joe Biden, the Democrat"
201901071046.0,"Donald Trump, the Republican"
201901071057.0,"Donald Trump, the Republican"
201901071132.0,"Joe Biden, the Democrat"
201901071289.0,"Joe Biden, the Democrat"
201901071319.0,"Donald Trump, the Republican"
201901071459.0,"Donald Trump, the Republican"
201901071564.0,
201901071685.0,"Donald Trump, the Republican"
201901071729.0,
201901071752.0,"Joe Biden, the Democrat"
201901071800.0,"Joe Biden, the Democrat"
201901071803.0,
201901071821.0,
201901071831.0,
201901071841.0,
201901071870.0,"Joe Biden, the Democrat"
201901071930.0,
201901071935.0,"Donald Trump, the Republican"
201901072006.0,
201901072019.0,"Donald Trump, the Republican"
201901072060.0,"Donald Trump, the Republican"
201901072230.0,
201901072293.0,"Joe Biden, the Democrat"
201901072357.0,
201901072450.0,"Joe Biden, the Democrat"
201901072465.0,"Joe Biden, the Democrat"
201901072738.0,"Joe Biden, the Democrat"
201901072795.0,
201901072867.0,
201901073016.0,"Joe Biden, the Democrat"
201901073020.0,"Donald Trump, the Republican"
201901073049.0,"Donald Trump, the Republican"
201901073122.0,
201901073174.0,
201901073181.0,
201901073210.0,"Joe Biden, the Democrat"
201901073243.0,"Donald Trump, the Republican"
201901073263.0,
201901073276.0,"Joe Biden, the Democrat"
201901073341.0,
201901073363.0,
201901073448.0,
201901073487.0,"Joe Biden, the Democrat"
201901073638.0,"Joe Biden, the Democrat"
201901073684.0,
201901073715.0,"Donald Trump, the Republican"
201901073716.0,
201901073910.0,
201901074112.0,
201901074147.0,
201901074167.0,
201901074251.0,
201901074392.0,"Joe Biden, the Democrat"
201901074419.0,"Donald Trump, the Republican"
201901074528.0,"Donald Trump, the Republican"
201901074616.0,"Joe Biden, the Democrat"
201901074664.0,Refused
201901074681.0,"Joe Biden, the Democrat"
201901074801.0,"Joe Biden, the Democrat"
201901074823.0,
201901074990.0,"Donald Trump, the Republican"
201901075042.0,
201901075049.0,"Joe Biden, the Democrat"
201901075057.0,"Joe Biden, the Democrat"
201901075065.0,"Joe Biden, the Democrat"
201901075169.0,
201901075211.0,"Joe Biden, the Democrat"
201901075271.0,"Joe Biden, the Democrat"
201901075291.0,"Joe Biden, the Democrat"
201901075298.0,
201901075443.0,"Joe Biden, the Democrat"
201901075461.0,
201901075505.0,"Joe Biden, the Democrat"
201901075536.0,"Joe Biden, the Democrat"
201901075576.0,"Joe Biden, the Democrat"
201901075592.0,
201901075603.0,
201901075686.0,"Joe Biden, the Democrat"
201901075695.0,"Howie Hawkins, the Green Party candidate"
201901075917.0,
201901076020.0,
201901076034.0,
201901076068.0,"Joe Biden, the Democrat"
201901076283.0,"Joe Biden, the Democrat"
201901076367.0,"Donald Trump, the Republican"
201901076544.0,"Joe Biden, the Democrat"
201901076642.0,
201901076730.0,
201901076818.0,"Joe Biden, the Democrat"
201901076981.0,"Donald Trump, the Republican"
201901076999.0,Refused
201901077019.0,"Joe Biden, the Democrat"
201901077204.0,
201901077442.0,
201901077490.0,"Joe Biden, the Democrat"
201901077606.0,"Joe Biden, the Democrat"
201901078102.0,
201901078139.0,
201901078166.0,"Donald Trump, the Republican"
201901078175.0,"Donald Trump, the Republican"
201901078240.0,
201901078368.0,"Joe Biden, the Democrat"
201901078422.0,"Joe Biden, the Democrat"
201901078576.0,"Donald Trump, the Republican"
201901078637.0,
201901078681.0,"Donald Trump, the Republican"
201901078826.0,"Donald Trump, the Republican"
201901078829.0,"Joe Biden, the Democrat"
201901079030.0,"Joe Biden, the Democrat"
201901079089.0,"Joe Biden, the Democrat"
201901079183.0,"Joe Biden, the Democrat"
201901079243.0,"Joe Biden, the Democrat"
201901079328.0,"Joe Biden, the Democrat"
201901079363.0,"Joe Biden, the Democrat"
201901079622.0,"Donald Trump, the Republican"
201901079912.0,"Donald Trump, the Republican"
201901080297.0,
201901080402.0,"Joe Biden, the Democrat"
201901080661.0,"Joe Biden, the Democrat"
201901080694.0,"Donald Trump, the Republican"
201901081008.0,
201901081059.0,"Joe Biden, the Democrat"
201901081084.0,"Donald Trump, the Republican"
201901081157.0,
201901081648.0,"Donald Trump, the Republican"
202001000028.0,"Joe Biden, the Democrat"
202001000060.0,"Donald Trump, the Republican"
202001000064.0,"Donald Trump, the Republican"
202001000087.0,"Donald Trump, the Republican"
202001000099.0,"Donald Trump, the Republican"
202001000106.0,"Joe Biden, the Democrat"
202001000129.0,"Donald Trump, the Republican"
202001000194.0,"Joe Biden, the Democrat"
202001000203.0,"Joe Biden, the Democrat"
202001000255.0,"Joe Biden, the Democrat"
202001000276.0,"Donald Trump, the Republican"
202001000281.0,"Joe Biden, the Democrat"
202001000288.0,"Joe Biden, the Democrat"
202001000289.0,"Joe Biden, the Democrat"
202001000339.0,"Joe Biden, the Democrat"
202001000343.0,
202001000348.0,"Donald Trump, the Republican"
202001000389.0,"Joe Biden, the Democrat"
202001000416.0,"Joe Biden, the Democrat"
202001000417.0,"Joe Biden, the Democrat"
202001000421.0,"Joe Biden, the Democrat"
202001000429.0,"Joe Biden, the Democrat"
202001000445.0,"Joe Biden, the Democrat"
202001000450.0,"Joe Biden, the Democrat"
202001000469.0,"Joe Biden, the Democrat"
202001000481.0,"Donald Trump, the Republican"
202001000508.0,"Joe Biden, the Democrat"
202001000525.0,"Donald Trump, the Republican"
202001000543.0,"Joe Biden, the Democrat"
202001000554.0,"Joe Biden, the Democrat"
202001000693.0,"Donald Trump, the Republican"
202001000718.0,"Joe Biden, the Democrat"
202001000722.0,"Joe Biden, the Democrat"
202001000742.0,"Joe Biden, the Democrat"
202001000811.0,
202001000817.0,
202001000848.0,"Joe Biden, the Democrat"
202001000879.0,"Donald Trump, the Republican"
202001000882.0,"Donald Trump, the Republican"
202001000890.0,"Donald Trump, the Republican"
202001000927.0,"Joe Biden, the Democrat"
202001000929.0,"Donald Trump, the Republican"
202001001005.0,"Joe Biden, the Democrat"
202001001016.0,"Joe Biden, the Democrat"
202001001020.0,"Joe Biden, the Democrat"
202001001063.0,
202001001066.0,"Joe Biden, the Democrat"
202001001067.0,"Donald Trump, the Republican"
202001001080.0,"Joe Biden, the Democrat"
202001001112.0,"Joe Biden, the Democrat"
202001001146.0,"Joe Biden, the Democrat"
202001001153.0,"Joe Biden, the Democrat"
202001001170.0,"Joe Biden, the Democrat"
202001001209.0,"Joe Biden, the Democrat"
202001001243.0,"Jo Jorgensen, the Libertarian Party candidate"
202001001259.0,"Joe Biden, the Democrat"
202001001273.0,"Joe Biden, the Democrat"
202001001276.0,"Joe Biden, the Democrat"
202001001282.0,"Joe Biden, the Democrat"
202001001304.0,"Joe Biden, the Democrat"
202001001308.0,
202001001332.0,"Joe Biden, the Democrat"
202001001334.0,
202001001367.0,"Joe Biden, the Democrat"
202001001371.0,"Joe Biden, the Democrat"
202001001391.0,"Donald Trump, the Republican"
202001001393.0,"Joe Biden, the Democrat"
202001001417.0,"Joe Biden, the Democrat"
202001001424.0,"Joe Biden, the Democrat"
202001001427.0,"Joe Biden, the Democrat"
202001001429.0,"Donald Trump, the Republican"
202001001458.0,"Donald Trump, the Republican"
202001001474.0,"Joe Biden, the Democrat"
202001001477.0,"Jo Jorgensen, the Libertarian Party candidate"
202001001479.0,"Donald Trump, the Republican"
202001001489.0,
202001001492.0,
202001001578.0,"Joe Biden, the Democrat"
202001001599.0,"Donald Trump, the Republican"
202001001641.0,"Joe Biden, the Democrat"
202001001656.0,"Joe Biden, the Democrat"
202001001661.0,
202001001676.0,"Joe Biden, the Democrat"
202001001683.0,
202001001689.0,"Joe Biden, the Democrat"
202001001709.0,
202001001720.0,"Joe Biden, the Democrat"
202001001776.0,"Donald Trump, the Republican"
202001001801.0,"Donald Trump, the Republican"
202001001805.0,"Joe Biden, the Democrat"
202001001829.0,"Donald Trump, the Republican"
202001001865.0,"Joe Biden, the Democrat"
202001001894.0,"Joe Biden, the Democrat"
202001001907.0,
202001001922.0,"Joe Biden, the Democrat"
202001001961.0,"Joe Biden, the Democrat"
202001001973.0,"Joe Biden, the Democrat"
202001002010.0,"Joe Biden, the Democrat"
202001002018.0,"Donald Trump, the Republican"
202001002024.0,
202001002055.0,
202001002076.0,"Joe Biden, the Democrat"
202001002088.0,
202001002112.0,
202001002121.0,"Joe Biden, the Democrat"
202001002133.0,"Donald Trump, the Republican"
202001002160.0,"Donald Trump, the Republican"
202001002172.0,
202001002192.0,"Joe Biden, the Democrat"
202001002199.0,"Donald Trump, the Republican"
202001002203.0,"Joe Biden, the Democrat"
202001002255.0,"Joe Biden, the Democrat"
202001002271.0,"Donald Trump, the Republican"
202001002279.0,"Joe Biden, the Democrat"
202001002280.0,"Joe Biden, the Democrat"
202001002350.0,"Joe Biden, the Democrat"
202001002355.0,
202001002399.0,"Joe Biden, the Democrat"
202001002411.0,"Joe Biden, the Democrat"
202001002458.0,"Joe Biden, the Democrat"
202001002462.0,"Donald Trump, the Republican"
202001002485.0,"Joe Biden, the Democrat"
202001002551.0,"Donald Trump, the Republican"
202001002586.0,"Joe Biden, the Democrat"
202001002592.0,"Joe Biden, the Democrat"
202001002643.0,"Donald Trump, the Republican"
202001002670.0,
202001002711.0,"Donald Trump, the Republican"
202001002712.0,"Donald Trump, the Republican"
202001002729.0,"Joe Biden, the Democrat"
202001002734.0,"Joe Biden, the Democrat"
202001002786.0,"Donald Trump, the Republican"
202001002798.0,"Joe Biden, the Democrat"
202001002838.0,"Jo Jorgensen, the Libertarian Party candidate"
202001002870.0,"Joe Biden, the Democrat"
202001002871.0,"Donald Trump, the Republican"
202001002876.0,"Donald Trump, the Republican"
202001002910.0,
202001002923.0,"Donald Trump, the Republican"
202001002953.0,"Jo Jorgensen, the Libertarian Party candidate"
202001002975.0,
202001003000.0,"Joe Biden, the Democrat"
202001003015.0,"Joe Biden, the Democrat"
202001003024.0,
202001003093.0,"Donald Trump, the Republican"
202001003105.0,"Joe Biden, the Democrat"
202001003109.0,"Joe Biden, the Democrat"
202001003117.0,"Joe Biden, the Democrat"
202001003123.0,"Joe Biden, the Democrat"
202001003172.0,"Donald Trump, the Republican"
202001003178.0,"Joe Biden, the Democrat"
202001003217.0,"Joe Biden, the Democrat"
202001003232.0,"Joe Biden, the Democrat"
202001003243.0,"Joe Biden, the Democrat"
202001003283.0,"Joe Biden, the Democrat"
202001003294.0,"Donald Trump, the Republican"
202001003326.0,
202001003371.0,"Joe Biden, the Democrat"
202001003387.0,"Joe Biden, the Democrat"
202001003398.0,"Joe Biden, the Democrat"
202001003438.0,"Joe Biden, the Democrat"
202001003441.0,"Donald Trump, the Republican"
202001003446.0,"Joe Biden, the Democrat"
202001003474.0,
202001003502.0,"Joe Biden, the Democrat"
202001003548.0,"Joe Biden, the Democrat"
202001003552.0,"Joe Biden, the Democrat"
202001003590.0,"Joe Biden, the Democrat"
202001003595.0,"Joe Biden, the Democrat"
202001003632.0,"Joe Biden, the Democrat"
202001003684.0,"Donald Trump, the Republican"
202001003718.0,"Joe Biden, the Democrat"
202001003723.0,"Joe Biden, the Democrat"
202001003730.0,"Joe Biden, the Democrat"
202001003735.0,"Donald Trump, the Republican"
202001003775.0,"Donald Trump, the Republican"
202001003820.0,"Joe Biden, the Democrat"
202001003888.0,"Joe Biden, the Democrat"
202001003891.0,"Donald Trump, the Republican"
202001003922.0,"Joe Biden, the Democrat"
202001003926.0,
202001003936.0,"Joe Biden, the Democrat"
202001003942.0,"Donald Trump, the Republican"
202001003947.0,"Joe Biden, the Democrat"
202001003985.0,
202001003990.0,"Joe Biden, the Democrat"
202001004003.0,"Joe Biden, the Democrat"
202001004011.0,"Donald Trump, the Republican"
202001004021.0,
202001004026.0,"Donald Trump, the Republican"
202001004050.0,"Joe Biden, the Democrat"
202001004060.0,"Joe Biden, the Democrat"
202001004132.0,"Joe Biden, the Democrat"
202001004159.0,"Joe Biden, the Democrat"
202001004175.0,"Joe Biden, the Democrat"
202001004217.0,"Donald Trump, the Republican"
202001004221.0,"Joe Biden, the Democrat"
202001004281.0,"Donald Trump, the Republican"
202001004297.0,"Joe Biden, the Democrat"
202001004311.0,"Joe Biden, the Democrat"
202001004330.0,"Donald Trump, the Republican"
202001004335.0,"Joe Biden, the Democrat"
202001004382.0,"Donald Trump, the Republican"
202001004383.0,"Joe Biden, the Democrat"
202001004420.0,"Joe Biden, the Democrat"
202001004429.0,"Joe Biden, the Democrat"
202001004470.0,
202001004494.0,"Joe Biden, the Democrat"
202001004540.0,"Joe Biden, the Democrat"
202001004553.0,
202001004585.0,"Joe Biden, the Democrat"
202001004628.0,"Joe Biden, the Democrat"
202001004655.0,"Donald Trump, the Republican"
202001004664.0,"Donald Trump, the Republican"
202001004674.0,"Joe Biden, the Democrat"
202001004697.0,"Donald Trump, the Republican"
202001004704.0,"Joe Biden, the Democrat"
202001004748.0,"Joe Biden, the Democrat"
202001004783.0,"Joe Biden, the Democrat"
202001004842.0,"Donald Trump, the Republican"
202001004852.0,"Donald Trump, the Republican"
202001004936.0,"Joe Biden, the Democrat"
202001004956.0,"Joe Biden, the Democrat"
202001004969.0,"Donald Trump, the Republican"
202001004977.0,"Joe Biden, the Democrat"
202001004985.0,"Joe Biden, the Democrat"
202001005016.0,"Joe Biden, the Democrat"
202001005046.0,"Joe Biden, the Democrat"
202001005058.0,"Joe Biden, the Democrat"
202001005062.0,"Joe Biden, the Democrat"
202001005066.0,
202001005076.0,
202001005104.0,"Donald Trump, the Republican"
202001005111.0,"Joe Biden, the Democrat"
202001005154.0,"Donald Trump, the Republican"
202001005224.0,"Joe Biden, the Democrat"
202001005251.0,"Donald Trump, the Republican"
202001005270.0,"Howie Hawkins, the Green Party candidate"
202001005296.0,"Joe Biden, the Democrat"
202001005303.0,"Donald Trump, the Republican"
202001005313.0,"Joe Biden, the Democrat"
202001005324.0,"Joe Biden, the Democrat"
202001005330.0,"Joe Biden, the Democrat"
202001005342.0,"Joe Biden, the Democrat"
202001005343.0,"Donald Trump, the Republican"
202001005366.0,"Joe Biden, the Democrat"
202001005395.0,"Joe Biden, the Democrat"
202001005441.0,
202001005449.0,
202001005465.0,"Joe Biden, the Democrat"
202001005469.0,"Donald Trump, the Republican"
202001005511.0,"Joe Biden, the Democrat"
202001005549.0,"Joe Biden, the Democrat"
202001005587.0,
202001005593.0,"Joe Biden, the Democrat"
202001005594.0,"Joe Biden, the Democrat"
202001005605.0,"Joe Biden, the Democrat"
202001005626.0,"Joe Biden, the Democrat"
202001005633.0,"Joe Biden, the Democrat"
202001005647.0,"Joe Biden, the Democrat"
202001005676.0,"Jo Jorgensen, the Libertarian Party candidate"
202001005730.0,"Joe Biden, the Democrat"
202001005731.0,"Donald Trump, the Republican"
202001005741.0,"Joe Biden, the Democrat"
202001005755.0,"Donald Trump, the Republican"
202001005762.0,"Joe Biden, the Democrat"
202001005770.0,"Donald Trump, the Republican"
202001005804.0,"Donald Trump, the Republican"
202001005880.0,"Joe Biden, the Democrat"
202001005882.0,"Joe Biden, the Democrat"
202001005904.0,
202001005923.0,"Joe Biden, the Democrat"
202001005947.0,"Joe Biden, the Democrat"
202001005977.0,"Joe Biden, the Democrat"
202001005989.0,"Donald Trump, the Republican"
202001006018.0,"Donald Trump, the Republican"
202001006082.0,
202001006085.0,"Donald Trump, the Republican"
202001006098.0,"Joe Biden, the Democrat"
202001006112.0,"Donald Trump, the Republican"
202001006136.0,"Joe Biden, the Democrat"
202001006140.0,"Donald Trump, the Republican"
202001006142.0,"Joe Biden, the Democrat"
202001006159.0,"Donald Trump, the Republican"
202001006251.0,"Joe Biden, the Democrat"
202001006286.0,"Donald Trump, the Republican"
202001006300.0,"Donald Trump, the Republican"
202001006366.0,
202001006385.0,"Donald Trump, the Republican"
202001006401.0,"Joe Biden, the Democrat"
202001006433.0,"Donald Trump, the Republican"
202001006454.0,"Donald Trump, the Republican"
202001006494.0,"Donald Trump, the Republican"
202001006499.0,"Joe Biden, the Democrat"
202001006535.0,"Joe Biden, the Democrat"
202001006555.0,"Donald Trump, the Republican"
202001006559.0,
202001006560.0,"Joe Biden, the Democrat"
202001006624.0,"Joe Biden, the Democrat"
202001006633.0,"Joe Biden, the Democrat"
202001006637.0,"Joe Biden, the Democrat"
202001006657.0,"Joe Biden, the Democrat"
202001006665.0,"Joe Biden, the Democrat"
202001006738.0,"Donald Trump, the Republican"
202001006740.0,"Donald Trump, the Republican"
202001006749.0,"Joe Biden, the Democrat"
202001006784.0,"Joe Biden, the Democrat"
202001006793.0,"Joe Biden, the Democrat"
202001006812.0,"Donald Trump, the Republican"
202001006818.0,
202001006840.0,"Donald Trump, the Republican"
202001006848.0,"Joe Biden, the Democrat"
202001006856.0,"Donald Trump, the Republican"
202001006867.0,"Donald Trump, the Republican"
202001006888.0,Another candidate
202001006897.0,"Joe Biden, the Democrat"
202001006903.0,"Donald Trump, the Republican"
202001006934.0,"Donald Trump, the Republican"
202001006937.0,"Donald Trump, the Republican"
202001006946.0,"Joe Biden, the Democrat"
202001006959.0,"Joe Biden, the Democrat"
202001006992.0,"Joe Biden, the Democrat"
202001006997.0,"Donald Trump, the Republican"
202001007021.0,"Donald Trump, the Republican"
202001007029.0,
202001007039.0,"Donald Trump, the Republican"
202001007050.0,"Joe Biden, the Democrat"
202001007089.0,"Joe Biden, the Democrat"
202001007098.0,"Donald Trump, the Republican"
202001007113.0,"Joe Biden, the Democrat"
202001007144.0,"Joe Biden, the Democrat"
202001007168.0,"Joe Biden, the Democrat"
202001007175.0,
202001007183.0,"Joe Biden, the Democrat"
202001007222.0,"Joe Biden, the Democrat"
202001007272.0,"Joe Biden, the Democrat"
202001007315.0,"Donald Trump, the Republican"
202001007353.0,"Donald Trump, the Republican"
202001007381.0,"Joe Biden, the Democrat"
202001007396.0,"Joe Biden, the Democrat"
202001007403.0,
202001007431.0,
202001007450.0,"Joe Biden, the Democrat"
202001007459.0,"Howie Hawkins, the Green Party candidate"
202001007468.0,"Joe Biden, the Democrat"
202001007472.0,"Donald Trump, the Republican"
202001007501.0,"Joe Biden, the Democrat"
202001007538.0,
202001007598.0,"Joe Biden, the Democrat"
202001007601.0,"Joe Biden, the Democrat"
202001007604.0,"Donald Trump, the Republican"
202001007648.0,"Joe Biden, the Democrat"
202001007665.0,"Joe Biden, the Democrat"
202001007714.0,"Joe Biden, the Democrat"
202001007715.0,"Joe Biden, the Democrat"
202001007719.0,"Joe Biden, the Democrat"
202001007734.0,"Donald Trump, the Republican"
202001007735.0,"Joe Biden, the Democrat"
202001007755.0,"Joe Biden, the Democrat"
202001007787.0,"Joe Biden, the Democrat"
202001007808.0,"Joe Biden, the Democrat"
202001007826.0,"Donald Trump, the Republican"
202001007828.0,"Joe Biden, the Democrat"
202001007833.0,"Joe Biden, the Democrat"
202001007844.0,
202001007913.0,"Donald Trump, the Republican"
202001007934.0,"Donald Trump, the Republican"
202001008005.0,"Joe Biden, the Democrat"
202001008032.0,"Donald Trump, the Republican"
202001008047.0,
202001008071.0,"Joe Biden, the Democrat"
202001008090.0,"Donald Trump, the Republican"
202001008098.0,"Joe Biden, the Democrat"
202001008100.0,"Howie Hawkins, the Green Party candidate"
202001008103.0,
202001008113.0,"Joe Biden, the Democrat"
202001008126.0,"Donald Trump, the Republican"
202001008127.0,"Joe Biden, the Democrat"
202001008151.0,"Joe Biden, the Democrat"
202001008160.0,
202001008169.0,"Joe Biden, the Democrat"
202001008185.0,"Joe Biden, the Democrat"
202001008235.0,"Joe Biden, the Democrat"
202001008239.0,"Joe Biden, the Democrat"
202001008299.0,
202001008301.0,
202001008302.0,"Joe Biden, the Democrat"
202001008339.0,
202001008343.0,"Donald Trump, the Republican"
202001008359.0,"Joe Biden, the Democrat"
202001008379.0,"Donald Trump, the Republican"
202001008397.0,"Joe Biden, the Democrat"
202001008408.0,"Donald Trump, the Republican"
202001008411.0,"Donald Trump, the Republican"
202001008414.0,"Donald Trump, the Republican"
202001008429.0,"Joe Biden, the Democrat"
202001008459.0,"Joe Biden, the Democrat"
202001008468.0,"Joe Biden, the Democrat"
202001008487.0,
202001008512.0,"Joe Biden, the Democrat"
202001008538.0,"Joe Biden, the Democrat"
202001008550.0,"Joe Biden, the Democrat"
202001008555.0,"Joe Biden, the Democrat"
202001008563.0,"Joe Biden, the Democrat"
202001008655.0,"Joe Biden, the Democrat"
202001008685.0,
202001008690.0,
202001008703.0,"Donald Trump, the Republican"
202001008723.0,"Joe Biden, the Democrat"
202001008724.0,"Joe Biden, the Democrat"
202001008748.0,"Joe Biden, the Democrat"
202001008755.0,"Joe Biden, the Democrat"
202001008756.0,"Joe Biden, the Democrat"
202001008763.0,"Joe Biden, the Democrat"
202001008800.0,"Donald Trump, the Republican"
202001008985.0,"Joe Biden, the Democrat"
202001009012.0,"Joe Biden, the Democrat"
202001009050.0,"Joe Biden, the Democrat"
202001009058.0,"Joe Biden, the Democrat"
202001009096.0,"Joe Biden, the Democrat"
202001009108.0,"Donald Trump, the Republican"
202001009147.0,"Joe Biden, the Democrat"
202001009149.0,"Donald Trump, the Republican"
202001009155.0,"Donald Trump, the Republican"
202001009161.0,"Donald Trump, the Republican"
202001009164.0,"Donald Trump, the Republican"
202001009169.0,"Joe Biden, the Democrat"
202001009174.0,"Donald Trump, the Republican"
202001009211.0,"Donald Trump, the Republican"
202001009243.0,Another candidate
202001009335.0,"Donald Trump, the Republican"
202001009359.0,"Joe Biden, the Democrat"
202001009377.0,"Donald Trump, the Republican"
202001009386.0,"Donald Trump, the Republican"
202001009419.0,"Jo Jorgensen, the Libertarian Party candidate"
202001009444.0,"Donald Trump, the Republican"
202001009455.0,"Joe Biden, the Democrat"
202001009470.0,"Joe Biden, the Democrat"
202001009474.0,"Donald Trump, the Republican"
202001009504.0,"Donald Trump, the Republican"
202001009559.0,"Joe Biden, the Democrat"
202001009560.0,"Joe Biden, the Democrat"
202001009564.0,"Joe Biden, the Democrat"
202001009566.0,"Joe Biden, the Democrat"
202001009568.0,
202001009596.0,"Donald Trump, the Republican"
202001009598.0,"Joe Biden, the Democrat"
202001009608.0,"Donald Trump, the Republican"
202001009616.0,"Donald Trump, the Republican"
202001009641.0,"Joe Biden, the Democrat"
202001009647.0,"Joe Biden, the Democrat"
202001009658.0,"Joe Biden, the Democrat"
202001009674.0,"Donald Trump, the Republican"
202001009691.0,"Joe Biden, the Democrat"
202001009692.0,"Joe Biden, the Democrat"
202001009705.0,"Joe Biden, the Democrat"
202001009738.0,"Donald Trump, the Republican"
202001009756.0,"Donald Trump, the Republican"
202001009759.0,"Joe Biden, the Democrat"
202001009781.0,"Joe Biden, the Democrat"
202001009790.0,"Donald Trump, the Republican"
202001009800.0,"Joe Biden, the Democrat"
202001009824.0,"Donald Trump, the Republican"
202001009860.0,"Donald Trump, the Republican"
202001009884.0,
202001009886.0,"Donald Trump, the Republican"
202001009896.0,"Donald Trump, the Republican"
202001009909.0,
202001009919.0,"Joe Biden, the Democrat"
202001009975.0,"Joe Biden, the Democrat"
202001009988.0,"Joe Biden, the Democrat"
202001009990.0,"Joe Biden, the Democrat"
202001009993.0,"Donald Trump, the Republican"
202001009998.0,"Joe Biden, the Democrat"
202001010033.0,
202001010044.0,"Donald Trump, the Republican"
202001010072.0,"Joe Biden, the Democrat"
202001010075.0,"Joe Biden, the Democrat"
202001010105.0,"Donald Trump, the Republican"
202001010190.0,"Donald Trump, the Republican"
202001010193.0,
202001010198.0,"Donald Trump, the Republican"
202001010217.0,"Joe Biden, the Democrat"
202001010220.0,"Joe Biden, the Democrat"
202001010231.0,
202001010270.0,"Joe Biden, the Democrat"
202001010274.0,"Donald Trump, the Republican"
202001010282.0,"Joe Biden, the Democrat"
202001010306.0,"Joe Biden, the Democrat"
202001010334.0,"Joe Biden, the Democrat"
202001010349.0,"Joe Biden, the Democrat"
202001010362.0,"Donald Trump, the Republican"
202001010451.0,"Jo Jorgensen, the Libertarian Party candidate"
202001010455.0,
202001010459.0,"Donald Trump, the Republican"
202001010522.0,"Joe Biden, the Democrat"
202001010532.0,"Joe Biden, the Democrat"
202001010539.0,"Donald Trump, the Republican"
202001010543.0,"Joe Biden, the Democrat"
202001010547.0,"Donald Trump, the Republican"
202001010569.0,"Joe Biden, the Democrat"
202001010572.0,"Joe Biden, the Democrat"
202001010580.0,"Joe Biden, the Democrat"
202001010589.0,"Joe Biden, the Democrat"
202001010603.0,"Jo Jorgensen, the Libertarian Party candidate"
202001010619.0,
202001010626.0,"Joe Biden, the Democrat"
202001010641.0,"Joe Biden, the Democrat"
202001010665.0,
202001010679.0,"Joe Biden, the Democrat"
202001010800.0,"Joe Biden, the Democrat"
202001010823.0,"Joe Biden, the Democrat"
202001010828.0,"Joe Biden, the Democrat"
202001010847.0,"Joe Biden, the Democrat"
202001010858.0,
202001010916.0,"Joe Biden, the Democrat"
202001010924.0,"Donald Trump, the Republican"
202001010978.0,"Joe Biden, the Democrat"
202001010981.0,
202001011002.0,"Joe Biden, the Democrat"
202001011097.0,"Joe Biden, the Democrat"
202001011119.0,"Joe Biden, the Democrat"
202001011132.0,"Joe Biden, the Democrat"
202001011159.0,
202001011188.0,"Joe Biden, the Democrat"
202001011191.0,"Donald Trump, the Republican"
202001011246.0,"Joe Biden, the Democrat"
202001011279.0,"Donald Trump, the Republican"
202001011286.0,"Donald Trump, the Republican"
202001011292.0,"Joe Biden, the Democrat"
202001011348.0,"Joe Biden, the Democrat"
202001011351.0,"Donald Trump, the Republican"
202001011403.0,"Joe Biden, the Democrat"
202001011474.0,
202001011563.0,"Joe Biden, the Democrat"
202001011637.0,"Joe Biden, the Democrat"
202001011665.0,"Donald Trump, the Republican"
202001011702.0,"Joe Biden, the Democrat"
202001011719.0,"Joe Biden, the Democrat"
202001011744.0,"Joe Biden, the Democrat"
202001011747.0,"Joe Biden, the Democrat"
202001011756.0,"Joe Biden, the Democrat"
202001011770.0,"Joe Biden, the Democrat"
202001011823.0,"Joe Biden, the Democrat"
202001011824.0,"Joe Biden, the Democrat"
202001011831.0,"Joe Biden, the Democrat"
202001011866.0,
202001011881.0,"Joe Biden, the Democrat"
202001011902.0,"Joe Biden, the Democrat"
202001011918.0,"Joe Biden, the Democrat"
202001011930.0,"Donald Trump, the Republican"
202001011948.0,"Joe Biden, the Democrat"
202001011951.0,"Donald Trump, the Republican"
202001011953.0,"Joe Biden, the Democrat"
202001011968.0,
202001011969.0,"Donald Trump, the Republican"
202001011978.0,"Joe Biden, the Democrat"
202001012006.0,"Donald Trump, the Republican"
202001012012.0,
202001012023.0,"Joe Biden, the Democrat"
202001012033.0,"Joe Biden, the Democrat"
202001012082.0,
202001012093.0,"Joe Biden, the Democrat"
202001012102.0,"Joe Biden, the Democrat"
202001012149.0,"Joe Biden, the Democrat"
202001012173.0,"Donald Trump, the Republican"
202001012198.0,"Donald Trump, the Republican"
202001012211.0,"Joe Biden, the Democrat"
202001012213.0,"Joe Biden, the Democrat"
202001012248.0,"Joe Biden, the Democrat"
202001012263.0,"Donald Trump, the Republican"
202001012274.0,"Joe Biden, the Democrat"
202001012361.0,
202001012380.0,"Joe Biden, the Democrat"
202001012404.0,"Joe Biden, the Democrat"
202001012428.0,"Donald Trump, the Republican"
202001012445.0,"Joe Biden, the Democrat"
202001012480.0,Refused
202001012482.0,"Joe Biden, the Democrat"
202001012503.0,"Joe Biden, the Democrat"
202001012519.0,"Joe Biden, the Democrat"
202001012523.0,"Joe Biden, the Democrat"
202001012531.0,"Donald Trump, the Republican"
202001012536.0,"Joe Biden, the Democrat"
202001012542.0,"Joe Biden, the Democrat"
202001012550.0,
202001012560.0,"Joe Biden, the Democrat"
202001012565.0,"Joe Biden, the Democrat"
202001012600.0,"Joe Biden, the Democrat"
202001012687.0,"Howie Hawkins, the Green Party candidate"
202001012694.0,"Donald Trump, the Republican"
202001012710.0,"Donald Trump, the Republican"
202001012711.0,"Donald Trump, the Republican"
202001012721.0,"Joe Biden, the Democrat"
202001012732.0,"Donald Trump, the Republican"
202001012739.0,"Donald Trump, the Republican"
202001012749.0,"Donald Trump, the Republican"
202001012769.0,"Donald Trump, the Republican"
202001012798.0,"Joe Biden, the Democrat"
202001012840.0,"Donald Trump, the Republican"
202001012868.0,"Donald Trump, the Republican"
202001012898.0,"Joe Biden, the Democrat"
202001012905.0,
202001012919.0,"Joe Biden, the Democrat"
202001012930.0,"Joe Biden, the Democrat"
202001012962.0,"Joe Biden, the Democrat"
202001012984.0,"Joe Biden, the Democrat"
202001012985.0,"Joe Biden, the Democrat"
202001012998.0,"Joe Biden, the Democrat"
202001013004.0,
202001013044.0,"Joe Biden, the Democrat"
202001013132.0,"Jo Jorgensen, the Libertarian Party candidate"
202001013151.0,"Joe Biden, the Democrat"
202001013152.0,"Donald Trump, the Republican"
202001013157.0,"Joe Biden, the Democrat"
202001013166.0,"Donald Trump, the Republican"
202001013181.0,"Joe Biden, the Democrat"
202001013183.0,"Joe Biden, the Democrat"
202001013225.0,
202001013237.0,"Donald Trump, the Republican"
202001013239.0,"Joe Biden, the Democrat"
202001013255.0,"Joe Biden, the Democrat"
202001013260.0,"Donald Trump, the Republican"
202001013352.0,"Joe Biden, the Democrat"
202001013381.0,"Donald Trump, the Republican"
202001013385.0,"Joe Biden, the Democrat"
202001013393.0,"Joe Biden, the Democrat"
202001013395.0,
202001013400.0,"Joe Biden, the Democrat"
202001013414.0,"Donald Trump, the Republican"
202001013438.0,Another candidate
202001013461.0,"Joe Biden, the Democrat"
202001013479.0,"Joe Biden, the Democrat"
202001013505.0,"Donald Trump, the Republican"
202001013511.0,"Joe Biden, the Democrat"
202001013517.0,"Donald Trump, the Republican"
202001013519.0,"Joe Biden, the Democrat"
202001013525.0,"Joe Biden, the Democrat"
202001013535.0,"Joe Biden, the Democrat"
202001013563.0,"Joe Biden, the Democrat"
202001013580.0,"Joe Biden, the Democrat"
202001013617.0,"Donald Trump, the Republican"
202001013653.0,"Joe Biden, the Democrat"
202001013674.0,"Donald Trump, the Republican"
202001013690.0,"Joe Biden, the Democrat"
202001013703.0,"Joe Biden, the Democrat"
202001013713.0,"Joe Biden, the Democrat"
202001013736.0,"Donald Trump, the Republican"
202001013741.0,"Donald Trump, the Republican"
202001013800.0,"Joe Biden, the Democrat"
202001013804.0,"Donald Trump, the Republican"
202001013808.0,"Joe Biden, the Democrat"
202001013840.0,
202001013925.0,"Joe Biden, the Democrat"
202001013935.0,"Donald Trump, the Republican"
202001013957.0,"Joe Biden, the Democrat"
202001013960.0,"Donald Trump, the Republican"
202001013983.0,"Joe Biden, the Democrat"
202001013987.0,"Joe Biden, the Democrat"
202001014004.0,"Jo Jorgensen, the Libertarian Party candidate"
202001014065.0,"Donald Trump, the Republican"
202001014094.0,Refused
202001014115.0,"Donald Trump, the Republican"
202001014147.0,"Joe Biden, the Democrat"
202001014174.0,"Donald Trump, the Republican"
202001014217.0,"Joe Biden, the Democrat"
202001014246.0,"Joe Biden, the Democrat"
202001014274.0,"Joe Biden, the Democrat"
202001014278.0,"Joe Biden, the Democrat"
202001014304.0,"Joe Biden, the Democrat"
202001014335.0,
202001014346.0,"Joe Biden, the Democrat"
202001014355.0,"Joe Biden, the Democrat"
202001014368.0,
202001014372.0,
202001014380.0,"Joe Biden, the Democrat"
202001014384.0,"Joe Biden, the Democrat"
202001014428.0,"Joe Biden, the Democrat"
202001014440.0,"Joe Biden, the Democrat"
202001014464.0,"Donald Trump, the Republican"
202001014488.0,"Donald Trump, the Republican"
202001014492.0,"Joe Biden, the Democrat"
202001014493.0,"Donald Trump, the Republican"
202001014502.0,"Donald Trump, the Republican"
202001014538.0,"Donald Trump, the Republican"
202001014558.0,"Donald Trump, the Republican"
202001014577.0,"Donald Trump, the Republican"
202001014587.0,"Joe Biden, the Democrat"
202001014610.0,"Donald Trump, the Republican"
202001014618.0,"Donald Trump, the Republican"
202001014735.0,"Donald Trump, the Republican"
202001014792.0,"Donald Trump, the Republican"
202001014868.0,
202001014927.0,"Jo Jorgensen, the Libertarian Party candidate"
202001014954.0,"Joe Biden, the Democrat"
202001014960.0,
202001014963.0,"Joe Biden, the Democrat"
202001014985.0,"Joe Biden, the Democrat"
202001014989.0,"Joe Biden, the Democrat"
202001014991.0,"Joe Biden, the Democrat"
202001015008.0,
202001015023.0,"Donald Trump, the Republican"
202001015036.0,
202001015075.0,
202001015076.0,"Donald Trump, the Republican"
202001015085.0,"Donald Trump, the Republican"
202001015086.0,"Joe Biden, the Democrat"
202001015147.0,"Joe Biden, the Democrat"
202001015148.0,"Joe Biden, the Democrat"
202001015172.0,"Donald Trump, the Republican"
202001015184.0,"Donald Trump, the Republican"
202001015208.0,"Donald Trump, the Republican"
202001015214.0,"Joe Biden, the Democrat"
202001015232.0,"Donald Trump, the Republican"
202001015245.0,"Donald Trump, the Republican"
202001015252.0,
202001015282.0,"Joe Biden, the Democrat"
202001015300.0,"Donald Trump, the Republican"
202001015301.0,"Joe Biden, the Democrat"
202001015325.0,
202001015343.0,"Joe Biden, the Democrat"
202001015378.0,
202001015409.0,"Joe Biden, the Democrat"
202001015419.0,"Joe Biden, the Democrat"
202001015424.0,
202001015486.0,"Donald Trump, the Republican"
202001015497.0,"Joe Biden, the Democrat"
202001015517.0,"Joe Biden, the Democrat"
202001015525.0,"Joe Biden, the Democrat"
202001015545.0,"Joe Biden, the Democrat"
202001015553.0,"Donald Trump, the Republican"
202001015565.0,"Joe Biden, the Democrat"
202001015569.0,"Donald Trump, the Republican"
202001015572.0,"Joe Biden, the Democrat"
202001015597.0,
202001015598.0,
202001015648.0,"Donald Trump, the Republican"
202001015650.0,"Joe Biden, the Democrat"
202001015654.0,"Donald Trump, the Republican"
202001015662.0,"Donald Trump, the Republican"
202001015708.0,"Joe Biden, the Democrat"
202001015709.0,"Joe Biden, the Democrat"
202001015735.0,"Joe Biden, the Democrat"
202001015736.0,"Joe Biden, the Democrat"
202001015750.0,"Donald Trump, the Republican"
202001015797.0,"Joe Biden, the Democrat"
202001015820.0,"Joe Biden, the Democrat"
202001015860.0,"Joe Biden, the Democrat"
202001015870.0,"Joe Biden, the Democrat"
202001015903.0,"Donald Trump, the Republican"
202001015919.0,"Donald Trump, the Republican"
202001015974.0,
202001015976.0,"Joe Biden, the Democrat"
202001015979.0,"Joe Biden, the Democrat"
202001016000.0,"Donald Trump, the Republican"
202001016082.0,"Donald Trump, the Republican"
202001016104.0,"Donald Trump, the Republican"
202001016127.0,"Donald Trump, the Republican"
202001016152.0,"Donald Trump, the Republican"
202001016158.0,"Joe Biden, the Democrat"
202001016209.0,"Joe Biden, the Democrat"
202001016262.0,"Joe Biden, the Democrat"
202001016275.0,"Donald Trump, the Republican"
202001016278.0,"Joe Biden, the Democrat"
202001016286.0,"Donald Trump, the Republican"
202001016302.0,
202001016313.0,"Joe Biden, the Democrat"
202001016338.0,"Donald Trump, the Republican"
202001016339.0,"Joe Biden, the Democrat"
202001016363.0,"Donald Trump, the Republican"
202001016385.0,"Joe Biden, the Democrat"
202001016408.0,"Jo Jorgensen, the Libertarian Party candidate"
202001016416.0,"Donald Trump, the Republican"
202001016427.0,"Donald Trump, the Republican"
202001016443.0,"Joe Biden, the Democrat"
202001016448.0,"Joe Biden, the Democrat"
202001016461.0,"Donald Trump, the Republican"
202001016475.0,"Joe Biden, the Democrat"
202001016521.0,"Joe Biden, the Democrat"
202001016552.0,"Joe Biden, the Democrat"
202001016556.0,"Joe Biden, the Democrat"
202001016575.0,
202001016589.0,"Donald Trump, the Republican"
202001016600.0,"Joe Biden, the Democrat"
202001016601.0,"Joe Biden, the Democrat"
202001016620.0,"Joe Biden, the Democrat"
202001016630.0,"Joe Biden, the Democrat"
202001016667.0,"Joe Biden, the Democrat"
202001016676.0,"Joe Biden, the Democrat"
202001016689.0,"Joe Biden, the Democrat"
202001016716.0,"Jo Jorgensen, the Libertarian Party candidate"
202001016732.0,"Joe Biden, the Democrat"
202001016785.0,"Joe Biden, the Democrat"
202001016794.0,"Joe Biden, the Democrat"
202001016796.0,"Donald Trump, the Republican"
202001016805.0,"Joe Biden, the Democrat"
202001016811.0,"Donald Trump, the Republican"
202001016822.0,"Joe Biden, the Democrat"
202001016883.0,"Donald Trump, the Republican"
202001016887.0,"Donald Trump, the Republican"
202001016907.0,"Joe Biden, the Democrat"
202001016910.0,"Joe Biden, the Democrat"
202001016922.0,"Joe Biden, the Democrat"
202001016971.0,"Joe Biden, the Democrat"
202001016986.0,"Donald Trump, the Republican"
202001017056.0,"Joe Biden, the Democrat"
202001017060.0,"Donald Trump, the Republican"
202001017061.0,Refused
202001017119.0,"Donald Trump, the Republican"
202001017134.0,
202001017136.0,"Joe Biden, the Democrat"
202001017138.0,"Joe Biden, the Democrat"
202001017180.0,"Joe Biden, the Democrat"
202001017209.0,
202001017225.0,"Donald Trump, the Republican"
202001017265.0,"Joe Biden, the Democrat"
202001017295.0,"Joe Biden, the Democrat"
202001017318.0,"Joe Biden, the Democrat"
202001017379.0,"Donald Trump, the Republican"
202001017475.0,"Joe Biden, the Democrat"
202001017476.0,
202001017495.0,
202001017508.0,"Joe Biden, the Democrat"
202001017527.0,"Donald Trump, the Republican"
202001017557.0,"Donald Trump, the Republican"
202001017567.0,"Donald Trump, the Republican"
202001017574.0,
202001017602.0,"Jo Jorgensen, the Libertarian Party candidate"
202001017608.0,"Donald Trump, the Republican"
202001017618.0,
202001017627.0,"Joe Biden, the Democrat"
202001017629.0,"Donald Trump, the Republican"
202001017635.0,"Joe Biden, the Democrat"
202001017645.0,"Donald Trump, the Republican"
202001017679.0,"Joe Biden, the Democrat"
202001017690.0,"Joe Biden, the Democrat"
202001017696.0,"Jo Jorgensen, the Libertarian Party candidate"
202001017708.0,"Joe Biden, the Democrat"
202001017713.0,
202001017784.0,"Joe Biden, the Democrat"
202001017815.0,"Joe Biden, the Democrat"
202001017825.0,"Donald Trump, the Republican"
202001017837.0,"Donald Trump, the Republican"
202001017839.0,"Donald Trump, the Republican"
202001017847.0,"Joe Biden, the Democrat"
202001017875.0,"Joe Biden, the Democrat"
202001017880.0,"Joe Biden, the Democrat"
202001017891.0,"Joe Biden, the Democrat"
202001017911.0,"Donald Trump, the Republican"
202001017921.0,"Joe Biden, the Democrat"
202001017958.0,"Joe Biden, the Democrat"
202001017959.0,"Joe Biden, the Democrat"
202001017966.0,"Joe Biden, the Democrat"
202001018030.0,"Donald Trump, the Republican"
202001018086.0,"Donald Trump, the Republican"
202001018117.0,"Donald Trump, the Republican"
202001018126.0,"Donald Trump, the Republican"
202001018127.0,"Donald Trump, the Republican"
202001018212.0,"Donald Trump, the Republican"
202001018236.0,"Joe Biden, the Democrat"
202001018249.0,"Donald Trump, the Republican"
202001018278.0,"Jo Jorgensen, the Libertarian Party candidate"
202001018287.0,"Joe Biden, the Democrat"
202001018290.0,"Donald Trump, the Republican"
202001018294.0,"Joe Biden, the Democrat"
202001018321.0,"Joe Biden, the Democrat"
202001018325.0,"Donald Trump, the Republican"
202001018344.0,"Joe Biden, the Democrat"
202001018348.0,"Joe Biden, the Democrat"
202001018398.0,"Donald Trump, the Republican"
202001018423.0,"Joe Biden, the Democrat"
202001018435.0,"Jo Jorgensen, the Libertarian Party candidate"
202001018449.0,"Joe Biden, the Democrat"
202001018481.0,"Joe Biden, the Democrat"
202001018487.0,
202001018491.0,"Joe Biden, the Democrat"
202001018515.0,"Jo Jorgensen, the Libertarian Party candidate"
202001018555.0,"Joe Biden, the Democrat"
202001018692.0,"Donald Trump, the Republican"
202001018705.0,"Donald Trump, the Republican"
202001018757.0,"Joe Biden, the Democrat"
202001018762.0,"Donald Trump, the Republican"
202001018772.0,"Donald Trump, the Republican"
202001018773.0,"Joe Biden, the Democrat"
202001018786.0,Refused
202001018806.0,"Joe Biden, the Democrat"
202001018810.0,"Donald Trump, the Republican"
202001018817.0,"Donald Trump, the Republican"
202001018824.0,
202001018826.0,"Joe Biden, the Democrat"
202001018827.0,"Joe Biden, the Democrat"
202001018832.0,"Joe Biden, the Democrat"
202001018867.0,
202001018878.0,"Donald Trump, the Republican"
202001018898.0,"Joe Biden, the Democrat"
202001018916.0,
202001018940.0,"Joe Biden, the Democrat"
202001019036.0,"Joe Biden, the Democrat"
202001019049.0,"Joe Biden, the Democrat"
202001019103.0,
202001019105.0,"Joe Biden, the Democrat"
202001019119.0,"Howie Hawkins, the Green Party candidate"
202001019129.0,"Joe Biden, the Democrat"
202001019171.0,
202001019212.0,"Donald Trump, the Republican"
202001019221.0,
202001019238.0,"Joe Biden, the Democrat"
202001019242.0,
202001019285.0,"Joe Biden, the Democrat"
202001019309.0,"Donald Trump, the Republican"
202001019330.0,"Joe Biden, the Democrat"
202001019335.0,"Joe Biden, the Democrat"
202001019348.0,"Joe Biden, the Democrat"
202001019374.0,"Joe Biden, the Democrat"
202001019389.0,"Joe Biden, the Democrat"
202001019390.0,
202001019443.0,"Joe Biden, the Democrat"
202001019449.0,
202001019458.0,"Joe Biden, the Democrat"
202001019486.0,"Joe Biden, the Democrat"
202001019511.0,Another candidate
202001019543.0,"Joe Biden, the Democrat"
202001019550.0,"Joe Biden, the Democrat"
202001019562.0,"Joe Biden, the Democrat"
202001019571.0,"Joe Biden, the Democrat"
202001019587.0,"Donald Trump, the Republican"
202001019633.0,
202001019646.0,"Joe Biden, the Democrat"
202001019672.0,"Joe Biden, the Democrat"
202001019715.0,"Donald Trump, the Republican"
202001019721.0,"Joe Biden, the Democrat"
202001019736.0,"Donald Trump, the Republican"
202001019755.0,"Joe Biden, the Democrat"
202001019924.0,"Joe Biden, the Democrat"
202001019945.0,"Donald Trump, the Republican"
202001019979.0,"Donald Trump, the Republican"
202001019990.0,"Joe Biden, the Democrat"
202001019991.0,Refused
202001020008.0,"Donald Trump, the Republican"
202001020015.0,
202001020070.0,"Joe Biden, the Democrat"
202001020071.0,"Joe Biden, the Democrat"
202001020084.0,"Joe Biden, the Democrat"
202001020102.0,"Joe Biden, the Democrat"
202001020117.0,"Joe Biden, the Democrat"
202001020122.0,"Donald Trump, the Republican"
202001020133.0,"Donald Trump, the Republican"
202001020158.0,"Jo Jorgensen, the Libertarian Party candidate"
202001020191.0,"Donald Trump, the Republican"
202001020201.0,"Donald Trump, the Republican"
202001020224.0,"Joe Biden, the Democrat"
202001020236.0,
202001020237.0,"Joe Biden, the Democrat"
202001020248.0,"Joe Biden, the Democrat"
202001020271.0,"Donald Trump, the Republican"
202001020306.0,"Joe Biden, the Democrat"
202001020338.0,"Joe Biden, the Democrat"
202001020396.0,"Joe Biden, the Democrat"
202001020428.0,"Joe Biden, the Democrat"
202001020430.0,"Donald Trump, the Republican"
202001020432.0,"Joe Biden, the Democrat"
202001020451.0,"Joe Biden, the Democrat"
202001020457.0,"Joe Biden, the Democrat"
202001020458.0,"Donald Trump, the Republican"
202001020476.0,"Joe Biden, the Democrat"
202001020485.0,
202001020523.0,"Joe Biden, the Democrat"
202001020524.0,"Joe Biden, the Democrat"
202001020534.0,
202001020542.0,"Donald Trump, the Republican"
202001020543.0,"Donald Trump, the Republican"
202001020585.0,"Jo Jorgensen, the Libertarian Party candidate"
202001020604.0,"Jo Jorgensen, the Libertarian Party candidate"
202001020649.0,"Donald Trump, the Republican"
202001020662.0,
202001020667.0,"Joe Biden, the Democrat"
202001020698.0,"Joe Biden, the Democrat"
202001020712.0,"Donald Trump, the Republican"
202001020757.0,"Donald Trump, the Republican"
202001020785.0,"Donald Trump, the Republican"
202001020797.0,"Joe Biden, the Democrat"
202001020827.0,
202001020857.0,"Joe Biden, the Democrat"
202001020881.0,"Donald Trump, the Republican"
202001020896.0,"Donald Trump, the Republican"
202001020903.0,
202001020907.0,"Joe Biden, the Democrat"
202001020909.0,"Joe Biden, the Democrat"
202001020912.0,
202001020958.0,
202001020981.0,
202001021019.0,"Joe Biden, the Democrat"
202001021027.0,"Joe Biden, the Democrat"
202001021063.0,"Joe Biden, the Democrat"
202001021137.0,"Donald Trump, the Republican"
202001021203.0,"Joe Biden, the Democrat"
202001021230.0,"Donald Trump, the Republican"
202001021258.0,"Joe Biden, the Democrat"
202001021280.0,"Joe Biden, the Democrat"
202001021350.0,"Donald Trump, the Republican"
202001021364.0,"Donald Trump, the Republican"
202001021365.0,
202001021378.0,"Joe Biden, the Democrat"
202001021385.0,"Joe Biden, the Democrat"
202001021416.0,"Joe Biden, the Democrat"
202001021425.0,"Donald Trump, the Republican"
202001021446.0,"Joe Biden, the Democrat"
202001021483.0,"Donald Trump, the Republican"
202001021487.0,"Joe Biden, the Democrat"
202001021489.0,"Joe Biden, the Democrat"
202001021519.0,"Joe Biden, the Democrat"
202001021617.0,"Donald Trump, the Republican"
202001021627.0,"Joe Biden, the Democrat"
202001021639.0,"Donald Trump, the Republican"
202001021666.0,"Donald Trump, the Republican"
202001021696.0,"Joe Biden, the Democrat"
202001021740.0,"Joe Biden, the Democrat"
202001021745.0,
202001021751.0,"Joe Biden, the Democrat"
202001021844.0,"Joe Biden, the Democrat"
202001021850.0,"Joe Biden, the Democrat"
202001021861.0,Refused
202001021919.0,"Joe Biden, the Democrat"
202001021976.0,"Joe Biden, the Democrat"
202001022013.0,"Joe Biden, the Democrat"
